Year,Month,Day,Period,DC0001
2022,1,1,1,0.8626
2022,1,1,2,0.8616
2022,1,1,3,0.8626
2022,1,1,4,0.8656
2022,1,1,5,0.8704
2022,1,1,6,0.8766
2022,1,1,7,0.8838
2022,1,1,8,0.8916
2022,1,1,9,0.8994
2022,1,1,10,0.9066
2022,1,1,11,0.9128
2022,1,1,12,0.9176
2022,1,1,13,0.9206
2022,1,1,14,0.9216
2022,1,1,15,0.9206
2022,1,1,16,0.9176
2022,1,1,17,0.9128
2022,1,1,18,0.9066
2022,1,1,19,0.8994
2022,1,1,20,0.8916
2022,1,1,21,0.8838
2022,1,1,22,0.8766
2022,1,1,23,0.8704
2022,1,1,24,0.8656
2022,1,2,1,0.8624
2022,1,2,2,0.8614
2022,1,2,3,0.8624
2022,1,2,4,0.8654
2022,1,2,5,0.8702
2022,1,2,6,0.8764
2022,1,2,7,0.8837
2022,1,2,8,0.8914
2022,1,2,9,0.8992
2022,1,2,10,0.9064
2022,1,2,11,0.9126
2022,1,2,12,0.9174
2022,1,2,13,0.9204
2022,1,2,14,0.9214
2022,1,2,15,0.9204
2022,1,2,16,0.9174
2022,1,2,17,0.9126
2022,1,2,18,0.9064
2022,1,2,19,0.8992
2022,1,2,20,0.8914
2022,1,2,21,0.8837
2022,1,2,22,0.8764
2022,1,2,23,0.8702
2022,1,2,24,0.8654
2022,1,3,1,0.8623
2022,1,3,2,0.8612
2022,1,3,3,0.8623
2022,1,3,4,0.8653
2022,1,3,5,0.87
2022,1,3,6,0.8762
2022,1,3,7,0.8835
2022,1,3,8,0.8912
2022,1,3,9,0.899
2022,1,3,10,0.9062
2022,1,3,11,0.9125
2022,1,3,12,0.9172
2022,1,3,13,0.9202
2022,1,3,14,0.9212
2022,1,3,15,0.9202
2022,1,3,16,0.9172
2022,1,3,17,0.9125
2022,1,3,18,0.9062
2022,1,3,19,0.899
2022,1,3,20,0.8912
2022,1,3,21,0.8835
2022,1,3,22,0.8762
2022,1,3,23,0.87
2022,1,3,24,0.8653
2022,1,4,1,0.8621
2022,1,4,2,0.8611
2022,1,4,3,0.8621
2022,1,4,4,0.8651
2022,1,4,5,0.8699
2022,1,4,6,0.8761
2022,1,4,7,0.8833
2022,1,4,8,0.8911
2022,1,4,9,0.8988
2022,1,4,10,0.9061
2022,1,4,11,0.9123
2022,1,4,12,0.9171
2022,1,4,13,0.9201
2022,1,4,14,0.9211
2022,1,4,15,0.9201
2022,1,4,16,0.9171
2022,1,4,17,0.9123
2022,1,4,18,0.9061
2022,1,4,19,0.8988
2022,1,4,20,0.8911
2022,1,4,21,0.8833
2022,1,4,22,0.8761
2022,1,4,23,0.8699
2022,1,4,24,0.8651
2022,1,5,1,0.8619
2022,1,5,2,0.8609
2022,1,5,3,0.8619
2022,1,5,4,0.8649
2022,1,5,5,0.8697
2022,1,5,6,0.8759
2022,1,5,7,0.8832
2022,1,5,8,0.8909
2022,1,5,9,0.8987
2022,1,5,10,0.9059
2022,1,5,11,0.9121
2022,1,5,12,0.9169
2022,1,5,13,0.9199
2022,1,5,14,0.9209
2022,1,5,15,0.9199
2022,1,5,16,0.9169
2022,1,5,17,0.9121
2022,1,5,18,0.9059
2022,1,5,19,0.8987
2022,1,5,20,0.8909
2022,1,5,21,0.8832
2022,1,5,22,0.8759
2022,1,5,23,0.8697
2022,1,5,24,0.8649
2022,1,6,1,0.8618
2022,1,6,2,0.8608
2022,1,6,3,0.8618
2022,1,6,4,0.8648
2022,1,6,5,0.8696
2022,1,6,6,0.8758
2022,1,6,7,0.883
2022,1,6,8,0.8908
2022,1,6,9,0.8985
2022,1,6,10,0.9058
2022,1,6,11,0.912
2022,1,6,12,0.9168
2022,1,6,13,0.9198
2022,1,6,14,0.9208
2022,1,6,15,0.9198
2022,1,6,16,0.9168
2022,1,6,17,0.912
2022,1,6,18,0.9058
2022,1,6,19,0.8985
2022,1,6,20,0.8908
2022,1,6,21,0.883
2022,1,6,22,0.8758
2022,1,6,23,0.8696
2022,1,6,24,0.8648
2022,1,7,1,0.8617
2022,1,7,2,0.8607
2022,1,7,3,0.8617
2022,1,7,4,0.8647
2022,1,7,5,0.8694
2022,1,7,6,0.8757
2022,1,7,7,0.8829
2022,1,7,8,0.8907
2022,1,7,9,0.8984
2022,1,7,10,0.9057
2022,1,7,11,0.9119
2022,1,7,12,0.9166
2022,1,7,13,0.9196
2022,1,7,14,0.9207
2022,1,7,15,0.9196
2022,1,7,16,0.9166
2022,1,7,17,0.9119
2022,1,7,18,0.9057
2022,1,7,19,0.8984
2022,1,7,20,0.8907
2022,1,7,21,0.8829
2022,1,7,22,0.8757
2022,1,7,23,0.8694
2022,1,7,24,0.8647
2022,1,8,1,0.8616
2022,1,8,2,0.8605
2022,1,8,3,0.8616
2022,1,8,4,0.8646
2022,1,8,5,0.8693
2022,1,8,6,0.8755
2022,1,8,7,0.8828
2022,1,8,8,0.8905
2022,1,8,9,0.8983
2022,1,8,10,0.9055
2022,1,8,11,0.9117
2022,1,8,12,0.9165
2022,1,8,13,0.9195
2022,1,8,14,0.9205
2022,1,8,15,0.9195
2022,1,8,16,0.9165
2022,1,8,17,0.9117
2022,1,8,18,0.9055
2022,1,8,19,0.8983
2022,1,8,20,0.8905
2022,1,8,21,0.8828
2022,1,8,22,0.8755
2022,1,8,23,0.8693
2022,1,8,24,0.8646
2022,1,9,1,0.8614
2022,1,9,2,0.8604
2022,1,9,3,0.8614
2022,1,9,4,0.8644
2022,1,9,5,0.8692
2022,1,9,6,0.8754
2022,1,9,7,0.8827
2022,1,9,8,0.8904
2022,1,9,9,0.8982
2022,1,9,10,0.9054
2022,1,9,11,0.9116
2022,1,9,12,0.9164
2022,1,9,13,0.9194
2022,1,9,14,0.9204
2022,1,9,15,0.9194
2022,1,9,16,0.9164
2022,1,9,17,0.9116
2022,1,9,18,0.9054
2022,1,9,19,0.8982
2022,1,9,20,0.8904
2022,1,9,21,0.8827
2022,1,9,22,0.8754
2022,1,9,23,0.8692
2022,1,9,24,0.8644
2022,1,10,1,0.8614
2022,1,10,2,0.8603
2022,1,10,3,0.8614
2022,1,10,4,0.8644
2022,1,10,5,0.8691
2022,1,10,6,0.8753
2022,1,10,7,0.8826
2022,1,10,8,0.8903
2022,1,10,9,0.8981
2022,1,10,10,0.9053
2022,1,10,11,0.9115
2022,1,10,12,0.9163
2022,1,10,13,0.9193
2022,1,10,14,0.9203
2022,1,10,15,0.9193
2022,1,10,16,0.9163
2022,1,10,17,0.9115
2022,1,10,18,0.9053
2022,1,10,19,0.8981
2022,1,10,20,0.8903
2022,1,10,21,0.8826
2022,1,10,22,0.8753
2022,1,10,23,0.8691
2022,1,10,24,0.8644
2022,1,11,1,0.8613
2022,1,11,2,0.8603
2022,1,11,3,0.8613
2022,1,11,4,0.8643
2022,1,11,5,0.869
2022,1,11,6,0.8753
2022,1,11,7,0.8825
2022,1,11,8,0.8903
2022,1,11,9,0.898
2022,1,11,10,0.9053
2022,1,11,11,0.9115
2022,1,11,12,0.9162
2022,1,11,13,0.9192
2022,1,11,14,0.9203
2022,1,11,15,0.9192
2022,1,11,16,0.9162
2022,1,11,17,0.9115
2022,1,11,18,0.9053
2022,1,11,19,0.898
2022,1,11,20,0.8903
2022,1,11,21,0.8825
2022,1,11,22,0.8753
2022,1,11,23,0.869
2022,1,11,24,0.8643
2022,1,12,1,0.8612
2022,1,12,2,0.8602
2022,1,12,3,0.8612
2022,1,12,4,0.8642
2022,1,12,5,0.869
2022,1,12,6,0.8752
2022,1,12,7,0.8824
2022,1,12,8,0.8902
2022,1,12,9,0.8979
2022,1,12,10,0.9052
2022,1,12,11,0.9114
2022,1,12,12,0.9162
2022,1,12,13,0.9192
2022,1,12,14,0.9202
2022,1,12,15,0.9192
2022,1,12,16,0.9162
2022,1,12,17,0.9114
2022,1,12,18,0.9052
2022,1,12,19,0.8979
2022,1,12,20,0.8902
2022,1,12,21,0.8824
2022,1,12,22,0.8752
2022,1,12,23,0.869
2022,1,12,24,0.8642
2022,1,13,1,0.8611
2022,1,13,2,0.8601
2022,1,13,3,0.8611
2022,1,13,4,0.8641
2022,1,13,5,0.8689
2022,1,13,6,0.8751
2022,1,13,7,0.8824
2022,1,13,8,0.8901
2022,1,13,9,0.8979
2022,1,13,10,0.9051
2022,1,13,11,0.9113
2022,1,13,12,0.9161
2022,1,13,13,0.9191
2022,1,13,14,0.9201
2022,1,13,15,0.9191
2022,1,13,16,0.9161
2022,1,13,17,0.9113
2022,1,13,18,0.9051
2022,1,13,19,0.8979
2022,1,13,20,0.8901
2022,1,13,21,0.8824
2022,1,13,22,0.8751
2022,1,13,23,0.8689
2022,1,13,24,0.8641
2022,1,14,1,0.8611
2022,1,14,2,0.8601
2022,1,14,3,0.8611
2022,1,14,4,0.8641
2022,1,14,5,0.8689
2022,1,14,6,0.8751
2022,1,14,7,0.8823
2022,1,14,8,0.8901
2022,1,14,9,0.8978
2022,1,14,10,0.9051
2022,1,14,11,0.9113
2022,1,14,12,0.9161
2022,1,14,13,0.9191
2022,1,14,14,0.9201
2022,1,14,15,0.9191
2022,1,14,16,0.9161
2022,1,14,17,0.9113
2022,1,14,18,0.9051
2022,1,14,19,0.8978
2022,1,14,20,0.8901
2022,1,14,21,0.8823
2022,1,14,22,0.8751
2022,1,14,23,0.8689
2022,1,14,24,0.8641
2022,1,15,1,0.8611
2022,1,15,2,0.86
2022,1,15,3,0.8611
2022,1,15,4,0.8641
2022,1,15,5,0.8688
2022,1,15,6,0.875
2022,1,15,7,0.8823
2022,1,15,8,0.89
2022,1,15,9,0.8978
2022,1,15,10,0.905
2022,1,15,11,0.9113
2022,1,15,12,0.916
2022,1,15,13,0.919
2022,1,15,14,0.92
2022,1,15,15,0.919
2022,1,15,16,0.916
2022,1,15,17,0.9113
2022,1,15,18,0.905
2022,1,15,19,0.8978
2022,1,15,20,0.89
2022,1,15,21,0.8823
2022,1,15,22,0.875
2022,1,15,23,0.8688
2022,1,15,24,0.8641
2022,1,16,1,0.861
2022,1,16,2,0.86
2022,1,16,3,0.861
2022,1,16,4,0.864
2022,1,16,5,0.8688
2022,1,16,6,0.875
2022,1,16,7,0.8822
2022,1,16,8,0.89
2022,1,16,9,0.8978
2022,1,16,10,0.905
2022,1,16,11,0.9112
2022,1,16,12,0.916
2022,1,16,13,0.919
2022,1,16,14,0.92
2022,1,16,15,0.919
2022,1,16,16,0.916
2022,1,16,17,0.9112
2022,1,16,18,0.905
2022,1,16,19,0.8978
2022,1,16,20,0.89
2022,1,16,21,0.8822
2022,1,16,22,0.875
2022,1,16,23,0.8688
2022,1,16,24,0.864
2022,1,17,1,0.861
2022,1,17,2,0.86
2022,1,17,3,0.861
2022,1,17,4,0.864
2022,1,17,5,0.8688
2022,1,17,6,0.875
2022,1,17,7,0.8822
2022,1,17,8,0.89
2022,1,17,9,0.8978
2022,1,17,10,0.905
2022,1,17,11,0.9112
2022,1,17,12,0.916
2022,1,17,13,0.919
2022,1,17,14,0.92
2022,1,17,15,0.919
2022,1,17,16,0.916
2022,1,17,17,0.9112
2022,1,17,18,0.905
2022,1,17,19,0.8978
2022,1,17,20,0.89
2022,1,17,21,0.8822
2022,1,17,22,0.875
2022,1,17,23,0.8688
2022,1,17,24,0.864
2022,1,18,1,0.861
2022,1,18,2,0.86
2022,1,18,3,0.861
2022,1,18,4,0.864
2022,1,18,5,0.8688
2022,1,18,6,0.875
2022,1,18,7,0.8822
2022,1,18,8,0.89
2022,1,18,9,0.8978
2022,1,18,10,0.905
2022,1,18,11,0.9112
2022,1,18,12,0.916
2022,1,18,13,0.919
2022,1,18,14,0.92
2022,1,18,15,0.919
2022,1,18,16,0.916
2022,1,18,17,0.9112
2022,1,18,18,0.905
2022,1,18,19,0.8978
2022,1,18,20,0.89
2022,1,18,21,0.8822
2022,1,18,22,0.875
2022,1,18,23,0.8688
2022,1,18,24,0.864
2022,1,19,1,0.861
2022,1,19,2,0.86
2022,1,19,3,0.861
2022,1,19,4,0.864
2022,1,19,5,0.8688
2022,1,19,6,0.875
2022,1,19,7,0.8822
2022,1,19,8,0.89
2022,1,19,9,0.8978
2022,1,19,10,0.905
2022,1,19,11,0.9112
2022,1,19,12,0.916
2022,1,19,13,0.919
2022,1,19,14,0.92
2022,1,19,15,0.919
2022,1,19,16,0.916
2022,1,19,17,0.9112
2022,1,19,18,0.905
2022,1,19,19,0.8978
2022,1,19,20,0.89
2022,1,19,21,0.8822
2022,1,19,22,0.875
2022,1,19,23,0.8688
2022,1,19,24,0.864
2022,1,20,1,0.8611
2022,1,20,2,0.86
2022,1,20,3,0.8611
2022,1,20,4,0.8641
2022,1,20,5,0.8688
2022,1,20,6,0.875
2022,1,20,7,0.8823
2022,1,20,8,0.89
2022,1,20,9,0.8978
2022,1,20,10,0.905
2022,1,20,11,0.9113
2022,1,20,12,0.916
2022,1,20,13,0.919
2022,1,20,14,0.92
2022,1,20,15,0.919
2022,1,20,16,0.916
2022,1,20,17,0.9113
2022,1,20,18,0.905
2022,1,20,19,0.8978
2022,1,20,20,0.89
2022,1,20,21,0.8823
2022,1,20,22,0.875
2022,1,20,23,0.8688
2022,1,20,24,0.8641
2022,1,21,1,0.8611
2022,1,21,2,0.8601
2022,1,21,3,0.8611
2022,1,21,4,0.8641
2022,1,21,5,0.8689
2022,1,21,6,0.8751
2022,1,21,7,0.8823
2022,1,21,8,0.8901
2022,1,21,9,0.8978
2022,1,21,10,0.9051
2022,1,21,11,0.9113
2022,1,21,12,0.9161
2022,1,21,13,0.9191
2022,1,21,14,0.9201
2022,1,21,15,0.9191
2022,1,21,16,0.9161
2022,1,21,17,0.9113
2022,1,21,18,0.9051
2022,1,21,19,0.8978
2022,1,21,20,0.8901
2022,1,21,21,0.8823
2022,1,21,22,0.8751
2022,1,21,23,0.8689
2022,1,21,24,0.8641
2022,1,22,1,0.8611
2022,1,22,2,0.8601
2022,1,22,3,0.8611
2022,1,22,4,0.8641
2022,1,22,5,0.8689
2022,1,22,6,0.8751
2022,1,22,7,0.8824
2022,1,22,8,0.8901
2022,1,22,9,0.8979
2022,1,22,10,0.9051
2022,1,22,11,0.9113
2022,1,22,12,0.9161
2022,1,22,13,0.9191
2022,1,22,14,0.9201
2022,1,22,15,0.9191
2022,1,22,16,0.9161
2022,1,22,17,0.9113
2022,1,22,18,0.9051
2022,1,22,19,0.8979
2022,1,22,20,0.8901
2022,1,22,21,0.8824
2022,1,22,22,0.8751
2022,1,22,23,0.8689
2022,1,22,24,0.8641
2022,1,23,1,0.8612
2022,1,23,2,0.8602
2022,1,23,3,0.8612
2022,1,23,4,0.8642
2022,1,23,5,0.869
2022,1,23,6,0.8752
2022,1,23,7,0.8824
2022,1,23,8,0.8902
2022,1,23,9,0.8979
2022,1,23,10,0.9052
2022,1,23,11,0.9114
2022,1,23,12,0.9162
2022,1,23,13,0.9192
2022,1,23,14,0.9202
2022,1,23,15,0.9192
2022,1,23,16,0.9162
2022,1,23,17,0.9114
2022,1,23,18,0.9052
2022,1,23,19,0.8979
2022,1,23,20,0.8902
2022,1,23,21,0.8824
2022,1,23,22,0.8752
2022,1,23,23,0.869
2022,1,23,24,0.8642
2022,1,24,1,0.8613
2022,1,24,2,0.8603
2022,1,24,3,0.8613
2022,1,24,4,0.8643
2022,1,24,5,0.869
2022,1,24,6,0.8753
2022,1,24,7,0.8825
2022,1,24,8,0.8903
2022,1,24,9,0.898
2022,1,24,10,0.9053
2022,1,24,11,0.9115
2022,1,24,12,0.9162
2022,1,24,13,0.9192
2022,1,24,14,0.9203
2022,1,24,15,0.9192
2022,1,24,16,0.9162
2022,1,24,17,0.9115
2022,1,24,18,0.9053
2022,1,24,19,0.898
2022,1,24,20,0.8903
2022,1,24,21,0.8825
2022,1,24,22,0.8753
2022,1,24,23,0.869
2022,1,24,24,0.8643
2022,1,25,1,0.8614
2022,1,25,2,0.8603
2022,1,25,3,0.8614
2022,1,25,4,0.8644
2022,1,25,5,0.8691
2022,1,25,6,0.8753
2022,1,25,7,0.8826
2022,1,25,8,0.8903
2022,1,25,9,0.8981
2022,1,25,10,0.9053
2022,1,25,11,0.9115
2022,1,25,12,0.9163
2022,1,25,13,0.9193
2022,1,25,14,0.9203
2022,1,25,15,0.9193
2022,1,25,16,0.9163
2022,1,25,17,0.9115
2022,1,25,18,0.9053
2022,1,25,19,0.8981
2022,1,25,20,0.8903
2022,1,25,21,0.8826
2022,1,25,22,0.8753
2022,1,25,23,0.8691
2022,1,25,24,0.8644
2022,1,26,1,0.8614
2022,1,26,2,0.8604
2022,1,26,3,0.8614
2022,1,26,4,0.8644
2022,1,26,5,0.8692
2022,1,26,6,0.8754
2022,1,26,7,0.8827
2022,1,26,8,0.8904
2022,1,26,9,0.8982
2022,1,26,10,0.9054
2022,1,26,11,0.9116
2022,1,26,12,0.9164
2022,1,26,13,0.9194
2022,1,26,14,0.9204
2022,1,26,15,0.9194
2022,1,26,16,0.9164
2022,1,26,17,0.9116
2022,1,26,18,0.9054
2022,1,26,19,0.8982
2022,1,26,20,0.8904
2022,1,26,21,0.8827
2022,1,26,22,0.8754
2022,1,26,23,0.8692
2022,1,26,24,0.8644
2022,1,27,1,0.8616
2022,1,27,2,0.8605
2022,1,27,3,0.8616
2022,1,27,4,0.8646
2022,1,27,5,0.8693
2022,1,27,6,0.8755
2022,1,27,7,0.8828
2022,1,27,8,0.8905
2022,1,27,9,0.8983
2022,1,27,10,0.9055
2022,1,27,11,0.9117
2022,1,27,12,0.9165
2022,1,27,13,0.9195
2022,1,27,14,0.9205
2022,1,27,15,0.9195
2022,1,27,16,0.9165
2022,1,27,17,0.9117
2022,1,27,18,0.9055
2022,1,27,19,0.8983
2022,1,27,20,0.8905
2022,1,27,21,0.8828
2022,1,27,22,0.8755
2022,1,27,23,0.8693
2022,1,27,24,0.8646
2022,1,28,1,0.8617
2022,1,28,2,0.8607
2022,1,28,3,0.8617
2022,1,28,4,0.8647
2022,1,28,5,0.8694
2022,1,28,6,0.8757
2022,1,28,7,0.8829
2022,1,28,8,0.8907
2022,1,28,9,0.8984
2022,1,28,10,0.9057
2022,1,28,11,0.9119
2022,1,28,12,0.9166
2022,1,28,13,0.9196
2022,1,28,14,0.9207
2022,1,28,15,0.9196
2022,1,28,16,0.9166
2022,1,28,17,0.9119
2022,1,28,18,0.9057
2022,1,28,19,0.8984
2022,1,28,20,0.8907
2022,1,28,21,0.8829
2022,1,28,22,0.8757
2022,1,28,23,0.8694
2022,1,28,24,0.8647
2022,1,29,1,0.8618
2022,1,29,2,0.8608
2022,1,29,3,0.8618
2022,1,29,4,0.8648
2022,1,29,5,0.8696
2022,1,29,6,0.8758
2022,1,29,7,0.883
2022,1,29,8,0.8908
2022,1,29,9,0.8985
2022,1,29,10,0.9058
2022,1,29,11,0.912
2022,1,29,12,0.9168
2022,1,29,13,0.9198
2022,1,29,14,0.9208
2022,1,29,15,0.9198
2022,1,29,16,0.9168
2022,1,29,17,0.912
2022,1,29,18,0.9058
2022,1,29,19,0.8985
2022,1,29,20,0.8908
2022,1,29,21,0.883
2022,1,29,22,0.8758
2022,1,29,23,0.8696
2022,1,29,24,0.8648
2022,1,30,1,0.8619
2022,1,30,2,0.8609
2022,1,30,3,0.8619
2022,1,30,4,0.8649
2022,1,30,5,0.8697
2022,1,30,6,0.8759
2022,1,30,7,0.8832
2022,1,30,8,0.8909
2022,1,30,9,0.8987
2022,1,30,10,0.9059
2022,1,30,11,0.9121
2022,1,30,12,0.9169
2022,1,30,13,0.9199
2022,1,30,14,0.9209
2022,1,30,15,0.9199
2022,1,30,16,0.9169
2022,1,30,17,0.9121
2022,1,30,18,0.9059
2022,1,30,19,0.8987
2022,1,30,20,0.8909
2022,1,30,21,0.8832
2022,1,30,22,0.8759
2022,1,30,23,0.8697
2022,1,30,24,0.8649
2022,1,31,1,0.8621
2022,1,31,2,0.8611
2022,1,31,3,0.8621
2022,1,31,4,0.8651
2022,1,31,5,0.8699
2022,1,31,6,0.8761
2022,1,31,7,0.8833
2022,1,31,8,0.8911
2022,1,31,9,0.8988
2022,1,31,10,0.9061
2022,1,31,11,0.9123
2022,1,31,12,0.9171
2022,1,31,13,0.9201
2022,1,31,14,0.9211
2022,1,31,15,0.9201
2022,1,31,16,0.9171
2022,1,31,17,0.9123
2022,1,31,18,0.9061
2022,1,31,19,0.8988
2022,1,31,20,0.8911
2022,1,31,21,0.8833
2022,1,31,22,0.8761
2022,1,31,23,0.8699
2022,1,31,24,0.8651
2022,2,1,1,0.8623
2022,2,1,2,0.8612
2022,2,1,3,0.8623
2022,2,1,4,0.8653
2022,2,1,5,0.87
2022,2,1,6,0.8762
2022,2,1,7,0.8835
2022,2,1,8,0.8912
2022,2,1,9,0.899
2022,2,1,10,0.9062
2022,2,1,11,0.9125
2022,2,1,12,0.9172
2022,2,1,13,0.9202
2022,2,1,14,0.9212
2022,2,1,15,0.9202
2022,2,1,16,0.9172
2022,2,1,17,0.9125
2022,2,1,18,0.9062
2022,2,1,19,0.899
2022,2,1,20,0.8912
2022,2,1,21,0.8835
2022,2,1,22,0.8762
2022,2,1,23,0.87
2022,2,1,24,0.8653
2022,2,2,1,0.8624
2022,2,2,2,0.8614
2022,2,2,3,0.8624
2022,2,2,4,0.8654
2022,2,2,5,0.8702
2022,2,2,6,0.8764
2022,2,2,7,0.8837
2022,2,2,8,0.8914
2022,2,2,9,0.8992
2022,2,2,10,0.9064
2022,2,2,11,0.9126
2022,2,2,12,0.9174
2022,2,2,13,0.9204
2022,2,2,14,0.9214
2022,2,2,15,0.9204
2022,2,2,16,0.9174
2022,2,2,17,0.9126
2022,2,2,18,0.9064
2022,2,2,19,0.8992
2022,2,2,20,0.8914
2022,2,2,21,0.8837
2022,2,2,22,0.8764
2022,2,2,23,0.8702
2022,2,2,24,0.8654
2022,2,3,1,0.8626
2022,2,3,2,0.8616
2022,2,3,3,0.8626
2022,2,3,4,0.8656
2022,2,3,5,0.8704
2022,2,3,6,0.8766
2022,2,3,7,0.8838
2022,2,3,8,0.8916
2022,2,3,9,0.8994
2022,2,3,10,0.9066
2022,2,3,11,0.9128
2022,2,3,12,0.9176
2022,2,3,13,0.9206
2022,2,3,14,0.9216
2022,2,3,15,0.9206
2022,2,3,16,0.9176
2022,2,3,17,0.9128
2022,2,3,18,0.9066
2022,2,3,19,0.8994
2022,2,3,20,0.8916
2022,2,3,21,0.8838
2022,2,3,22,0.8766
2022,2,3,23,0.8704
2022,2,3,24,0.8656
2022,2,4,1,0.8628
2022,2,4,2,0.8618
2022,2,4,3,0.8628
2022,2,4,4,0.8658
2022,2,4,5,0.8706
2022,2,4,6,0.8768
2022,2,4,7,0.884
2022,2,4,8,0.8918
2022,2,4,9,0.8996
2022,2,4,10,0.9068
2022,2,4,11,0.913
2022,2,4,12,0.9178
2022,2,4,13,0.9208
2022,2,4,14,0.9218
2022,2,4,15,0.9208
2022,2,4,16,0.9178
2022,2,4,17,0.913
2022,2,4,18,0.9068
2022,2,4,19,0.8996
2022,2,4,20,0.8918
2022,2,4,21,0.884
2022,2,4,22,0.8768
2022,2,4,23,0.8706
2022,2,4,24,0.8658
2022,2,5,1,0.863
2022,2,5,2,0.862
2022,2,5,3,0.863
2022,2,5,4,0.866
2022,2,5,5,0.8708
2022,2,5,6,0.877
2022,2,5,7,0.8842
2022,2,5,8,0.892
2022,2,5,9,0.8998
2022,2,5,10,0.907
2022,2,5,11,0.9132
2022,2,5,12,0.918
2022,2,5,13,0.921
2022,2,5,14,0.922
2022,2,5,15,0.921
2022,2,5,16,0.918
2022,2,5,17,0.9132
2022,2,5,18,0.907
2022,2,5,19,0.8998
2022,2,5,20,0.892
2022,2,5,21,0.8842
2022,2,5,22,0.877
2022,2,5,23,0.8708
2022,2,5,24,0.866
2022,2,6,1,0.8633
2022,2,6,2,0.8622
2022,2,6,3,0.8633
2022,2,6,4,0.8663
2022,2,6,5,0.871
2022,2,6,6,0.8772
2022,2,6,7,0.8845
2022,2,6,8,0.8922
2022,2,6,9,0.9
2022,2,6,10,0.9072
2022,2,6,11,0.9134
2022,2,6,12,0.9182
2022,2,6,13,0.9212
2022,2,6,14,0.9222
2022,2,6,15,0.9212
2022,2,6,16,0.9182
2022,2,6,17,0.9134
2022,2,6,18,0.9072
2022,2,6,19,0.9
2022,2,6,20,0.8922
2022,2,6,21,0.8845
2022,2,6,22,0.8772
2022,2,6,23,0.871
2022,2,6,24,0.8663
2022,2,7,1,0.8635
2022,2,7,2,0.8625
2022,2,7,3,0.8635
2022,2,7,4,0.8665
2022,2,7,5,0.8713
2022,2,7,6,0.8775
2022,2,7,7,0.8847
2022,2,7,8,0.8925
2022,2,7,9,0.9002
2022,2,7,10,0.9075
2022,2,7,11,0.9137
2022,2,7,12,0.9184
2022,2,7,13,0.9214
2022,2,7,14,0.9225
2022,2,7,15,0.9214
2022,2,7,16,0.9184
2022,2,7,17,0.9137
2022,2,7,18,0.9075
2022,2,7,19,0.9002
2022,2,7,20,0.8925
2022,2,7,21,0.8847
2022,2,7,22,0.8775
2022,2,7,23,0.8713
2022,2,7,24,0.8665
2022,2,8,1,0.8637
2022,2,8,2,0.8627
2022,2,8,3,0.8637
2022,2,8,4,0.8667
2022,2,8,5,0.8715
2022,2,8,6,0.8777
2022,2,8,7,0.8849
2022,2,8,8,0.8927
2022,2,8,9,0.9005
2022,2,8,10,0.9077
2022,2,8,11,0.9139
2022,2,8,12,0.9187
2022,2,8,13,0.9217
2022,2,8,14,0.9227
2022,2,8,15,0.9217
2022,2,8,16,0.9187
2022,2,8,17,0.9139
2022,2,8,18,0.9077
2022,2,8,19,0.9005
2022,2,8,20,0.8927
2022,2,8,21,0.8849
2022,2,8,22,0.8777
2022,2,8,23,0.8715
2022,2,8,24,0.8667
2022,2,9,1,0.864
2022,2,9,2,0.863
2022,2,9,3,0.864
2022,2,9,4,0.867
2022,2,9,5,0.8717
2022,2,9,6,0.878
2022,2,9,7,0.8852
2022,2,9,8,0.893
2022,2,9,9,0.9007
2022,2,9,10,0.908
2022,2,9,11,0.9142
2022,2,9,12,0.9189
2022,2,9,13,0.9219
2022,2,9,14,0.923
2022,2,9,15,0.9219
2022,2,9,16,0.9189
2022,2,9,17,0.9142
2022,2,9,18,0.908
2022,2,9,19,0.9007
2022,2,9,20,0.893
2022,2,9,21,0.8852
2022,2,9,22,0.878
2022,2,9,23,0.8717
2022,2,9,24,0.867
2022,2,10,1,0.8643
2022,2,10,2,0.8632
2022,2,10,3,0.8643
2022,2,10,4,0.8672
2022,2,10,5,0.872
2022,2,10,6,0.8782
2022,2,10,7,0.8855
2022,2,10,8,0.8932
2022,2,10,9,0.901
2022,2,10,10,0.9082
2022,2,10,11,0.9144
2022,2,10,12,0.9192
2022,2,10,13,0.9222
2022,2,10,14,0.9232
2022,2,10,15,0.9222
2022,2,10,16,0.9192
2022,2,10,17,0.9144
2022,2,10,18,0.9082
2022,2,10,19,0.901
2022,2,10,20,0.8932
2022,2,10,21,0.8855
2022,2,10,22,0.8782
2022,2,10,23,0.872
2022,2,10,24,0.8672
2022,2,11,1,0.8645
2022,2,11,2,0.8635
2022,2,11,3,0.8645
2022,2,11,4,0.8675
2022,2,11,5,0.8723
2022,2,11,6,0.8785
2022,2,11,7,0.8857
2022,2,11,8,0.8935
2022,2,11,9,0.9013
2022,2,11,10,0.9085
2022,2,11,11,0.9147
2022,2,11,12,0.9195
2022,2,11,13,0.9225
2022,2,11,14,0.9235
2022,2,11,15,0.9225
2022,2,11,16,0.9195
2022,2,11,17,0.9147
2022,2,11,18,0.9085
2022,2,11,19,0.9013
2022,2,11,20,0.8935
2022,2,11,21,0.8857
2022,2,11,22,0.8785
2022,2,11,23,0.8723
2022,2,11,24,0.8675
2022,2,12,1,0.8648
2022,2,12,2,0.8638
2022,2,12,3,0.8648
2022,2,12,4,0.8678
2022,2,12,5,0.8726
2022,2,12,6,0.8788
2022,2,12,7,0.886
2022,2,12,8,0.8938
2022,2,12,9,0.9016
2022,2,12,10,0.9088
2022,2,12,11,0.915
2022,2,12,12,0.9198
2022,2,12,13,0.9228
2022,2,12,14,0.9238
2022,2,12,15,0.9228
2022,2,12,16,0.9198
2022,2,12,17,0.915
2022,2,12,18,0.9088
2022,2,12,19,0.9016
2022,2,12,20,0.8938
2022,2,12,21,0.886
2022,2,12,22,0.8788
2022,2,12,23,0.8726
2022,2,12,24,0.8678
2022,2,13,1,0.8651
2022,2,13,2,0.8641
2022,2,13,3,0.8651
2022,2,13,4,0.8681
2022,2,13,5,0.8729
2022,2,13,6,0.8791
2022,2,13,7,0.8863
2022,2,13,8,0.8941
2022,2,13,9,0.9019
2022,2,13,10,0.9091
2022,2,13,11,0.9153
2022,2,13,12,0.9201
2022,2,13,13,0.9231
2022,2,13,14,0.9241
2022,2,13,15,0.9231
2022,2,13,16,0.9201
2022,2,13,17,0.9153
2022,2,13,18,0.9091
2022,2,13,19,0.9019
2022,2,13,20,0.8941
2022,2,13,21,0.8863
2022,2,13,22,0.8791
2022,2,13,23,0.8729
2022,2,13,24,0.8681
2022,2,14,1,0.8654
2022,2,14,2,0.8644
2022,2,14,3,0.8654
2022,2,14,4,0.8684
2022,2,14,5,0.8732
2022,2,14,6,0.8794
2022,2,14,7,0.8866
2022,2,14,8,0.8944
2022,2,14,9,0.9022
2022,2,14,10,0.9094
2022,2,14,11,0.9156
2022,2,14,12,0.9204
2022,2,14,13,0.9234
2022,2,14,14,0.9244
2022,2,14,15,0.9234
2022,2,14,16,0.9204
2022,2,14,17,0.9156
2022,2,14,18,0.9094
2022,2,14,19,0.9022
2022,2,14,20,0.8944
2022,2,14,21,0.8866
2022,2,14,22,0.8794
2022,2,14,23,0.8732
2022,2,14,24,0.8684
2022,2,15,1,0.8657
2022,2,15,2,0.8647
2022,2,15,3,0.8657
2022,2,15,4,0.8687
2022,2,15,5,0.8735
2022,2,15,6,0.8797
2022,2,15,7,0.887
2022,2,15,8,0.8947
2022,2,15,9,0.9025
2022,2,15,10,0.9097
2022,2,15,11,0.9159
2022,2,15,12,0.9207
2022,2,15,13,0.9237
2022,2,15,14,0.9247
2022,2,15,15,0.9237
2022,2,15,16,0.9207
2022,2,15,17,0.9159
2022,2,15,18,0.9097
2022,2,15,19,0.9025
2022,2,15,20,0.8947
2022,2,15,21,0.887
2022,2,15,22,0.8797
2022,2,15,23,0.8735
2022,2,15,24,0.8687
2022,2,16,1,0.8661
2022,2,16,2,0.865
2022,2,16,3,0.8661
2022,2,16,4,0.8691
2022,2,16,5,0.8738
2022,2,16,6,0.88
2022,2,16,7,0.8873
2022,2,16,8,0.895
2022,2,16,9,0.9028
2022,2,16,10,0.91
2022,2,16,11,0.9163
2022,2,16,12,0.921
2022,2,16,13,0.924
2022,2,16,14,0.925
2022,2,16,15,0.924
2022,2,16,16,0.921
2022,2,16,17,0.9163
2022,2,16,18,0.91
2022,2,16,19,0.9028
2022,2,16,20,0.895
2022,2,16,21,0.8873
2022,2,16,22,0.88
2022,2,16,23,0.8738
2022,2,16,24,0.8691
2022,2,17,1,0.8664
2022,2,17,2,0.8654
2022,2,17,3,0.8664
2022,2,17,4,0.8694
2022,2,17,5,0.8742
2022,2,17,6,0.8804
2022,2,17,7,0.8876
2022,2,17,8,0.8954
2022,2,17,9,0.9032
2022,2,17,10,0.9104
2022,2,17,11,0.9166
2022,2,17,12,0.9214
2022,2,17,13,0.9244
2022,2,17,14,0.9254
2022,2,17,15,0.9244
2022,2,17,16,0.9214
2022,2,17,17,0.9166
2022,2,17,18,0.9104
2022,2,17,19,0.9032
2022,2,17,20,0.8954
2022,2,17,21,0.8876
2022,2,17,22,0.8804
2022,2,17,23,0.8742
2022,2,17,24,0.8694
2022,2,18,1,0.8668
2022,2,18,2,0.8657
2022,2,18,3,0.8668
2022,2,18,4,0.8698
2022,2,18,5,0.8745
2022,2,18,6,0.8807
2022,2,18,7,0.888
2022,2,18,8,0.8957
2022,2,18,9,0.9035
2022,2,18,10,0.9107
2022,2,18,11,0.917
2022,2,18,12,0.9217
2022,2,18,13,0.9247
2022,2,18,14,0.9257
2022,2,18,15,0.9247
2022,2,18,16,0.9217
2022,2,18,17,0.917
2022,2,18,18,0.9107
2022,2,18,19,0.9035
2022,2,18,20,0.8957
2022,2,18,21,0.888
2022,2,18,22,0.8807
2022,2,18,23,0.8745
2022,2,18,24,0.8698
2022,2,19,1,0.8671
2022,2,19,2,0.8661
2022,2,19,3,0.8671
2022,2,19,4,0.8701
2022,2,19,5,0.8749
2022,2,19,6,0.8811
2022,2,19,7,0.8883
2022,2,19,8,0.8961
2022,2,19,9,0.9039
2022,2,19,10,0.9111
2022,2,19,11,0.9173
2022,2,19,12,0.9221
2022,2,19,13,0.9251
2022,2,19,14,0.9261
2022,2,19,15,0.9251
2022,2,19,16,0.9221
2022,2,19,17,0.9173
2022,2,19,18,0.9111
2022,2,19,19,0.9039
2022,2,19,20,0.8961
2022,2,19,21,0.8883
2022,2,19,22,0.8811
2022,2,19,23,0.8749
2022,2,19,24,0.8701
2022,2,20,1,0.8675
2022,2,20,2,0.8665
2022,2,20,3,0.8675
2022,2,20,4,0.8705
2022,2,20,5,0.8753
2022,2,20,6,0.8815
2022,2,20,7,0.8887
2022,2,20,8,0.8965
2022,2,20,9,0.9042
2022,2,20,10,0.9115
2022,2,20,11,0.9177
2022,2,20,12,0.9224
2022,2,20,13,0.9254
2022,2,20,14,0.9265
2022,2,20,15,0.9254
2022,2,20,16,0.9224
2022,2,20,17,0.9177
2022,2,20,18,0.9115
2022,2,20,19,0.9042
2022,2,20,20,0.8965
2022,2,20,21,0.8887
2022,2,20,22,0.8815
2022,2,20,23,0.8753
2022,2,20,24,0.8705
2022,2,21,1,0.8679
2022,2,21,2,0.8668
2022,2,21,3,0.8679
2022,2,21,4,0.8709
2022,2,21,5,0.8756
2022,2,21,6,0.8818
2022,2,21,7,0.8891
2022,2,21,8,0.8968
2022,2,21,9,0.9046
2022,2,21,10,0.9118
2022,2,21,11,0.9181
2022,2,21,12,0.9228
2022,2,21,13,0.9258
2022,2,21,14,0.9268
2022,2,21,15,0.9258
2022,2,21,16,0.9228
2022,2,21,17,0.9181
2022,2,21,18,0.9118
2022,2,21,19,0.9046
2022,2,21,20,0.8968
2022,2,21,21,0.8891
2022,2,21,22,0.8818
2022,2,21,23,0.8756
2022,2,21,24,0.8709
2022,2,22,1,0.8683
2022,2,22,2,0.8672
2022,2,22,3,0.8683
2022,2,22,4,0.8713
2022,2,22,5,0.876
2022,2,22,6,0.8822
2022,2,22,7,0.8895
2022,2,22,8,0.8972
2022,2,22,9,0.905
2022,2,22,10,0.9122
2022,2,22,11,0.9185
2022,2,22,12,0.9232
2022,2,22,13,0.9262
2022,2,22,14,0.9272
2022,2,22,15,0.9262
2022,2,22,16,0.9232
2022,2,22,17,0.9185
2022,2,22,18,0.9122
2022,2,22,19,0.905
2022,2,22,20,0.8972
2022,2,22,21,0.8895
2022,2,22,22,0.8822
2022,2,22,23,0.876
2022,2,22,24,0.8713
2022,2,23,1,0.8687
2022,2,23,2,0.8676
2022,2,23,3,0.8687
2022,2,23,4,0.8717
2022,2,23,5,0.8764
2022,2,23,6,0.8826
2022,2,23,7,0.8899
2022,2,23,8,0.8976
2022,2,23,9,0.9054
2022,2,23,10,0.9126
2022,2,23,11,0.9189
2022,2,23,12,0.9236
2022,2,23,13,0.9266
2022,2,23,14,0.9276
2022,2,23,15,0.9266
2022,2,23,16,0.9236
2022,2,23,17,0.9189
2022,2,23,18,0.9126
2022,2,23,19,0.9054
2022,2,23,20,0.8976
2022,2,23,21,0.8899
2022,2,23,22,0.8826
2022,2,23,23,0.8764
2022,2,23,24,0.8717
2022,2,24,1,0.8691
2022,2,24,2,0.868
2022,2,24,3,0.8691
2022,2,24,4,0.8721
2022,2,24,5,0.8768
2022,2,24,6,0.883
2022,2,24,7,0.8903
2022,2,24,8,0.898
2022,2,24,9,0.9058
2022,2,24,10,0.913
2022,2,24,11,0.9193
2022,2,24,12,0.924
2022,2,24,13,0.927
2022,2,24,14,0.928
2022,2,24,15,0.927
2022,2,24,16,0.924
2022,2,24,17,0.9193
2022,2,24,18,0.913
2022,2,24,19,0.9058
2022,2,24,20,0.898
2022,2,24,21,0.8903
2022,2,24,22,0.883
2022,2,24,23,0.8768
2022,2,24,24,0.8721
2022,2,25,1,0.8695
2022,2,25,2,0.8685
2022,2,25,3,0.8695
2022,2,25,4,0.8725
2022,2,25,5,0.8773
2022,2,25,6,0.8835
2022,2,25,7,0.8907
2022,2,25,8,0.8985
2022,2,25,9,0.9062
2022,2,25,10,0.9135
2022,2,25,11,0.9197
2022,2,25,12,0.9244
2022,2,25,13,0.9274
2022,2,25,14,0.9285
2022,2,25,15,0.9274
2022,2,25,16,0.9244
2022,2,25,17,0.9197
2022,2,25,18,0.9135
2022,2,25,19,0.9062
2022,2,25,20,0.8985
2022,2,25,21,0.8907
2022,2,25,22,0.8835
2022,2,25,23,0.8773
2022,2,25,24,0.8725
2022,2,26,1,0.8699
2022,2,26,2,0.8689
2022,2,26,3,0.8699
2022,2,26,4,0.8729
2022,2,26,5,0.8777
2022,2,26,6,0.8839
2022,2,26,7,0.8911
2022,2,26,8,0.8989
2022,2,26,9,0.9067
2022,2,26,10,0.9139
2022,2,26,11,0.9201
2022,2,26,12,0.9249
2022,2,26,13,0.9279
2022,2,26,14,0.9289
2022,2,26,15,0.9279
2022,2,26,16,0.9249
2022,2,26,17,0.9201
2022,2,26,18,0.9139
2022,2,26,19,0.9067
2022,2,26,20,0.8989
2022,2,26,21,0.8911
2022,2,26,22,0.8839
2022,2,26,23,0.8777
2022,2,26,24,0.8729
2022,2,27,1,0.8704
2022,2,27,2,0.8693
2022,2,27,3,0.8704
2022,2,27,4,0.8734
2022,2,27,5,0.8781
2022,2,27,6,0.8843
2022,2,27,7,0.8916
2022,2,27,8,0.8993
2022,2,27,9,0.9071
2022,2,27,10,0.9143
2022,2,27,11,0.9205
2022,2,27,12,0.9253
2022,2,27,13,0.9283
2022,2,27,14,0.9293
2022,2,27,15,0.9283
2022,2,27,16,0.9253
2022,2,27,17,0.9205
2022,2,27,18,0.9143
2022,2,27,19,0.9071
2022,2,27,20,0.8993
2022,2,27,21,0.8916
2022,2,27,22,0.8843
2022,2,27,23,0.8781
2022,2,27,24,0.8734
2022,2,28,1,0.8708
2022,2,28,2,0.8698
2022,2,28,3,0.8708
2022,2,28,4,0.8738
2022,2,28,5,0.8786
2022,2,28,6,0.8848
2022,2,28,7,0.892
2022,2,28,8,0.8998
2022,2,28,9,0.9075
2022,2,28,10,0.9148
2022,2,28,11,0.921
2022,2,28,12,0.9258
2022,2,28,13,0.9288
2022,2,28,14,0.9298
2022,2,28,15,0.9288
2022,2,28,16,0.9258
2022,2,28,17,0.921
2022,2,28,18,0.9148
2022,2,28,19,0.9075
2022,2,28,20,0.8998
2022,2,28,21,0.892
2022,2,28,22,0.8848
2022,2,28,23,0.8786
2022,2,28,24,0.8738
2022,3,1,1,0.8713
2022,3,1,2,0.8702
2022,3,1,3,0.8713
2022,3,1,4,0.8743
2022,3,1,5,0.879
2022,3,1,6,0.8852
2022,3,1,7,0.8925
2022,3,1,8,0.9002
2022,3,1,9,0.908
2022,3,1,10,0.9152
2022,3,1,11,0.9214
2022,3,1,12,0.9262
2022,3,1,13,0.9292
2022,3,1,14,0.9302
2022,3,1,15,0.9292
2022,3,1,16,0.9262
2022,3,1,17,0.9214
2022,3,1,18,0.9152
2022,3,1,19,0.908
2022,3,1,20,0.9002
2022,3,1,21,0.8925
2022,3,1,22,0.8852
2022,3,1,23,0.879
2022,3,1,24,0.8743
2022,3,2,1,0.8717
2022,3,2,2,0.8707
2022,3,2,3,0.8717
2022,3,2,4,0.8747
2022,3,2,5,0.8795
2022,3,2,6,0.8857
2022,3,2,7,0.8929
2022,3,2,8,0.9007
2022,3,2,9,0.9085
2022,3,2,10,0.9157
2022,3,2,11,0.9219
2022,3,2,12,0.9267
2022,3,2,13,0.9297
2022,3,2,14,0.9307
2022,3,2,15,0.9297
2022,3,2,16,0.9267
2022,3,2,17,0.9219
2022,3,2,18,0.9157
2022,3,2,19,0.9085
2022,3,2,20,0.9007
2022,3,2,21,0.8929
2022,3,2,22,0.8857
2022,3,2,23,0.8795
2022,3,2,24,0.8747
2022,3,3,1,0.8722
2022,3,3,2,0.8712
2022,3,3,3,0.8722
2022,3,3,4,0.8752
2022,3,3,5,0.88
2022,3,3,6,0.8862
2022,3,3,7,0.8934
2022,3,3,8,0.9012
2022,3,3,9,0.9089
2022,3,3,10,0.9162
2022,3,3,11,0.9224
2022,3,3,12,0.9272
2022,3,3,13,0.9302
2022,3,3,14,0.9312
2022,3,3,15,0.9302
2022,3,3,16,0.9272
2022,3,3,17,0.9224
2022,3,3,18,0.9162
2022,3,3,19,0.9089
2022,3,3,20,0.9012
2022,3,3,21,0.8934
2022,3,3,22,0.8862
2022,3,3,23,0.88
2022,3,3,24,0.8752
2022,3,4,1,0.8727
2022,3,4,2,0.8717
2022,3,4,3,0.8727
2022,3,4,4,0.8757
2022,3,4,5,0.8804
2022,3,4,6,0.8867
2022,3,4,7,0.8939
2022,3,4,8,0.9017
2022,3,4,9,0.9094
2022,3,4,10,0.9167
2022,3,4,11,0.9229
2022,3,4,12,0.9276
2022,3,4,13,0.9306
2022,3,4,14,0.9317
2022,3,4,15,0.9306
2022,3,4,16,0.9276
2022,3,4,17,0.9229
2022,3,4,18,0.9167
2022,3,4,19,0.9094
2022,3,4,20,0.9017
2022,3,4,21,0.8939
2022,3,4,22,0.8867
2022,3,4,23,0.8804
2022,3,4,24,0.8757
2022,3,5,1,0.8732
2022,3,5,2,0.8721
2022,3,5,3,0.8732
2022,3,5,4,0.8762
2022,3,5,5,0.8809
2022,3,5,6,0.8871
2022,3,5,7,0.8944
2022,3,5,8,0.9021
2022,3,5,9,0.9099
2022,3,5,10,0.9171
2022,3,5,11,0.9234
2022,3,5,12,0.9281
2022,3,5,13,0.9311
2022,3,5,14,0.9321
2022,3,5,15,0.9311
2022,3,5,16,0.9281
2022,3,5,17,0.9234
2022,3,5,18,0.9171
2022,3,5,19,0.9099
2022,3,5,20,0.9021
2022,3,5,21,0.8944
2022,3,5,22,0.8871
2022,3,5,23,0.8809
2022,3,5,24,0.8762
2022,3,6,1,0.8737
2022,3,6,2,0.8726
2022,3,6,3,0.8737
2022,3,6,4,0.8767
2022,3,6,5,0.8814
2022,3,6,6,0.8876
2022,3,6,7,0.8949
2022,3,6,8,0.9026
2022,3,6,9,0.9104
2022,3,6,10,0.9176
2022,3,6,11,0.9239
2022,3,6,12,0.9286
2022,3,6,13,0.9316
2022,3,6,14,0.9326
2022,3,6,15,0.9316
2022,3,6,16,0.9286
2022,3,6,17,0.9239
2022,3,6,18,0.9176
2022,3,6,19,0.9104
2022,3,6,20,0.9026
2022,3,6,21,0.8949
2022,3,6,22,0.8876
2022,3,6,23,0.8814
2022,3,6,24,0.8767
2022,3,7,1,0.8742
2022,3,7,2,0.8731
2022,3,7,3,0.8742
2022,3,7,4,0.8772
2022,3,7,5,0.8819
2022,3,7,6,0.8881
2022,3,7,7,0.8954
2022,3,7,8,0.9031
2022,3,7,9,0.9109
2022,3,7,10,0.9181
2022,3,7,11,0.9244
2022,3,7,12,0.9291
2022,3,7,13,0.9321
2022,3,7,14,0.9331
2022,3,7,15,0.9321
2022,3,7,16,0.9291
2022,3,7,17,0.9244
2022,3,7,18,0.9181
2022,3,7,19,0.9109
2022,3,7,20,0.9031
2022,3,7,21,0.8954
2022,3,7,22,0.8881
2022,3,7,23,0.8819
2022,3,7,24,0.8772
2022,3,8,1,0.8747
2022,3,8,2,0.8737
2022,3,8,3,0.8747
2022,3,8,4,0.8777
2022,3,8,5,0.8825
2022,3,8,6,0.8887
2022,3,8,7,0.8959
2022,3,8,8,0.9037
2022,3,8,9,0.9114
2022,3,8,10,0.9187
2022,3,8,11,0.9249
2022,3,8,12,0.9296
2022,3,8,13,0.9326
2022,3,8,14,0.9337
2022,3,8,15,0.9326
2022,3,8,16,0.9296
2022,3,8,17,0.9249
2022,3,8,18,0.9187
2022,3,8,19,0.9114
2022,3,8,20,0.9037
2022,3,8,21,0.8959
2022,3,8,22,0.8887
2022,3,8,23,0.8825
2022,3,8,24,0.8777
2022,3,9,1,0.8752
2022,3,9,2,0.8742
2022,3,9,3,0.8752
2022,3,9,4,0.8782
2022,3,9,5,0.883
2022,3,9,6,0.8892
2022,3,9,7,0.8964
2022,3,9,8,0.9042
2022,3,9,9,0.912
2022,3,9,10,0.9192
2022,3,9,11,0.9254
2022,3,9,12,0.9302
2022,3,9,13,0.9332
2022,3,9,14,0.9342
2022,3,9,15,0.9332
2022,3,9,16,0.9302
2022,3,9,17,0.9254
2022,3,9,18,0.9192
2022,3,9,19,0.912
2022,3,9,20,0.9042
2022,3,9,21,0.8964
2022,3,9,22,0.8892
2022,3,9,23,0.883
2022,3,9,24,0.8782
2022,3,10,1,0.8757
2022,3,10,2,0.8747
2022,3,10,3,0.8757
2022,3,10,4,0.8787
2022,3,10,5,0.8835
2022,3,10,6,0.8897
2022,3,10,7,0.897
2022,3,10,8,0.9047
2022,3,10,9,0.9125
2022,3,10,10,0.9197
2022,3,10,11,0.9259
2022,3,10,12,0.9307
2022,3,10,13,0.9337
2022,3,10,14,0.9347
2022,3,10,15,0.9337
2022,3,10,16,0.9307
2022,3,10,17,0.9259
2022,3,10,18,0.9197
2022,3,10,19,0.9125
2022,3,10,20,0.9047
2022,3,10,21,0.897
2022,3,10,22,0.8897
2022,3,10,23,0.8835
2022,3,10,24,0.8787
2022,3,11,1,0.8763
2022,3,11,2,0.8753
2022,3,11,3,0.8763
2022,3,11,4,0.8793
2022,3,11,5,0.884
2022,3,11,6,0.8903
2022,3,11,7,0.8975
2022,3,11,8,0.9053
2022,3,11,9,0.913
2022,3,11,10,0.9203
2022,3,11,11,0.9265
2022,3,11,12,0.9312
2022,3,11,13,0.9342
2022,3,11,14,0.9353
2022,3,11,15,0.9342
2022,3,11,16,0.9312
2022,3,11,17,0.9265
2022,3,11,18,0.9203
2022,3,11,19,0.913
2022,3,11,20,0.9053
2022,3,11,21,0.8975
2022,3,11,22,0.8903
2022,3,11,23,0.884
2022,3,11,24,0.8793
2022,3,12,1,0.8768
2022,3,12,2,0.8758
2022,3,12,3,0.8768
2022,3,12,4,0.8798
2022,3,12,5,0.8846
2022,3,12,6,0.8908
2022,3,12,7,0.898
2022,3,12,8,0.9058
2022,3,12,9,0.9136
2022,3,12,10,0.9208
2022,3,12,11,0.927
2022,3,12,12,0.9318
2022,3,12,13,0.9348
2022,3,12,14,0.9358
2022,3,12,15,0.9348
2022,3,12,16,0.9318
2022,3,12,17,0.927
2022,3,12,18,0.9208
2022,3,12,19,0.9136
2022,3,12,20,0.9058
2022,3,12,21,0.898
2022,3,12,22,0.8908
2022,3,12,23,0.8846
2022,3,12,24,0.8798
2022,3,13,1,0.8774
2022,3,13,2,0.8763
2022,3,13,3,0.8774
2022,3,13,4,0.8804
2022,3,13,5,0.8851
2022,3,13,6,0.8913
2022,3,13,7,0.8986
2022,3,13,8,0.9063
2022,3,13,9,0.9141
2022,3,13,10,0.9213
2022,3,13,11,0.9276
2022,3,13,12,0.9323
2022,3,13,13,0.9353
2022,3,13,14,0.9363
2022,3,13,15,0.9353
2022,3,13,16,0.9323
2022,3,13,17,0.9276
2022,3,13,18,0.9213
2022,3,13,19,0.9141
2022,3,13,20,0.9063
2022,3,13,21,0.8986
2022,3,13,22,0.8913
2022,3,13,23,0.8851
2022,3,13,24,0.8804
2022,3,14,1,0.8779
2022,3,14,2,0.8769
2022,3,14,3,0.8779
2022,3,14,4,0.8809
2022,3,14,5,0.8857
2022,3,14,6,0.8919
2022,3,14,7,0.8991
2022,3,14,8,0.9069
2022,3,14,9,0.9147
2022,3,14,10,0.9219
2022,3,14,11,0.9281
2022,3,14,12,0.9329
2022,3,14,13,0.9359
2022,3,14,14,0.9369
2022,3,14,15,0.9359
2022,3,14,16,0.9329
2022,3,14,17,0.9281
2022,3,14,18,0.9219
2022,3,14,19,0.9147
2022,3,14,20,0.9069
2022,3,14,21,0.8991
2022,3,14,22,0.8919
2022,3,14,23,0.8857
2022,3,14,24,0.8809
2022,3,15,1,0.8785
2022,3,15,2,0.8775
2022,3,15,3,0.8785
2022,3,15,4,0.8815
2022,3,15,5,0.8863
2022,3,15,6,0.8925
2022,3,15,7,0.8997
2022,3,15,8,0.9075
2022,3,15,9,0.9152
2022,3,15,10,0.9225
2022,3,15,11,0.9287
2022,3,15,12,0.9335
2022,3,15,13,0.9365
2022,3,15,14,0.9375
2022,3,15,15,0.9365
2022,3,15,16,0.9335
2022,3,15,17,0.9287
2022,3,15,18,0.9225
2022,3,15,19,0.9152
2022,3,15,20,0.9075
2022,3,15,21,0.8997
2022,3,15,22,0.8925
2022,3,15,23,0.8863
2022,3,15,24,0.8815
2022,3,16,1,0.8791
2022,3,16,2,0.878
2022,3,16,3,0.8791
2022,3,16,4,0.8821
2022,3,16,5,0.8868
2022,3,16,6,0.893
2022,3,16,7,0.9003
2022,3,16,8,0.908
2022,3,16,9,0.9158
2022,3,16,10,0.923
2022,3,16,11,0.9293
2022,3,16,12,0.934
2022,3,16,13,0.937
2022,3,16,14,0.938
2022,3,16,15,0.937
2022,3,16,16,0.934
2022,3,16,17,0.9293
2022,3,16,18,0.923
2022,3,16,19,0.9158
2022,3,16,20,0.908
2022,3,16,21,0.9003
2022,3,16,22,0.893
2022,3,16,23,0.8868
2022,3,16,24,0.8821
2022,3,17,1,0.8796
2022,3,17,2,0.8786
2022,3,17,3,0.8796
2022,3,17,4,0.8826
2022,3,17,5,0.8874
2022,3,17,6,0.8936
2022,3,17,7,0.9009
2022,3,17,8,0.9086
2022,3,17,9,0.9164
2022,3,17,10,0.9236
2022,3,17,11,0.9298
2022,3,17,12,0.9346
2022,3,17,13,0.9376
2022,3,17,14,0.9386
2022,3,17,15,0.9376
2022,3,17,16,0.9346
2022,3,17,17,0.9298
2022,3,17,18,0.9236
2022,3,17,19,0.9164
2022,3,17,20,0.9086
2022,3,17,21,0.9009
2022,3,17,22,0.8936
2022,3,17,23,0.8874
2022,3,17,24,0.8826
2022,3,18,1,0.8802
2022,3,18,2,0.8792
2022,3,18,3,0.8802
2022,3,18,4,0.8832
2022,3,18,5,0.888
2022,3,18,6,0.8942
2022,3,18,7,0.9014
2022,3,18,8,0.9092
2022,3,18,9,0.917
2022,3,18,10,0.9242
2022,3,18,11,0.9304
2022,3,18,12,0.9352
2022,3,18,13,0.9382
2022,3,18,14,0.9392
2022,3,18,15,0.9382
2022,3,18,16,0.9352
2022,3,18,17,0.9304
2022,3,18,18,0.9242
2022,3,18,19,0.917
2022,3,18,20,0.9092
2022,3,18,21,0.9014
2022,3,18,22,0.8942
2022,3,18,23,0.888
2022,3,18,24,0.8832
2022,3,19,1,0.8808
2022,3,19,2,0.8798
2022,3,19,3,0.8808
2022,3,19,4,0.8838
2022,3,19,5,0.8886
2022,3,19,6,0.8948
2022,3,19,7,0.902
2022,3,19,8,0.9098
2022,3,19,9,0.9176
2022,3,19,10,0.9248
2022,3,19,11,0.931
2022,3,19,12,0.9358
2022,3,19,13,0.9388
2022,3,19,14,0.9398
2022,3,19,15,0.9388
2022,3,19,16,0.9358
2022,3,19,17,0.931
2022,3,19,18,0.9248
2022,3,19,19,0.9176
2022,3,19,20,0.9098
2022,3,19,21,0.902
2022,3,19,22,0.8948
2022,3,19,23,0.8886
2022,3,19,24,0.8838
2022,3,20,1,0.8814
2022,3,20,2,0.8804
2022,3,20,3,0.8814
2022,3,20,4,0.8844
2022,3,20,5,0.8892
2022,3,20,6,0.8954
2022,3,20,7,0.9026
2022,3,20,8,0.9104
2022,3,20,9,0.9182
2022,3,20,10,0.9254
2022,3,20,11,0.9316
2022,3,20,12,0.9364
2022,3,20,13,0.9394
2022,3,20,14,0.9404
2022,3,20,15,0.9394
2022,3,20,16,0.9364
2022,3,20,17,0.9316
2022,3,20,18,0.9254
2022,3,20,19,0.9182
2022,3,20,20,0.9104
2022,3,20,21,0.9026
2022,3,20,22,0.8954
2022,3,20,23,0.8892
2022,3,20,24,0.8844
2022,3,21,1,0.882
2022,3,21,2,0.881
2022,3,21,3,0.882
2022,3,21,4,0.885
2022,3,21,5,0.8898
2022,3,21,6,0.896
2022,3,21,7,0.9032
2022,3,21,8,0.911
2022,3,21,9,0.9188
2022,3,21,10,0.926
2022,3,21,11,0.9322
2022,3,21,12,0.937
2022,3,21,13,0.94
2022,3,21,14,0.941
2022,3,21,15,0.94
2022,3,21,16,0.937
2022,3,21,17,0.9322
2022,3,21,18,0.926
2022,3,21,19,0.9188
2022,3,21,20,0.911
2022,3,21,21,0.9032
2022,3,21,22,0.896
2022,3,21,23,0.8898
2022,3,21,24,0.885
2022,3,22,1,0.8826
2022,3,22,2,0.8816
2022,3,22,3,0.8826
2022,3,22,4,0.8856
2022,3,22,5,0.8904
2022,3,22,6,0.8966
2022,3,22,7,0.9038
2022,3,22,8,0.9116
2022,3,22,9,0.9194
2022,3,22,10,0.9266
2022,3,22,11,0.9328
2022,3,22,12,0.9376
2022,3,22,13,0.9406
2022,3,22,14,0.9416
2022,3,22,15,0.9406
2022,3,22,16,0.9376
2022,3,22,17,0.9328
2022,3,22,18,0.9266
2022,3,22,19,0.9194
2022,3,22,20,0.9116
2022,3,22,21,0.9038
2022,3,22,22,0.8966
2022,3,22,23,0.8904
2022,3,22,24,0.8856
2022,3,23,1,0.8832
2022,3,23,2,0.8822
2022,3,23,3,0.8832
2022,3,23,4,0.8862
2022,3,23,5,0.891
2022,3,23,6,0.8972
2022,3,23,7,0.9045
2022,3,23,8,0.9122
2022,3,23,9,0.92
2022,3,23,10,0.9272
2022,3,23,11,0.9334
2022,3,23,12,0.9382
2022,3,23,13,0.9412
2022,3,23,14,0.9422
2022,3,23,15,0.9412
2022,3,23,16,0.9382
2022,3,23,17,0.9334
2022,3,23,18,0.9272
2022,3,23,19,0.92
2022,3,23,20,0.9122
2022,3,23,21,0.9045
2022,3,23,22,0.8972
2022,3,23,23,0.891
2022,3,23,24,0.8862
2022,3,24,1,0.8839
2022,3,24,2,0.8828
2022,3,24,3,0.8839
2022,3,24,4,0.8869
2022,3,24,5,0.8916
2022,3,24,6,0.8978
2022,3,24,7,0.9051
2022,3,24,8,0.9128
2022,3,24,9,0.9206
2022,3,24,10,0.9278
2022,3,24,11,0.9341
2022,3,24,12,0.9388
2022,3,24,13,0.9418
2022,3,24,14,0.9428
2022,3,24,15,0.9418
2022,3,24,16,0.9388
2022,3,24,17,0.9341
2022,3,24,18,0.9278
2022,3,24,19,0.9206
2022,3,24,20,0.9128
2022,3,24,21,0.9051
2022,3,24,22,0.8978
2022,3,24,23,0.8916
2022,3,24,24,0.8869
2022,3,25,1,0.8845
2022,3,25,2,0.8835
2022,3,25,3,0.8845
2022,3,25,4,0.8875
2022,3,25,5,0.8923
2022,3,25,6,0.8985
2022,3,25,7,0.9057
2022,3,25,8,0.9135
2022,3,25,9,0.9212
2022,3,25,10,0.9285
2022,3,25,11,0.9347
2022,3,25,12,0.9394
2022,3,25,13,0.9424
2022,3,25,14,0.9435
2022,3,25,15,0.9424
2022,3,25,16,0.9394
2022,3,25,17,0.9347
2022,3,25,18,0.9285
2022,3,25,19,0.9212
2022,3,25,20,0.9135
2022,3,25,21,0.9057
2022,3,25,22,0.8985
2022,3,25,23,0.8923
2022,3,25,24,0.8875
2022,3,26,1,0.8851
2022,3,26,2,0.8841
2022,3,26,3,0.8851
2022,3,26,4,0.8881
2022,3,26,5,0.8929
2022,3,26,6,0.8991
2022,3,26,7,0.9063
2022,3,26,8,0.9141
2022,3,26,9,0.9219
2022,3,26,10,0.9291
2022,3,26,11,0.9353
2022,3,26,12,0.9401
2022,3,26,13,0.9431
2022,3,26,14,0.9441
2022,3,26,15,0.9431
2022,3,26,16,0.9401
2022,3,26,17,0.9353
2022,3,26,18,0.9291
2022,3,26,19,0.9219
2022,3,26,20,0.9141
2022,3,26,21,0.9063
2022,3,26,22,0.8991
2022,3,26,23,0.8929
2022,3,26,24,0.8881
2022,3,27,1,0.8858
2022,3,27,2,0.8847
2022,3,27,3,0.8858
2022,3,27,4,0.8888
2022,3,27,5,0.8935
2022,3,27,6,0.8997
2022,3,27,7,0.907
2022,3,27,8,0.9147
2022,3,27,9,0.9225
2022,3,27,10,0.9297
2022,3,27,11,0.9359
2022,3,27,12,0.9407
2022,3,27,13,0.9437
2022,3,27,14,0.9447
2022,3,27,15,0.9437
2022,3,27,16,0.9407
2022,3,27,17,0.9359
2022,3,27,18,0.9297
2022,3,27,19,0.9225
2022,3,27,20,0.9147
2022,3,27,21,0.907
2022,3,27,22,0.8997
2022,3,27,23,0.8935
2022,3,27,24,0.8888
2022,3,28,1,0.8864
2022,3,28,2,0.8854
2022,3,28,3,0.8864
2022,3,28,4,0.8894
2022,3,28,5,0.8942
2022,3,28,6,0.9004
2022,3,28,7,0.9076
2022,3,28,8,0.9154
2022,3,28,9,0.9231
2022,3,28,10,0.9304
2022,3,28,11,0.9366
2022,3,28,12,0.9414
2022,3,28,13,0.9443
2022,3,28,14,0.9454
2022,3,28,15,0.9443
2022,3,28,16,0.9414
2022,3,28,17,0.9366
2022,3,28,18,0.9304
2022,3,28,19,0.9231
2022,3,28,20,0.9154
2022,3,28,21,0.9076
2022,3,28,22,0.9004
2022,3,28,23,0.8942
2022,3,28,24,0.8894
2022,3,29,1,0.887
2022,3,29,2,0.886
2022,3,29,3,0.887
2022,3,29,4,0.89
2022,3,29,5,0.8948
2022,3,29,6,0.901
2022,3,29,7,0.9082
2022,3,29,8,0.916
2022,3,29,9,0.9238
2022,3,29,10,0.931
2022,3,29,11,0.9372
2022,3,29,12,0.942
2022,3,29,13,0.945
2022,3,29,14,0.946
2022,3,29,15,0.945
2022,3,29,16,0.942
2022,3,29,17,0.9372
2022,3,29,18,0.931
2022,3,29,19,0.9238
2022,3,29,20,0.916
2022,3,29,21,0.9082
2022,3,29,22,0.901
2022,3,29,23,0.8948
2022,3,29,24,0.89
2022,3,30,1,0.8877
2022,3,30,2,0.8867
2022,3,30,3,0.8877
2022,3,30,4,0.8907
2022,3,30,5,0.8954
2022,3,30,6,0.9017
2022,3,30,7,0.9089
2022,3,30,8,0.9167
2022,3,30,9,0.9244
2022,3,30,10,0.9317
2022,3,30,11,0.9379
2022,3,30,12,0.9426
2022,3,30,13,0.9456
2022,3,30,14,0.9467
2022,3,30,15,0.9456
2022,3,30,16,0.9426
2022,3,30,17,0.9379
2022,3,30,18,0.9317
2022,3,30,19,0.9244
2022,3,30,20,0.9167
2022,3,30,21,0.9089
2022,3,30,22,0.9017
2022,3,30,23,0.8954
2022,3,30,24,0.8907
2022,3,31,1,0.8883
2022,3,31,2,0.8873
2022,3,31,3,0.8883
2022,3,31,4,0.8913
2022,3,31,5,0.8961
2022,3,31,6,0.9023
2022,3,31,7,0.9095
2022,3,31,8,0.9173
2022,3,31,9,0.9251
2022,3,31,10,0.9323
2022,3,31,11,0.9385
2022,3,31,12,0.9433
2022,3,31,13,0.9463
2022,3,31,14,0.9473
2022,3,31,15,0.9463
2022,3,31,16,0.9433
2022,3,31,17,0.9385
2022,3,31,18,0.9323
2022,3,31,19,0.9251
2022,3,31,20,0.9173
2022,3,31,21,0.9095
2022,3,31,22,0.9023
2022,3,31,23,0.8961
2022,3,31,24,0.8913
2022,4,1,1,0.889
2022,4,1,2,0.888
2022,4,1,3,0.889
2022,4,1,4,0.892
2022,4,1,5,0.8968
2022,4,1,6,0.903
2022,4,1,7,0.9102
2022,4,1,8,0.918
2022,4,1,9,0.9257
2022,4,1,10,0.933
2022,4,1,11,0.9392
2022,4,1,12,0.9439
2022,4,1,13,0.9469
2022,4,1,14,0.948
2022,4,1,15,0.9469
2022,4,1,16,0.9439
2022,4,1,17,0.9392
2022,4,1,18,0.933
2022,4,1,19,0.9257
2022,4,1,20,0.918
2022,4,1,21,0.9102
2022,4,1,22,0.903
2022,4,1,23,0.8968
2022,4,1,24,0.892
2022,4,2,1,0.8896
2022,4,2,2,0.8886
2022,4,2,3,0.8896
2022,4,2,4,0.8926
2022,4,2,5,0.8974
2022,4,2,6,0.9036
2022,4,2,7,0.9109
2022,4,2,8,0.9186
2022,4,2,9,0.9264
2022,4,2,10,0.9336
2022,4,2,11,0.9398
2022,4,2,12,0.9446
2022,4,2,13,0.9476
2022,4,2,14,0.9486
2022,4,2,15,0.9476
2022,4,2,16,0.9446
2022,4,2,17,0.9398
2022,4,2,18,0.9336
2022,4,2,19,0.9264
2022,4,2,20,0.9186
2022,4,2,21,0.9109
2022,4,2,22,0.9036
2022,4,2,23,0.8974
2022,4,2,24,0.8926
2022,4,3,1,0.8903
2022,4,3,2,0.8893
2022,4,3,3,0.8903
2022,4,3,4,0.8933
2022,4,3,5,0.8981
2022,4,3,6,0.9043
2022,4,3,7,0.9115
2022,4,3,8,0.9193
2022,4,3,9,0.9271
2022,4,3,10,0.9343
2022,4,3,11,0.9405
2022,4,3,12,0.9453
2022,4,3,13,0.9483
2022,4,3,14,0.9493
2022,4,3,15,0.9483
2022,4,3,16,0.9453
2022,4,3,17,0.9405
2022,4,3,18,0.9343
2022,4,3,19,0.9271
2022,4,3,20,0.9193
2022,4,3,21,0.9115
2022,4,3,22,0.9043
2022,4,3,23,0.8981
2022,4,3,24,0.8933
2022,4,4,1,0.891
2022,4,4,2,0.89
2022,4,4,3,0.891
2022,4,4,4,0.894
2022,4,4,5,0.8987
2022,4,4,6,0.905
2022,4,4,7,0.9122
2022,4,4,8,0.92
2022,4,4,9,0.9277
2022,4,4,10,0.935
2022,4,4,11,0.9412
2022,4,4,12,0.9459
2022,4,4,13,0.9489
2022,4,4,14,0.95
2022,4,4,15,0.9489
2022,4,4,16,0.9459
2022,4,4,17,0.9412
2022,4,4,18,0.935
2022,4,4,19,0.9277
2022,4,4,20,0.92
2022,4,4,21,0.9122
2022,4,4,22,0.905
2022,4,4,23,0.8987
2022,4,4,24,0.894
2022,4,5,1,0.8916
2022,4,5,2,0.8906
2022,4,5,3,0.8916
2022,4,5,4,0.8946
2022,4,5,5,0.8994
2022,4,5,6,0.9056
2022,4,5,7,0.9129
2022,4,5,8,0.9206
2022,4,5,9,0.9284
2022,4,5,10,0.9356
2022,4,5,11,0.9418
2022,4,5,12,0.9466
2022,4,5,13,0.9496
2022,4,5,14,0.9506
2022,4,5,15,0.9496
2022,4,5,16,0.9466
2022,4,5,17,0.9418
2022,4,5,18,0.9356
2022,4,5,19,0.9284
2022,4,5,20,0.9206
2022,4,5,21,0.9129
2022,4,5,22,0.9056
2022,4,5,23,0.8994
2022,4,5,24,0.8946
2022,4,6,1,0.8923
2022,4,6,2,0.8913
2022,4,6,3,0.8923
2022,4,6,4,0.8953
2022,4,6,5,0.9001
2022,4,6,6,0.9063
2022,4,6,7,0.9135
2022,4,6,8,0.9213
2022,4,6,9,0.9291
2022,4,6,10,0.9363
2022,4,6,11,0.9425
2022,4,6,12,0.9473
2022,4,6,13,0.9503
2022,4,6,14,0.9513
2022,4,6,15,0.9503
2022,4,6,16,0.9473
2022,4,6,17,0.9425
2022,4,6,18,0.9363
2022,4,6,19,0.9291
2022,4,6,20,0.9213
2022,4,6,21,0.9135
2022,4,6,22,0.9063
2022,4,6,23,0.9001
2022,4,6,24,0.8953
2022,4,7,1,0.893
2022,4,7,2,0.892
2022,4,7,3,0.893
2022,4,7,4,0.896
2022,4,7,5,0.9008
2022,4,7,6,0.907
2022,4,7,7,0.9142
2022,4,7,8,0.922
2022,4,7,9,0.9297
2022,4,7,10,0.937
2022,4,7,11,0.9432
2022,4,7,12,0.9479
2022,4,7,13,0.9509
2022,4,7,14,0.952
2022,4,7,15,0.9509
2022,4,7,16,0.9479
2022,4,7,17,0.9432
2022,4,7,18,0.937
2022,4,7,19,0.9297
2022,4,7,20,0.922
2022,4,7,21,0.9142
2022,4,7,22,0.907
2022,4,7,23,0.9008
2022,4,7,24,0.896
2022,4,8,1,0.8937
2022,4,8,2,0.8926
2022,4,8,3,0.8937
2022,4,8,4,0.8967
2022,4,8,5,0.9014
2022,4,8,6,0.9076
2022,4,8,7,0.9149
2022,4,8,8,0.9226
2022,4,8,9,0.9304
2022,4,8,10,0.9376
2022,4,8,11,0.9439
2022,4,8,12,0.9486
2022,4,8,13,0.9516
2022,4,8,14,0.9526
2022,4,8,15,0.9516
2022,4,8,16,0.9486
2022,4,8,17,0.9439
2022,4,8,18,0.9376
2022,4,8,19,0.9304
2022,4,8,20,0.9226
2022,4,8,21,0.9149
2022,4,8,22,0.9076
2022,4,8,23,0.9014
2022,4,8,24,0.8967
2022,4,9,1,0.8943
2022,4,9,2,0.8933
2022,4,9,3,0.8943
2022,4,9,4,0.8973
2022,4,9,5,0.9021
2022,4,9,6,0.9083
2022,4,9,7,0.9156
2022,4,9,8,0.9233
2022,4,9,9,0.9311
2022,4,9,10,0.9383
2022,4,9,11,0.9445
2022,4,9,12,0.9493
2022,4,9,13,0.9523
2022,4,9,14,0.9533
2022,4,9,15,0.9523
2022,4,9,16,0.9493
2022,4,9,17,0.9445
2022,4,9,18,0.9383
2022,4,9,19,0.9311
2022,4,9,20,0.9233
2022,4,9,21,0.9156
2022,4,9,22,0.9083
2022,4,9,23,0.9021
2022,4,9,24,0.8973
2022,4,10,1,0.895
2022,4,10,2,0.894
2022,4,10,3,0.895
2022,4,10,4,0.898
2022,4,10,5,0.9028
2022,4,10,6,0.909
2022,4,10,7,0.9162
2022,4,10,8,0.924
2022,4,10,9,0.9318
2022,4,10,10,0.939
2022,4,10,11,0.9452
2022,4,10,12,0.95
2022,4,10,13,0.953
2022,4,10,14,0.954
2022,4,10,15,0.953
2022,4,10,16,0.95
2022,4,10,17,0.9452
2022,4,10,18,0.939
2022,4,10,19,0.9318
2022,4,10,20,0.924
2022,4,10,21,0.9162
2022,4,10,22,0.909
2022,4,10,23,0.9028
2022,4,10,24,0.898
2022,4,11,1,0.8957
2022,4,11,2,0.8947
2022,4,11,3,0.8957
2022,4,11,4,0.8987
2022,4,11,5,0.9035
2022,4,11,6,0.9097
2022,4,11,7,0.9169
2022,4,11,8,0.9247
2022,4,11,9,0.9324
2022,4,11,10,0.9397
2022,4,11,11,0.9459
2022,4,11,12,0.9507
2022,4,11,13,0.9537
2022,4,11,14,0.9547
2022,4,11,15,0.9537
2022,4,11,16,0.9507
2022,4,11,17,0.9459
2022,4,11,18,0.9397
2022,4,11,19,0.9324
2022,4,11,20,0.9247
2022,4,11,21,0.9169
2022,4,11,22,0.9097
2022,4,11,23,0.9035
2022,4,11,24,0.8987
2022,4,12,1,0.8964
2022,4,12,2,0.8954
2022,4,12,3,0.8964
2022,4,12,4,0.8994
2022,4,12,5,0.9041
2022,4,12,6,0.9104
2022,4,12,7,0.9176
2022,4,12,8,0.9254
2022,4,12,9,0.9331
2022,4,12,10,0.9404
2022,4,12,11,0.9466
2022,4,12,12,0.9513
2022,4,12,13,0.9543
2022,4,12,14,0.9554
2022,4,12,15,0.9543
2022,4,12,16,0.9513
2022,4,12,17,0.9466
2022,4,12,18,0.9404
2022,4,12,19,0.9331
2022,4,12,20,0.9254
2022,4,12,21,0.9176
2022,4,12,22,0.9104
2022,4,12,23,0.9041
2022,4,12,24,0.8994
2022,4,13,1,0.8971
2022,4,13,2,0.896
2022,4,13,3,0.8971
2022,4,13,4,0.9001
2022,4,13,5,0.9048
2022,4,13,6,0.911
2022,4,13,7,0.9183
2022,4,13,8,0.926
2022,4,13,9,0.9338
2022,4,13,10,0.941
2022,4,13,11,0.9473
2022,4,13,12,0.952
2022,4,13,13,0.955
2022,4,13,14,0.956
2022,4,13,15,0.955
2022,4,13,16,0.952
2022,4,13,17,0.9473
2022,4,13,18,0.941
2022,4,13,19,0.9338
2022,4,13,20,0.926
2022,4,13,21,0.9183
2022,4,13,22,0.911
2022,4,13,23,0.9048
2022,4,13,24,0.9001
2022,4,14,1,0.8978
2022,4,14,2,0.8967
2022,4,14,3,0.8978
2022,4,14,4,0.9008
2022,4,14,5,0.9055
2022,4,14,6,0.9117
2022,4,14,7,0.919
2022,4,14,8,0.9267
2022,4,14,9,0.9345
2022,4,14,10,0.9417
2022,4,14,11,0.9479
2022,4,14,12,0.9527
2022,4,14,13,0.9557
2022,4,14,14,0.9567
2022,4,14,15,0.9557
2022,4,14,16,0.9527
2022,4,14,17,0.9479
2022,4,14,18,0.9417
2022,4,14,19,0.9345
2022,4,14,20,0.9267
2022,4,14,21,0.919
2022,4,14,22,0.9117
2022,4,14,23,0.9055
2022,4,14,24,0.9008
2022,4,15,1,0.8984
2022,4,15,2,0.8974
2022,4,15,3,0.8984
2022,4,15,4,0.9014
2022,4,15,5,0.9062
2022,4,15,6,0.9124
2022,4,15,7,0.9197
2022,4,15,8,0.9274
2022,4,15,9,0.9352
2022,4,15,10,0.9424
2022,4,15,11,0.9486
2022,4,15,12,0.9534
2022,4,15,13,0.9564
2022,4,15,14,0.9574
2022,4,15,15,0.9564
2022,4,15,16,0.9534
2022,4,15,17,0.9486
2022,4,15,18,0.9424
2022,4,15,19,0.9352
2022,4,15,20,0.9274
2022,4,15,21,0.9197
2022,4,15,22,0.9124
2022,4,15,23,0.9062
2022,4,15,24,0.9014
2022,4,16,1,0.8991
2022,4,16,2,0.8981
2022,4,16,3,0.8991
2022,4,16,4,0.9021
2022,4,16,5,0.9069
2022,4,16,6,0.9131
2022,4,16,7,0.9203
2022,4,16,8,0.9281
2022,4,16,9,0.9359
2022,4,16,10,0.9431
2022,4,16,11,0.9493
2022,4,16,12,0.9541
2022,4,16,13,0.9571
2022,4,16,14,0.9581
2022,4,16,15,0.9571
2022,4,16,16,0.9541
2022,4,16,17,0.9493
2022,4,16,18,0.9431
2022,4,16,19,0.9359
2022,4,16,20,0.9281
2022,4,16,21,0.9203
2022,4,16,22,0.9131
2022,4,16,23,0.9069
2022,4,16,24,0.9021
2022,4,17,1,0.8998
2022,4,17,2,0.8988
2022,4,17,3,0.8998
2022,4,17,4,0.9028
2022,4,17,5,0.9076
2022,4,17,6,0.9138
2022,4,17,7,0.921
2022,4,17,8,0.9288
2022,4,17,9,0.9366
2022,4,17,10,0.9438
2022,4,17,11,0.95
2022,4,17,12,0.9548
2022,4,17,13,0.9578
2022,4,17,14,0.9588
2022,4,17,15,0.9578
2022,4,17,16,0.9548
2022,4,17,17,0.95
2022,4,17,18,0.9438
2022,4,17,19,0.9366
2022,4,17,20,0.9288
2022,4,17,21,0.921
2022,4,17,22,0.9138
2022,4,17,23,0.9076
2022,4,17,24,0.9028
2022,4,18,1,0.9005
2022,4,18,2,0.8995
2022,4,18,3,0.9005
2022,4,18,4,0.9035
2022,4,18,5,0.9083
2022,4,18,6,0.9145
2022,4,18,7,0.9217
2022,4,18,8,0.9295
2022,4,18,9,0.9372
2022,4,18,10,0.9445
2022,4,18,11,0.9507
2022,4,18,12,0.9555
2022,4,18,13,0.9585
2022,4,18,14,0.9595
2022,4,18,15,0.9585
2022,4,18,16,0.9555
2022,4,18,17,0.9507
2022,4,18,18,0.9445
2022,4,18,19,0.9372
2022,4,18,20,0.9295
2022,4,18,21,0.9217
2022,4,18,22,0.9145
2022,4,18,23,0.9083
2022,4,18,24,0.9035
2022,4,19,1,0.9012
2022,4,19,2,0.9002
2022,4,19,3,0.9012
2022,4,19,4,0.9042
2022,4,19,5,0.909
2022,4,19,6,0.9152
2022,4,19,7,0.9224
2022,4,19,8,0.9302
2022,4,19,9,0.9379
2022,4,19,10,0.9452
2022,4,19,11,0.9514
2022,4,19,12,0.9562
2022,4,19,13,0.9591
2022,4,19,14,0.9602
2022,4,19,15,0.9591
2022,4,19,16,0.9562
2022,4,19,17,0.9514
2022,4,19,18,0.9452
2022,4,19,19,0.9379
2022,4,19,20,0.9302
2022,4,19,21,0.9224
2022,4,19,22,0.9152
2022,4,19,23,0.909
2022,4,19,24,0.9042
2022,4,20,1,0.9019
2022,4,20,2,0.9009
2022,4,20,3,0.9019
2022,4,20,4,0.9049
2022,4,20,5,0.9096
2022,4,20,6,0.9159
2022,4,20,7,0.9231
2022,4,20,8,0.9309
2022,4,20,9,0.9386
2022,4,20,10,0.9459
2022,4,20,11,0.9521
2022,4,20,12,0.9568
2022,4,20,13,0.9598
2022,4,20,14,0.9609
2022,4,20,15,0.9598
2022,4,20,16,0.9568
2022,4,20,17,0.9521
2022,4,20,18,0.9459
2022,4,20,19,0.9386
2022,4,20,20,0.9309
2022,4,20,21,0.9231
2022,4,20,22,0.9159
2022,4,20,23,0.9096
2022,4,20,24,0.9049
2022,4,21,1,0.9026
2022,4,21,2,0.9015
2022,4,21,3,0.9026
2022,4,21,4,0.9056
2022,4,21,5,0.9103
2022,4,21,6,0.9165
2022,4,21,7,0.9238
2022,4,21,8,0.9315
2022,4,21,9,0.9393
2022,4,21,10,0.9465
2022,4,21,11,0.9528
2022,4,21,12,0.9575
2022,4,21,13,0.9605
2022,4,21,14,0.9615
2022,4,21,15,0.9605
2022,4,21,16,0.9575
2022,4,21,17,0.9528
2022,4,21,18,0.9465
2022,4,21,19,0.9393
2022,4,21,20,0.9315
2022,4,21,21,0.9238
2022,4,21,22,0.9165
2022,4,21,23,0.9103
2022,4,21,24,0.9056
2022,4,22,1,0.9033
2022,4,22,2,0.9022
2022,4,22,3,0.9033
2022,4,22,4,0.9063
2022,4,22,5,0.911
2022,4,22,6,0.9172
2022,4,22,7,0.9245
2022,4,22,8,0.9322
2022,4,22,9,0.94
2022,4,22,10,0.9472
2022,4,22,11,0.9534
2022,4,22,12,0.9582
2022,4,22,13,0.9612
2022,4,22,14,0.9622
2022,4,22,15,0.9612
2022,4,22,16,0.9582
2022,4,22,17,0.9534
2022,4,22,18,0.9472
2022,4,22,19,0.94
2022,4,22,20,0.9322
2022,4,22,21,0.9245
2022,4,22,22,0.9172
2022,4,22,23,0.911
2022,4,22,24,0.9063
2022,4,23,1,0.9039
2022,4,23,2,0.9029
2022,4,23,3,0.9039
2022,4,23,4,0.9069
2022,4,23,5,0.9117
2022,4,23,6,0.9179
2022,4,23,7,0.9252
2022,4,23,8,0.9329
2022,4,23,9,0.9407
2022,4,23,10,0.9479
2022,4,23,11,0.9541
2022,4,23,12,0.9589
2022,4,23,13,0.9619
2022,4,23,14,0.9629
2022,4,23,15,0.9619
2022,4,23,16,0.9589
2022,4,23,17,0.9541
2022,4,23,18,0.9479
2022,4,23,19,0.9407
2022,4,23,20,0.9329
2022,4,23,21,0.9252
2022,4,23,22,0.9179
2022,4,23,23,0.9117
2022,4,23,24,0.9069
2022,4,24,1,0.9046
2022,4,24,2,0.9036
2022,4,24,3,0.9046
2022,4,24,4,0.9076
2022,4,24,5,0.9124
2022,4,24,6,0.9186
2022,4,24,7,0.9258
2022,4,24,8,0.9336
2022,4,24,9,0.9414
2022,4,24,10,0.9486
2022,4,24,11,0.9548
2022,4,24,12,0.9596
2022,4,24,13,0.9626
2022,4,24,14,0.9636
2022,4,24,15,0.9626
2022,4,24,16,0.9596
2022,4,24,17,0.9548
2022,4,24,18,0.9486
2022,4,24,19,0.9414
2022,4,24,20,0.9336
2022,4,24,21,0.9258
2022,4,24,22,0.9186
2022,4,24,23,0.9124
2022,4,24,24,0.9076
2022,4,25,1,0.9053
2022,4,25,2,0.9043
2022,4,25,3,0.9053
2022,4,25,4,0.9083
2022,4,25,5,0.9131
2022,4,25,6,0.9193
2022,4,25,7,0.9265
2022,4,25,8,0.9343
2022,4,25,9,0.9421
2022,4,25,10,0.9493
2022,4,25,11,0.9555
2022,4,25,12,0.9603
2022,4,25,13,0.9633
2022,4,25,14,0.9643
2022,4,25,15,0.9633
2022,4,25,16,0.9603
2022,4,25,17,0.9555
2022,4,25,18,0.9493
2022,4,25,19,0.9421
2022,4,25,20,0.9343
2022,4,25,21,0.9265
2022,4,25,22,0.9193
2022,4,25,23,0.9131
2022,4,25,24,0.9083
2022,4,26,1,0.906
2022,4,26,2,0.905
2022,4,26,3,0.906
2022,4,26,4,0.909
2022,4,26,5,0.9138
2022,4,26,6,0.92
2022,4,26,7,0.9272
2022,4,26,8,0.935
2022,4,26,9,0.9427
2022,4,26,10,0.95
2022,4,26,11,0.9562
2022,4,26,12,0.961
2022,4,26,13,0.964
2022,4,26,14,0.965
2022,4,26,15,0.964
2022,4,26,16,0.961
2022,4,26,17,0.9562
2022,4,26,18,0.95
2022,4,26,19,0.9427
2022,4,26,20,0.935
2022,4,26,21,0.9272
2022,4,26,22,0.92
2022,4,26,23,0.9138
2022,4,26,24,0.909
2022,4,27,1,0.9067
2022,4,27,2,0.9057
2022,4,27,3,0.9067
2022,4,27,4,0.9097
2022,4,27,5,0.9144
2022,4,27,6,0.9207
2022,4,27,7,0.9279
2022,4,27,8,0.9357
2022,4,27,9,0.9434
2022,4,27,10,0.9507
2022,4,27,11,0.9569
2022,4,27,12,0.9616
2022,4,27,13,0.9646
2022,4,27,14,0.9657
2022,4,27,15,0.9646
2022,4,27,16,0.9616
2022,4,27,17,0.9569
2022,4,27,18,0.9507
2022,4,27,19,0.9434
2022,4,27,20,0.9357
2022,4,27,21,0.9279
2022,4,27,22,0.9207
2022,4,27,23,0.9144
2022,4,27,24,0.9097
2022,4,28,1,0.9074
2022,4,28,2,0.9063
2022,4,28,3,0.9074
2022,4,28,4,0.9104
2022,4,28,5,0.9151
2022,4,28,6,0.9213
2022,4,28,7,0.9286
2022,4,28,8,0.9363
2022,4,28,9,0.9441
2022,4,28,10,0.9513
2022,4,28,11,0.9576
2022,4,28,12,0.9623
2022,4,28,13,0.9653
2022,4,28,14,0.9663
2022,4,28,15,0.9653
2022,4,28,16,0.9623
2022,4,28,17,0.9576
2022,4,28,18,0.9513
2022,4,28,19,0.9441
2022,4,28,20,0.9363
2022,4,28,21,0.9286
2022,4,28,22,0.9213
2022,4,28,23,0.9151
2022,4,28,24,0.9104
2022,4,29,1,0.908
2022,4,29,2,0.907
2022,4,29,3,0.908
2022,4,29,4,0.911
2022,4,29,5,0.9158
2022,4,29,6,0.922
2022,4,29,7,0.9293
2022,4,29,8,0.937
2022,4,29,9,0.9448
2022,4,29,10,0.952
2022,4,29,11,0.9582
2022,4,29,12,0.963
2022,4,29,13,0.966
2022,4,29,14,0.967
2022,4,29,15,0.966
2022,4,29,16,0.963
2022,4,29,17,0.9582
2022,4,29,18,0.952
2022,4,29,19,0.9448
2022,4,29,20,0.937
2022,4,29,21,0.9293
2022,4,29,22,0.922
2022,4,29,23,0.9158
2022,4,29,24,0.911
2022,4,30,1,0.9087
2022,4,30,2,0.9077
2022,4,30,3,0.9087
2022,4,30,4,0.9117
2022,4,30,5,0.9165
2022,4,30,6,0.9227
2022,4,30,7,0.9299
2022,4,30,8,0.9377
2022,4,30,9,0.9455
2022,4,30,10,0.9527
2022,4,30,11,0.9589
2022,4,30,12,0.9637
2022,4,30,13,0.9667
2022,4,30,14,0.9677
2022,4,30,15,0.9667
2022,4,30,16,0.9637
2022,4,30,17,0.9589
2022,4,30,18,0.9527
2022,4,30,19,0.9455
2022,4,30,20,0.9377
2022,4,30,21,0.9299
2022,4,30,22,0.9227
2022,4,30,23,0.9165
2022,4,30,24,0.9117
2022,5,1,1,0.9094
2022,5,1,2,0.9084
2022,5,1,3,0.9094
2022,5,1,4,0.9124
2022,5,1,5,0.9172
2022,5,1,6,0.9234
2022,5,1,7,0.9306
2022,5,1,8,0.9384
2022,5,1,9,0.9461
2022,5,1,10,0.9534
2022,5,1,11,0.9596
2022,5,1,12,0.9644
2022,5,1,13,0.9674
2022,5,1,14,0.9684
2022,5,1,15,0.9674
2022,5,1,16,0.9644
2022,5,1,17,0.9596
2022,5,1,18,0.9534
2022,5,1,19,0.9461
2022,5,1,20,0.9384
2022,5,1,21,0.9306
2022,5,1,22,0.9234
2022,5,1,23,0.9172
2022,5,1,24,0.9124
2022,5,2,1,0.9101
2022,5,2,2,0.909
2022,5,2,3,0.9101
2022,5,2,4,0.9131
2022,5,2,5,0.9178
2022,5,2,6,0.924
2022,5,2,7,0.9313
2022,5,2,8,0.939
2022,5,2,9,0.9468
2022,5,2,10,0.954
2022,5,2,11,0.9603
2022,5,2,12,0.965
2022,5,2,13,0.968
2022,5,2,14,0.969
2022,5,2,15,0.968
2022,5,2,16,0.965
2022,5,2,17,0.9603
2022,5,2,18,0.954
2022,5,2,19,0.9468
2022,5,2,20,0.939
2022,5,2,21,0.9313
2022,5,2,22,0.924
2022,5,2,23,0.9178
2022,5,2,24,0.9131
2022,5,3,1,0.9107
2022,5,3,2,0.9097
2022,5,3,3,0.9107
2022,5,3,4,0.9137
2022,5,3,5,0.9185
2022,5,3,6,0.9247
2022,5,3,7,0.9319
2022,5,3,8,0.9397
2022,5,3,9,0.9475
2022,5,3,10,0.9547
2022,5,3,11,0.9609
2022,5,3,12,0.9657
2022,5,3,13,0.9687
2022,5,3,14,0.9697
2022,5,3,15,0.9687
2022,5,3,16,0.9657
2022,5,3,17,0.9609
2022,5,3,18,0.9547
2022,5,3,19,0.9475
2022,5,3,20,0.9397
2022,5,3,21,0.9319
2022,5,3,22,0.9247
2022,5,3,23,0.9185
2022,5,3,24,0.9137
2022,5,4,1,0.9114
2022,5,4,2,0.9104
2022,5,4,3,0.9114
2022,5,4,4,0.9144
2022,5,4,5,0.9192
2022,5,4,6,0.9254
2022,5,4,7,0.9326
2022,5,4,8,0.9404
2022,5,4,9,0.9481
2022,5,4,10,0.9554
2022,5,4,11,0.9616
2022,5,4,12,0.9664
2022,5,4,13,0.9694
2022,5,4,14,0.9704
2022,5,4,15,0.9694
2022,5,4,16,0.9664
2022,5,4,17,0.9616
2022,5,4,18,0.9554
2022,5,4,19,0.9481
2022,5,4,20,0.9404
2022,5,4,21,0.9326
2022,5,4,22,0.9254
2022,5,4,23,0.9192
2022,5,4,24,0.9144
2022,5,5,1,0.9121
2022,5,5,2,0.911
2022,5,5,3,0.9121
2022,5,5,4,0.9151
2022,5,5,5,0.9198
2022,5,5,6,0.926
2022,5,5,7,0.9333
2022,5,5,8,0.941
2022,5,5,9,0.9488
2022,5,5,10,0.956
2022,5,5,11,0.9623
2022,5,5,12,0.967
2022,5,5,13,0.97
2022,5,5,14,0.971
2022,5,5,15,0.97
2022,5,5,16,0.967
2022,5,5,17,0.9623
2022,5,5,18,0.956
2022,5,5,19,0.9488
2022,5,5,20,0.941
2022,5,5,21,0.9333
2022,5,5,22,0.926
2022,5,5,23,0.9198
2022,5,5,24,0.9151
2022,5,6,1,0.9127
2022,5,6,2,0.9117
2022,5,6,3,0.9127
2022,5,6,4,0.9157
2022,5,6,5,0.9205
2022,5,6,6,0.9267
2022,5,6,7,0.9339
2022,5,6,8,0.9417
2022,5,6,9,0.9495
2022,5,6,10,0.9567
2022,5,6,11,0.9629
2022,5,6,12,0.9677
2022,5,6,13,0.9707
2022,5,6,14,0.9717
2022,5,6,15,0.9707
2022,5,6,16,0.9677
2022,5,6,17,0.9629
2022,5,6,18,0.9567
2022,5,6,19,0.9495
2022,5,6,20,0.9417
2022,5,6,21,0.9339
2022,5,6,22,0.9267
2022,5,6,23,0.9205
2022,5,6,24,0.9157
2022,5,7,1,0.9134
2022,5,7,2,0.9124
2022,5,7,3,0.9134
2022,5,7,4,0.9164
2022,5,7,5,0.9211
2022,5,7,6,0.9274
2022,5,7,7,0.9346
2022,5,7,8,0.9424
2022,5,7,9,0.9501
2022,5,7,10,0.9574
2022,5,7,11,0.9636
2022,5,7,12,0.9683
2022,5,7,13,0.9713
2022,5,7,14,0.9724
2022,5,7,15,0.9713
2022,5,7,16,0.9683
2022,5,7,17,0.9636
2022,5,7,18,0.9574
2022,5,7,19,0.9501
2022,5,7,20,0.9424
2022,5,7,21,0.9346
2022,5,7,22,0.9274
2022,5,7,23,0.9211
2022,5,7,24,0.9164
2022,5,8,1,0.914
2022,5,8,2,0.913
2022,5,8,3,0.914
2022,5,8,4,0.917
2022,5,8,5,0.9218
2022,5,8,6,0.928
2022,5,8,7,0.9352
2022,5,8,8,0.943
2022,5,8,9,0.9508
2022,5,8,10,0.958
2022,5,8,11,0.9642
2022,5,8,12,0.969
2022,5,8,13,0.972
2022,5,8,14,0.973
2022,5,8,15,0.972
2022,5,8,16,0.969
2022,5,8,17,0.9642
2022,5,8,18,0.958
2022,5,8,19,0.9508
2022,5,8,20,0.943
2022,5,8,21,0.9352
2022,5,8,22,0.928
2022,5,8,23,0.9218
2022,5,8,24,0.917
2022,5,9,1,0.9147
2022,5,9,2,0.9137
2022,5,9,3,0.9147
2022,5,9,4,0.9177
2022,5,9,5,0.9224
2022,5,9,6,0.9287
2022,5,9,7,0.9359
2022,5,9,8,0.9437
2022,5,9,9,0.9514
2022,5,9,10,0.9587
2022,5,9,11,0.9649
2022,5,9,12,0.9696
2022,5,9,13,0.9726
2022,5,9,14,0.9737
2022,5,9,15,0.9726
2022,5,9,16,0.9696
2022,5,9,17,0.9649
2022,5,9,18,0.9587
2022,5,9,19,0.9514
2022,5,9,20,0.9437
2022,5,9,21,0.9359
2022,5,9,22,0.9287
2022,5,9,23,0.9224
2022,5,9,24,0.9177
2022,5,10,1,0.9153
2022,5,10,2,0.9143
2022,5,10,3,0.9153
2022,5,10,4,0.9183
2022,5,10,5,0.9231
2022,5,10,6,0.9293
2022,5,10,7,0.9365
2022,5,10,8,0.9443
2022,5,10,9,0.9521
2022,5,10,10,0.9593
2022,5,10,11,0.9655
2022,5,10,12,0.9703
2022,5,10,13,0.9733
2022,5,10,14,0.9743
2022,5,10,15,0.9733
2022,5,10,16,0.9703
2022,5,10,17,0.9655
2022,5,10,18,0.9593
2022,5,10,19,0.9521
2022,5,10,20,0.9443
2022,5,10,21,0.9365
2022,5,10,22,0.9293
2022,5,10,23,0.9231
2022,5,10,24,0.9183
2022,5,11,1,0.916
2022,5,11,2,0.9149
2022,5,11,3,0.916
2022,5,11,4,0.919
2022,5,11,5,0.9237
2022,5,11,6,0.9299
2022,5,11,7,0.9372
2022,5,11,8,0.9449
2022,5,11,9,0.9527
2022,5,11,10,0.9599
2022,5,11,11,0.9662
2022,5,11,12,0.9709
2022,5,11,13,0.9739
2022,5,11,14,0.9749
2022,5,11,15,0.9739
2022,5,11,16,0.9709
2022,5,11,17,0.9662
2022,5,11,18,0.9599
2022,5,11,19,0.9527
2022,5,11,20,0.9449
2022,5,11,21,0.9372
2022,5,11,22,0.9299
2022,5,11,23,0.9237
2022,5,11,24,0.919
2022,5,12,1,0.9166
2022,5,12,2,0.9156
2022,5,12,3,0.9166
2022,5,12,4,0.9196
2022,5,12,5,0.9244
2022,5,12,6,0.9306
2022,5,12,7,0.9378
2022,5,12,8,0.9456
2022,5,12,9,0.9533
2022,5,12,10,0.9606
2022,5,12,11,0.9668
2022,5,12,12,0.9716
2022,5,12,13,0.9746
2022,5,12,14,0.9756
2022,5,12,15,0.9746
2022,5,12,16,0.9716
2022,5,12,17,0.9668
2022,5,12,18,0.9606
2022,5,12,19,0.9533
2022,5,12,20,0.9456
2022,5,12,21,0.9378
2022,5,12,22,0.9306
2022,5,12,23,0.9244
2022,5,12,24,0.9196
2022,5,13,1,0.9172
2022,5,13,2,0.9162
2022,5,13,3,0.9172
2022,5,13,4,0.9202
2022,5,13,5,0.925
2022,5,13,6,0.9312
2022,5,13,7,0.9385
2022,5,13,8,0.9462
2022,5,13,9,0.954
2022,5,13,10,0.9612
2022,5,13,11,0.9674
2022,5,13,12,0.9722
2022,5,13,13,0.9752
2022,5,13,14,0.9762
2022,5,13,15,0.9752
2022,5,13,16,0.9722
2022,5,13,17,0.9674
2022,5,13,18,0.9612
2022,5,13,19,0.954
2022,5,13,20,0.9462
2022,5,13,21,0.9385
2022,5,13,22,0.9312
2022,5,13,23,0.925
2022,5,13,24,0.9202
2022,5,14,1,0.9179
2022,5,14,2,0.9168
2022,5,14,3,0.9179
2022,5,14,4,0.9209
2022,5,14,5,0.9256
2022,5,14,6,0.9318
2022,5,14,7,0.9391
2022,5,14,8,0.9468
2022,5,14,9,0.9546
2022,5,14,10,0.9618
2022,5,14,11,0.9681
2022,5,14,12,0.9728
2022,5,14,13,0.9758
2022,5,14,14,0.9768
2022,5,14,15,0.9758
2022,5,14,16,0.9728
2022,5,14,17,0.9681
2022,5,14,18,0.9618
2022,5,14,19,0.9546
2022,5,14,20,0.9468
2022,5,14,21,0.9391
2022,5,14,22,0.9318
2022,5,14,23,0.9256
2022,5,14,24,0.9209
2022,5,15,1,0.9185
2022,5,15,2,0.9175
2022,5,15,3,0.9185
2022,5,15,4,0.9215
2022,5,15,5,0.9263
2022,5,15,6,0.9325
2022,5,15,7,0.9397
2022,5,15,8,0.9475
2022,5,15,9,0.9552
2022,5,15,10,0.9625
2022,5,15,11,0.9687
2022,5,15,12,0.9734
2022,5,15,13,0.9764
2022,5,15,14,0.9775
2022,5,15,15,0.9764
2022,5,15,16,0.9734
2022,5,15,17,0.9687
2022,5,15,18,0.9625
2022,5,15,19,0.9552
2022,5,15,20,0.9475
2022,5,15,21,0.9397
2022,5,15,22,0.9325
2022,5,15,23,0.9263
2022,5,15,24,0.9215
2022,5,16,1,0.9191
2022,5,16,2,0.9181
2022,5,16,3,0.9191
2022,5,16,4,0.9221
2022,5,16,5,0.9269
2022,5,16,6,0.9331
2022,5,16,7,0.9403
2022,5,16,8,0.9481
2022,5,16,9,0.9558
2022,5,16,10,0.9631
2022,5,16,11,0.9693
2022,5,16,12,0.9741
2022,5,16,13,0.9771
2022,5,16,14,0.9781
2022,5,16,15,0.9771
2022,5,16,16,0.9741
2022,5,16,17,0.9693
2022,5,16,18,0.9631
2022,5,16,19,0.9558
2022,5,16,20,0.9481
2022,5,16,21,0.9403
2022,5,16,22,0.9331
2022,5,16,23,0.9269
2022,5,16,24,0.9221
2022,5,17,1,0.9197
2022,5,17,2,0.9187
2022,5,17,3,0.9197
2022,5,17,4,0.9227
2022,5,17,5,0.9275
2022,5,17,6,0.9337
2022,5,17,7,0.9409
2022,5,17,8,0.9487
2022,5,17,9,0.9565
2022,5,17,10,0.9637
2022,5,17,11,0.9699
2022,5,17,12,0.9747
2022,5,17,13,0.9777
2022,5,17,14,0.9787
2022,5,17,15,0.9777
2022,5,17,16,0.9747
2022,5,17,17,0.9699
2022,5,17,18,0.9637
2022,5,17,19,0.9565
2022,5,17,20,0.9487
2022,5,17,21,0.9409
2022,5,17,22,0.9337
2022,5,17,23,0.9275
2022,5,17,24,0.9227
2022,5,18,1,0.9203
2022,5,18,2,0.9193
2022,5,18,3,0.9203
2022,5,18,4,0.9233
2022,5,18,5,0.9281
2022,5,18,6,0.9343
2022,5,18,7,0.9415
2022,5,18,8,0.9493
2022,5,18,9,0.9571
2022,5,18,10,0.9643
2022,5,18,11,0.9705
2022,5,18,12,0.9753
2022,5,18,13,0.9783
2022,5,18,14,0.9793
2022,5,18,15,0.9783
2022,5,18,16,0.9753
2022,5,18,17,0.9705
2022,5,18,18,0.9643
2022,5,18,19,0.9571
2022,5,18,20,0.9493
2022,5,18,21,0.9415
2022,5,18,22,0.9343
2022,5,18,23,0.9281
2022,5,18,24,0.9233
2022,5,19,1,0.9209
2022,5,19,2,0.9199
2022,5,19,3,0.9209
2022,5,19,4,0.9239
2022,5,19,5,0.9287
2022,5,19,6,0.9349
2022,5,19,7,0.9421
2022,5,19,8,0.9499
2022,5,19,9,0.9577
2022,5,19,10,0.9649
2022,5,19,11,0.9711
2022,5,19,12,0.9759
2022,5,19,13,0.9789
2022,5,19,14,0.9799
2022,5,19,15,0.9789
2022,5,19,16,0.9759
2022,5,19,17,0.9711
2022,5,19,18,0.9649
2022,5,19,19,0.9577
2022,5,19,20,0.9499
2022,5,19,21,0.9421
2022,5,19,22,0.9349
2022,5,19,23,0.9287
2022,5,19,24,0.9239
2022,5,20,1,0.9215
2022,5,20,2,0.9205
2022,5,20,3,0.9215
2022,5,20,4,0.9245
2022,5,20,5,0.9293
2022,5,20,6,0.9355
2022,5,20,7,0.9427
2022,5,20,8,0.9505
2022,5,20,9,0.9583
2022,5,20,10,0.9655
2022,5,20,11,0.9717
2022,5,20,12,0.9765
2022,5,20,13,0.9795
2022,5,20,14,0.9805
2022,5,20,15,0.9795
2022,5,20,16,0.9765
2022,5,20,17,0.9717
2022,5,20,18,0.9655
2022,5,20,19,0.9583
2022,5,20,20,0.9505
2022,5,20,21,0.9427
2022,5,20,22,0.9355
2022,5,20,23,0.9293
2022,5,20,24,0.9245
2022,5,21,1,0.9221
2022,5,21,2,0.9211
2022,5,21,3,0.9221
2022,5,21,4,0.9251
2022,5,21,5,0.9299
2022,5,21,6,0.9361
2022,5,21,7,0.9433
2022,5,21,8,0.9511
2022,5,21,9,0.9588
2022,5,21,10,0.9661
2022,5,21,11,0.9723
2022,5,21,12,0.9771
2022,5,21,13,0.9801
2022,5,21,14,0.9811
2022,5,21,15,0.9801
2022,5,21,16,0.9771
2022,5,21,17,0.9723
2022,5,21,18,0.9661
2022,5,21,19,0.9588
2022,5,21,20,0.9511
2022,5,21,21,0.9433
2022,5,21,22,0.9361
2022,5,21,23,0.9299
2022,5,21,24,0.9251
2022,5,22,1,0.9227
2022,5,22,2,0.9217
2022,5,22,3,0.9227
2022,5,22,4,0.9257
2022,5,22,5,0.9305
2022,5,22,6,0.9367
2022,5,22,7,0.9439
2022,5,22,8,0.9517
2022,5,22,9,0.9594
2022,5,22,10,0.9667
2022,5,22,11,0.9729
2022,5,22,12,0.9776
2022,5,22,13,0.9806
2022,5,22,14,0.9817
2022,5,22,15,0.9806
2022,5,22,16,0.9776
2022,5,22,17,0.9729
2022,5,22,18,0.9667
2022,5,22,19,0.9594
2022,5,22,20,0.9517
2022,5,22,21,0.9439
2022,5,22,22,0.9367
2022,5,22,23,0.9305
2022,5,22,24,0.9257
2022,5,23,1,0.9233
2022,5,23,2,0.9222
2022,5,23,3,0.9233
2022,5,23,4,0.9263
2022,5,23,5,0.931
2022,5,23,6,0.9372
2022,5,23,7,0.9445
2022,5,23,8,0.9522
2022,5,23,9,0.96
2022,5,23,10,0.9672
2022,5,23,11,0.9735
2022,5,23,12,0.9782
2022,5,23,13,0.9812
2022,5,23,14,0.9822
2022,5,23,15,0.9812
2022,5,23,16,0.9782
2022,5,23,17,0.9735
2022,5,23,18,0.9672
2022,5,23,19,0.96
2022,5,23,20,0.9522
2022,5,23,21,0.9445
2022,5,23,22,0.9372
2022,5,23,23,0.931
2022,5,23,24,0.9263
2022,5,24,1,0.9238
2022,5,24,2,0.9228
2022,5,24,3,0.9238
2022,5,24,4,0.9268
2022,5,24,5,0.9316
2022,5,24,6,0.9378
2022,5,24,7,0.945
2022,5,24,8,0.9528
2022,5,24,9,0.9606
2022,5,24,10,0.9678
2022,5,24,11,0.974
2022,5,24,12,0.9788
2022,5,24,13,0.9818
2022,5,24,14,0.9828
2022,5,24,15,0.9818
2022,5,24,16,0.9788
2022,5,24,17,0.974
2022,5,24,18,0.9678
2022,5,24,19,0.9606
2022,5,24,20,0.9528
2022,5,24,21,0.945
2022,5,24,22,0.9378
2022,5,24,23,0.9316
2022,5,24,24,0.9268
2022,5,25,1,0.9244
2022,5,25,2,0.9234
2022,5,25,3,0.9244
2022,5,25,4,0.9274
2022,5,25,5,0.9322
2022,5,25,6,0.9384
2022,5,25,7,0.9456
2022,5,25,8,0.9534
2022,5,25,9,0.9611
2022,5,25,10,0.9684
2022,5,25,11,0.9746
2022,5,25,12,0.9794
2022,5,25,13,0.9823
2022,5,25,14,0.9834
2022,5,25,15,0.9823
2022,5,25,16,0.9794
2022,5,25,17,0.9746
2022,5,25,18,0.9684
2022,5,25,19,0.9611
2022,5,25,20,0.9534
2022,5,25,21,0.9456
2022,5,25,22,0.9384
2022,5,25,23,0.9322
2022,5,25,24,0.9274
2022,5,26,1,0.9249
2022,5,26,2,0.9239
2022,5,26,3,0.9249
2022,5,26,4,0.9279
2022,5,26,5,0.9327
2022,5,26,6,0.9389
2022,5,26,7,0.9462
2022,5,26,8,0.9539
2022,5,26,9,0.9617
2022,5,26,10,0.9689
2022,5,26,11,0.9751
2022,5,26,12,0.9799
2022,5,26,13,0.9829
2022,5,26,14,0.9839
2022,5,26,15,0.9829
2022,5,26,16,0.9799
2022,5,26,17,0.9751
2022,5,26,18,0.9689
2022,5,26,19,0.9617
2022,5,26,20,0.9539
2022,5,26,21,0.9462
2022,5,26,22,0.9389
2022,5,26,23,0.9327
2022,5,26,24,0.9279
2022,5,27,1,0.9255
2022,5,27,2,0.9245
2022,5,27,3,0.9255
2022,5,27,4,0.9285
2022,5,27,5,0.9333
2022,5,27,6,0.9395
2022,5,27,7,0.9467
2022,5,27,8,0.9545
2022,5,27,9,0.9622
2022,5,27,10,0.9695
2022,5,27,11,0.9757
2022,5,27,12,0.9805
2022,5,27,13,0.9835
2022,5,27,14,0.9845
2022,5,27,15,0.9835
2022,5,27,16,0.9805
2022,5,27,17,0.9757
2022,5,27,18,0.9695
2022,5,27,19,0.9622
2022,5,27,20,0.9545
2022,5,27,21,0.9467
2022,5,27,22,0.9395
2022,5,27,23,0.9333
2022,5,27,24,0.9285
2022,5,28,1,0.926
2022,5,28,2,0.925
2022,5,28,3,0.926
2022,5,28,4,0.929
2022,5,28,5,0.9338
2022,5,28,6,0.94
2022,5,28,7,0.9473
2022,5,28,8,0.955
2022,5,28,9,0.9628
2022,5,28,10,0.97
2022,5,28,11,0.9762
2022,5,28,12,0.981
2022,5,28,13,0.984
2022,5,28,14,0.985
2022,5,28,15,0.984
2022,5,28,16,0.981
2022,5,28,17,0.9762
2022,5,28,18,0.97
2022,5,28,19,0.9628
2022,5,28,20,0.955
2022,5,28,21,0.9473
2022,5,28,22,0.94
2022,5,28,23,0.9338
2022,5,28,24,0.929
2022,5,29,1,0.9266
2022,5,29,2,0.9255
2022,5,29,3,0.9266
2022,5,29,4,0.9296
2022,5,29,5,0.9343
2022,5,29,6,0.9405
2022,5,29,7,0.9478
2022,5,29,8,0.9555
2022,5,29,9,0.9633
2022,5,29,10,0.9705
2022,5,29,11,0.9768
2022,5,29,12,0.9815
2022,5,29,13,0.9845
2022,5,29,14,0.9855
2022,5,29,15,0.9845
2022,5,29,16,0.9815
2022,5,29,17,0.9768
2022,5,29,18,0.9705
2022,5,29,19,0.9633
2022,5,29,20,0.9555
2022,5,29,21,0.9478
2022,5,29,22,0.9405
2022,5,29,23,0.9343
2022,5,29,24,0.9296
2022,5,30,1,0.9271
2022,5,30,2,0.9261
2022,5,30,3,0.9271
2022,5,30,4,0.9301
2022,5,30,5,0.9349
2022,5,30,6,0.9411
2022,5,30,7,0.9483
2022,5,30,8,0.9561
2022,5,30,9,0.9638
2022,5,30,10,0.9711
2022,5,30,11,0.9773
2022,5,30,12,0.9821
2022,5,30,13,0.9851
2022,5,30,14,0.9861
2022,5,30,15,0.9851
2022,5,30,16,0.9821
2022,5,30,17,0.9773
2022,5,30,18,0.9711
2022,5,30,19,0.9638
2022,5,30,20,0.9561
2022,5,30,21,0.9483
2022,5,30,22,0.9411
2022,5,30,23,0.9349
2022,5,30,24,0.9301
2022,5,31,1,0.9276
2022,5,31,2,0.9266
2022,5,31,3,0.9276
2022,5,31,4,0.9306
2022,5,31,5,0.9354
2022,5,31,6,0.9416
2022,5,31,7,0.9488
2022,5,31,8,0.9566
2022,5,31,9,0.9644
2022,5,31,10,0.9716
2022,5,31,11,0.9778
2022,5,31,12,0.9826
2022,5,31,13,0.9856
2022,5,31,14,0.9866
2022,5,31,15,0.9856
2022,5,31,16,0.9826
2022,5,31,17,0.9778
2022,5,31,18,0.9716
2022,5,31,19,0.9644
2022,5,31,20,0.9566
2022,5,31,21,0.9488
2022,5,31,22,0.9416
2022,5,31,23,0.9354
2022,5,31,24,0.9306
2022,6,1,1,0.9281
2022,6,1,2,0.9271
2022,6,1,3,0.9281
2022,6,1,4,0.9311
2022,6,1,5,0.9359
2022,6,1,6,0.9421
2022,6,1,7,0.9493
2022,6,1,8,0.9571
2022,6,1,9,0.9649
2022,6,1,10,0.9721
2022,6,1,11,0.9783
2022,6,1,12,0.9831
2022,6,1,13,0.9861
2022,6,1,14,0.9871
2022,6,1,15,0.9861
2022,6,1,16,0.9831
2022,6,1,17,0.9783
2022,6,1,18,0.9721
2022,6,1,19,0.9649
2022,6,1,20,0.9571
2022,6,1,21,0.9493
2022,6,1,22,0.9421
2022,6,1,23,0.9359
2022,6,1,24,0.9311
2022,6,2,1,0.9286
2022,6,2,2,0.9276
2022,6,2,3,0.9286
2022,6,2,4,0.9316
2022,6,2,5,0.9364
2022,6,2,6,0.9426
2022,6,2,7,0.9498
2022,6,2,8,0.9576
2022,6,2,9,0.9654
2022,6,2,10,0.9726
2022,6,2,11,0.9788
2022,6,2,12,0.9836
2022,6,2,13,0.9866
2022,6,2,14,0.9876
2022,6,2,15,0.9866
2022,6,2,16,0.9836
2022,6,2,17,0.9788
2022,6,2,18,0.9726
2022,6,2,19,0.9654
2022,6,2,20,0.9576
2022,6,2,21,0.9498
2022,6,2,22,0.9426
2022,6,2,23,0.9364
2022,6,2,24,0.9316
2022,6,3,1,0.9291
2022,6,3,2,0.9281
2022,6,3,3,0.9291
2022,6,3,4,0.9321
2022,6,3,5,0.9369
2022,6,3,6,0.9431
2022,6,3,7,0.9503
2022,6,3,8,0.9581
2022,6,3,9,0.9659
2022,6,3,10,0.9731
2022,6,3,11,0.9793
2022,6,3,12,0.9841
2022,6,3,13,0.9871
2022,6,3,14,0.9881
2022,6,3,15,0.9871
2022,6,3,16,0.9841
2022,6,3,17,0.9793
2022,6,3,18,0.9731
2022,6,3,19,0.9659
2022,6,3,20,0.9581
2022,6,3,21,0.9503
2022,6,3,22,0.9431
2022,6,3,23,0.9369
2022,6,3,24,0.9321
2022,6,4,1,0.9296
2022,6,4,2,0.9286
2022,6,4,3,0.9296
2022,6,4,4,0.9326
2022,6,4,5,0.9374
2022,6,4,6,0.9436
2022,6,4,7,0.9508
2022,6,4,8,0.9586
2022,6,4,9,0.9664
2022,6,4,10,0.9736
2022,6,4,11,0.9798
2022,6,4,12,0.9846
2022,6,4,13,0.9876
2022,6,4,14,0.9886
2022,6,4,15,0.9876
2022,6,4,16,0.9846
2022,6,4,17,0.9798
2022,6,4,18,0.9736
2022,6,4,19,0.9664
2022,6,4,20,0.9586
2022,6,4,21,0.9508
2022,6,4,22,0.9436
2022,6,4,23,0.9374
2022,6,4,24,0.9326
2022,6,5,1,0.9301
2022,6,5,2,0.9291
2022,6,5,3,0.9301
2022,6,5,4,0.9331
2022,6,5,5,0.9379
2022,6,5,6,0.9441
2022,6,5,7,0.9513
2022,6,5,8,0.9591
2022,6,5,9,0.9668
2022,6,5,10,0.9741
2022,6,5,11,0.9803
2022,6,5,12,0.985
2022,6,5,13,0.988
2022,6,5,14,0.9891
2022,6,5,15,0.988
2022,6,5,16,0.985
2022,6,5,17,0.9803
2022,6,5,18,0.9741
2022,6,5,19,0.9668
2022,6,5,20,0.9591
2022,6,5,21,0.9513
2022,6,5,22,0.9441
2022,6,5,23,0.9379
2022,6,5,24,0.9331
2022,6,6,1,0.9306
2022,6,6,2,0.9295
2022,6,6,3,0.9306
2022,6,6,4,0.9336
2022,6,6,5,0.9383
2022,6,6,6,0.9445
2022,6,6,7,0.9518
2022,6,6,8,0.9595
2022,6,6,9,0.9673
2022,6,6,10,0.9745
2022,6,6,11,0.9807
2022,6,6,12,0.9855
2022,6,6,13,0.9885
2022,6,6,14,0.9895
2022,6,6,15,0.9885
2022,6,6,16,0.9855
2022,6,6,17,0.9807
2022,6,6,18,0.9745
2022,6,6,19,0.9673
2022,6,6,20,0.9595
2022,6,6,21,0.9518
2022,6,6,22,0.9445
2022,6,6,23,0.9383
2022,6,6,24,0.9336
2022,6,7,1,0.931
2022,6,7,2,0.93
2022,6,7,3,0.931
2022,6,7,4,0.934
2022,6,7,5,0.9388
2022,6,7,6,0.945
2022,6,7,7,0.9522
2022,6,7,8,0.96
2022,6,7,9,0.9678
2022,6,7,10,0.975
2022,6,7,11,0.9812
2022,6,7,12,0.986
2022,6,7,13,0.989
2022,6,7,14,0.99
2022,6,7,15,0.989
2022,6,7,16,0.986
2022,6,7,17,0.9812
2022,6,7,18,0.975
2022,6,7,19,0.9678
2022,6,7,20,0.96
2022,6,7,21,0.9522
2022,6,7,22,0.945
2022,6,7,23,0.9388
2022,6,7,24,0.934
2022,6,8,1,0.9315
2022,6,8,2,0.9304
2022,6,8,3,0.9315
2022,6,8,4,0.9345
2022,6,8,5,0.9392
2022,6,8,6,0.9454
2022,6,8,7,0.9527
2022,6,8,8,0.9604
2022,6,8,9,0.9682
2022,6,8,10,0.9754
2022,6,8,11,0.9817
2022,6,8,12,0.9864
2022,6,8,13,0.9894
2022,6,8,14,0.9904
2022,6,8,15,0.9894
2022,6,8,16,0.9864
2022,6,8,17,0.9817
2022,6,8,18,0.9754
2022,6,8,19,0.9682
2022,6,8,20,0.9604
2022,6,8,21,0.9527
2022,6,8,22,0.9454
2022,6,8,23,0.9392
2022,6,8,24,0.9345
2022,6,9,1,0.9319
2022,6,9,2,0.9309
2022,6,9,3,0.9319
2022,6,9,4,0.9349
2022,6,9,5,0.9397
2022,6,9,6,0.9459
2022,6,9,7,0.9531
2022,6,9,8,0.9609
2022,6,9,9,0.9687
2022,6,9,10,0.9759
2022,6,9,11,0.9821
2022,6,9,12,0.9869
2022,6,9,13,0.9899
2022,6,9,14,0.9909
2022,6,9,15,0.9899
2022,6,9,16,0.9869
2022,6,9,17,0.9821
2022,6,9,18,0.9759
2022,6,9,19,0.9687
2022,6,9,20,0.9609
2022,6,9,21,0.9531
2022,6,9,22,0.9459
2022,6,9,23,0.9397
2022,6,9,24,0.9349
2022,6,10,1,0.9323
2022,6,10,2,0.9313
2022,6,10,3,0.9323
2022,6,10,4,0.9353
2022,6,10,5,0.9401
2022,6,10,6,0.9463
2022,6,10,7,0.9536
2022,6,10,8,0.9613
2022,6,10,9,0.9691
2022,6,10,10,0.9763
2022,6,10,11,0.9825
2022,6,10,12,0.9873
2022,6,10,13,0.9903
2022,6,10,14,0.9913
2022,6,10,15,0.9903
2022,6,10,16,0.9873
2022,6,10,17,0.9825
2022,6,10,18,0.9763
2022,6,10,19,0.9691
2022,6,10,20,0.9613
2022,6,10,21,0.9536
2022,6,10,22,0.9463
2022,6,10,23,0.9401
2022,6,10,24,0.9353
2022,6,11,1,0.9328
2022,6,11,2,0.9317
2022,6,11,3,0.9328
2022,6,11,4,0.9358
2022,6,11,5,0.9405
2022,6,11,6,0.9467
2022,6,11,7,0.954
2022,6,11,8,0.9617
2022,6,11,9,0.9695
2022,6,11,10,0.9767
2022,6,11,11,0.983
2022,6,11,12,0.9877
2022,6,11,13,0.9907
2022,6,11,14,0.9917
2022,6,11,15,0.9907
2022,6,11,16,0.9877
2022,6,11,17,0.983
2022,6,11,18,0.9767
2022,6,11,19,0.9695
2022,6,11,20,0.9617
2022,6,11,21,0.954
2022,6,11,22,0.9467
2022,6,11,23,0.9405
2022,6,11,24,0.9358
2022,6,12,1,0.9332
2022,6,12,2,0.9322
2022,6,12,3,0.9332
2022,6,12,4,0.9362
2022,6,12,5,0.9409
2022,6,12,6,0.9472
2022,6,12,7,0.9544
2022,6,12,8,0.9622
2022,6,12,9,0.9699
2022,6,12,10,0.9772
2022,6,12,11,0.9834
2022,6,12,12,0.9881
2022,6,12,13,0.9911
2022,6,12,14,0.9922
2022,6,12,15,0.9911
2022,6,12,16,0.9881
2022,6,12,17,0.9834
2022,6,12,18,0.9772
2022,6,12,19,0.9699
2022,6,12,20,0.9622
2022,6,12,21,0.9544
2022,6,12,22,0.9472
2022,6,12,23,0.9409
2022,6,12,24,0.9362
2022,6,13,1,0.9336
2022,6,13,2,0.9326
2022,6,13,3,0.9336
2022,6,13,4,0.9366
2022,6,13,5,0.9413
2022,6,13,6,0.9476
2022,6,13,7,0.9548
2022,6,13,8,0.9626
2022,6,13,9,0.9703
2022,6,13,10,0.9776
2022,6,13,11,0.9838
2022,6,13,12,0.9885
2022,6,13,13,0.9915
2022,6,13,14,0.9926
2022,6,13,15,0.9915
2022,6,13,16,0.9885
2022,6,13,17,0.9838
2022,6,13,18,0.9776
2022,6,13,19,0.9703
2022,6,13,20,0.9626
2022,6,13,21,0.9548
2022,6,13,22,0.9476
2022,6,13,23,0.9413
2022,6,13,24,0.9366
2022,6,14,1,0.934
2022,6,14,2,0.933
2022,6,14,3,0.934
2022,6,14,4,0.937
2022,6,14,5,0.9417
2022,6,14,6,0.948
2022,6,14,7,0.9552
2022,6,14,8,0.963
2022,6,14,9,0.9707
2022,6,14,10,0.978
2022,6,14,11,0.9842
2022,6,14,12,0.9889
2022,6,14,13,0.9919
2022,6,14,14,0.993
2022,6,14,15,0.9919
2022,6,14,16,0.9889
2022,6,14,17,0.9842
2022,6,14,18,0.978
2022,6,14,19,0.9707
2022,6,14,20,0.963
2022,6,14,21,0.9552
2022,6,14,22,0.948
2022,6,14,23,0.9417
2022,6,14,24,0.937
2022,6,15,1,0.9344
2022,6,15,2,0.9333
2022,6,15,3,0.9344
2022,6,15,4,0.9374
2022,6,15,5,0.9421
2022,6,15,6,0.9483
2022,6,15,7,0.9556
2022,6,15,8,0.9633
2022,6,15,9,0.9711
2022,6,15,10,0.9783
2022,6,15,11,0.9846
2022,6,15,12,0.9893
2022,6,15,13,0.9923
2022,6,15,14,0.9933
2022,6,15,15,0.9923
2022,6,15,16,0.9893
2022,6,15,17,0.9846
2022,6,15,18,0.9783
2022,6,15,19,0.9711
2022,6,15,20,0.9633
2022,6,15,21,0.9556
2022,6,15,22,0.9483
2022,6,15,23,0.9421
2022,6,15,24,0.9374
2022,6,16,1,0.9347
2022,6,16,2,0.9337
2022,6,16,3,0.9347
2022,6,16,4,0.9377
2022,6,16,5,0.9425
2022,6,16,6,0.9487
2022,6,16,7,0.956
2022,6,16,8,0.9637
2022,6,16,9,0.9715
2022,6,16,10,0.9787
2022,6,16,11,0.9849
2022,6,16,12,0.9897
2022,6,16,13,0.9927
2022,6,16,14,0.9937
2022,6,16,15,0.9927
2022,6,16,16,0.9897
2022,6,16,17,0.9849
2022,6,16,18,0.9787
2022,6,16,19,0.9715
2022,6,16,20,0.9637
2022,6,16,21,0.956
2022,6,16,22,0.9487
2022,6,16,23,0.9425
2022,6,16,24,0.9377
2022,6,17,1,0.9351
2022,6,17,2,0.9341
2022,6,17,3,0.9351
2022,6,17,4,0.9381
2022,6,17,5,0.9429
2022,6,17,6,0.9491
2022,6,17,7,0.9563
2022,6,17,8,0.9641
2022,6,17,9,0.9718
2022,6,17,10,0.9791
2022,6,17,11,0.9853
2022,6,17,12,0.9901
2022,6,17,13,0.9931
2022,6,17,14,0.9941
2022,6,17,15,0.9931
2022,6,17,16,0.9901
2022,6,17,17,0.9853
2022,6,17,18,0.9791
2022,6,17,19,0.9718
2022,6,17,20,0.9641
2022,6,17,21,0.9563
2022,6,17,22,0.9491
2022,6,17,23,0.9429
2022,6,17,24,0.9381
2022,6,18,1,0.9355
2022,6,18,2,0.9344
2022,6,18,3,0.9355
2022,6,18,4,0.9385
2022,6,18,5,0.9432
2022,6,18,6,0.9494
2022,6,18,7,0.9567
2022,6,18,8,0.9644
2022,6,18,9,0.9722
2022,6,18,10,0.9794
2022,6,18,11,0.9857
2022,6,18,12,0.9904
2022,6,18,13,0.9934
2022,6,18,14,0.9944
2022,6,18,15,0.9934
2022,6,18,16,0.9904
2022,6,18,17,0.9857
2022,6,18,18,0.9794
2022,6,18,19,0.9722
2022,6,18,20,0.9644
2022,6,18,21,0.9567
2022,6,18,22,0.9494
2022,6,18,23,0.9432
2022,6,18,24,0.9385
2022,6,19,1,0.9358
2022,6,19,2,0.9348
2022,6,19,3,0.9358
2022,6,19,4,0.9388
2022,6,19,5,0.9436
2022,6,19,6,0.9498
2022,6,19,7,0.957
2022,6,19,8,0.9648
2022,6,19,9,0.9725
2022,6,19,10,0.9798
2022,6,19,11,0.986
2022,6,19,12,0.9908
2022,6,19,13,0.9938
2022,6,19,14,0.9948
2022,6,19,15,0.9938
2022,6,19,16,0.9908
2022,6,19,17,0.986
2022,6,19,18,0.9798
2022,6,19,19,0.9725
2022,6,19,20,0.9648
2022,6,19,21,0.957
2022,6,19,22,0.9498
2022,6,19,23,0.9436
2022,6,19,24,0.9388
2022,6,20,1,0.9361
2022,6,20,2,0.9351
2022,6,20,3,0.9361
2022,6,20,4,0.9391
2022,6,20,5,0.9439
2022,6,20,6,0.9501
2022,6,20,7,0.9574
2022,6,20,8,0.9651
2022,6,20,9,0.9729
2022,6,20,10,0.9801
2022,6,20,11,0.9863
2022,6,20,12,0.9911
2022,6,20,13,0.9941
2022,6,20,14,0.9951
2022,6,20,15,0.9941
2022,6,20,16,0.9911
2022,6,20,17,0.9863
2022,6,20,18,0.9801
2022,6,20,19,0.9729
2022,6,20,20,0.9651
2022,6,20,21,0.9574
2022,6,20,22,0.9501
2022,6,20,23,0.9439
2022,6,20,24,0.9391
2022,6,21,1,0.9365
2022,6,21,2,0.9354
2022,6,21,3,0.9365
2022,6,21,4,0.9395
2022,6,21,5,0.9442
2022,6,21,6,0.9504
2022,6,21,7,0.9577
2022,6,21,8,0.9654
2022,6,21,9,0.9732
2022,6,21,10,0.9804
2022,6,21,11,0.9867
2022,6,21,12,0.9914
2022,6,21,13,0.9944
2022,6,21,14,0.9954
2022,6,21,15,0.9944
2022,6,21,16,0.9914
2022,6,21,17,0.9867
2022,6,21,18,0.9804
2022,6,21,19,0.9732
2022,6,21,20,0.9654
2022,6,21,21,0.9577
2022,6,21,22,0.9504
2022,6,21,23,0.9442
2022,6,21,24,0.9395
2022,6,22,1,0.9368
2022,6,22,2,0.9358
2022,6,22,3,0.9368
2022,6,22,4,0.9398
2022,6,22,5,0.9445
2022,6,22,6,0.9508
2022,6,22,7,0.958
2022,6,22,8,0.9658
2022,6,22,9,0.9735
2022,6,22,10,0.9808
2022,6,22,11,0.987
2022,6,22,12,0.9917
2022,6,22,13,0.9947
2022,6,22,14,0.9958
2022,6,22,15,0.9947
2022,6,22,16,0.9917
2022,6,22,17,0.987
2022,6,22,18,0.9808
2022,6,22,19,0.9735
2022,6,22,20,0.9658
2022,6,22,21,0.958
2022,6,22,22,0.9508
2022,6,22,23,0.9445
2022,6,22,24,0.9398
2022,6,23,1,0.9371
2022,6,23,2,0.9361
2022,6,23,3,0.9371
2022,6,23,4,0.9401
2022,6,23,5,0.9448
2022,6,23,6,0.9511
2022,6,23,7,0.9583
2022,6,23,8,0.9661
2022,6,23,9,0.9738
2022,6,23,10,0.9811
2022,6,23,11,0.9873
2022,6,23,12,0.992
2022,6,23,13,0.995
2022,6,23,14,0.9961
2022,6,23,15,0.995
2022,6,23,16,0.992
2022,6,23,17,0.9873
2022,6,23,18,0.9811
2022,6,23,19,0.9738
2022,6,23,20,0.9661
2022,6,23,21,0.9583
2022,6,23,22,0.9511
2022,6,23,23,0.9448
2022,6,23,24,0.9401
2022,6,24,1,0.9374
2022,6,24,2,0.9364
2022,6,24,3,0.9374
2022,6,24,4,0.9404
2022,6,24,5,0.9451
2022,6,24,6,0.9514
2022,6,24,7,0.9586
2022,6,24,8,0.9664
2022,6,24,9,0.9741
2022,6,24,10,0.9814
2022,6,24,11,0.9876
2022,6,24,12,0.9923
2022,6,24,13,0.9953
2022,6,24,14,0.9964
2022,6,24,15,0.9953
2022,6,24,16,0.9923
2022,6,24,17,0.9876
2022,6,24,18,0.9814
2022,6,24,19,0.9741
2022,6,24,20,0.9664
2022,6,24,21,0.9586
2022,6,24,22,0.9514
2022,6,24,23,0.9451
2022,6,24,24,0.9404
2022,6,25,1,0.9377
2022,6,25,2,0.9366
2022,6,25,3,0.9377
2022,6,25,4,0.9407
2022,6,25,5,0.9454
2022,6,25,6,0.9516
2022,6,25,7,0.9589
2022,6,25,8,0.9666
2022,6,25,9,0.9744
2022,6,25,10,0.9816
2022,6,25,11,0.9878
2022,6,25,12,0.9926
2022,6,25,13,0.9956
2022,6,25,14,0.9966
2022,6,25,15,0.9956
2022,6,25,16,0.9926
2022,6,25,17,0.9878
2022,6,25,18,0.9816
2022,6,25,19,0.9744
2022,6,25,20,0.9666
2022,6,25,21,0.9589
2022,6,25,22,0.9516
2022,6,25,23,0.9454
2022,6,25,24,0.9407
2022,6,26,1,0.9379
2022,6,26,2,0.9369
2022,6,26,3,0.9379
2022,6,26,4,0.9409
2022,6,26,5,0.9457
2022,6,26,6,0.9519
2022,6,26,7,0.9591
2022,6,26,8,0.9669
2022,6,26,9,0.9747
2022,6,26,10,0.9819
2022,6,26,11,0.9881
2022,6,26,12,0.9929
2022,6,26,13,0.9959
2022,6,26,14,0.9969
2022,6,26,15,0.9959
2022,6,26,16,0.9929
2022,6,26,17,0.9881
2022,6,26,18,0.9819
2022,6,26,19,0.9747
2022,6,26,20,0.9669
2022,6,26,21,0.9591
2022,6,26,22,0.9519
2022,6,26,23,0.9457
2022,6,26,24,0.9409
2022,6,27,1,0.9382
2022,6,27,2,0.9372
2022,6,27,3,0.9382
2022,6,27,4,0.9412
2022,6,27,5,0.946
2022,6,27,6,0.9522
2022,6,27,7,0.9594
2022,6,27,8,0.9672
2022,6,27,9,0.9749
2022,6,27,10,0.9822
2022,6,27,11,0.9884
2022,6,27,12,0.9931
2022,6,27,13,0.9961
2022,6,27,14,0.9972
2022,6,27,15,0.9961
2022,6,27,16,0.9931
2022,6,27,17,0.9884
2022,6,27,18,0.9822
2022,6,27,19,0.9749
2022,6,27,20,0.9672
2022,6,27,21,0.9594
2022,6,27,22,0.9522
2022,6,27,23,0.946
2022,6,27,24,0.9412
2022,6,28,1,0.9384
2022,6,28,2,0.9374
2022,6,28,3,0.9384
2022,6,28,4,0.9414
2022,6,28,5,0.9462
2022,6,28,6,0.9524
2022,6,28,7,0.9597
2022,6,28,8,0.9674
2022,6,28,9,0.9752
2022,6,28,10,0.9824
2022,6,28,11,0.9886
2022,6,28,12,0.9934
2022,6,28,13,0.9964
2022,6,28,14,0.9974
2022,6,28,15,0.9964
2022,6,28,16,0.9934
2022,6,28,17,0.9886
2022,6,28,18,0.9824
2022,6,28,19,0.9752
2022,6,28,20,0.9674
2022,6,28,21,0.9597
2022,6,28,22,0.9524
2022,6,28,23,0.9462
2022,6,28,24,0.9414
2022,6,29,1,0.9387
2022,6,29,2,0.9377
2022,6,29,3,0.9387
2022,6,29,4,0.9417
2022,6,29,5,0.9464
2022,6,29,6,0.9527
2022,6,29,7,0.9599
2022,6,29,8,0.9677
2022,6,29,9,0.9754
2022,6,29,10,0.9827
2022,6,29,11,0.9889
2022,6,29,12,0.9936
2022,6,29,13,0.9966
2022,6,29,14,0.9977
2022,6,29,15,0.9966
2022,6,29,16,0.9936
2022,6,29,17,0.9889
2022,6,29,18,0.9827
2022,6,29,19,0.9754
2022,6,29,20,0.9677
2022,6,29,21,0.9599
2022,6,29,22,0.9527
2022,6,29,23,0.9464
2022,6,29,24,0.9417
2022,6,30,1,0.9389
2022,6,30,2,0.9379
2022,6,30,3,0.9389
2022,6,30,4,0.9419
2022,6,30,5,0.9467
2022,6,30,6,0.9529
2022,6,30,7,0.9601
2022,6,30,8,0.9679
2022,6,30,9,0.9756
2022,6,30,10,0.9829
2022,6,30,11,0.9891
2022,6,30,12,0.9939
2022,6,30,13,0.9969
2022,6,30,14,0.9979
2022,6,30,15,0.9969
2022,6,30,16,0.9939
2022,6,30,17,0.9891
2022,6,30,18,0.9829
2022,6,30,19,0.9756
2022,6,30,20,0.9679
2022,6,30,21,0.9601
2022,6,30,22,0.9529
2022,6,30,23,0.9467
2022,6,30,24,0.9419
2022,7,1,1,0.9391
2022,7,1,2,0.9381
2022,7,1,3,0.9391
2022,7,1,4,0.9421
2022,7,1,5,0.9469
2022,7,1,6,0.9531
2022,7,1,7,0.9603
2022,7,1,8,0.9681
2022,7,1,9,0.9759
2022,7,1,10,0.9831
2022,7,1,11,0.9893
2022,7,1,12,0.9941
2022,7,1,13,0.9971
2022,7,1,14,0.9981
2022,7,1,15,0.9971
2022,7,1,16,0.9941
2022,7,1,17,0.9893
2022,7,1,18,0.9831
2022,7,1,19,0.9759
2022,7,1,20,0.9681
2022,7,1,21,0.9603
2022,7,1,22,0.9531
2022,7,1,23,0.9469
2022,7,1,24,0.9421
2022,7,2,1,0.9393
2022,7,2,2,0.9383
2022,7,2,3,0.9393
2022,7,2,4,0.9423
2022,7,2,5,0.9471
2022,7,2,6,0.9533
2022,7,2,7,0.9605
2022,7,2,8,0.9683
2022,7,2,9,0.9761
2022,7,2,10,0.9833
2022,7,2,11,0.9895
2022,7,2,12,0.9943
2022,7,2,13,0.9973
2022,7,2,14,0.9983
2022,7,2,15,0.9973
2022,7,2,16,0.9943
2022,7,2,17,0.9895
2022,7,2,18,0.9833
2022,7,2,19,0.9761
2022,7,2,20,0.9683
2022,7,2,21,0.9605
2022,7,2,22,0.9533
2022,7,2,23,0.9471
2022,7,2,24,0.9423
2022,7,3,1,0.9395
2022,7,3,2,0.9385
2022,7,3,3,0.9395
2022,7,3,4,0.9425
2022,7,3,5,0.9473
2022,7,3,6,0.9535
2022,7,3,7,0.9607
2022,7,3,8,0.9685
2022,7,3,9,0.9763
2022,7,3,10,0.9835
2022,7,3,11,0.9897
2022,7,3,12,0.9945
2022,7,3,13,0.9975
2022,7,3,14,0.9985
2022,7,3,15,0.9975
2022,7,3,16,0.9945
2022,7,3,17,0.9897
2022,7,3,18,0.9835
2022,7,3,19,0.9763
2022,7,3,20,0.9685
2022,7,3,21,0.9607
2022,7,3,22,0.9535
2022,7,3,23,0.9473
2022,7,3,24,0.9425
2022,7,4,1,0.9397
2022,7,4,2,0.9387
2022,7,4,3,0.9397
2022,7,4,4,0.9427
2022,7,4,5,0.9475
2022,7,4,6,0.9537
2022,7,4,7,0.9609
2022,7,4,8,0.9687
2022,7,4,9,0.9764
2022,7,4,10,0.9837
2022,7,4,11,0.9899
2022,7,4,12,0.9947
2022,7,4,13,0.9977
2022,7,4,14,0.9987
2022,7,4,15,0.9977
2022,7,4,16,0.9947
2022,7,4,17,0.9899
2022,7,4,18,0.9837
2022,7,4,19,0.9764
2022,7,4,20,0.9687
2022,7,4,21,0.9609
2022,7,4,22,0.9537
2022,7,4,23,0.9475
2022,7,4,24,0.9427
2022,7,5,1,0.9399
2022,7,5,2,0.9388
2022,7,5,3,0.9399
2022,7,5,4,0.9429
2022,7,5,5,0.9476
2022,7,5,6,0.9538
2022,7,5,7,0.9611
2022,7,5,8,0.9688
2022,7,5,9,0.9766
2022,7,5,10,0.9838
2022,7,5,11,0.9901
2022,7,5,12,0.9948
2022,7,5,13,0.9978
2022,7,5,14,0.9988
2022,7,5,15,0.9978
2022,7,5,16,0.9948
2022,7,5,17,0.9901
2022,7,5,18,0.9838
2022,7,5,19,0.9766
2022,7,5,20,0.9688
2022,7,5,21,0.9611
2022,7,5,22,0.9538
2022,7,5,23,0.9476
2022,7,5,24,0.9429
2022,7,6,1,0.94
2022,7,6,2,0.939
2022,7,6,3,0.94
2022,7,6,4,0.943
2022,7,6,5,0.9478
2022,7,6,6,0.954
2022,7,6,7,0.9612
2022,7,6,8,0.969
2022,7,6,9,0.9768
2022,7,6,10,0.984
2022,7,6,11,0.9902
2022,7,6,12,0.995
2022,7,6,13,0.998
2022,7,6,14,0.999
2022,7,6,15,0.998
2022,7,6,16,0.995
2022,7,6,17,0.9902
2022,7,6,18,0.984
2022,7,6,19,0.9768
2022,7,6,20,0.969
2022,7,6,21,0.9612
2022,7,6,22,0.954
2022,7,6,23,0.9478
2022,7,6,24,0.943
2022,7,7,1,0.9402
2022,7,7,2,0.9391
2022,7,7,3,0.9402
2022,7,7,4,0.9432
2022,7,7,5,0.9479
2022,7,7,6,0.9541
2022,7,7,7,0.9614
2022,7,7,8,0.9691
2022,7,7,9,0.9769
2022,7,7,10,0.9841
2022,7,7,11,0.9904
2022,7,7,12,0.9951
2022,7,7,13,0.9981
2022,7,7,14,0.9991
2022,7,7,15,0.9981
2022,7,7,16,0.9951
2022,7,7,17,0.9904
2022,7,7,18,0.9841
2022,7,7,19,0.9769
2022,7,7,20,0.9691
2022,7,7,21,0.9614
2022,7,7,22,0.9541
2022,7,7,23,0.9479
2022,7,7,24,0.9432
2022,7,8,1,0.9403
2022,7,8,2,0.9393
2022,7,8,3,0.9403
2022,7,8,4,0.9433
2022,7,8,5,0.9481
2022,7,8,6,0.9543
2022,7,8,7,0.9615
2022,7,8,8,0.9693
2022,7,8,9,0.977
2022,7,8,10,0.9843
2022,7,8,11,0.9905
2022,7,8,12,0.9953
2022,7,8,13,0.9983
2022,7,8,14,0.9993
2022,7,8,15,0.9983
2022,7,8,16,0.9953
2022,7,8,17,0.9905
2022,7,8,18,0.9843
2022,7,8,19,0.977
2022,7,8,20,0.9693
2022,7,8,21,0.9615
2022,7,8,22,0.9543
2022,7,8,23,0.9481
2022,7,8,24,0.9433
2022,7,9,1,0.9404
2022,7,9,2,0.9394
2022,7,9,3,0.9404
2022,7,9,4,0.9434
2022,7,9,5,0.9482
2022,7,9,6,0.9544
2022,7,9,7,0.9616
2022,7,9,8,0.9694
2022,7,9,9,0.9772
2022,7,9,10,0.9844
2022,7,9,11,0.9906
2022,7,9,12,0.9954
2022,7,9,13,0.9984
2022,7,9,14,0.9994
2022,7,9,15,0.9984
2022,7,9,16,0.9954
2022,7,9,17,0.9906
2022,7,9,18,0.9844
2022,7,9,19,0.9772
2022,7,9,20,0.9694
2022,7,9,21,0.9616
2022,7,9,22,0.9544
2022,7,9,23,0.9482
2022,7,9,24,0.9434
2022,7,10,1,0.9405
2022,7,10,2,0.9395
2022,7,10,3,0.9405
2022,7,10,4,0.9435
2022,7,10,5,0.9483
2022,7,10,6,0.9545
2022,7,10,7,0.9618
2022,7,10,8,0.9695
2022,7,10,9,0.9773
2022,7,10,10,0.9845
2022,7,10,11,0.9907
2022,7,10,12,0.9955
2022,7,10,13,0.9985
2022,7,10,14,0.9995
2022,7,10,15,0.9985
2022,7,10,16,0.9955
2022,7,10,17,0.9907
2022,7,10,18,0.9845
2022,7,10,19,0.9773
2022,7,10,20,0.9695
2022,7,10,21,0.9618
2022,7,10,22,0.9545
2022,7,10,23,0.9483
2022,7,10,24,0.9435
2022,7,11,1,0.9406
2022,7,11,2,0.9396
2022,7,11,3,0.9406
2022,7,11,4,0.9436
2022,7,11,5,0.9484
2022,7,11,6,0.9546
2022,7,11,7,0.9619
2022,7,11,8,0.9696
2022,7,11,9,0.9774
2022,7,11,10,0.9846
2022,7,11,11,0.9908
2022,7,11,12,0.9956
2022,7,11,13,0.9986
2022,7,11,14,0.9996
2022,7,11,15,0.9986
2022,7,11,16,0.9956
2022,7,11,17,0.9908
2022,7,11,18,0.9846
2022,7,11,19,0.9774
2022,7,11,20,0.9696
2022,7,11,21,0.9619
2022,7,11,22,0.9546
2022,7,11,23,0.9484
2022,7,11,24,0.9436
2022,7,12,1,0.9407
2022,7,12,2,0.9397
2022,7,12,3,0.9407
2022,7,12,4,0.9437
2022,7,12,5,0.9485
2022,7,12,6,0.9547
2022,7,12,7,0.9619
2022,7,12,8,0.9697
2022,7,12,9,0.9775
2022,7,12,10,0.9847
2022,7,12,11,0.9909
2022,7,12,12,0.9957
2022,7,12,13,0.9987
2022,7,12,14,0.9997
2022,7,12,15,0.9987
2022,7,12,16,0.9957
2022,7,12,17,0.9909
2022,7,12,18,0.9847
2022,7,12,19,0.9775
2022,7,12,20,0.9697
2022,7,12,21,0.9619
2022,7,12,22,0.9547
2022,7,12,23,0.9485
2022,7,12,24,0.9437
2022,7,13,1,0.9408
2022,7,13,2,0.9398
2022,7,13,3,0.9408
2022,7,13,4,0.9438
2022,7,13,5,0.9486
2022,7,13,6,0.9548
2022,7,13,7,0.962
2022,7,13,8,0.9698
2022,7,13,9,0.9776
2022,7,13,10,0.9848
2022,7,13,11,0.991
2022,7,13,12,0.9958
2022,7,13,13,0.9988
2022,7,13,14,0.9998
2022,7,13,15,0.9988
2022,7,13,16,0.9958
2022,7,13,17,0.991
2022,7,13,18,0.9848
2022,7,13,19,0.9776
2022,7,13,20,0.9698
2022,7,13,21,0.962
2022,7,13,22,0.9548
2022,7,13,23,0.9486
2022,7,13,24,0.9438
2022,7,14,1,0.9409
2022,7,14,2,0.9399
2022,7,14,3,0.9409
2022,7,14,4,0.9439
2022,7,14,5,0.9486
2022,7,14,6,0.9549
2022,7,14,7,0.9621
2022,7,14,8,0.9699
2022,7,14,9,0.9776
2022,7,14,10,0.9849
2022,7,14,11,0.9911
2022,7,14,12,0.9958
2022,7,14,13,0.9988
2022,7,14,14,0.9999
2022,7,14,15,0.9988
2022,7,14,16,0.9958
2022,7,14,17,0.9911
2022,7,14,18,0.9849
2022,7,14,19,0.9776
2022,7,14,20,0.9699
2022,7,14,21,0.9621
2022,7,14,22,0.9549
2022,7,14,23,0.9486
2022,7,14,24,0.9439
2022,7,15,1,0.9409
2022,7,15,2,0.9399
2022,7,15,3,0.9409
2022,7,15,4,0.9439
2022,7,15,5,0.9487
2022,7,15,6,0.9549
2022,7,15,7,0.9621
2022,7,15,8,0.9699
2022,7,15,9,0.9777
2022,7,15,10,0.9849
2022,7,15,11,0.9911
2022,7,15,12,0.9959
2022,7,15,13,0.9989
2022,7,15,14,0.9999
2022,7,15,15,0.9989
2022,7,15,16,0.9959
2022,7,15,17,0.9911
2022,7,15,18,0.9849
2022,7,15,19,0.9777
2022,7,15,20,0.9699
2022,7,15,21,0.9621
2022,7,15,22,0.9549
2022,7,15,23,0.9487
2022,7,15,24,0.9439
2022,7,16,1,0.941
2022,7,16,2,0.9399
2022,7,16,3,0.941
2022,7,16,4,0.944
2022,7,16,5,0.9487
2022,7,16,6,0.9549
2022,7,16,7,0.9622
2022,7,16,8,0.9699
2022,7,16,9,0.9777
2022,7,16,10,0.9849
2022,7,16,11,0.9912
2022,7,16,12,0.9959
2022,7,16,13,0.9989
2022,7,16,14,0.9999
2022,7,16,15,0.9989
2022,7,16,16,0.9959
2022,7,16,17,0.9912
2022,7,16,18,0.9849
2022,7,16,19,0.9777
2022,7,16,20,0.9699
2022,7,16,21,0.9622
2022,7,16,22,0.9549
2022,7,16,23,0.9487
2022,7,16,24,0.944
2022,7,17,1,0.941
2022,7,17,2,0.94
2022,7,17,3,0.941
2022,7,17,4,0.944
2022,7,17,5,0.9488
2022,7,17,6,0.955
2022,7,17,7,0.9622
2022,7,17,8,0.97
2022,7,17,9,0.9777
2022,7,17,10,0.985
2022,7,17,11,0.9912
2022,7,17,12,0.996
2022,7,17,13,0.999
2022,7,17,14,1
2022,7,17,15,0.999
2022,7,17,16,0.996
2022,7,17,17,0.9912
2022,7,17,18,0.985
2022,7,17,19,0.9777
2022,7,17,20,0.97
2022,7,17,21,0.9622
2022,7,17,22,0.955
2022,7,17,23,0.9488
2022,7,17,24,0.944
2022,7,18,1,0.941
2022,7,18,2,0.94
2022,7,18,3,0.941
2022,7,18,4,0.944
2022,7,18,5,0.9488
2022,7,18,6,0.955
2022,7,18,7,0.9622
2022,7,18,8,0.97
2022,7,18,9,0.9778
2022,7,18,10,0.985
2022,7,18,11,0.9912
2022,7,18,12,0.996
2022,7,18,13,0.999
2022,7,18,14,1
2022,7,18,15,0.999
2022,7,18,16,0.996
2022,7,18,17,0.9912
2022,7,18,18,0.985
2022,7,18,19,0.9778
2022,7,18,20,0.97
2022,7,18,21,0.9622
2022,7,18,22,0.955
2022,7,18,23,0.9488
2022,7,18,24,0.944
2022,7,19,1,0.941
2022,7,19,2,0.94
2022,7,19,3,0.941
2022,7,19,4,0.944
2022,7,19,5,0.9488
2022,7,19,6,0.955
2022,7,19,7,0.9622
2022,7,19,8,0.97
2022,7,19,9,0.9778
2022,7,19,10,0.985
2022,7,19,11,0.9912
2022,7,19,12,0.996
2022,7,19,13,0.999
2022,7,19,14,1
2022,7,19,15,0.999
2022,7,19,16,0.996
2022,7,19,17,0.9912
2022,7,19,18,0.985
2022,7,19,19,0.9778
2022,7,19,20,0.97
2022,7,19,21,0.9622
2022,7,19,22,0.955
2022,7,19,23,0.9488
2022,7,19,24,0.944
2022,7,20,1,0.941
2022,7,20,2,0.94
2022,7,20,3,0.941
2022,7,20,4,0.944
2022,7,20,5,0.9488
2022,7,20,6,0.955
2022,7,20,7,0.9622
2022,7,20,8,0.97
2022,7,20,9,0.9778
2022,7,20,10,0.985
2022,7,20,11,0.9912
2022,7,20,12,0.996
2022,7,20,13,0.999
2022,7,20,14,1
2022,7,20,15,0.999
2022,7,20,16,0.996
2022,7,20,17,0.9912
2022,7,20,18,0.985
2022,7,20,19,0.9778
2022,7,20,20,0.97
2022,7,20,21,0.9622
2022,7,20,22,0.955
2022,7,20,23,0.9488
2022,7,20,24,0.944
2022,7,21,1,0.941
2022,7,21,2,0.94
2022,7,21,3,0.941
2022,7,21,4,0.944
2022,7,21,5,0.9488
2022,7,21,6,0.955
2022,7,21,7,0.9622
2022,7,21,8,0.97
2022,7,21,9,0.9777
2022,7,21,10,0.985
2022,7,21,11,0.9912
2022,7,21,12,0.996
2022,7,21,13,0.999
2022,7,21,14,1
2022,7,21,15,0.999
2022,7,21,16,0.996
2022,7,21,17,0.9912
2022,7,21,18,0.985
2022,7,21,19,0.9777
2022,7,21,20,0.97
2022,7,21,21,0.9622
2022,7,21,22,0.955
2022,7,21,23,0.9488
2022,7,21,24,0.944
2022,7,22,1,0.941
2022,7,22,2,0.9399
2022,7,22,3,0.941
2022,7,22,4,0.944
2022,7,22,5,0.9487
2022,7,22,6,0.9549
2022,7,22,7,0.9622
2022,7,22,8,0.9699
2022,7,22,9,0.9777
2022,7,22,10,0.9849
2022,7,22,11,0.9912
2022,7,22,12,0.9959
2022,7,22,13,0.9989
2022,7,22,14,0.9999
2022,7,22,15,0.9989
2022,7,22,16,0.9959
2022,7,22,17,0.9912
2022,7,22,18,0.9849
2022,7,22,19,0.9777
2022,7,22,20,0.9699
2022,7,22,21,0.9622
2022,7,22,22,0.9549
2022,7,22,23,0.9487
2022,7,22,24,0.944
2022,7,23,1,0.9409
2022,7,23,2,0.9399
2022,7,23,3,0.9409
2022,7,23,4,0.9439
2022,7,23,5,0.9487
2022,7,23,6,0.9549
2022,7,23,7,0.9621
2022,7,23,8,0.9699
2022,7,23,9,0.9777
2022,7,23,10,0.9849
2022,7,23,11,0.9911
2022,7,23,12,0.9959
2022,7,23,13,0.9989
2022,7,23,14,0.9999
2022,7,23,15,0.9989
2022,7,23,16,0.9959
2022,7,23,17,0.9911
2022,7,23,18,0.9849
2022,7,23,19,0.9777
2022,7,23,20,0.9699
2022,7,23,21,0.9621
2022,7,23,22,0.9549
2022,7,23,23,0.9487
2022,7,23,24,0.9439
2022,7,24,1,0.9409
2022,7,24,2,0.9399
2022,7,24,3,0.9409
2022,7,24,4,0.9439
2022,7,24,5,0.9486
2022,7,24,6,0.9549
2022,7,24,7,0.9621
2022,7,24,8,0.9699
2022,7,24,9,0.9776
2022,7,24,10,0.9849
2022,7,24,11,0.9911
2022,7,24,12,0.9958
2022,7,24,13,0.9988
2022,7,24,14,0.9999
2022,7,24,15,0.9988
2022,7,24,16,0.9958
2022,7,24,17,0.9911
2022,7,24,18,0.9849
2022,7,24,19,0.9776
2022,7,24,20,0.9699
2022,7,24,21,0.9621
2022,7,24,22,0.9549
2022,7,24,23,0.9486
2022,7,24,24,0.9439
2022,7,25,1,0.9408
2022,7,25,2,0.9398
2022,7,25,3,0.9408
2022,7,25,4,0.9438
2022,7,25,5,0.9486
2022,7,25,6,0.9548
2022,7,25,7,0.962
2022,7,25,8,0.9698
2022,7,25,9,0.9776
2022,7,25,10,0.9848
2022,7,25,11,0.991
2022,7,25,12,0.9958
2022,7,25,13,0.9988
2022,7,25,14,0.9998
2022,7,25,15,0.9988
2022,7,25,16,0.9958
2022,7,25,17,0.991
2022,7,25,18,0.9848
2022,7,25,19,0.9776
2022,7,25,20,0.9698
2022,7,25,21,0.962
2022,7,25,22,0.9548
2022,7,25,23,0.9486
2022,7,25,24,0.9438
2022,7,26,1,0.9407
2022,7,26,2,0.9397
2022,7,26,3,0.9407
2022,7,26,4,0.9437
2022,7,26,5,0.9485
2022,7,26,6,0.9547
2022,7,26,7,0.9619
2022,7,26,8,0.9697
2022,7,26,9,0.9775
2022,7,26,10,0.9847
2022,7,26,11,0.9909
2022,7,26,12,0.9957
2022,7,26,13,0.9987
2022,7,26,14,0.9997
2022,7,26,15,0.9987
2022,7,26,16,0.9957
2022,7,26,17,0.9909
2022,7,26,18,0.9847
2022,7,26,19,0.9775
2022,7,26,20,0.9697
2022,7,26,21,0.9619
2022,7,26,22,0.9547
2022,7,26,23,0.9485
2022,7,26,24,0.9437
2022,7,27,1,0.9406
2022,7,27,2,0.9396
2022,7,27,3,0.9406
2022,7,27,4,0.9436
2022,7,27,5,0.9484
2022,7,27,6,0.9546
2022,7,27,7,0.9619
2022,7,27,8,0.9696
2022,7,27,9,0.9774
2022,7,27,10,0.9846
2022,7,27,11,0.9908
2022,7,27,12,0.9956
2022,7,27,13,0.9986
2022,7,27,14,0.9996
2022,7,27,15,0.9986
2022,7,27,16,0.9956
2022,7,27,17,0.9908
2022,7,27,18,0.9846
2022,7,27,19,0.9774
2022,7,27,20,0.9696
2022,7,27,21,0.9619
2022,7,27,22,0.9546
2022,7,27,23,0.9484
2022,7,27,24,0.9436
2022,7,28,1,0.9405
2022,7,28,2,0.9395
2022,7,28,3,0.9405
2022,7,28,4,0.9435
2022,7,28,5,0.9483
2022,7,28,6,0.9545
2022,7,28,7,0.9618
2022,7,28,8,0.9695
2022,7,28,9,0.9773
2022,7,28,10,0.9845
2022,7,28,11,0.9907
2022,7,28,12,0.9955
2022,7,28,13,0.9985
2022,7,28,14,0.9995
2022,7,28,15,0.9985
2022,7,28,16,0.9955
2022,7,28,17,0.9907
2022,7,28,18,0.9845
2022,7,28,19,0.9773
2022,7,28,20,0.9695
2022,7,28,21,0.9618
2022,7,28,22,0.9545
2022,7,28,23,0.9483
2022,7,28,24,0.9435
2022,7,29,1,0.9404
2022,7,29,2,0.9394
2022,7,29,3,0.9404
2022,7,29,4,0.9434
2022,7,29,5,0.9482
2022,7,29,6,0.9544
2022,7,29,7,0.9616
2022,7,29,8,0.9694
2022,7,29,9,0.9772
2022,7,29,10,0.9844
2022,7,29,11,0.9906
2022,7,29,12,0.9954
2022,7,29,13,0.9984
2022,7,29,14,0.9994
2022,7,29,15,0.9984
2022,7,29,16,0.9954
2022,7,29,17,0.9906
2022,7,29,18,0.9844
2022,7,29,19,0.9772
2022,7,29,20,0.9694
2022,7,29,21,0.9616
2022,7,29,22,0.9544
2022,7,29,23,0.9482
2022,7,29,24,0.9434
2022,7,30,1,0.9403
2022,7,30,2,0.9393
2022,7,30,3,0.9403
2022,7,30,4,0.9433
2022,7,30,5,0.9481
2022,7,30,6,0.9543
2022,7,30,7,0.9615
2022,7,30,8,0.9693
2022,7,30,9,0.977
2022,7,30,10,0.9843
2022,7,30,11,0.9905
2022,7,30,12,0.9953
2022,7,30,13,0.9983
2022,7,30,14,0.9993
2022,7,30,15,0.9983
2022,7,30,16,0.9953
2022,7,30,17,0.9905
2022,7,30,18,0.9843
2022,7,30,19,0.977
2022,7,30,20,0.9693
2022,7,30,21,0.9615
2022,7,30,22,0.9543
2022,7,30,23,0.9481
2022,7,30,24,0.9433
2022,7,31,1,0.9402
2022,7,31,2,0.9391
2022,7,31,3,0.9402
2022,7,31,4,0.9432
2022,7,31,5,0.9479
2022,7,31,6,0.9541
2022,7,31,7,0.9614
2022,7,31,8,0.9691
2022,7,31,9,0.9769
2022,7,31,10,0.9841
2022,7,31,11,0.9904
2022,7,31,12,0.9951
2022,7,31,13,0.9981
2022,7,31,14,0.9991
2022,7,31,15,0.9981
2022,7,31,16,0.9951
2022,7,31,17,0.9904
2022,7,31,18,0.9841
2022,7,31,19,0.9769
2022,7,31,20,0.9691
2022,7,31,21,0.9614
2022,7,31,22,0.9541
2022,7,31,23,0.9479
2022,7,31,24,0.9432
2022,8,1,1,0.94
2022,8,1,2,0.939
2022,8,1,3,0.94
2022,8,1,4,0.943
2022,8,1,5,0.9478
2022,8,1,6,0.954
2022,8,1,7,0.9612
2022,8,1,8,0.969
2022,8,1,9,0.9768
2022,8,1,10,0.984
2022,8,1,11,0.9902
2022,8,1,12,0.995
2022,8,1,13,0.998
2022,8,1,14,0.999
2022,8,1,15,0.998
2022,8,1,16,0.995
2022,8,1,17,0.9902
2022,8,1,18,0.984
2022,8,1,19,0.9768
2022,8,1,20,0.969
2022,8,1,21,0.9612
2022,8,1,22,0.954
2022,8,1,23,0.9478
2022,8,1,24,0.943
2022,8,2,1,0.9399
2022,8,2,2,0.9388
2022,8,2,3,0.9399
2022,8,2,4,0.9429
2022,8,2,5,0.9476
2022,8,2,6,0.9538
2022,8,2,7,0.9611
2022,8,2,8,0.9688
2022,8,2,9,0.9766
2022,8,2,10,0.9838
2022,8,2,11,0.9901
2022,8,2,12,0.9948
2022,8,2,13,0.9978
2022,8,2,14,0.9988
2022,8,2,15,0.9978
2022,8,2,16,0.9948
2022,8,2,17,0.9901
2022,8,2,18,0.9838
2022,8,2,19,0.9766
2022,8,2,20,0.9688
2022,8,2,21,0.9611
2022,8,2,22,0.9538
2022,8,2,23,0.9476
2022,8,2,24,0.9429
2022,8,3,1,0.9397
2022,8,3,2,0.9387
2022,8,3,3,0.9397
2022,8,3,4,0.9427
2022,8,3,5,0.9475
2022,8,3,6,0.9537
2022,8,3,7,0.9609
2022,8,3,8,0.9687
2022,8,3,9,0.9764
2022,8,3,10,0.9837
2022,8,3,11,0.9899
2022,8,3,12,0.9947
2022,8,3,13,0.9977
2022,8,3,14,0.9987
2022,8,3,15,0.9977
2022,8,3,16,0.9947
2022,8,3,17,0.9899
2022,8,3,18,0.9837
2022,8,3,19,0.9764
2022,8,3,20,0.9687
2022,8,3,21,0.9609
2022,8,3,22,0.9537
2022,8,3,23,0.9475
2022,8,3,24,0.9427
2022,8,4,1,0.9395
2022,8,4,2,0.9385
2022,8,4,3,0.9395
2022,8,4,4,0.9425
2022,8,4,5,0.9473
2022,8,4,6,0.9535
2022,8,4,7,0.9607
2022,8,4,8,0.9685
2022,8,4,9,0.9763
2022,8,4,10,0.9835
2022,8,4,11,0.9897
2022,8,4,12,0.9945
2022,8,4,13,0.9975
2022,8,4,14,0.9985
2022,8,4,15,0.9975
2022,8,4,16,0.9945
2022,8,4,17,0.9897
2022,8,4,18,0.9835
2022,8,4,19,0.9763
2022,8,4,20,0.9685
2022,8,4,21,0.9607
2022,8,4,22,0.9535
2022,8,4,23,0.9473
2022,8,4,24,0.9425
2022,8,5,1,0.9393
2022,8,5,2,0.9383
2022,8,5,3,0.9393
2022,8,5,4,0.9423
2022,8,5,5,0.9471
2022,8,5,6,0.9533
2022,8,5,7,0.9605
2022,8,5,8,0.9683
2022,8,5,9,0.9761
2022,8,5,10,0.9833
2022,8,5,11,0.9895
2022,8,5,12,0.9943
2022,8,5,13,0.9973
2022,8,5,14,0.9983
2022,8,5,15,0.9973
2022,8,5,16,0.9943
2022,8,5,17,0.9895
2022,8,5,18,0.9833
2022,8,5,19,0.9761
2022,8,5,20,0.9683
2022,8,5,21,0.9605
2022,8,5,22,0.9533
2022,8,5,23,0.9471
2022,8,5,24,0.9423
2022,8,6,1,0.9391
2022,8,6,2,0.9381
2022,8,6,3,0.9391
2022,8,6,4,0.9421
2022,8,6,5,0.9469
2022,8,6,6,0.9531
2022,8,6,7,0.9603
2022,8,6,8,0.9681
2022,8,6,9,0.9759
2022,8,6,10,0.9831
2022,8,6,11,0.9893
2022,8,6,12,0.9941
2022,8,6,13,0.9971
2022,8,6,14,0.9981
2022,8,6,15,0.9971
2022,8,6,16,0.9941
2022,8,6,17,0.9893
2022,8,6,18,0.9831
2022,8,6,19,0.9759
2022,8,6,20,0.9681
2022,8,6,21,0.9603
2022,8,6,22,0.9531
2022,8,6,23,0.9469
2022,8,6,24,0.9421
2022,8,7,1,0.9389
2022,8,7,2,0.9379
2022,8,7,3,0.9389
2022,8,7,4,0.9419
2022,8,7,5,0.9467
2022,8,7,6,0.9529
2022,8,7,7,0.9601
2022,8,7,8,0.9679
2022,8,7,9,0.9756
2022,8,7,10,0.9829
2022,8,7,11,0.9891
2022,8,7,12,0.9939
2022,8,7,13,0.9969
2022,8,7,14,0.9979
2022,8,7,15,0.9969
2022,8,7,16,0.9939
2022,8,7,17,0.9891
2022,8,7,18,0.9829
2022,8,7,19,0.9756
2022,8,7,20,0.9679
2022,8,7,21,0.9601
2022,8,7,22,0.9529
2022,8,7,23,0.9467
2022,8,7,24,0.9419
2022,8,8,1,0.9387
2022,8,8,2,0.9377
2022,8,8,3,0.9387
2022,8,8,4,0.9417
2022,8,8,5,0.9464
2022,8,8,6,0.9527
2022,8,8,7,0.9599
2022,8,8,8,0.9677
2022,8,8,9,0.9754
2022,8,8,10,0.9827
2022,8,8,11,0.9889
2022,8,8,12,0.9936
2022,8,8,13,0.9966
2022,8,8,14,0.9977
2022,8,8,15,0.9966
2022,8,8,16,0.9936
2022,8,8,17,0.9889
2022,8,8,18,0.9827
2022,8,8,19,0.9754
2022,8,8,20,0.9677
2022,8,8,21,0.9599
2022,8,8,22,0.9527
2022,8,8,23,0.9464
2022,8,8,24,0.9417
2022,8,9,1,0.9384
2022,8,9,2,0.9374
2022,8,9,3,0.9384
2022,8,9,4,0.9414
2022,8,9,5,0.9462
2022,8,9,6,0.9524
2022,8,9,7,0.9597
2022,8,9,8,0.9674
2022,8,9,9,0.9752
2022,8,9,10,0.9824
2022,8,9,11,0.9886
2022,8,9,12,0.9934
2022,8,9,13,0.9964
2022,8,9,14,0.9974
2022,8,9,15,0.9964
2022,8,9,16,0.9934
2022,8,9,17,0.9886
2022,8,9,18,0.9824
2022,8,9,19,0.9752
2022,8,9,20,0.9674
2022,8,9,21,0.9597
2022,8,9,22,0.9524
2022,8,9,23,0.9462
2022,8,9,24,0.9414
2022,8,10,1,0.9382
2022,8,10,2,0.9372
2022,8,10,3,0.9382
2022,8,10,4,0.9412
2022,8,10,5,0.946
2022,8,10,6,0.9522
2022,8,10,7,0.9594
2022,8,10,8,0.9672
2022,8,10,9,0.9749
2022,8,10,10,0.9822
2022,8,10,11,0.9884
2022,8,10,12,0.9931
2022,8,10,13,0.9961
2022,8,10,14,0.9972
2022,8,10,15,0.9961
2022,8,10,16,0.9931
2022,8,10,17,0.9884
2022,8,10,18,0.9822
2022,8,10,19,0.9749
2022,8,10,20,0.9672
2022,8,10,21,0.9594
2022,8,10,22,0.9522
2022,8,10,23,0.946
2022,8,10,24,0.9412
2022,8,11,1,0.9379
2022,8,11,2,0.9369
2022,8,11,3,0.9379
2022,8,11,4,0.9409
2022,8,11,5,0.9457
2022,8,11,6,0.9519
2022,8,11,7,0.9591
2022,8,11,8,0.9669
2022,8,11,9,0.9747
2022,8,11,10,0.9819
2022,8,11,11,0.9881
2022,8,11,12,0.9929
2022,8,11,13,0.9959
2022,8,11,14,0.9969
2022,8,11,15,0.9959
2022,8,11,16,0.9929
2022,8,11,17,0.9881
2022,8,11,18,0.9819
2022,8,11,19,0.9747
2022,8,11,20,0.9669
2022,8,11,21,0.9591
2022,8,11,22,0.9519
2022,8,11,23,0.9457
2022,8,11,24,0.9409
2022,8,12,1,0.9377
2022,8,12,2,0.9366
2022,8,12,3,0.9377
2022,8,12,4,0.9407
2022,8,12,5,0.9454
2022,8,12,6,0.9516
2022,8,12,7,0.9589
2022,8,12,8,0.9666
2022,8,12,9,0.9744
2022,8,12,10,0.9816
2022,8,12,11,0.9878
2022,8,12,12,0.9926
2022,8,12,13,0.9956
2022,8,12,14,0.9966
2022,8,12,15,0.9956
2022,8,12,16,0.9926
2022,8,12,17,0.9878
2022,8,12,18,0.9816
2022,8,12,19,0.9744
2022,8,12,20,0.9666
2022,8,12,21,0.9589
2022,8,12,22,0.9516
2022,8,12,23,0.9454
2022,8,12,24,0.9407
2022,8,13,1,0.9374
2022,8,13,2,0.9364
2022,8,13,3,0.9374
2022,8,13,4,0.9404
2022,8,13,5,0.9451
2022,8,13,6,0.9514
2022,8,13,7,0.9586
2022,8,13,8,0.9664
2022,8,13,9,0.9741
2022,8,13,10,0.9814
2022,8,13,11,0.9876
2022,8,13,12,0.9923
2022,8,13,13,0.9953
2022,8,13,14,0.9964
2022,8,13,15,0.9953
2022,8,13,16,0.9923
2022,8,13,17,0.9876
2022,8,13,18,0.9814
2022,8,13,19,0.9741
2022,8,13,20,0.9664
2022,8,13,21,0.9586
2022,8,13,22,0.9514
2022,8,13,23,0.9451
2022,8,13,24,0.9404
2022,8,14,1,0.9371
2022,8,14,2,0.9361
2022,8,14,3,0.9371
2022,8,14,4,0.9401
2022,8,14,5,0.9448
2022,8,14,6,0.9511
2022,8,14,7,0.9583
2022,8,14,8,0.9661
2022,8,14,9,0.9738
2022,8,14,10,0.9811
2022,8,14,11,0.9873
2022,8,14,12,0.992
2022,8,14,13,0.995
2022,8,14,14,0.9961
2022,8,14,15,0.995
2022,8,14,16,0.992
2022,8,14,17,0.9873
2022,8,14,18,0.9811
2022,8,14,19,0.9738
2022,8,14,20,0.9661
2022,8,14,21,0.9583
2022,8,14,22,0.9511
2022,8,14,23,0.9448
2022,8,14,24,0.9401
2022,8,15,1,0.9368
2022,8,15,2,0.9358
2022,8,15,3,0.9368
2022,8,15,4,0.9398
2022,8,15,5,0.9445
2022,8,15,6,0.9508
2022,8,15,7,0.958
2022,8,15,8,0.9658
2022,8,15,9,0.9735
2022,8,15,10,0.9808
2022,8,15,11,0.987
2022,8,15,12,0.9917
2022,8,15,13,0.9947
2022,8,15,14,0.9958
2022,8,15,15,0.9947
2022,8,15,16,0.9917
2022,8,15,17,0.987
2022,8,15,18,0.9808
2022,8,15,19,0.9735
2022,8,15,20,0.9658
2022,8,15,21,0.958
2022,8,15,22,0.9508
2022,8,15,23,0.9445
2022,8,15,24,0.9398
2022,8,16,1,0.9365
2022,8,16,2,0.9354
2022,8,16,3,0.9365
2022,8,16,4,0.9395
2022,8,16,5,0.9442
2022,8,16,6,0.9504
2022,8,16,7,0.9577
2022,8,16,8,0.9654
2022,8,16,9,0.9732
2022,8,16,10,0.9804
2022,8,16,11,0.9867
2022,8,16,12,0.9914
2022,8,16,13,0.9944
2022,8,16,14,0.9954
2022,8,16,15,0.9944
2022,8,16,16,0.9914
2022,8,16,17,0.9867
2022,8,16,18,0.9804
2022,8,16,19,0.9732
2022,8,16,20,0.9654
2022,8,16,21,0.9577
2022,8,16,22,0.9504
2022,8,16,23,0.9442
2022,8,16,24,0.9395
2022,8,17,1,0.9361
2022,8,17,2,0.9351
2022,8,17,3,0.9361
2022,8,17,4,0.9391
2022,8,17,5,0.9439
2022,8,17,6,0.9501
2022,8,17,7,0.9574
2022,8,17,8,0.9651
2022,8,17,9,0.9729
2022,8,17,10,0.9801
2022,8,17,11,0.9863
2022,8,17,12,0.9911
2022,8,17,13,0.9941
2022,8,17,14,0.9951
2022,8,17,15,0.9941
2022,8,17,16,0.9911
2022,8,17,17,0.9863
2022,8,17,18,0.9801
2022,8,17,19,0.9729
2022,8,17,20,0.9651
2022,8,17,21,0.9574
2022,8,17,22,0.9501
2022,8,17,23,0.9439
2022,8,17,24,0.9391
2022,8,18,1,0.9358
2022,8,18,2,0.9348
2022,8,18,3,0.9358
2022,8,18,4,0.9388
2022,8,18,5,0.9436
2022,8,18,6,0.9498
2022,8,18,7,0.957
2022,8,18,8,0.9648
2022,8,18,9,0.9725
2022,8,18,10,0.9798
2022,8,18,11,0.986
2022,8,18,12,0.9908
2022,8,18,13,0.9938
2022,8,18,14,0.9948
2022,8,18,15,0.9938
2022,8,18,16,0.9908
2022,8,18,17,0.986
2022,8,18,18,0.9798
2022,8,18,19,0.9725
2022,8,18,20,0.9648
2022,8,18,21,0.957
2022,8,18,22,0.9498
2022,8,18,23,0.9436
2022,8,18,24,0.9388
2022,8,19,1,0.9355
2022,8,19,2,0.9344
2022,8,19,3,0.9355
2022,8,19,4,0.9385
2022,8,19,5,0.9432
2022,8,19,6,0.9494
2022,8,19,7,0.9567
2022,8,19,8,0.9644
2022,8,19,9,0.9722
2022,8,19,10,0.9794
2022,8,19,11,0.9857
2022,8,19,12,0.9904
2022,8,19,13,0.9934
2022,8,19,14,0.9944
2022,8,19,15,0.9934
2022,8,19,16,0.9904
2022,8,19,17,0.9857
2022,8,19,18,0.9794
2022,8,19,19,0.9722
2022,8,19,20,0.9644
2022,8,19,21,0.9567
2022,8,19,22,0.9494
2022,8,19,23,0.9432
2022,8,19,24,0.9385
2022,8,20,1,0.9351
2022,8,20,2,0.9341
2022,8,20,3,0.9351
2022,8,20,4,0.9381
2022,8,20,5,0.9429
2022,8,20,6,0.9491
2022,8,20,7,0.9563
2022,8,20,8,0.9641
2022,8,20,9,0.9718
2022,8,20,10,0.9791
2022,8,20,11,0.9853
2022,8,20,12,0.9901
2022,8,20,13,0.9931
2022,8,20,14,0.9941
2022,8,20,15,0.9931
2022,8,20,16,0.9901
2022,8,20,17,0.9853
2022,8,20,18,0.9791
2022,8,20,19,0.9718
2022,8,20,20,0.9641
2022,8,20,21,0.9563
2022,8,20,22,0.9491
2022,8,20,23,0.9429
2022,8,20,24,0.9381
2022,8,21,1,0.9347
2022,8,21,2,0.9337
2022,8,21,3,0.9347
2022,8,21,4,0.9377
2022,8,21,5,0.9425
2022,8,21,6,0.9487
2022,8,21,7,0.956
2022,8,21,8,0.9637
2022,8,21,9,0.9715
2022,8,21,10,0.9787
2022,8,21,11,0.9849
2022,8,21,12,0.9897
2022,8,21,13,0.9927
2022,8,21,14,0.9937
2022,8,21,15,0.9927
2022,8,21,16,0.9897
2022,8,21,17,0.9849
2022,8,21,18,0.9787
2022,8,21,19,0.9715
2022,8,21,20,0.9637
2022,8,21,21,0.956
2022,8,21,22,0.9487
2022,8,21,23,0.9425
2022,8,21,24,0.9377
2022,8,22,1,0.9344
2022,8,22,2,0.9333
2022,8,22,3,0.9344
2022,8,22,4,0.9374
2022,8,22,5,0.9421
2022,8,22,6,0.9483
2022,8,22,7,0.9556
2022,8,22,8,0.9633
2022,8,22,9,0.9711
2022,8,22,10,0.9783
2022,8,22,11,0.9846
2022,8,22,12,0.9893
2022,8,22,13,0.9923
2022,8,22,14,0.9933
2022,8,22,15,0.9923
2022,8,22,16,0.9893
2022,8,22,17,0.9846
2022,8,22,18,0.9783
2022,8,22,19,0.9711
2022,8,22,20,0.9633
2022,8,22,21,0.9556
2022,8,22,22,0.9483
2022,8,22,23,0.9421
2022,8,22,24,0.9374
2022,8,23,1,0.934
2022,8,23,2,0.933
2022,8,23,3,0.934
2022,8,23,4,0.937
2022,8,23,5,0.9417
2022,8,23,6,0.948
2022,8,23,7,0.9552
2022,8,23,8,0.963
2022,8,23,9,0.9707
2022,8,23,10,0.978
2022,8,23,11,0.9842
2022,8,23,12,0.9889
2022,8,23,13,0.9919
2022,8,23,14,0.993
2022,8,23,15,0.9919
2022,8,23,16,0.9889
2022,8,23,17,0.9842
2022,8,23,18,0.978
2022,8,23,19,0.9707
2022,8,23,20,0.963
2022,8,23,21,0.9552
2022,8,23,22,0.948
2022,8,23,23,0.9417
2022,8,23,24,0.937
2022,8,24,1,0.9336
2022,8,24,2,0.9326
2022,8,24,3,0.9336
2022,8,24,4,0.9366
2022,8,24,5,0.9413
2022,8,24,6,0.9476
2022,8,24,7,0.9548
2022,8,24,8,0.9626
2022,8,24,9,0.9703
2022,8,24,10,0.9776
2022,8,24,11,0.9838
2022,8,24,12,0.9885
2022,8,24,13,0.9915
2022,8,24,14,0.9926
2022,8,24,15,0.9915
2022,8,24,16,0.9885
2022,8,24,17,0.9838
2022,8,24,18,0.9776
2022,8,24,19,0.9703
2022,8,24,20,0.9626
2022,8,24,21,0.9548
2022,8,24,22,0.9476
2022,8,24,23,0.9413
2022,8,24,24,0.9366
2022,8,25,1,0.9332
2022,8,25,2,0.9322
2022,8,25,3,0.9332
2022,8,25,4,0.9362
2022,8,25,5,0.9409
2022,8,25,6,0.9472
2022,8,25,7,0.9544
2022,8,25,8,0.9622
2022,8,25,9,0.9699
2022,8,25,10,0.9772
2022,8,25,11,0.9834
2022,8,25,12,0.9881
2022,8,25,13,0.9911
2022,8,25,14,0.9922
2022,8,25,15,0.9911
2022,8,25,16,0.9881
2022,8,25,17,0.9834
2022,8,25,18,0.9772
2022,8,25,19,0.9699
2022,8,25,20,0.9622
2022,8,25,21,0.9544
2022,8,25,22,0.9472
2022,8,25,23,0.9409
2022,8,25,24,0.9362
2022,8,26,1,0.9328
2022,8,26,2,0.9317
2022,8,26,3,0.9328
2022,8,26,4,0.9358
2022,8,26,5,0.9405
2022,8,26,6,0.9467
2022,8,26,7,0.954
2022,8,26,8,0.9617
2022,8,26,9,0.9695
2022,8,26,10,0.9767
2022,8,26,11,0.983
2022,8,26,12,0.9877
2022,8,26,13,0.9907
2022,8,26,14,0.9917
2022,8,26,15,0.9907
2022,8,26,16,0.9877
2022,8,26,17,0.983
2022,8,26,18,0.9767
2022,8,26,19,0.9695
2022,8,26,20,0.9617
2022,8,26,21,0.954
2022,8,26,22,0.9467
2022,8,26,23,0.9405
2022,8,26,24,0.9358
2022,8,27,1,0.9323
2022,8,27,2,0.9313
2022,8,27,3,0.9323
2022,8,27,4,0.9353
2022,8,27,5,0.9401
2022,8,27,6,0.9463
2022,8,27,7,0.9536
2022,8,27,8,0.9613
2022,8,27,9,0.9691
2022,8,27,10,0.9763
2022,8,27,11,0.9825
2022,8,27,12,0.9873
2022,8,27,13,0.9903
2022,8,27,14,0.9913
2022,8,27,15,0.9903
2022,8,27,16,0.9873
2022,8,27,17,0.9825
2022,8,27,18,0.9763
2022,8,27,19,0.9691
2022,8,27,20,0.9613
2022,8,27,21,0.9536
2022,8,27,22,0.9463
2022,8,27,23,0.9401
2022,8,27,24,0.9353
2022,8,28,1,0.9319
2022,8,28,2,0.9309
2022,8,28,3,0.9319
2022,8,28,4,0.9349
2022,8,28,5,0.9397
2022,8,28,6,0.9459
2022,8,28,7,0.9531
2022,8,28,8,0.9609
2022,8,28,9,0.9687
2022,8,28,10,0.9759
2022,8,28,11,0.9821
2022,8,28,12,0.9869
2022,8,28,13,0.9899
2022,8,28,14,0.9909
2022,8,28,15,0.9899
2022,8,28,16,0.9869
2022,8,28,17,0.9821
2022,8,28,18,0.9759
2022,8,28,19,0.9687
2022,8,28,20,0.9609
2022,8,28,21,0.9531
2022,8,28,22,0.9459
2022,8,28,23,0.9397
2022,8,28,24,0.9349
2022,8,29,1,0.9315
2022,8,29,2,0.9304
2022,8,29,3,0.9315
2022,8,29,4,0.9345
2022,8,29,5,0.9392
2022,8,29,6,0.9454
2022,8,29,7,0.9527
2022,8,29,8,0.9604
2022,8,29,9,0.9682
2022,8,29,10,0.9754
2022,8,29,11,0.9817
2022,8,29,12,0.9864
2022,8,29,13,0.9894
2022,8,29,14,0.9904
2022,8,29,15,0.9894
2022,8,29,16,0.9864
2022,8,29,17,0.9817
2022,8,29,18,0.9754
2022,8,29,19,0.9682
2022,8,29,20,0.9604
2022,8,29,21,0.9527
2022,8,29,22,0.9454
2022,8,29,23,0.9392
2022,8,29,24,0.9345
2022,8,30,1,0.931
2022,8,30,2,0.93
2022,8,30,3,0.931
2022,8,30,4,0.934
2022,8,30,5,0.9388
2022,8,30,6,0.945
2022,8,30,7,0.9522
2022,8,30,8,0.96
2022,8,30,9,0.9678
2022,8,30,10,0.975
2022,8,30,11,0.9812
2022,8,30,12,0.986
2022,8,30,13,0.989
2022,8,30,14,0.99
2022,8,30,15,0.989
2022,8,30,16,0.986
2022,8,30,17,0.9812
2022,8,30,18,0.975
2022,8,30,19,0.9678
2022,8,30,20,0.96
2022,8,30,21,0.9522
2022,8,30,22,0.945
2022,8,30,23,0.9388
2022,8,30,24,0.934
2022,8,31,1,0.9306
2022,8,31,2,0.9295
2022,8,31,3,0.9306
2022,8,31,4,0.9336
2022,8,31,5,0.9383
2022,8,31,6,0.9445
2022,8,31,7,0.9518
2022,8,31,8,0.9595
2022,8,31,9,0.9673
2022,8,31,10,0.9745
2022,8,31,11,0.9807
2022,8,31,12,0.9855
2022,8,31,13,0.9885
2022,8,31,14,0.9895
2022,8,31,15,0.9885
2022,8,31,16,0.9855
2022,8,31,17,0.9807
2022,8,31,18,0.9745
2022,8,31,19,0.9673
2022,8,31,20,0.9595
2022,8,31,21,0.9518
2022,8,31,22,0.9445
2022,8,31,23,0.9383
2022,8,31,24,0.9336
2022,9,1,1,0.9301
2022,9,1,2,0.9291
2022,9,1,3,0.9301
2022,9,1,4,0.9331
2022,9,1,5,0.9379
2022,9,1,6,0.9441
2022,9,1,7,0.9513
2022,9,1,8,0.9591
2022,9,1,9,0.9668
2022,9,1,10,0.9741
2022,9,1,11,0.9803
2022,9,1,12,0.985
2022,9,1,13,0.988
2022,9,1,14,0.9891
2022,9,1,15,0.988
2022,9,1,16,0.985
2022,9,1,17,0.9803
2022,9,1,18,0.9741
2022,9,1,19,0.9668
2022,9,1,20,0.9591
2022,9,1,21,0.9513
2022,9,1,22,0.9441
2022,9,1,23,0.9379
2022,9,1,24,0.9331
2022,9,2,1,0.9296
2022,9,2,2,0.9286
2022,9,2,3,0.9296
2022,9,2,4,0.9326
2022,9,2,5,0.9374
2022,9,2,6,0.9436
2022,9,2,7,0.9508
2022,9,2,8,0.9586
2022,9,2,9,0.9664
2022,9,2,10,0.9736
2022,9,2,11,0.9798
2022,9,2,12,0.9846
2022,9,2,13,0.9876
2022,9,2,14,0.9886
2022,9,2,15,0.9876
2022,9,2,16,0.9846
2022,9,2,17,0.9798
2022,9,2,18,0.9736
2022,9,2,19,0.9664
2022,9,2,20,0.9586
2022,9,2,21,0.9508
2022,9,2,22,0.9436
2022,9,2,23,0.9374
2022,9,2,24,0.9326
2022,9,3,1,0.9291
2022,9,3,2,0.9281
2022,9,3,3,0.9291
2022,9,3,4,0.9321
2022,9,3,5,0.9369
2022,9,3,6,0.9431
2022,9,3,7,0.9503
2022,9,3,8,0.9581
2022,9,3,9,0.9659
2022,9,3,10,0.9731
2022,9,3,11,0.9793
2022,9,3,12,0.9841
2022,9,3,13,0.9871
2022,9,3,14,0.9881
2022,9,3,15,0.9871
2022,9,3,16,0.9841
2022,9,3,17,0.9793
2022,9,3,18,0.9731
2022,9,3,19,0.9659
2022,9,3,20,0.9581
2022,9,3,21,0.9503
2022,9,3,22,0.9431
2022,9,3,23,0.9369
2022,9,3,24,0.9321
2022,9,4,1,0.9286
2022,9,4,2,0.9276
2022,9,4,3,0.9286
2022,9,4,4,0.9316
2022,9,4,5,0.9364
2022,9,4,6,0.9426
2022,9,4,7,0.9498
2022,9,4,8,0.9576
2022,9,4,9,0.9654
2022,9,4,10,0.9726
2022,9,4,11,0.9788
2022,9,4,12,0.9836
2022,9,4,13,0.9866
2022,9,4,14,0.9876
2022,9,4,15,0.9866
2022,9,4,16,0.9836
2022,9,4,17,0.9788
2022,9,4,18,0.9726
2022,9,4,19,0.9654
2022,9,4,20,0.9576
2022,9,4,21,0.9498
2022,9,4,22,0.9426
2022,9,4,23,0.9364
2022,9,4,24,0.9316
2022,9,5,1,0.9281
2022,9,5,2,0.9271
2022,9,5,3,0.9281
2022,9,5,4,0.9311
2022,9,5,5,0.9359
2022,9,5,6,0.9421
2022,9,5,7,0.9493
2022,9,5,8,0.9571
2022,9,5,9,0.9649
2022,9,5,10,0.9721
2022,9,5,11,0.9783
2022,9,5,12,0.9831
2022,9,5,13,0.9861
2022,9,5,14,0.9871
2022,9,5,15,0.9861
2022,9,5,16,0.9831
2022,9,5,17,0.9783
2022,9,5,18,0.9721
2022,9,5,19,0.9649
2022,9,5,20,0.9571
2022,9,5,21,0.9493
2022,9,5,22,0.9421
2022,9,5,23,0.9359
2022,9,5,24,0.9311
2022,9,6,1,0.9276
2022,9,6,2,0.9266
2022,9,6,3,0.9276
2022,9,6,4,0.9306
2022,9,6,5,0.9354
2022,9,6,6,0.9416
2022,9,6,7,0.9488
2022,9,6,8,0.9566
2022,9,6,9,0.9644
2022,9,6,10,0.9716
2022,9,6,11,0.9778
2022,9,6,12,0.9826
2022,9,6,13,0.9856
2022,9,6,14,0.9866
2022,9,6,15,0.9856
2022,9,6,16,0.9826
2022,9,6,17,0.9778
2022,9,6,18,0.9716
2022,9,6,19,0.9644
2022,9,6,20,0.9566
2022,9,6,21,0.9488
2022,9,6,22,0.9416
2022,9,6,23,0.9354
2022,9,6,24,0.9306
2022,9,7,1,0.9271
2022,9,7,2,0.9261
2022,9,7,3,0.9271
2022,9,7,4,0.9301
2022,9,7,5,0.9349
2022,9,7,6,0.9411
2022,9,7,7,0.9483
2022,9,7,8,0.9561
2022,9,7,9,0.9638
2022,9,7,10,0.9711
2022,9,7,11,0.9773
2022,9,7,12,0.9821
2022,9,7,13,0.9851
2022,9,7,14,0.9861
2022,9,7,15,0.9851
2022,9,7,16,0.9821
2022,9,7,17,0.9773
2022,9,7,18,0.9711
2022,9,7,19,0.9638
2022,9,7,20,0.9561
2022,9,7,21,0.9483
2022,9,7,22,0.9411
2022,9,7,23,0.9349
2022,9,7,24,0.9301
2022,9,8,1,0.9266
2022,9,8,2,0.9255
2022,9,8,3,0.9266
2022,9,8,4,0.9296
2022,9,8,5,0.9343
2022,9,8,6,0.9405
2022,9,8,7,0.9478
2022,9,8,8,0.9555
2022,9,8,9,0.9633
2022,9,8,10,0.9705
2022,9,8,11,0.9768
2022,9,8,12,0.9815
2022,9,8,13,0.9845
2022,9,8,14,0.9855
2022,9,8,15,0.9845
2022,9,8,16,0.9815
2022,9,8,17,0.9768
2022,9,8,18,0.9705
2022,9,8,19,0.9633
2022,9,8,20,0.9555
2022,9,8,21,0.9478
2022,9,8,22,0.9405
2022,9,8,23,0.9343
2022,9,8,24,0.9296
2022,9,9,1,0.926
2022,9,9,2,0.925
2022,9,9,3,0.926
2022,9,9,4,0.929
2022,9,9,5,0.9338
2022,9,9,6,0.94
2022,9,9,7,0.9473
2022,9,9,8,0.955
2022,9,9,9,0.9628
2022,9,9,10,0.97
2022,9,9,11,0.9762
2022,9,9,12,0.981
2022,9,9,13,0.984
2022,9,9,14,0.985
2022,9,9,15,0.984
2022,9,9,16,0.981
2022,9,9,17,0.9762
2022,9,9,18,0.97
2022,9,9,19,0.9628
2022,9,9,20,0.955
2022,9,9,21,0.9473
2022,9,9,22,0.94
2022,9,9,23,0.9338
2022,9,9,24,0.929
2022,9,10,1,0.9255
2022,9,10,2,0.9245
2022,9,10,3,0.9255
2022,9,10,4,0.9285
2022,9,10,5,0.9333
2022,9,10,6,0.9395
2022,9,10,7,0.9467
2022,9,10,8,0.9545
2022,9,10,9,0.9622
2022,9,10,10,0.9695
2022,9,10,11,0.9757
2022,9,10,12,0.9805
2022,9,10,13,0.9835
2022,9,10,14,0.9845
2022,9,10,15,0.9835
2022,9,10,16,0.9805
2022,9,10,17,0.9757
2022,9,10,18,0.9695
2022,9,10,19,0.9622
2022,9,10,20,0.9545
2022,9,10,21,0.9467
2022,9,10,22,0.9395
2022,9,10,23,0.9333
2022,9,10,24,0.9285
2022,9,11,1,0.9249
2022,9,11,2,0.9239
2022,9,11,3,0.9249
2022,9,11,4,0.9279
2022,9,11,5,0.9327
2022,9,11,6,0.9389
2022,9,11,7,0.9462
2022,9,11,8,0.9539
2022,9,11,9,0.9617
2022,9,11,10,0.9689
2022,9,11,11,0.9751
2022,9,11,12,0.9799
2022,9,11,13,0.9829
2022,9,11,14,0.9839
2022,9,11,15,0.9829
2022,9,11,16,0.9799
2022,9,11,17,0.9751
2022,9,11,18,0.9689
2022,9,11,19,0.9617
2022,9,11,20,0.9539
2022,9,11,21,0.9462
2022,9,11,22,0.9389
2022,9,11,23,0.9327
2022,9,11,24,0.9279
2022,9,12,1,0.9244
2022,9,12,2,0.9234
2022,9,12,3,0.9244
2022,9,12,4,0.9274
2022,9,12,5,0.9322
2022,9,12,6,0.9384
2022,9,12,7,0.9456
2022,9,12,8,0.9534
2022,9,12,9,0.9611
2022,9,12,10,0.9684
2022,9,12,11,0.9746
2022,9,12,12,0.9794
2022,9,12,13,0.9823
2022,9,12,14,0.9834
2022,9,12,15,0.9823
2022,9,12,16,0.9794
2022,9,12,17,0.9746
2022,9,12,18,0.9684
2022,9,12,19,0.9611
2022,9,12,20,0.9534
2022,9,12,21,0.9456
2022,9,12,22,0.9384
2022,9,12,23,0.9322
2022,9,12,24,0.9274
2022,9,13,1,0.9238
2022,9,13,2,0.9228
2022,9,13,3,0.9238
2022,9,13,4,0.9268
2022,9,13,5,0.9316
2022,9,13,6,0.9378
2022,9,13,7,0.945
2022,9,13,8,0.9528
2022,9,13,9,0.9606
2022,9,13,10,0.9678
2022,9,13,11,0.974
2022,9,13,12,0.9788
2022,9,13,13,0.9818
2022,9,13,14,0.9828
2022,9,13,15,0.9818
2022,9,13,16,0.9788
2022,9,13,17,0.974
2022,9,13,18,0.9678
2022,9,13,19,0.9606
2022,9,13,20,0.9528
2022,9,13,21,0.945
2022,9,13,22,0.9378
2022,9,13,23,0.9316
2022,9,13,24,0.9268
2022,9,14,1,0.9233
2022,9,14,2,0.9222
2022,9,14,3,0.9233
2022,9,14,4,0.9263
2022,9,14,5,0.931
2022,9,14,6,0.9372
2022,9,14,7,0.9445
2022,9,14,8,0.9522
2022,9,14,9,0.96
2022,9,14,10,0.9672
2022,9,14,11,0.9735
2022,9,14,12,0.9782
2022,9,14,13,0.9812
2022,9,14,14,0.9822
2022,9,14,15,0.9812
2022,9,14,16,0.9782
2022,9,14,17,0.9735
2022,9,14,18,0.9672
2022,9,14,19,0.96
2022,9,14,20,0.9522
2022,9,14,21,0.9445
2022,9,14,22,0.9372
2022,9,14,23,0.931
2022,9,14,24,0.9263
2022,9,15,1,0.9227
2022,9,15,2,0.9217
2022,9,15,3,0.9227
2022,9,15,4,0.9257
2022,9,15,5,0.9305
2022,9,15,6,0.9367
2022,9,15,7,0.9439
2022,9,15,8,0.9517
2022,9,15,9,0.9594
2022,9,15,10,0.9667
2022,9,15,11,0.9729
2022,9,15,12,0.9776
2022,9,15,13,0.9806
2022,9,15,14,0.9817
2022,9,15,15,0.9806
2022,9,15,16,0.9776
2022,9,15,17,0.9729
2022,9,15,18,0.9667
2022,9,15,19,0.9594
2022,9,15,20,0.9517
2022,9,15,21,0.9439
2022,9,15,22,0.9367
2022,9,15,23,0.9305
2022,9,15,24,0.9257
2022,9,16,1,0.9221
2022,9,16,2,0.9211
2022,9,16,3,0.9221
2022,9,16,4,0.9251
2022,9,16,5,0.9299
2022,9,16,6,0.9361
2022,9,16,7,0.9433
2022,9,16,8,0.9511
2022,9,16,9,0.9588
2022,9,16,10,0.9661
2022,9,16,11,0.9723
2022,9,16,12,0.9771
2022,9,16,13,0.9801
2022,9,16,14,0.9811
2022,9,16,15,0.9801
2022,9,16,16,0.9771
2022,9,16,17,0.9723
2022,9,16,18,0.9661
2022,9,16,19,0.9588
2022,9,16,20,0.9511
2022,9,16,21,0.9433
2022,9,16,22,0.9361
2022,9,16,23,0.9299
2022,9,16,24,0.9251
2022,9,17,1,0.9215
2022,9,17,2,0.9205
2022,9,17,3,0.9215
2022,9,17,4,0.9245
2022,9,17,5,0.9293
2022,9,17,6,0.9355
2022,9,17,7,0.9427
2022,9,17,8,0.9505
2022,9,17,9,0.9583
2022,9,17,10,0.9655
2022,9,17,11,0.9717
2022,9,17,12,0.9765
2022,9,17,13,0.9795
2022,9,17,14,0.9805
2022,9,17,15,0.9795
2022,9,17,16,0.9765
2022,9,17,17,0.9717
2022,9,17,18,0.9655
2022,9,17,19,0.9583
2022,9,17,20,0.9505
2022,9,17,21,0.9427
2022,9,17,22,0.9355
2022,9,17,23,0.9293
2022,9,17,24,0.9245
2022,9,18,1,0.9209
2022,9,18,2,0.9199
2022,9,18,3,0.9209
2022,9,18,4,0.9239
2022,9,18,5,0.9287
2022,9,18,6,0.9349
2022,9,18,7,0.9421
2022,9,18,8,0.9499
2022,9,18,9,0.9577
2022,9,18,10,0.9649
2022,9,18,11,0.9711
2022,9,18,12,0.9759
2022,9,18,13,0.9789
2022,9,18,14,0.9799
2022,9,18,15,0.9789
2022,9,18,16,0.9759
2022,9,18,17,0.9711
2022,9,18,18,0.9649
2022,9,18,19,0.9577
2022,9,18,20,0.9499
2022,9,18,21,0.9421
2022,9,18,22,0.9349
2022,9,18,23,0.9287
2022,9,18,24,0.9239
2022,9,19,1,0.9203
2022,9,19,2,0.9193
2022,9,19,3,0.9203
2022,9,19,4,0.9233
2022,9,19,5,0.9281
2022,9,19,6,0.9343
2022,9,19,7,0.9415
2022,9,19,8,0.9493
2022,9,19,9,0.9571
2022,9,19,10,0.9643
2022,9,19,11,0.9705
2022,9,19,12,0.9753
2022,9,19,13,0.9783
2022,9,19,14,0.9793
2022,9,19,15,0.9783
2022,9,19,16,0.9753
2022,9,19,17,0.9705
2022,9,19,18,0.9643
2022,9,19,19,0.9571
2022,9,19,20,0.9493
2022,9,19,21,0.9415
2022,9,19,22,0.9343
2022,9,19,23,0.9281
2022,9,19,24,0.9233
2022,9,20,1,0.9197
2022,9,20,2,0.9187
2022,9,20,3,0.9197
2022,9,20,4,0.9227
2022,9,20,5,0.9275
2022,9,20,6,0.9337
2022,9,20,7,0.9409
2022,9,20,8,0.9487
2022,9,20,9,0.9565
2022,9,20,10,0.9637
2022,9,20,11,0.9699
2022,9,20,12,0.9747
2022,9,20,13,0.9777
2022,9,20,14,0.9787
2022,9,20,15,0.9777
2022,9,20,16,0.9747
2022,9,20,17,0.9699
2022,9,20,18,0.9637
2022,9,20,19,0.9565
2022,9,20,20,0.9487
2022,9,20,21,0.9409
2022,9,20,22,0.9337
2022,9,20,23,0.9275
2022,9,20,24,0.9227
2022,9,21,1,0.9191
2022,9,21,2,0.9181
2022,9,21,3,0.9191
2022,9,21,4,0.9221
2022,9,21,5,0.9269
2022,9,21,6,0.9331
2022,9,21,7,0.9403
2022,9,21,8,0.9481
2022,9,21,9,0.9558
2022,9,21,10,0.9631
2022,9,21,11,0.9693
2022,9,21,12,0.9741
2022,9,21,13,0.9771
2022,9,21,14,0.9781
2022,9,21,15,0.9771
2022,9,21,16,0.9741
2022,9,21,17,0.9693
2022,9,21,18,0.9631
2022,9,21,19,0.9558
2022,9,21,20,0.9481
2022,9,21,21,0.9403
2022,9,21,22,0.9331
2022,9,21,23,0.9269
2022,9,21,24,0.9221
2022,9,22,1,0.9185
2022,9,22,2,0.9175
2022,9,22,3,0.9185
2022,9,22,4,0.9215
2022,9,22,5,0.9263
2022,9,22,6,0.9325
2022,9,22,7,0.9397
2022,9,22,8,0.9475
2022,9,22,9,0.9552
2022,9,22,10,0.9625
2022,9,22,11,0.9687
2022,9,22,12,0.9734
2022,9,22,13,0.9764
2022,9,22,14,0.9775
2022,9,22,15,0.9764
2022,9,22,16,0.9734
2022,9,22,17,0.9687
2022,9,22,18,0.9625
2022,9,22,19,0.9552
2022,9,22,20,0.9475
2022,9,22,21,0.9397
2022,9,22,22,0.9325
2022,9,22,23,0.9263
2022,9,22,24,0.9215
2022,9,23,1,0.9179
2022,9,23,2,0.9168
2022,9,23,3,0.9179
2022,9,23,4,0.9209
2022,9,23,5,0.9256
2022,9,23,6,0.9318
2022,9,23,7,0.9391
2022,9,23,8,0.9468
2022,9,23,9,0.9546
2022,9,23,10,0.9618
2022,9,23,11,0.9681
2022,9,23,12,0.9728
2022,9,23,13,0.9758
2022,9,23,14,0.9768
2022,9,23,15,0.9758
2022,9,23,16,0.9728
2022,9,23,17,0.9681
2022,9,23,18,0.9618
2022,9,23,19,0.9546
2022,9,23,20,0.9468
2022,9,23,21,0.9391
2022,9,23,22,0.9318
2022,9,23,23,0.9256
2022,9,23,24,0.9209
2022,9,24,1,0.9172
2022,9,24,2,0.9162
2022,9,24,3,0.9172
2022,9,24,4,0.9202
2022,9,24,5,0.925
2022,9,24,6,0.9312
2022,9,24,7,0.9385
2022,9,24,8,0.9462
2022,9,24,9,0.954
2022,9,24,10,0.9612
2022,9,24,11,0.9674
2022,9,24,12,0.9722
2022,9,24,13,0.9752
2022,9,24,14,0.9762
2022,9,24,15,0.9752
2022,9,24,16,0.9722
2022,9,24,17,0.9674
2022,9,24,18,0.9612
2022,9,24,19,0.954
2022,9,24,20,0.9462
2022,9,24,21,0.9385
2022,9,24,22,0.9312
2022,9,24,23,0.925
2022,9,24,24,0.9202
2022,9,25,1,0.9166
2022,9,25,2,0.9156
2022,9,25,3,0.9166
2022,9,25,4,0.9196
2022,9,25,5,0.9244
2022,9,25,6,0.9306
2022,9,25,7,0.9378
2022,9,25,8,0.9456
2022,9,25,9,0.9533
2022,9,25,10,0.9606
2022,9,25,11,0.9668
2022,9,25,12,0.9716
2022,9,25,13,0.9746
2022,9,25,14,0.9756
2022,9,25,15,0.9746
2022,9,25,16,0.9716
2022,9,25,17,0.9668
2022,9,25,18,0.9606
2022,9,25,19,0.9533
2022,9,25,20,0.9456
2022,9,25,21,0.9378
2022,9,25,22,0.9306
2022,9,25,23,0.9244
2022,9,25,24,0.9196
2022,9,26,1,0.916
2022,9,26,2,0.9149
2022,9,26,3,0.916
2022,9,26,4,0.919
2022,9,26,5,0.9237
2022,9,26,6,0.9299
2022,9,26,7,0.9372
2022,9,26,8,0.9449
2022,9,26,9,0.9527
2022,9,26,10,0.9599
2022,9,26,11,0.9662
2022,9,26,12,0.9709
2022,9,26,13,0.9739
2022,9,26,14,0.9749
2022,9,26,15,0.9739
2022,9,26,16,0.9709
2022,9,26,17,0.9662
2022,9,26,18,0.9599
2022,9,26,19,0.9527
2022,9,26,20,0.9449
2022,9,26,21,0.9372
2022,9,26,22,0.9299
2022,9,26,23,0.9237
2022,9,26,24,0.919
2022,9,27,1,0.9153
2022,9,27,2,0.9143
2022,9,27,3,0.9153
2022,9,27,4,0.9183
2022,9,27,5,0.9231
2022,9,27,6,0.9293
2022,9,27,7,0.9365
2022,9,27,8,0.9443
2022,9,27,9,0.9521
2022,9,27,10,0.9593
2022,9,27,11,0.9655
2022,9,27,12,0.9703
2022,9,27,13,0.9733
2022,9,27,14,0.9743
2022,9,27,15,0.9733
2022,9,27,16,0.9703
2022,9,27,17,0.9655
2022,9,27,18,0.9593
2022,9,27,19,0.9521
2022,9,27,20,0.9443
2022,9,27,21,0.9365
2022,9,27,22,0.9293
2022,9,27,23,0.9231
2022,9,27,24,0.9183
2022,9,28,1,0.9147
2022,9,28,2,0.9137
2022,9,28,3,0.9147
2022,9,28,4,0.9177
2022,9,28,5,0.9224
2022,9,28,6,0.9287
2022,9,28,7,0.9359
2022,9,28,8,0.9437
2022,9,28,9,0.9514
2022,9,28,10,0.9587
2022,9,28,11,0.9649
2022,9,28,12,0.9696
2022,9,28,13,0.9726
2022,9,28,14,0.9737
2022,9,28,15,0.9726
2022,9,28,16,0.9696
2022,9,28,17,0.9649
2022,9,28,18,0.9587
2022,9,28,19,0.9514
2022,9,28,20,0.9437
2022,9,28,21,0.9359
2022,9,28,22,0.9287
2022,9,28,23,0.9224
2022,9,28,24,0.9177
2022,9,29,1,0.914
2022,9,29,2,0.913
2022,9,29,3,0.914
2022,9,29,4,0.917
2022,9,29,5,0.9218
2022,9,29,6,0.928
2022,9,29,7,0.9352
2022,9,29,8,0.943
2022,9,29,9,0.9508
2022,9,29,10,0.958
2022,9,29,11,0.9642
2022,9,29,12,0.969
2022,9,29,13,0.972
2022,9,29,14,0.973
2022,9,29,15,0.972
2022,9,29,16,0.969
2022,9,29,17,0.9642
2022,9,29,18,0.958
2022,9,29,19,0.9508
2022,9,29,20,0.943
2022,9,29,21,0.9352
2022,9,29,22,0.928
2022,9,29,23,0.9218
2022,9,29,24,0.917
2022,9,30,1,0.9134
2022,9,30,2,0.9124
2022,9,30,3,0.9134
2022,9,30,4,0.9164
2022,9,30,5,0.9211
2022,9,30,6,0.9274
2022,9,30,7,0.9346
2022,9,30,8,0.9424
2022,9,30,9,0.9501
2022,9,30,10,0.9574
2022,9,30,11,0.9636
2022,9,30,12,0.9683
2022,9,30,13,0.9713
2022,9,30,14,0.9724
2022,9,30,15,0.9713
2022,9,30,16,0.9683
2022,9,30,17,0.9636
2022,9,30,18,0.9574
2022,9,30,19,0.9501
2022,9,30,20,0.9424
2022,9,30,21,0.9346
2022,9,30,22,0.9274
2022,9,30,23,0.9211
2022,9,30,24,0.9164
2022,10,1,1,0.9127
2022,10,1,2,0.9117
2022,10,1,3,0.9127
2022,10,1,4,0.9157
2022,10,1,5,0.9205
2022,10,1,6,0.9267
2022,10,1,7,0.9339
2022,10,1,8,0.9417
2022,10,1,9,0.9495
2022,10,1,10,0.9567
2022,10,1,11,0.9629
2022,10,1,12,0.9677
2022,10,1,13,0.9707
2022,10,1,14,0.9717
2022,10,1,15,0.9707
2022,10,1,16,0.9677
2022,10,1,17,0.9629
2022,10,1,18,0.9567
2022,10,1,19,0.9495
2022,10,1,20,0.9417
2022,10,1,21,0.9339
2022,10,1,22,0.9267
2022,10,1,23,0.9205
2022,10,1,24,0.9157
2022,10,2,1,0.9121
2022,10,2,2,0.911
2022,10,2,3,0.9121
2022,10,2,4,0.9151
2022,10,2,5,0.9198
2022,10,2,6,0.926
2022,10,2,7,0.9333
2022,10,2,8,0.941
2022,10,2,9,0.9488
2022,10,2,10,0.956
2022,10,2,11,0.9623
2022,10,2,12,0.967
2022,10,2,13,0.97
2022,10,2,14,0.971
2022,10,2,15,0.97
2022,10,2,16,0.967
2022,10,2,17,0.9623
2022,10,2,18,0.956
2022,10,2,19,0.9488
2022,10,2,20,0.941
2022,10,2,21,0.9333
2022,10,2,22,0.926
2022,10,2,23,0.9198
2022,10,2,24,0.9151
2022,10,3,1,0.9114
2022,10,3,2,0.9104
2022,10,3,3,0.9114
2022,10,3,4,0.9144
2022,10,3,5,0.9192
2022,10,3,6,0.9254
2022,10,3,7,0.9326
2022,10,3,8,0.9404
2022,10,3,9,0.9481
2022,10,3,10,0.9554
2022,10,3,11,0.9616
2022,10,3,12,0.9664
2022,10,3,13,0.9694
2022,10,3,14,0.9704
2022,10,3,15,0.9694
2022,10,3,16,0.9664
2022,10,3,17,0.9616
2022,10,3,18,0.9554
2022,10,3,19,0.9481
2022,10,3,20,0.9404
2022,10,3,21,0.9326
2022,10,3,22,0.9254
2022,10,3,23,0.9192
2022,10,3,24,0.9144
2022,10,4,1,0.9107
2022,10,4,2,0.9097
2022,10,4,3,0.9107
2022,10,4,4,0.9137
2022,10,4,5,0.9185
2022,10,4,6,0.9247
2022,10,4,7,0.9319
2022,10,4,8,0.9397
2022,10,4,9,0.9475
2022,10,4,10,0.9547
2022,10,4,11,0.9609
2022,10,4,12,0.9657
2022,10,4,13,0.9687
2022,10,4,14,0.9697
2022,10,4,15,0.9687
2022,10,4,16,0.9657
2022,10,4,17,0.9609
2022,10,4,18,0.9547
2022,10,4,19,0.9475
2022,10,4,20,0.9397
2022,10,4,21,0.9319
2022,10,4,22,0.9247
2022,10,4,23,0.9185
2022,10,4,24,0.9137
2022,10,5,1,0.9101
2022,10,5,2,0.909
2022,10,5,3,0.9101
2022,10,5,4,0.9131
2022,10,5,5,0.9178
2022,10,5,6,0.924
2022,10,5,7,0.9313
2022,10,5,8,0.939
2022,10,5,9,0.9468
2022,10,5,10,0.954
2022,10,5,11,0.9603
2022,10,5,12,0.965
2022,10,5,13,0.968
2022,10,5,14,0.969
2022,10,5,15,0.968
2022,10,5,16,0.965
2022,10,5,17,0.9603
2022,10,5,18,0.954
2022,10,5,19,0.9468
2022,10,5,20,0.939
2022,10,5,21,0.9313
2022,10,5,22,0.924
2022,10,5,23,0.9178
2022,10,5,24,0.9131
2022,10,6,1,0.9094
2022,10,6,2,0.9084
2022,10,6,3,0.9094
2022,10,6,4,0.9124
2022,10,6,5,0.9172
2022,10,6,6,0.9234
2022,10,6,7,0.9306
2022,10,6,8,0.9384
2022,10,6,9,0.9461
2022,10,6,10,0.9534
2022,10,6,11,0.9596
2022,10,6,12,0.9644
2022,10,6,13,0.9674
2022,10,6,14,0.9684
2022,10,6,15,0.9674
2022,10,6,16,0.9644
2022,10,6,17,0.9596
2022,10,6,18,0.9534
2022,10,6,19,0.9461
2022,10,6,20,0.9384
2022,10,6,21,0.9306
2022,10,6,22,0.9234
2022,10,6,23,0.9172
2022,10,6,24,0.9124
2022,10,7,1,0.9087
2022,10,7,2,0.9077
2022,10,7,3,0.9087
2022,10,7,4,0.9117
2022,10,7,5,0.9165
2022,10,7,6,0.9227
2022,10,7,7,0.9299
2022,10,7,8,0.9377
2022,10,7,9,0.9455
2022,10,7,10,0.9527
2022,10,7,11,0.9589
2022,10,7,12,0.9637
2022,10,7,13,0.9667
2022,10,7,14,0.9677
2022,10,7,15,0.9667
2022,10,7,16,0.9637
2022,10,7,17,0.9589
2022,10,7,18,0.9527
2022,10,7,19,0.9455
2022,10,7,20,0.9377
2022,10,7,21,0.9299
2022,10,7,22,0.9227
2022,10,7,23,0.9165
2022,10,7,24,0.9117
2022,10,8,1,0.908
2022,10,8,2,0.907
2022,10,8,3,0.908
2022,10,8,4,0.911
2022,10,8,5,0.9158
2022,10,8,6,0.922
2022,10,8,7,0.9293
2022,10,8,8,0.937
2022,10,8,9,0.9448
2022,10,8,10,0.952
2022,10,8,11,0.9582
2022,10,8,12,0.963
2022,10,8,13,0.966
2022,10,8,14,0.967
2022,10,8,15,0.966
2022,10,8,16,0.963
2022,10,8,17,0.9582
2022,10,8,18,0.952
2022,10,8,19,0.9448
2022,10,8,20,0.937
2022,10,8,21,0.9293
2022,10,8,22,0.922
2022,10,8,23,0.9158
2022,10,8,24,0.911
2022,10,9,1,0.9074
2022,10,9,2,0.9063
2022,10,9,3,0.9074
2022,10,9,4,0.9104
2022,10,9,5,0.9151
2022,10,9,6,0.9213
2022,10,9,7,0.9286
2022,10,9,8,0.9363
2022,10,9,9,0.9441
2022,10,9,10,0.9513
2022,10,9,11,0.9576
2022,10,9,12,0.9623
2022,10,9,13,0.9653
2022,10,9,14,0.9663
2022,10,9,15,0.9653
2022,10,9,16,0.9623
2022,10,9,17,0.9576
2022,10,9,18,0.9513
2022,10,9,19,0.9441
2022,10,9,20,0.9363
2022,10,9,21,0.9286
2022,10,9,22,0.9213
2022,10,9,23,0.9151
2022,10,9,24,0.9104
2022,10,10,1,0.9067
2022,10,10,2,0.9057
2022,10,10,3,0.9067
2022,10,10,4,0.9097
2022,10,10,5,0.9144
2022,10,10,6,0.9207
2022,10,10,7,0.9279
2022,10,10,8,0.9357
2022,10,10,9,0.9434
2022,10,10,10,0.9507
2022,10,10,11,0.9569
2022,10,10,12,0.9616
2022,10,10,13,0.9646
2022,10,10,14,0.9657
2022,10,10,15,0.9646
2022,10,10,16,0.9616
2022,10,10,17,0.9569
2022,10,10,18,0.9507
2022,10,10,19,0.9434
2022,10,10,20,0.9357
2022,10,10,21,0.9279
2022,10,10,22,0.9207
2022,10,10,23,0.9144
2022,10,10,24,0.9097
2022,10,11,1,0.906
2022,10,11,2,0.905
2022,10,11,3,0.906
2022,10,11,4,0.909
2022,10,11,5,0.9138
2022,10,11,6,0.92
2022,10,11,7,0.9272
2022,10,11,8,0.935
2022,10,11,9,0.9427
2022,10,11,10,0.95
2022,10,11,11,0.9562
2022,10,11,12,0.961
2022,10,11,13,0.964
2022,10,11,14,0.965
2022,10,11,15,0.964
2022,10,11,16,0.961
2022,10,11,17,0.9562
2022,10,11,18,0.95
2022,10,11,19,0.9427
2022,10,11,20,0.935
2022,10,11,21,0.9272
2022,10,11,22,0.92
2022,10,11,23,0.9138
2022,10,11,24,0.909
2022,10,12,1,0.9053
2022,10,12,2,0.9043
2022,10,12,3,0.9053
2022,10,12,4,0.9083
2022,10,12,5,0.9131
2022,10,12,6,0.9193
2022,10,12,7,0.9265
2022,10,12,8,0.9343
2022,10,12,9,0.9421
2022,10,12,10,0.9493
2022,10,12,11,0.9555
2022,10,12,12,0.9603
2022,10,12,13,0.9633
2022,10,12,14,0.9643
2022,10,12,15,0.9633
2022,10,12,16,0.9603
2022,10,12,17,0.9555
2022,10,12,18,0.9493
2022,10,12,19,0.9421
2022,10,12,20,0.9343
2022,10,12,21,0.9265
2022,10,12,22,0.9193
2022,10,12,23,0.9131
2022,10,12,24,0.9083
2022,10,13,1,0.9046
2022,10,13,2,0.9036
2022,10,13,3,0.9046
2022,10,13,4,0.9076
2022,10,13,5,0.9124
2022,10,13,6,0.9186
2022,10,13,7,0.9258
2022,10,13,8,0.9336
2022,10,13,9,0.9414
2022,10,13,10,0.9486
2022,10,13,11,0.9548
2022,10,13,12,0.9596
2022,10,13,13,0.9626
2022,10,13,14,0.9636
2022,10,13,15,0.9626
2022,10,13,16,0.9596
2022,10,13,17,0.9548
2022,10,13,18,0.9486
2022,10,13,19,0.9414
2022,10,13,20,0.9336
2022,10,13,21,0.9258
2022,10,13,22,0.9186
2022,10,13,23,0.9124
2022,10,13,24,0.9076
2022,10,14,1,0.9039
2022,10,14,2,0.9029
2022,10,14,3,0.9039
2022,10,14,4,0.9069
2022,10,14,5,0.9117
2022,10,14,6,0.9179
2022,10,14,7,0.9252
2022,10,14,8,0.9329
2022,10,14,9,0.9407
2022,10,14,10,0.9479
2022,10,14,11,0.9541
2022,10,14,12,0.9589
2022,10,14,13,0.9619
2022,10,14,14,0.9629
2022,10,14,15,0.9619
2022,10,14,16,0.9589
2022,10,14,17,0.9541
2022,10,14,18,0.9479
2022,10,14,19,0.9407
2022,10,14,20,0.9329
2022,10,14,21,0.9252
2022,10,14,22,0.9179
2022,10,14,23,0.9117
2022,10,14,24,0.9069
2022,10,15,1,0.9033
2022,10,15,2,0.9022
2022,10,15,3,0.9033
2022,10,15,4,0.9063
2022,10,15,5,0.911
2022,10,15,6,0.9172
2022,10,15,7,0.9245
2022,10,15,8,0.9322
2022,10,15,9,0.94
2022,10,15,10,0.9472
2022,10,15,11,0.9534
2022,10,15,12,0.9582
2022,10,15,13,0.9612
2022,10,15,14,0.9622
2022,10,15,15,0.9612
2022,10,15,16,0.9582
2022,10,15,17,0.9534
2022,10,15,18,0.9472
2022,10,15,19,0.94
2022,10,15,20,0.9322
2022,10,15,21,0.9245
2022,10,15,22,0.9172
2022,10,15,23,0.911
2022,10,15,24,0.9063
2022,10,16,1,0.9026
2022,10,16,2,0.9015
2022,10,16,3,0.9026
2022,10,16,4,0.9056
2022,10,16,5,0.9103
2022,10,16,6,0.9165
2022,10,16,7,0.9238
2022,10,16,8,0.9315
2022,10,16,9,0.9393
2022,10,16,10,0.9465
2022,10,16,11,0.9528
2022,10,16,12,0.9575
2022,10,16,13,0.9605
2022,10,16,14,0.9615
2022,10,16,15,0.9605
2022,10,16,16,0.9575
2022,10,16,17,0.9528
2022,10,16,18,0.9465
2022,10,16,19,0.9393
2022,10,16,20,0.9315
2022,10,16,21,0.9238
2022,10,16,22,0.9165
2022,10,16,23,0.9103
2022,10,16,24,0.9056
2022,10,17,1,0.9019
2022,10,17,2,0.9009
2022,10,17,3,0.9019
2022,10,17,4,0.9049
2022,10,17,5,0.9096
2022,10,17,6,0.9159
2022,10,17,7,0.9231
2022,10,17,8,0.9309
2022,10,17,9,0.9386
2022,10,17,10,0.9459
2022,10,17,11,0.9521
2022,10,17,12,0.9568
2022,10,17,13,0.9598
2022,10,17,14,0.9609
2022,10,17,15,0.9598
2022,10,17,16,0.9568
2022,10,17,17,0.9521
2022,10,17,18,0.9459
2022,10,17,19,0.9386
2022,10,17,20,0.9309
2022,10,17,21,0.9231
2022,10,17,22,0.9159
2022,10,17,23,0.9096
2022,10,17,24,0.9049
2022,10,18,1,0.9012
2022,10,18,2,0.9002
2022,10,18,3,0.9012
2022,10,18,4,0.9042
2022,10,18,5,0.909
2022,10,18,6,0.9152
2022,10,18,7,0.9224
2022,10,18,8,0.9302
2022,10,18,9,0.9379
2022,10,18,10,0.9452
2022,10,18,11,0.9514
2022,10,18,12,0.9562
2022,10,18,13,0.9591
2022,10,18,14,0.9602
2022,10,18,15,0.9591
2022,10,18,16,0.9562
2022,10,18,17,0.9514
2022,10,18,18,0.9452
2022,10,18,19,0.9379
2022,10,18,20,0.9302
2022,10,18,21,0.9224
2022,10,18,22,0.9152
2022,10,18,23,0.909
2022,10,18,24,0.9042
2022,10,19,1,0.9005
2022,10,19,2,0.8995
2022,10,19,3,0.9005
2022,10,19,4,0.9035
2022,10,19,5,0.9083
2022,10,19,6,0.9145
2022,10,19,7,0.9217
2022,10,19,8,0.9295
2022,10,19,9,0.9372
2022,10,19,10,0.9445
2022,10,19,11,0.9507
2022,10,19,12,0.9555
2022,10,19,13,0.9585
2022,10,19,14,0.9595
2022,10,19,15,0.9585
2022,10,19,16,0.9555
2022,10,19,17,0.9507
2022,10,19,18,0.9445
2022,10,19,19,0.9372
2022,10,19,20,0.9295
2022,10,19,21,0.9217
2022,10,19,22,0.9145
2022,10,19,23,0.9083
2022,10,19,24,0.9035
2022,10,20,1,0.8998
2022,10,20,2,0.8988
2022,10,20,3,0.8998
2022,10,20,4,0.9028
2022,10,20,5,0.9076
2022,10,20,6,0.9138
2022,10,20,7,0.921
2022,10,20,8,0.9288
2022,10,20,9,0.9366
2022,10,20,10,0.9438
2022,10,20,11,0.95
2022,10,20,12,0.9548
2022,10,20,13,0.9578
2022,10,20,14,0.9588
2022,10,20,15,0.9578
2022,10,20,16,0.9548
2022,10,20,17,0.95
2022,10,20,18,0.9438
2022,10,20,19,0.9366
2022,10,20,20,0.9288
2022,10,20,21,0.921
2022,10,20,22,0.9138
2022,10,20,23,0.9076
2022,10,20,24,0.9028
2022,10,21,1,0.8991
2022,10,21,2,0.8981
2022,10,21,3,0.8991
2022,10,21,4,0.9021
2022,10,21,5,0.9069
2022,10,21,6,0.9131
2022,10,21,7,0.9203
2022,10,21,8,0.9281
2022,10,21,9,0.9359
2022,10,21,10,0.9431
2022,10,21,11,0.9493
2022,10,21,12,0.9541
2022,10,21,13,0.9571
2022,10,21,14,0.9581
2022,10,21,15,0.9571
2022,10,21,16,0.9541
2022,10,21,17,0.9493
2022,10,21,18,0.9431
2022,10,21,19,0.9359
2022,10,21,20,0.9281
2022,10,21,21,0.9203
2022,10,21,22,0.9131
2022,10,21,23,0.9069
2022,10,21,24,0.9021
2022,10,22,1,0.8984
2022,10,22,2,0.8974
2022,10,22,3,0.8984
2022,10,22,4,0.9014
2022,10,22,5,0.9062
2022,10,22,6,0.9124
2022,10,22,7,0.9197
2022,10,22,8,0.9274
2022,10,22,9,0.9352
2022,10,22,10,0.9424
2022,10,22,11,0.9486
2022,10,22,12,0.9534
2022,10,22,13,0.9564
2022,10,22,14,0.9574
2022,10,22,15,0.9564
2022,10,22,16,0.9534
2022,10,22,17,0.9486
2022,10,22,18,0.9424
2022,10,22,19,0.9352
2022,10,22,20,0.9274
2022,10,22,21,0.9197
2022,10,22,22,0.9124
2022,10,22,23,0.9062
2022,10,22,24,0.9014
2022,10,23,1,0.8978
2022,10,23,2,0.8967
2022,10,23,3,0.8978
2022,10,23,4,0.9008
2022,10,23,5,0.9055
2022,10,23,6,0.9117
2022,10,23,7,0.919
2022,10,23,8,0.9267
2022,10,23,9,0.9345
2022,10,23,10,0.9417
2022,10,23,11,0.9479
2022,10,23,12,0.9527
2022,10,23,13,0.9557
2022,10,23,14,0.9567
2022,10,23,15,0.9557
2022,10,23,16,0.9527
2022,10,23,17,0.9479
2022,10,23,18,0.9417
2022,10,23,19,0.9345
2022,10,23,20,0.9267
2022,10,23,21,0.919
2022,10,23,22,0.9117
2022,10,23,23,0.9055
2022,10,23,24,0.9008
2022,10,24,1,0.8971
2022,10,24,2,0.896
2022,10,24,3,0.8971
2022,10,24,4,0.9001
2022,10,24,5,0.9048
2022,10,24,6,0.911
2022,10,24,7,0.9183
2022,10,24,8,0.926
2022,10,24,9,0.9338
2022,10,24,10,0.941
2022,10,24,11,0.9473
2022,10,24,12,0.952
2022,10,24,13,0.955
2022,10,24,14,0.956
2022,10,24,15,0.955
2022,10,24,16,0.952
2022,10,24,17,0.9473
2022,10,24,18,0.941
2022,10,24,19,0.9338
2022,10,24,20,0.926
2022,10,24,21,0.9183
2022,10,24,22,0.911
2022,10,24,23,0.9048
2022,10,24,24,0.9001
2022,10,25,1,0.8964
2022,10,25,2,0.8954
2022,10,25,3,0.8964
2022,10,25,4,0.8994
2022,10,25,5,0.9041
2022,10,25,6,0.9104
2022,10,25,7,0.9176
2022,10,25,8,0.9254
2022,10,25,9,0.9331
2022,10,25,10,0.9404
2022,10,25,11,0.9466
2022,10,25,12,0.9513
2022,10,25,13,0.9543
2022,10,25,14,0.9554
2022,10,25,15,0.9543
2022,10,25,16,0.9513
2022,10,25,17,0.9466
2022,10,25,18,0.9404
2022,10,25,19,0.9331
2022,10,25,20,0.9254
2022,10,25,21,0.9176
2022,10,25,22,0.9104
2022,10,25,23,0.9041
2022,10,25,24,0.8994
2022,10,26,1,0.8957
2022,10,26,2,0.8947
2022,10,26,3,0.8957
2022,10,26,4,0.8987
2022,10,26,5,0.9035
2022,10,26,6,0.9097
2022,10,26,7,0.9169
2022,10,26,8,0.9247
2022,10,26,9,0.9324
2022,10,26,10,0.9397
2022,10,26,11,0.9459
2022,10,26,12,0.9507
2022,10,26,13,0.9537
2022,10,26,14,0.9547
2022,10,26,15,0.9537
2022,10,26,16,0.9507
2022,10,26,17,0.9459
2022,10,26,18,0.9397
2022,10,26,19,0.9324
2022,10,26,20,0.9247
2022,10,26,21,0.9169
2022,10,26,22,0.9097
2022,10,26,23,0.9035
2022,10,26,24,0.8987
2022,10,27,1,0.895
2022,10,27,2,0.894
2022,10,27,3,0.895
2022,10,27,4,0.898
2022,10,27,5,0.9028
2022,10,27,6,0.909
2022,10,27,7,0.9162
2022,10,27,8,0.924
2022,10,27,9,0.9318
2022,10,27,10,0.939
2022,10,27,11,0.9452
2022,10,27,12,0.95
2022,10,27,13,0.953
2022,10,27,14,0.954
2022,10,27,15,0.953
2022,10,27,16,0.95
2022,10,27,17,0.9452
2022,10,27,18,0.939
2022,10,27,19,0.9318
2022,10,27,20,0.924
2022,10,27,21,0.9162
2022,10,27,22,0.909
2022,10,27,23,0.9028
2022,10,27,24,0.898
2022,10,28,1,0.8943
2022,10,28,2,0.8933
2022,10,28,3,0.8943
2022,10,28,4,0.8973
2022,10,28,5,0.9021
2022,10,28,6,0.9083
2022,10,28,7,0.9156
2022,10,28,8,0.9233
2022,10,28,9,0.9311
2022,10,28,10,0.9383
2022,10,28,11,0.9445
2022,10,28,12,0.9493
2022,10,28,13,0.9523
2022,10,28,14,0.9533
2022,10,28,15,0.9523
2022,10,28,16,0.9493
2022,10,28,17,0.9445
2022,10,28,18,0.9383
2022,10,28,19,0.9311
2022,10,28,20,0.9233
2022,10,28,21,0.9156
2022,10,28,22,0.9083
2022,10,28,23,0.9021
2022,10,28,24,0.8973
2022,10,29,1,0.8937
2022,10,29,2,0.8926
2022,10,29,3,0.8937
2022,10,29,4,0.8967
2022,10,29,5,0.9014
2022,10,29,6,0.9076
2022,10,29,7,0.9149
2022,10,29,8,0.9226
2022,10,29,9,0.9304
2022,10,29,10,0.9376
2022,10,29,11,0.9439
2022,10,29,12,0.9486
2022,10,29,13,0.9516
2022,10,29,14,0.9526
2022,10,29,15,0.9516
2022,10,29,16,0.9486
2022,10,29,17,0.9439
2022,10,29,18,0.9376
2022,10,29,19,0.9304
2022,10,29,20,0.9226
2022,10,29,21,0.9149
2022,10,29,22,0.9076
2022,10,29,23,0.9014
2022,10,29,24,0.8967
2022,10,30,1,0.893
2022,10,30,2,0.892
2022,10,30,3,0.893
2022,10,30,4,0.896
2022,10,30,5,0.9008
2022,10,30,6,0.907
2022,10,30,7,0.9142
2022,10,30,8,0.922
2022,10,30,9,0.9297
2022,10,30,10,0.937
2022,10,30,11,0.9432
2022,10,30,12,0.9479
2022,10,30,13,0.9509
2022,10,30,14,0.952
2022,10,30,15,0.9509
2022,10,30,16,0.9479
2022,10,30,17,0.9432
2022,10,30,18,0.937
2022,10,30,19,0.9297
2022,10,30,20,0.922
2022,10,30,21,0.9142
2022,10,30,22,0.907
2022,10,30,23,0.9008
2022,10,30,24,0.896
2022,10,31,1,0.8923
2022,10,31,2,0.8913
2022,10,31,3,0.8923
2022,10,31,4,0.8953
2022,10,31,5,0.9001
2022,10,31,6,0.9063
2022,10,31,7,0.9135
2022,10,31,8,0.9213
2022,10,31,9,0.9291
2022,10,31,10,0.9363
2022,10,31,11,0.9425
2022,10,31,12,0.9473
2022,10,31,13,0.9503
2022,10,31,14,0.9513
2022,10,31,15,0.9503
2022,10,31,16,0.9473
2022,10,31,17,0.9425
2022,10,31,18,0.9363
2022,10,31,19,0.9291
2022,10,31,20,0.9213
2022,10,31,21,0.9135
2022,10,31,22,0.9063
2022,10,31,23,0.9001
2022,10,31,24,0.8953
2022,11,1,1,0.8916
2022,11,1,2,0.8906
2022,11,1,3,0.8916
2022,11,1,4,0.8946
2022,11,1,5,0.8994
2022,11,1,6,0.9056
2022,11,1,7,0.9129
2022,11,1,8,0.9206
2022,11,1,9,0.9284
2022,11,1,10,0.9356
2022,11,1,11,0.9418
2022,11,1,12,0.9466
2022,11,1,13,0.9496
2022,11,1,14,0.9506
2022,11,1,15,0.9496
2022,11,1,16,0.9466
2022,11,1,17,0.9418
2022,11,1,18,0.9356
2022,11,1,19,0.9284
2022,11,1,20,0.9206
2022,11,1,21,0.9129
2022,11,1,22,0.9056
2022,11,1,23,0.8994
2022,11,1,24,0.8946
2022,11,2,1,0.891
2022,11,2,2,0.89
2022,11,2,3,0.891
2022,11,2,4,0.894
2022,11,2,5,0.8987
2022,11,2,6,0.905
2022,11,2,7,0.9122
2022,11,2,8,0.92
2022,11,2,9,0.9277
2022,11,2,10,0.935
2022,11,2,11,0.9412
2022,11,2,12,0.9459
2022,11,2,13,0.9489
2022,11,2,14,0.95
2022,11,2,15,0.9489
2022,11,2,16,0.9459
2022,11,2,17,0.9412
2022,11,2,18,0.935
2022,11,2,19,0.9277
2022,11,2,20,0.92
2022,11,2,21,0.9122
2022,11,2,22,0.905
2022,11,2,23,0.8987
2022,11,2,24,0.894
2022,11,3,1,0.8903
2022,11,3,2,0.8893
2022,11,3,3,0.8903
2022,11,3,4,0.8933
2022,11,3,5,0.8981
2022,11,3,6,0.9043
2022,11,3,7,0.9115
2022,11,3,8,0.9193
2022,11,3,9,0.9271
2022,11,3,10,0.9343
2022,11,3,11,0.9405
2022,11,3,12,0.9453
2022,11,3,13,0.9483
2022,11,3,14,0.9493
2022,11,3,15,0.9483
2022,11,3,16,0.9453
2022,11,3,17,0.9405
2022,11,3,18,0.9343
2022,11,3,19,0.9271
2022,11,3,20,0.9193
2022,11,3,21,0.9115
2022,11,3,22,0.9043
2022,11,3,23,0.8981
2022,11,3,24,0.8933
2022,11,4,1,0.8896
2022,11,4,2,0.8886
2022,11,4,3,0.8896
2022,11,4,4,0.8926
2022,11,4,5,0.8974
2022,11,4,6,0.9036
2022,11,4,7,0.9109
2022,11,4,8,0.9186
2022,11,4,9,0.9264
2022,11,4,10,0.9336
2022,11,4,11,0.9398
2022,11,4,12,0.9446
2022,11,4,13,0.9476
2022,11,4,14,0.9486
2022,11,4,15,0.9476
2022,11,4,16,0.9446
2022,11,4,17,0.9398
2022,11,4,18,0.9336
2022,11,4,19,0.9264
2022,11,4,20,0.9186
2022,11,4,21,0.9109
2022,11,4,22,0.9036
2022,11,4,23,0.8974
2022,11,4,24,0.8926
2022,11,5,1,0.889
2022,11,5,2,0.888
2022,11,5,3,0.889
2022,11,5,4,0.892
2022,11,5,5,0.8968
2022,11,5,6,0.903
2022,11,5,7,0.9102
2022,11,5,8,0.918
2022,11,5,9,0.9257
2022,11,5,10,0.933
2022,11,5,11,0.9392
2022,11,5,12,0.9439
2022,11,5,13,0.9469
2022,11,5,14,0.948
2022,11,5,15,0.9469
2022,11,5,16,0.9439
2022,11,5,17,0.9392
2022,11,5,18,0.933
2022,11,5,19,0.9257
2022,11,5,20,0.918
2022,11,5,21,0.9102
2022,11,5,22,0.903
2022,11,5,23,0.8968
2022,11,5,24,0.892
2022,11,6,1,0.8883
2022,11,6,2,0.8873
2022,11,6,3,0.8883
2022,11,6,4,0.8913
2022,11,6,5,0.8961
2022,11,6,6,0.9023
2022,11,6,7,0.9095
2022,11,6,8,0.9173
2022,11,6,9,0.9251
2022,11,6,10,0.9323
2022,11,6,11,0.9385
2022,11,6,12,0.9433
2022,11,6,13,0.9463
2022,11,6,14,0.9473
2022,11,6,15,0.9463
2022,11,6,16,0.9433
2022,11,6,17,0.9385
2022,11,6,18,0.9323
2022,11,6,19,0.9251
2022,11,6,20,0.9173
2022,11,6,21,0.9095
2022,11,6,22,0.9023
2022,11,6,23,0.8961
2022,11,6,24,0.8913
2022,11,7,1,0.8877
2022,11,7,2,0.8867
2022,11,7,3,0.8877
2022,11,7,4,0.8907
2022,11,7,5,0.8954
2022,11,7,6,0.9017
2022,11,7,7,0.9089
2022,11,7,8,0.9167
2022,11,7,9,0.9244
2022,11,7,10,0.9317
2022,11,7,11,0.9379
2022,11,7,12,0.9426
2022,11,7,13,0.9456
2022,11,7,14,0.9467
2022,11,7,15,0.9456
2022,11,7,16,0.9426
2022,11,7,17,0.9379
2022,11,7,18,0.9317
2022,11,7,19,0.9244
2022,11,7,20,0.9167
2022,11,7,21,0.9089
2022,11,7,22,0.9017
2022,11,7,23,0.8954
2022,11,7,24,0.8907
2022,11,8,1,0.887
2022,11,8,2,0.886
2022,11,8,3,0.887
2022,11,8,4,0.89
2022,11,8,5,0.8948
2022,11,8,6,0.901
2022,11,8,7,0.9082
2022,11,8,8,0.916
2022,11,8,9,0.9238
2022,11,8,10,0.931
2022,11,8,11,0.9372
2022,11,8,12,0.942
2022,11,8,13,0.945
2022,11,8,14,0.946
2022,11,8,15,0.945
2022,11,8,16,0.942
2022,11,8,17,0.9372
2022,11,8,18,0.931
2022,11,8,19,0.9238
2022,11,8,20,0.916
2022,11,8,21,0.9082
2022,11,8,22,0.901
2022,11,8,23,0.8948
2022,11,8,24,0.89
2022,11,9,1,0.8864
2022,11,9,2,0.8854
2022,11,9,3,0.8864
2022,11,9,4,0.8894
2022,11,9,5,0.8942
2022,11,9,6,0.9004
2022,11,9,7,0.9076
2022,11,9,8,0.9154
2022,11,9,9,0.9231
2022,11,9,10,0.9304
2022,11,9,11,0.9366
2022,11,9,12,0.9414
2022,11,9,13,0.9443
2022,11,9,14,0.9454
2022,11,9,15,0.9443
2022,11,9,16,0.9414
2022,11,9,17,0.9366
2022,11,9,18,0.9304
2022,11,9,19,0.9231
2022,11,9,20,0.9154
2022,11,9,21,0.9076
2022,11,9,22,0.9004
2022,11,9,23,0.8942
2022,11,9,24,0.8894
2022,11,10,1,0.8858
2022,11,10,2,0.8847
2022,11,10,3,0.8858
2022,11,10,4,0.8888
2022,11,10,5,0.8935
2022,11,10,6,0.8997
2022,11,10,7,0.907
2022,11,10,8,0.9147
2022,11,10,9,0.9225
2022,11,10,10,0.9297
2022,11,10,11,0.9359
2022,11,10,12,0.9407
2022,11,10,13,0.9437
2022,11,10,14,0.9447
2022,11,10,15,0.9437
2022,11,10,16,0.9407
2022,11,10,17,0.9359
2022,11,10,18,0.9297
2022,11,10,19,0.9225
2022,11,10,20,0.9147
2022,11,10,21,0.907
2022,11,10,22,0.8997
2022,11,10,23,0.8935
2022,11,10,24,0.8888
2022,11,11,1,0.8851
2022,11,11,2,0.8841
2022,11,11,3,0.8851
2022,11,11,4,0.8881
2022,11,11,5,0.8929
2022,11,11,6,0.8991
2022,11,11,7,0.9063
2022,11,11,8,0.9141
2022,11,11,9,0.9219
2022,11,11,10,0.9291
2022,11,11,11,0.9353
2022,11,11,12,0.9401
2022,11,11,13,0.9431
2022,11,11,14,0.9441
2022,11,11,15,0.9431
2022,11,11,16,0.9401
2022,11,11,17,0.9353
2022,11,11,18,0.9291
2022,11,11,19,0.9219
2022,11,11,20,0.9141
2022,11,11,21,0.9063
2022,11,11,22,0.8991
2022,11,11,23,0.8929
2022,11,11,24,0.8881
2022,11,12,1,0.8845
2022,11,12,2,0.8835
2022,11,12,3,0.8845
2022,11,12,4,0.8875
2022,11,12,5,0.8923
2022,11,12,6,0.8985
2022,11,12,7,0.9057
2022,11,12,8,0.9135
2022,11,12,9,0.9212
2022,11,12,10,0.9285
2022,11,12,11,0.9347
2022,11,12,12,0.9394
2022,11,12,13,0.9424
2022,11,12,14,0.9435
2022,11,12,15,0.9424
2022,11,12,16,0.9394
2022,11,12,17,0.9347
2022,11,12,18,0.9285
2022,11,12,19,0.9212
2022,11,12,20,0.9135
2022,11,12,21,0.9057
2022,11,12,22,0.8985
2022,11,12,23,0.8923
2022,11,12,24,0.8875
2022,11,13,1,0.8839
2022,11,13,2,0.8828
2022,11,13,3,0.8839
2022,11,13,4,0.8869
2022,11,13,5,0.8916
2022,11,13,6,0.8978
2022,11,13,7,0.9051
2022,11,13,8,0.9128
2022,11,13,9,0.9206
2022,11,13,10,0.9278
2022,11,13,11,0.9341
2022,11,13,12,0.9388
2022,11,13,13,0.9418
2022,11,13,14,0.9428
2022,11,13,15,0.9418
2022,11,13,16,0.9388
2022,11,13,17,0.9341
2022,11,13,18,0.9278
2022,11,13,19,0.9206
2022,11,13,20,0.9128
2022,11,13,21,0.9051
2022,11,13,22,0.8978
2022,11,13,23,0.8916
2022,11,13,24,0.8869
2022,11,14,1,0.8832
2022,11,14,2,0.8822
2022,11,14,3,0.8832
2022,11,14,4,0.8862
2022,11,14,5,0.891
2022,11,14,6,0.8972
2022,11,14,7,0.9045
2022,11,14,8,0.9122
2022,11,14,9,0.92
2022,11,14,10,0.9272
2022,11,14,11,0.9334
2022,11,14,12,0.9382
2022,11,14,13,0.9412
2022,11,14,14,0.9422
2022,11,14,15,0.9412
2022,11,14,16,0.9382
2022,11,14,17,0.9334
2022,11,14,18,0.9272
2022,11,14,19,0.92
2022,11,14,20,0.9122
2022,11,14,21,0.9045
2022,11,14,22,0.8972
2022,11,14,23,0.891
2022,11,14,24,0.8862
2022,11,15,1,0.8826
2022,11,15,2,0.8816
2022,11,15,3,0.8826
2022,11,15,4,0.8856
2022,11,15,5,0.8904
2022,11,15,6,0.8966
2022,11,15,7,0.9038
2022,11,15,8,0.9116
2022,11,15,9,0.9194
2022,11,15,10,0.9266
2022,11,15,11,0.9328
2022,11,15,12,0.9376
2022,11,15,13,0.9406
2022,11,15,14,0.9416
2022,11,15,15,0.9406
2022,11,15,16,0.9376
2022,11,15,17,0.9328
2022,11,15,18,0.9266
2022,11,15,19,0.9194
2022,11,15,20,0.9116
2022,11,15,21,0.9038
2022,11,15,22,0.8966
2022,11,15,23,0.8904
2022,11,15,24,0.8856
2022,11,16,1,0.882
2022,11,16,2,0.881
2022,11,16,3,0.882
2022,11,16,4,0.885
2022,11,16,5,0.8898
2022,11,16,6,0.896
2022,11,16,7,0.9032
2022,11,16,8,0.911
2022,11,16,9,0.9188
2022,11,16,10,0.926
2022,11,16,11,0.9322
2022,11,16,12,0.937
2022,11,16,13,0.94
2022,11,16,14,0.941
2022,11,16,15,0.94
2022,11,16,16,0.937
2022,11,16,17,0.9322
2022,11,16,18,0.926
2022,11,16,19,0.9188
2022,11,16,20,0.911
2022,11,16,21,0.9032
2022,11,16,22,0.896
2022,11,16,23,0.8898
2022,11,16,24,0.885
2022,11,17,1,0.8814
2022,11,17,2,0.8804
2022,11,17,3,0.8814
2022,11,17,4,0.8844
2022,11,17,5,0.8892
2022,11,17,6,0.8954
2022,11,17,7,0.9026
2022,11,17,8,0.9104
2022,11,17,9,0.9182
2022,11,17,10,0.9254
2022,11,17,11,0.9316
2022,11,17,12,0.9364
2022,11,17,13,0.9394
2022,11,17,14,0.9404
2022,11,17,15,0.9394
2022,11,17,16,0.9364
2022,11,17,17,0.9316
2022,11,17,18,0.9254
2022,11,17,19,0.9182
2022,11,17,20,0.9104
2022,11,17,21,0.9026
2022,11,17,22,0.8954
2022,11,17,23,0.8892
2022,11,17,24,0.8844
2022,11,18,1,0.8808
2022,11,18,2,0.8798
2022,11,18,3,0.8808
2022,11,18,4,0.8838
2022,11,18,5,0.8886
2022,11,18,6,0.8948
2022,11,18,7,0.902
2022,11,18,8,0.9098
2022,11,18,9,0.9176
2022,11,18,10,0.9248
2022,11,18,11,0.931
2022,11,18,12,0.9358
2022,11,18,13,0.9388
2022,11,18,14,0.9398
2022,11,18,15,0.9388
2022,11,18,16,0.9358
2022,11,18,17,0.931
2022,11,18,18,0.9248
2022,11,18,19,0.9176
2022,11,18,20,0.9098
2022,11,18,21,0.902
2022,11,18,22,0.8948
2022,11,18,23,0.8886
2022,11,18,24,0.8838
2022,11,19,1,0.8802
2022,11,19,2,0.8792
2022,11,19,3,0.8802
2022,11,19,4,0.8832
2022,11,19,5,0.888
2022,11,19,6,0.8942
2022,11,19,7,0.9014
2022,11,19,8,0.9092
2022,11,19,9,0.917
2022,11,19,10,0.9242
2022,11,19,11,0.9304
2022,11,19,12,0.9352
2022,11,19,13,0.9382
2022,11,19,14,0.9392
2022,11,19,15,0.9382
2022,11,19,16,0.9352
2022,11,19,17,0.9304
2022,11,19,18,0.9242
2022,11,19,19,0.917
2022,11,19,20,0.9092
2022,11,19,21,0.9014
2022,11,19,22,0.8942
2022,11,19,23,0.888
2022,11,19,24,0.8832
2022,11,20,1,0.8796
2022,11,20,2,0.8786
2022,11,20,3,0.8796
2022,11,20,4,0.8826
2022,11,20,5,0.8874
2022,11,20,6,0.8936
2022,11,20,7,0.9009
2022,11,20,8,0.9086
2022,11,20,9,0.9164
2022,11,20,10,0.9236
2022,11,20,11,0.9298
2022,11,20,12,0.9346
2022,11,20,13,0.9376
2022,11,20,14,0.9386
2022,11,20,15,0.9376
2022,11,20,16,0.9346
2022,11,20,17,0.9298
2022,11,20,18,0.9236
2022,11,20,19,0.9164
2022,11,20,20,0.9086
2022,11,20,21,0.9009
2022,11,20,22,0.8936
2022,11,20,23,0.8874
2022,11,20,24,0.8826
2022,11,21,1,0.8791
2022,11,21,2,0.878
2022,11,21,3,0.8791
2022,11,21,4,0.8821
2022,11,21,5,0.8868
2022,11,21,6,0.893
2022,11,21,7,0.9003
2022,11,21,8,0.908
2022,11,21,9,0.9158
2022,11,21,10,0.923
2022,11,21,11,0.9293
2022,11,21,12,0.934
2022,11,21,13,0.937
2022,11,21,14,0.938
2022,11,21,15,0.937
2022,11,21,16,0.934
2022,11,21,17,0.9293
2022,11,21,18,0.923
2022,11,21,19,0.9158
2022,11,21,20,0.908
2022,11,21,21,0.9003
2022,11,21,22,0.893
2022,11,21,23,0.8868
2022,11,21,24,0.8821
2022,11,22,1,0.8785
2022,11,22,2,0.8775
2022,11,22,3,0.8785
2022,11,22,4,0.8815
2022,11,22,5,0.8863
2022,11,22,6,0.8925
2022,11,22,7,0.8997
2022,11,22,8,0.9075
2022,11,22,9,0.9152
2022,11,22,10,0.9225
2022,11,22,11,0.9287
2022,11,22,12,0.9335
2022,11,22,13,0.9365
2022,11,22,14,0.9375
2022,11,22,15,0.9365
2022,11,22,16,0.9335
2022,11,22,17,0.9287
2022,11,22,18,0.9225
2022,11,22,19,0.9152
2022,11,22,20,0.9075
2022,11,22,21,0.8997
2022,11,22,22,0.8925
2022,11,22,23,0.8863
2022,11,22,24,0.8815
2022,11,23,1,0.8779
2022,11,23,2,0.8769
2022,11,23,3,0.8779
2022,11,23,4,0.8809
2022,11,23,5,0.8857
2022,11,23,6,0.8919
2022,11,23,7,0.8991
2022,11,23,8,0.9069
2022,11,23,9,0.9147
2022,11,23,10,0.9219
2022,11,23,11,0.9281
2022,11,23,12,0.9329
2022,11,23,13,0.9359
2022,11,23,14,0.9369
2022,11,23,15,0.9359
2022,11,23,16,0.9329
2022,11,23,17,0.9281
2022,11,23,18,0.9219
2022,11,23,19,0.9147
2022,11,23,20,0.9069
2022,11,23,21,0.8991
2022,11,23,22,0.8919
2022,11,23,23,0.8857
2022,11,23,24,0.8809
2022,11,24,1,0.8774
2022,11,24,2,0.8763
2022,11,24,3,0.8774
2022,11,24,4,0.8804
2022,11,24,5,0.8851
2022,11,24,6,0.8913
2022,11,24,7,0.8986
2022,11,24,8,0.9063
2022,11,24,9,0.9141
2022,11,24,10,0.9213
2022,11,24,11,0.9276
2022,11,24,12,0.9323
2022,11,24,13,0.9353
2022,11,24,14,0.9363
2022,11,24,15,0.9353
2022,11,24,16,0.9323
2022,11,24,17,0.9276
2022,11,24,18,0.9213
2022,11,24,19,0.9141
2022,11,24,20,0.9063
2022,11,24,21,0.8986
2022,11,24,22,0.8913
2022,11,24,23,0.8851
2022,11,24,24,0.8804
2022,11,25,1,0.8768
2022,11,25,2,0.8758
2022,11,25,3,0.8768
2022,11,25,4,0.8798
2022,11,25,5,0.8846
2022,11,25,6,0.8908
2022,11,25,7,0.898
2022,11,25,8,0.9058
2022,11,25,9,0.9136
2022,11,25,10,0.9208
2022,11,25,11,0.927
2022,11,25,12,0.9318
2022,11,25,13,0.9348
2022,11,25,14,0.9358
2022,11,25,15,0.9348
2022,11,25,16,0.9318
2022,11,25,17,0.927
2022,11,25,18,0.9208
2022,11,25,19,0.9136
2022,11,25,20,0.9058
2022,11,25,21,0.898
2022,11,25,22,0.8908
2022,11,25,23,0.8846
2022,11,25,24,0.8798
2022,11,26,1,0.8763
2022,11,26,2,0.8753
2022,11,26,3,0.8763
2022,11,26,4,0.8793
2022,11,26,5,0.884
2022,11,26,6,0.8903
2022,11,26,7,0.8975
2022,11,26,8,0.9053
2022,11,26,9,0.913
2022,11,26,10,0.9203
2022,11,26,11,0.9265
2022,11,26,12,0.9312
2022,11,26,13,0.9342
2022,11,26,14,0.9353
2022,11,26,15,0.9342
2022,11,26,16,0.9312
2022,11,26,17,0.9265
2022,11,26,18,0.9203
2022,11,26,19,0.913
2022,11,26,20,0.9053
2022,11,26,21,0.8975
2022,11,26,22,0.8903
2022,11,26,23,0.884
2022,11,26,24,0.8793
2022,11,27,1,0.8757
2022,11,27,2,0.8747
2022,11,27,3,0.8757
2022,11,27,4,0.8787
2022,11,27,5,0.8835
2022,11,27,6,0.8897
2022,11,27,7,0.897
2022,11,27,8,0.9047
2022,11,27,9,0.9125
2022,11,27,10,0.9197
2022,11,27,11,0.9259
2022,11,27,12,0.9307
2022,11,27,13,0.9337
2022,11,27,14,0.9347
2022,11,27,15,0.9337
2022,11,27,16,0.9307
2022,11,27,17,0.9259
2022,11,27,18,0.9197
2022,11,27,19,0.9125
2022,11,27,20,0.9047
2022,11,27,21,0.897
2022,11,27,22,0.8897
2022,11,27,23,0.8835
2022,11,27,24,0.8787
2022,11,28,1,0.8752
2022,11,28,2,0.8742
2022,11,28,3,0.8752
2022,11,28,4,0.8782
2022,11,28,5,0.883
2022,11,28,6,0.8892
2022,11,28,7,0.8964
2022,11,28,8,0.9042
2022,11,28,9,0.912
2022,11,28,10,0.9192
2022,11,28,11,0.9254
2022,11,28,12,0.9302
2022,11,28,13,0.9332
2022,11,28,14,0.9342
2022,11,28,15,0.9332
2022,11,28,16,0.9302
2022,11,28,17,0.9254
2022,11,28,18,0.9192
2022,11,28,19,0.912
2022,11,28,20,0.9042
2022,11,28,21,0.8964
2022,11,28,22,0.8892
2022,11,28,23,0.883
2022,11,28,24,0.8782
2022,11,29,1,0.8747
2022,11,29,2,0.8737
2022,11,29,3,0.8747
2022,11,29,4,0.8777
2022,11,29,5,0.8825
2022,11,29,6,0.8887
2022,11,29,7,0.8959
2022,11,29,8,0.9037
2022,11,29,9,0.9114
2022,11,29,10,0.9187
2022,11,29,11,0.9249
2022,11,29,12,0.9296
2022,11,29,13,0.9326
2022,11,29,14,0.9337
2022,11,29,15,0.9326
2022,11,29,16,0.9296
2022,11,29,17,0.9249
2022,11,29,18,0.9187
2022,11,29,19,0.9114
2022,11,29,20,0.9037
2022,11,29,21,0.8959
2022,11,29,22,0.8887
2022,11,29,23,0.8825
2022,11,29,24,0.8777
2022,11,30,1,0.8742
2022,11,30,2,0.8731
2022,11,30,3,0.8742
2022,11,30,4,0.8772
2022,11,30,5,0.8819
2022,11,30,6,0.8881
2022,11,30,7,0.8954
2022,11,30,8,0.9031
2022,11,30,9,0.9109
2022,11,30,10,0.9181
2022,11,30,11,0.9244
2022,11,30,12,0.9291
2022,11,30,13,0.9321
2022,11,30,14,0.9331
2022,11,30,15,0.9321
2022,11,30,16,0.9291
2022,11,30,17,0.9244
2022,11,30,18,0.9181
2022,11,30,19,0.9109
2022,11,30,20,0.9031
2022,11,30,21,0.8954
2022,11,30,22,0.8881
2022,11,30,23,0.8819
2022,11,30,24,0.8772
2022,12,1,1,0.8737
2022,12,1,2,0.8726
2022,12,1,3,0.8737
2022,12,1,4,0.8767
2022,12,1,5,0.8814
2022,12,1,6,0.8876
2022,12,1,7,0.8949
2022,12,1,8,0.9026
2022,12,1,9,0.9104
2022,12,1,10,0.9176
2022,12,1,11,0.9239
2022,12,1,12,0.9286
2022,12,1,13,0.9316
2022,12,1,14,0.9326
2022,12,1,15,0.9316
2022,12,1,16,0.9286
2022,12,1,17,0.9239
2022,12,1,18,0.9176
2022,12,1,19,0.9104
2022,12,1,20,0.9026
2022,12,1,21,0.8949
2022,12,1,22,0.8876
2022,12,1,23,0.8814
2022,12,1,24,0.8767
2022,12,2,1,0.8732
2022,12,2,2,0.8721
2022,12,2,3,0.8732
2022,12,2,4,0.8762
2022,12,2,5,0.8809
2022,12,2,6,0.8871
2022,12,2,7,0.8944
2022,12,2,8,0.9021
2022,12,2,9,0.9099
2022,12,2,10,0.9171
2022,12,2,11,0.9234
2022,12,2,12,0.9281
2022,12,2,13,0.9311
2022,12,2,14,0.9321
2022,12,2,15,0.9311
2022,12,2,16,0.9281
2022,12,2,17,0.9234
2022,12,2,18,0.9171
2022,12,2,19,0.9099
2022,12,2,20,0.9021
2022,12,2,21,0.8944
2022,12,2,22,0.8871
2022,12,2,23,0.8809
2022,12,2,24,0.8762
2022,12,3,1,0.8727
2022,12,3,2,0.8717
2022,12,3,3,0.8727
2022,12,3,4,0.8757
2022,12,3,5,0.8804
2022,12,3,6,0.8867
2022,12,3,7,0.8939
2022,12,3,8,0.9017
2022,12,3,9,0.9094
2022,12,3,10,0.9167
2022,12,3,11,0.9229
2022,12,3,12,0.9276
2022,12,3,13,0.9306
2022,12,3,14,0.9317
2022,12,3,15,0.9306
2022,12,3,16,0.9276
2022,12,3,17,0.9229
2022,12,3,18,0.9167
2022,12,3,19,0.9094
2022,12,3,20,0.9017
2022,12,3,21,0.8939
2022,12,3,22,0.8867
2022,12,3,23,0.8804
2022,12,3,24,0.8757
2022,12,4,1,0.8722
2022,12,4,2,0.8712
2022,12,4,3,0.8722
2022,12,4,4,0.8752
2022,12,4,5,0.88
2022,12,4,6,0.8862
2022,12,4,7,0.8934
2022,12,4,8,0.9012
2022,12,4,9,0.9089
2022,12,4,10,0.9162
2022,12,4,11,0.9224
2022,12,4,12,0.9272
2022,12,4,13,0.9302
2022,12,4,14,0.9312
2022,12,4,15,0.9302
2022,12,4,16,0.9272
2022,12,4,17,0.9224
2022,12,4,18,0.9162
2022,12,4,19,0.9089
2022,12,4,20,0.9012
2022,12,4,21,0.8934
2022,12,4,22,0.8862
2022,12,4,23,0.88
2022,12,4,24,0.8752
2022,12,5,1,0.8717
2022,12,5,2,0.8707
2022,12,5,3,0.8717
2022,12,5,4,0.8747
2022,12,5,5,0.8795
2022,12,5,6,0.8857
2022,12,5,7,0.8929
2022,12,5,8,0.9007
2022,12,5,9,0.9085
2022,12,5,10,0.9157
2022,12,5,11,0.9219
2022,12,5,12,0.9267
2022,12,5,13,0.9297
2022,12,5,14,0.9307
2022,12,5,15,0.9297
2022,12,5,16,0.9267
2022,12,5,17,0.9219
2022,12,5,18,0.9157
2022,12,5,19,0.9085
2022,12,5,20,0.9007
2022,12,5,21,0.8929
2022,12,5,22,0.8857
2022,12,5,23,0.8795
2022,12,5,24,0.8747
2022,12,6,1,0.8713
2022,12,6,2,0.8702
2022,12,6,3,0.8713
2022,12,6,4,0.8743
2022,12,6,5,0.879
2022,12,6,6,0.8852
2022,12,6,7,0.8925
2022,12,6,8,0.9002
2022,12,6,9,0.908
2022,12,6,10,0.9152
2022,12,6,11,0.9214
2022,12,6,12,0.9262
2022,12,6,13,0.9292
2022,12,6,14,0.9302
2022,12,6,15,0.9292
2022,12,6,16,0.9262
2022,12,6,17,0.9214
2022,12,6,18,0.9152
2022,12,6,19,0.908
2022,12,6,20,0.9002
2022,12,6,21,0.8925
2022,12,6,22,0.8852
2022,12,6,23,0.879
2022,12,6,24,0.8743
2022,12,7,1,0.8708
2022,12,7,2,0.8698
2022,12,7,3,0.8708
2022,12,7,4,0.8738
2022,12,7,5,0.8786
2022,12,7,6,0.8848
2022,12,7,7,0.892
2022,12,7,8,0.8998
2022,12,7,9,0.9075
2022,12,7,10,0.9148
2022,12,7,11,0.921
2022,12,7,12,0.9258
2022,12,7,13,0.9288
2022,12,7,14,0.9298
2022,12,7,15,0.9288
2022,12,7,16,0.9258
2022,12,7,17,0.921
2022,12,7,18,0.9148
2022,12,7,19,0.9075
2022,12,7,20,0.8998
2022,12,7,21,0.892
2022,12,7,22,0.8848
2022,12,7,23,0.8786
2022,12,7,24,0.8738
2022,12,8,1,0.8704
2022,12,8,2,0.8693
2022,12,8,3,0.8704
2022,12,8,4,0.8734
2022,12,8,5,0.8781
2022,12,8,6,0.8843
2022,12,8,7,0.8916
2022,12,8,8,0.8993
2022,12,8,9,0.9071
2022,12,8,10,0.9143
2022,12,8,11,0.9205
2022,12,8,12,0.9253
2022,12,8,13,0.9283
2022,12,8,14,0.9293
2022,12,8,15,0.9283
2022,12,8,16,0.9253
2022,12,8,17,0.9205
2022,12,8,18,0.9143
2022,12,8,19,0.9071
2022,12,8,20,0.8993
2022,12,8,21,0.8916
2022,12,8,22,0.8843
2022,12,8,23,0.8781
2022,12,8,24,0.8734
2022,12,9,1,0.8699
2022,12,9,2,0.8689
2022,12,9,3,0.8699
2022,12,9,4,0.8729
2022,12,9,5,0.8777
2022,12,9,6,0.8839
2022,12,9,7,0.8911
2022,12,9,8,0.8989
2022,12,9,9,0.9067
2022,12,9,10,0.9139
2022,12,9,11,0.9201
2022,12,9,12,0.9249
2022,12,9,13,0.9279
2022,12,9,14,0.9289
2022,12,9,15,0.9279
2022,12,9,16,0.9249
2022,12,9,17,0.9201
2022,12,9,18,0.9139
2022,12,9,19,0.9067
2022,12,9,20,0.8989
2022,12,9,21,0.8911
2022,12,9,22,0.8839
2022,12,9,23,0.8777
2022,12,9,24,0.8729
2022,12,10,1,0.8695
2022,12,10,2,0.8685
2022,12,10,3,0.8695
2022,12,10,4,0.8725
2022,12,10,5,0.8773
2022,12,10,6,0.8835
2022,12,10,7,0.8907
2022,12,10,8,0.8985
2022,12,10,9,0.9062
2022,12,10,10,0.9135
2022,12,10,11,0.9197
2022,12,10,12,0.9244
2022,12,10,13,0.9274
2022,12,10,14,0.9285
2022,12,10,15,0.9274
2022,12,10,16,0.9244
2022,12,10,17,0.9197
2022,12,10,18,0.9135
2022,12,10,19,0.9062
2022,12,10,20,0.8985
2022,12,10,21,0.8907
2022,12,10,22,0.8835
2022,12,10,23,0.8773
2022,12,10,24,0.8725
2022,12,11,1,0.8691
2022,12,11,2,0.868
2022,12,11,3,0.8691
2022,12,11,4,0.8721
2022,12,11,5,0.8768
2022,12,11,6,0.883
2022,12,11,7,0.8903
2022,12,11,8,0.898
2022,12,11,9,0.9058
2022,12,11,10,0.913
2022,12,11,11,0.9193
2022,12,11,12,0.924
2022,12,11,13,0.927
2022,12,11,14,0.928
2022,12,11,15,0.927
2022,12,11,16,0.924
2022,12,11,17,0.9193
2022,12,11,18,0.913
2022,12,11,19,0.9058
2022,12,11,20,0.898
2022,12,11,21,0.8903
2022,12,11,22,0.883
2022,12,11,23,0.8768
2022,12,11,24,0.8721
2022,12,12,1,0.8687
2022,12,12,2,0.8676
2022,12,12,3,0.8687
2022,12,12,4,0.8717
2022,12,12,5,0.8764
2022,12,12,6,0.8826
2022,12,12,7,0.8899
2022,12,12,8,0.8976
2022,12,12,9,0.9054
2022,12,12,10,0.9126
2022,12,12,11,0.9189
2022,12,12,12,0.9236
2022,12,12,13,0.9266
2022,12,12,14,0.9276
2022,12,12,15,0.9266
2022,12,12,16,0.9236
2022,12,12,17,0.9189
2022,12,12,18,0.9126
2022,12,12,19,0.9054
2022,12,12,20,0.8976
2022,12,12,21,0.8899
2022,12,12,22,0.8826
2022,12,12,23,0.8764
2022,12,12,24,0.8717
2022,12,13,1,0.8683
2022,12,13,2,0.8672
2022,12,13,3,0.8683
2022,12,13,4,0.8713
2022,12,13,5,0.876
2022,12,13,6,0.8822
2022,12,13,7,0.8895
2022,12,13,8,0.8972
2022,12,13,9,0.905
2022,12,13,10,0.9122
2022,12,13,11,0.9185
2022,12,13,12,0.9232
2022,12,13,13,0.9262
2022,12,13,14,0.9272
2022,12,13,15,0.9262
2022,12,13,16,0.9232
2022,12,13,17,0.9185
2022,12,13,18,0.9122
2022,12,13,19,0.905
2022,12,13,20,0.8972
2022,12,13,21,0.8895
2022,12,13,22,0.8822
2022,12,13,23,0.876
2022,12,13,24,0.8713
2022,12,14,1,0.8679
2022,12,14,2,0.8668
2022,12,14,3,0.8679
2022,12,14,4,0.8709
2022,12,14,5,0.8756
2022,12,14,6,0.8818
2022,12,14,7,0.8891
2022,12,14,8,0.8968
2022,12,14,9,0.9046
2022,12,14,10,0.9118
2022,12,14,11,0.9181
2022,12,14,12,0.9228
2022,12,14,13,0.9258
2022,12,14,14,0.9268
2022,12,14,15,0.9258
2022,12,14,16,0.9228
2022,12,14,17,0.9181
2022,12,14,18,0.9118
2022,12,14,19,0.9046
2022,12,14,20,0.8968
2022,12,14,21,0.8891
2022,12,14,22,0.8818
2022,12,14,23,0.8756
2022,12,14,24,0.8709
2022,12,15,1,0.8675
2022,12,15,2,0.8665
2022,12,15,3,0.8675
2022,12,15,4,0.8705
2022,12,15,5,0.8753
2022,12,15,6,0.8815
2022,12,15,7,0.8887
2022,12,15,8,0.8965
2022,12,15,9,0.9042
2022,12,15,10,0.9115
2022,12,15,11,0.9177
2022,12,15,12,0.9224
2022,12,15,13,0.9254
2022,12,15,14,0.9265
2022,12,15,15,0.9254
2022,12,15,16,0.9224
2022,12,15,17,0.9177
2022,12,15,18,0.9115
2022,12,15,19,0.9042
2022,12,15,20,0.8965
2022,12,15,21,0.8887
2022,12,15,22,0.8815
2022,12,15,23,0.8753
2022,12,15,24,0.8705
2022,12,16,1,0.8671
2022,12,16,2,0.8661
2022,12,16,3,0.8671
2022,12,16,4,0.8701
2022,12,16,5,0.8749
2022,12,16,6,0.8811
2022,12,16,7,0.8883
2022,12,16,8,0.8961
2022,12,16,9,0.9039
2022,12,16,10,0.9111
2022,12,16,11,0.9173
2022,12,16,12,0.9221
2022,12,16,13,0.9251
2022,12,16,14,0.9261
2022,12,16,15,0.9251
2022,12,16,16,0.9221
2022,12,16,17,0.9173
2022,12,16,18,0.9111
2022,12,16,19,0.9039
2022,12,16,20,0.8961
2022,12,16,21,0.8883
2022,12,16,22,0.8811
2022,12,16,23,0.8749
2022,12,16,24,0.8701
2022,12,17,1,0.8668
2022,12,17,2,0.8657
2022,12,17,3,0.8668
2022,12,17,4,0.8698
2022,12,17,5,0.8745
2022,12,17,6,0.8807
2022,12,17,7,0.888
2022,12,17,8,0.8957
2022,12,17,9,0.9035
2022,12,17,10,0.9107
2022,12,17,11,0.917
2022,12,17,12,0.9217
2022,12,17,13,0.9247
2022,12,17,14,0.9257
2022,12,17,15,0.9247
2022,12,17,16,0.9217
2022,12,17,17,0.917
2022,12,17,18,0.9107
2022,12,17,19,0.9035
2022,12,17,20,0.8957
2022,12,17,21,0.888
2022,12,17,22,0.8807
2022,12,17,23,0.8745
2022,12,17,24,0.8698
2022,12,18,1,0.8664
2022,12,18,2,0.8654
2022,12,18,3,0.8664
2022,12,18,4,0.8694
2022,12,18,5,0.8742
2022,12,18,6,0.8804
2022,12,18,7,0.8876
2022,12,18,8,0.8954
2022,12,18,9,0.9032
2022,12,18,10,0.9104
2022,12,18,11,0.9166
2022,12,18,12,0.9214
2022,12,18,13,0.9244
2022,12,18,14,0.9254
2022,12,18,15,0.9244
2022,12,18,16,0.9214
2022,12,18,17,0.9166
2022,12,18,18,0.9104
2022,12,18,19,0.9032
2022,12,18,20,0.8954
2022,12,18,21,0.8876
2022,12,18,22,0.8804
2022,12,18,23,0.8742
2022,12,18,24,0.8694
2022,12,19,1,0.8661
2022,12,19,2,0.865
2022,12,19,3,0.8661
2022,12,19,4,0.8691
2022,12,19,5,0.8738
2022,12,19,6,0.88
2022,12,19,7,0.8873
2022,12,19,8,0.895
2022,12,19,9,0.9028
2022,12,19,10,0.91
2022,12,19,11,0.9163
2022,12,19,12,0.921
2022,12,19,13,0.924
2022,12,19,14,0.925
2022,12,19,15,0.924
2022,12,19,16,0.921
2022,12,19,17,0.9163
2022,12,19,18,0.91
2022,12,19,19,0.9028
2022,12,19,20,0.895
2022,12,19,21,0.8873
2022,12,19,22,0.88
2022,12,19,23,0.8738
2022,12,19,24,0.8691
2022,12,20,1,0.8657
2022,12,20,2,0.8647
2022,12,20,3,0.8657
2022,12,20,4,0.8687
2022,12,20,5,0.8735
2022,12,20,6,0.8797
2022,12,20,7,0.887
2022,12,20,8,0.8947
2022,12,20,9,0.9025
2022,12,20,10,0.9097
2022,12,20,11,0.9159
2022,12,20,12,0.9207
2022,12,20,13,0.9237
2022,12,20,14,0.9247
2022,12,20,15,0.9237
2022,12,20,16,0.9207
2022,12,20,17,0.9159
2022,12,20,18,0.9097
2022,12,20,19,0.9025
2022,12,20,20,0.8947
2022,12,20,21,0.887
2022,12,20,22,0.8797
2022,12,20,23,0.8735
2022,12,20,24,0.8687
2022,12,21,1,0.8654
2022,12,21,2,0.8644
2022,12,21,3,0.8654
2022,12,21,4,0.8684
2022,12,21,5,0.8732
2022,12,21,6,0.8794
2022,12,21,7,0.8866
2022,12,21,8,0.8944
2022,12,21,9,0.9022
2022,12,21,10,0.9094
2022,12,21,11,0.9156
2022,12,21,12,0.9204
2022,12,21,13,0.9234
2022,12,21,14,0.9244
2022,12,21,15,0.9234
2022,12,21,16,0.9204
2022,12,21,17,0.9156
2022,12,21,18,0.9094
2022,12,21,19,0.9022
2022,12,21,20,0.8944
2022,12,21,21,0.8866
2022,12,21,22,0.8794
2022,12,21,23,0.8732
2022,12,21,24,0.8684
2022,12,22,1,0.8651
2022,12,22,2,0.8641
2022,12,22,3,0.8651
2022,12,22,4,0.8681
2022,12,22,5,0.8729
2022,12,22,6,0.8791
2022,12,22,7,0.8863
2022,12,22,8,0.8941
2022,12,22,9,0.9019
2022,12,22,10,0.9091
2022,12,22,11,0.9153
2022,12,22,12,0.9201
2022,12,22,13,0.9231
2022,12,22,14,0.9241
2022,12,22,15,0.9231
2022,12,22,16,0.9201
2022,12,22,17,0.9153
2022,12,22,18,0.9091
2022,12,22,19,0.9019
2022,12,22,20,0.8941
2022,12,22,21,0.8863
2022,12,22,22,0.8791
2022,12,22,23,0.8729
2022,12,22,24,0.8681
2022,12,23,1,0.8648
2022,12,23,2,0.8638
2022,12,23,3,0.8648
2022,12,23,4,0.8678
2022,12,23,5,0.8726
2022,12,23,6,0.8788
2022,12,23,7,0.886
2022,12,23,8,0.8938
2022,12,23,9,0.9016
2022,12,23,10,0.9088
2022,12,23,11,0.915
2022,12,23,12,0.9198
2022,12,23,13,0.9228
2022,12,23,14,0.9238
2022,12,23,15,0.9228
2022,12,23,16,0.9198
2022,12,23,17,0.915
2022,12,23,18,0.9088
2022,12,23,19,0.9016
2022,12,23,20,0.8938
2022,12,23,21,0.886
2022,12,23,22,0.8788
2022,12,23,23,0.8726
2022,12,23,24,0.8678
2022,12,24,1,0.8645
2022,12,24,2,0.8635
2022,12,24,3,0.8645
2022,12,24,4,0.8675
2022,12,24,5,0.8723
2022,12,24,6,0.8785
2022,12,24,7,0.8857
2022,12,24,8,0.8935
2022,12,24,9,0.9013
2022,12,24,10,0.9085
2022,12,24,11,0.9147
2022,12,24,12,0.9195
2022,12,24,13,0.9225
2022,12,24,14,0.9235
2022,12,24,15,0.9225
2022,12,24,16,0.9195
2022,12,24,17,0.9147
2022,12,24,18,0.9085
2022,12,24,19,0.9013
2022,12,24,20,0.8935
2022,12,24,21,0.8857
2022,12,24,22,0.8785
2022,12,24,23,0.8723
2022,12,24,24,0.8675
2022,12,25,1,0.8643
2022,12,25,2,0.8632
2022,12,25,3,0.8643
2022,12,25,4,0.8672
2022,12,25,5,0.872
2022,12,25,6,0.8782
2022,12,25,7,0.8855
2022,12,25,8,0.8932
2022,12,25,9,0.901
2022,12,25,10,0.9082
2022,12,25,11,0.9144
2022,12,25,12,0.9192
2022,12,25,13,0.9222
2022,12,25,14,0.9232
2022,12,25,15,0.9222
2022,12,25,16,0.9192
2022,12,25,17,0.9144
2022,12,25,18,0.9082
2022,12,25,19,0.901
2022,12,25,20,0.8932
2022,12,25,21,0.8855
2022,12,25,22,0.8782
2022,12,25,23,0.872
2022,12,25,24,0.8672
2022,12,26,1,0.864
2022,12,26,2,0.863
2022,12,26,3,0.864
2022,12,26,4,0.867
2022,12,26,5,0.8717
2022,12,26,6,0.878
2022,12,26,7,0.8852
2022,12,26,8,0.893
2022,12,26,9,0.9007
2022,12,26,10,0.908
2022,12,26,11,0.9142
2022,12,26,12,0.9189
2022,12,26,13,0.9219
2022,12,26,14,0.923
2022,12,26,15,0.9219
2022,12,26,16,0.9189
2022,12,26,17,0.9142
2022,12,26,18,0.908
2022,12,26,19,0.9007
2022,12,26,20,0.893
2022,12,26,21,0.8852
2022,12,26,22,0.878
2022,12,26,23,0.8717
2022,12,26,24,0.867
2022,12,27,1,0.8637
2022,12,27,2,0.8627
2022,12,27,3,0.8637
2022,12,27,4,0.8667
2022,12,27,5,0.8715
2022,12,27,6,0.8777
2022,12,27,7,0.8849
2022,12,27,8,0.8927
2022,12,27,9,0.9005
2022,12,27,10,0.9077
2022,12,27,11,0.9139
2022,12,27,12,0.9187
2022,12,27,13,0.9217
2022,12,27,14,0.9227
2022,12,27,15,0.9217
2022,12,27,16,0.9187
2022,12,27,17,0.9139
2022,12,27,18,0.9077
2022,12,27,19,0.9005
2022,12,27,20,0.8927
2022,12,27,21,0.8849
2022,12,27,22,0.8777
2022,12,27,23,0.8715
2022,12,27,24,0.8667
2022,12,28,1,0.8635
2022,12,28,2,0.8625
2022,12,28,3,0.8635
2022,12,28,4,0.8665
2022,12,28,5,0.8713
2022,12,28,6,0.8775
2022,12,28,7,0.8847
2022,12,28,8,0.8925
2022,12,28,9,0.9002
2022,12,28,10,0.9075
2022,12,28,11,0.9137
2022,12,28,12,0.9184
2022,12,28,13,0.9214
2022,12,28,14,0.9225
2022,12,28,15,0.9214
2022,12,28,16,0.9184
2022,12,28,17,0.9137
2022,12,28,18,0.9075
2022,12,28,19,0.9002
2022,12,28,20,0.8925
2022,12,28,21,0.8847
2022,12,28,22,0.8775
2022,12,28,23,0.8713
2022,12,28,24,0.8665
2022,12,29,1,0.8633
2022,12,29,2,0.8622
2022,12,29,3,0.8633
2022,12,29,4,0.8663
2022,12,29,5,0.871
2022,12,29,6,0.8772
2022,12,29,7,0.8845
2022,12,29,8,0.8922
2022,12,29,9,0.9
2022,12,29,10,0.9072
2022,12,29,11,0.9134
2022,12,29,12,0.9182
2022,12,29,13,0.9212
2022,12,29,14,0.9222
2022,12,29,15,0.9212
2022,12,29,16,0.9182
2022,12,29,17,0.9134
2022,12,29,18,0.9072
2022,12,29,19,0.9
2022,12,29,20,0.8922
2022,12,29,21,0.8845
2022,12,29,22,0.8772
2022,12,29,23,0.871
2022,12,29,24,0.8663
2022,12,30,1,0.863
2022,12,30,2,0.862
2022,12,30,3,0.863
2022,12,30,4,0.866
2022,12,30,5,0.8708
2022,12,30,6,0.877
2022,12,30,7,0.8842
2022,12,30,8,0.892
2022,12,30,9,0.8998
2022,12,30,10,0.907
2022,12,30,11,0.9132
2022,12,30,12,0.918
2022,12,30,13,0.921
2022,12,30,14,0.922
2022,12,30,15,0.921
2022,12,30,16,0.918
2022,12,30,17,0.9132
2022,12,30,18,0.907
2022,12,30,19,0.8998
2022,12,30,20,0.892
2022,12,30,21,0.8842
2022,12,30,22,0.877
2022,12,30,23,0.8708
2022,12,30,24,0.866
2022,12,31,1,0.8628
2022,12,31,2,0.8618
2022,12,31,3,0.8628
2022,12,31,4,0.8658
2022,12,31,5,0.8706
2022,12,31,6,0.8768
2022,12,31,7,0.884
2022,12,31,8,0.8918
2022,12,31,9,0.8996
2022,12,31,10,0.9068
2022,12,31,11,0.913
2022,12,31,12,0.9178
2022,12,31,13,0.9208
2022,12,31,14,0.9218
2022,12,31,15,0.9208
2022,12,31,16,0.9178
2022,12,31,17,0.913
2022,12,31,18,0.9068
2022,12,31,19,0.8996
2022,12,31,20,0.8918
2022,12,31,21,0.884
2022,12,31,22,0.8768
2022,12,31,23,0.8706
2022,12,31,24,0.8658