Year,Region,Load Growth Factor
2021,AEC_0_US-AL,1
2021,AEC_0_US-FL,1
2021,AECI_0_US-AR,1
2021,AECI_0_US-IA,1
2021,AECI_0_US-MO,1
2021,AECI_0_US-OK,1
2021,AESO_CENT_CA-AB,1
2021,AESO_CGY_CA-AB,1
2021,AESO_EDM_CA-AB,1
2021,AESO_NE_CA-AB,1
2021,AESO_NW_CA-AB,1
2021,AESO_NW_CA-BC,1
2021,AESO_SOUT_CA-AB,1
2021,AVA_0_US-ID,1
2021,AVA_0_US-MT,1
2021,AVA_0_US-OR,1
2021,AVA_0_US-WA,1
2021,AVRN_0_US-OR,1
2021,AVRN_0_US-WA,1
2021,AZPS_0_US-AZ,1
2021,AZPS_0_US-CA,1
2021,AZPS_0_US-NM,1
2021,AZPS_0_US-NV,1
2021,BANC_0_US-CA,1
2021,BCHA_0_CA-BC,1
2021,BPAT_0_CA-BC,1
2021,BPAT_0_US-CA,1
2021,BPAT_0_US-ID,1
2021,BPAT_0_US-MT,1
2021,BPAT_0_US-OR,1
2021,BPAT_0_US-WA,1
2021,CEN_0_MX-COA,1
2021,CEN_0_MX-NLE,1
2021,CENB_0_MX-BCN,1
2021,CENB_0_MX-SON,1
2021,CHPD_0_US-WA,1
2021,CISO_PGAE_US-CA,1
2021,CISO_PGAE_US-OR,1
2021,CISO_SCE_US-AZ,1
2021,CISO_SCE_US-CA,1
2021,CISO_SCE_US-NV,1
2021,CISO_SDGE_MX-BCN,1
2021,CISO_SDGE_US-AZ,1
2021,CISO_SDGE_US-CA,1
2021,CISO_VEA_US-NV,1
2021,CPLE_0_US-NC,1
2021,CPLE_0_US-SC,1
2021,CPLW_0_US-NC,1
2021,DEAA_0_US-AZ,1
2021,DOPD_0_US-WA,1
2021,DUK_0_US-NC,1
2021,DUK_0_US-SC,1
2021,DUK_0_US-VA,1
2021,EPE_0_US-NM,1
2021,EPE_0_US-TX,1
2021,ERCO_COAS_US-TX,1
2021,ERCO_EAST_US-TX,1
2021,ERCO_FWES_US-TX,1
2021,ERCO_NCEN_US-TX,1
2021,ERCO_NRTH_US-OK,1
2021,ERCO_NRTH_US-TX,1
2021,ERCO_SCEN_US-TX,1
2021,ERCO_SOUT_US-TX,1
2021,ERCO_WEST_US-TX,1
2021,FMPP_0_US-FL,1
2021,FPC_0_US-FL,1
2021,FPL_0_US-FL,1
2021,GCPD_0_US-WA,1
2021,GLHB_0_US-IL,1
2021,GRID_0_US-NM,1
2021,GRID_0_US-OR,1
2021,GRID_0_US-WA,1
2021,GRIF_0_US-AZ,1
2021,GVL_0_US-FL,1
2021,GWA_0_US-MT,1
2021,HGMA_0_US-AZ,1
2021,HQT_0_CA-NL,1
2021,HQT_0_CA-QC,1
2021,HST_0_US-FL,1
2021,IESO_0_CA-ON,1
2021,IID_0_US-AZ,1
2021,IID_0_US-CA,1
2021,IPCO_0_US-ID,1
2021,IPCO_0_US-NV,1
2021,IPCO_0_US-OR,1
2021,IPCO_0_US-UT,1
2021,ISNE_4001_US-ME,1
2021,ISNE_4002_US-ME,1
2021,ISNE_4002_US-NH,1
2021,ISNE_4002_US-VT,1
2021,ISNE_4003_US-NH,1
2021,ISNE_4003_US-NY,1
2021,ISNE_4003_US-VT,1
2021,ISNE_4004_US-CT,1
2021,ISNE_4005_US-MA,1
2021,ISNE_4005_US-RI,1
2021,ISNE_4006_US-MA,1
2021,ISNE_4006_US-RI,1
2021,ISNE_4007_US-MA,1
2021,ISNE_4007_US-NY,1
2021,ISNE_4007_US-VT,1
2021,ISNE_4008_US-MA,1
2021,ISNE_4008_US-NH,1
2021,JEA_0_US-FL,1
2021,LDWP_0_US-AZ,1
2021,LDWP_0_US-CA,1
2021,LDWP_0_US-NV,1
2021,LDWP_0_US-UT,1
2021,LGEE_0_US-IN,1
2021,LGEE_0_US-KY,1
2021,LGEE_0_US-VA,1
2021,MHEB_0_CA-MB,1
2021,MISO_01_US-IA,1
2021,MISO_01_US-IL,1
2021,MISO_01_US-MI,1
2021,MISO_01_US-MN,1
2021,MISO_01_US-MT,1
2021,MISO_01_US-ND,1
2021,MISO_01_US-SD,1
2021,MISO_01_US-WI,1
2021,MISO_02_US-IA,1
2021,MISO_02_US-IL,1
2021,MISO_02_US-MI,1
2021,MISO_02_US-MN,1
2021,MISO_02_US-WI,1
2021,MISO_03_US-IA,1
2021,MISO_03_US-IL,1
2021,MISO_03_US-MN,1
2021,MISO_03_US-MO,1
2021,MISO_03_US-SD,1
2021,MISO_04_US-IL,1
2021,MISO_04_US-KY,1
2021,MISO_04_US-MO,1
2021,MISO_05_US-IA,1
2021,MISO_05_US-IL,1
2021,MISO_05_US-MO,1
2021,MISO_06_US-IL,1
2021,MISO_06_US-IN,1
2021,MISO_06_US-KY,1
2021,MISO_06_US-OH,1
2021,MISO_07_US-MI,1
2021,MISO_08_US-AR,1
2021,MISO_08_US-MO,1
2021,MISO_09_US-LA,1
2021,MISO_09_US-TX,1
2021,MISO_10_US-MS,1
2021,MISO_10_US-TN,1
2021,NBSO_0_CA-NB,1
2021,NBSO_0_CA-PE,1
2021,NBSO_0_US-ME,1
2021,NEVP_0_US-CA,1
2021,NEVP_0_US-NV,1
2021,NEVP_0_US-OR,1
2021,NSPI_0_CA-NS,1
2021,NWMT_0_US-ID,1
2021,NWMT_0_US-MT,1
2021,NWMT_0_US-WY,1
2021,NYIS_A_US-NY,1
2021,NYIS_A_US-PA,1
2021,NYIS_B_US-NY,1
2021,NYIS_C_US-NY,1
2021,NYIS_D_US-NY,1
2021,NYIS_E_US-NY,1
2021,NYIS_F_US-NY,1
2021,NYIS_G_US-NJ,1
2021,NYIS_G_US-NY,1
2021,NYIS_G_US-PA,1
2021,NYIS_H_US-NY,1
2021,NYIS_I_US-NY,1
2021,NYIS_J_US-NJ,1
2021,NYIS_J_US-NY,1
2021,NYIS_K_US-NY,1
2021,PACE_0_US-AZ,1
2021,PACE_0_US-CO,1
2021,PACE_0_US-ID,1
2021,PACE_0_US-MT,1
2021,PACE_0_US-NV,1
2021,PACE_0_US-UT,1
2021,PACE_0_US-WY,1
2021,PACW_0_US-CA,1
2021,PACW_0_US-OR,1
2021,PACW_0_US-WA,1
2021,PGE_0_US-OR,1
2021,PGE_0_US-WA,1
2021,PJM_AE_US-NJ,1
2021,PJM_AEP_US-IN,1
2021,PJM_AEP_US-KY,1
2021,PJM_AEP_US-MI,1
2021,PJM_AEP_US-OH,1
2021,PJM_AEP_US-TN,1
2021,PJM_AEP_US-VA,1
2021,PJM_AEP_US-WV,1
2021,PJM_AP_US-MD,1
2021,PJM_AP_US-OH,1
2021,PJM_AP_US-PA,1
2021,PJM_AP_US-VA,1
2021,PJM_AP_US-WV,1
2021,PJM_ATSI_US-OH,1
2021,PJM_ATSI_US-PA,1
2021,PJM_BC_US-MD,1
2021,PJM_CE_US-IL,1
2021,PJM_CE_US-IN,1
2021,PJM_DAY_US-OH,1
2021,PJM_DEOK_US-KY,1
2021,PJM_DEOK_US-OH,1
2021,PJM_DOM_US-NC,1
2021,PJM_DOM_US-VA,1
2021,PJM_DOM_US-WV,1
2021,PJM_DPL_US-DE,1
2021,PJM_DPL_US-MD,1
2021,PJM_DPL_US-NJ,1
2021,PJM_DPL_US-PA,1
2021,PJM_DPL_US-VA,1
2021,PJM_DUQ_US-PA,1
2021,PJM_EKPC_US-KY,1
2021,PJM_JC_US-NJ,1
2021,PJM_JC_US-NY,1
2021,PJM_ME_US-PA,1
2021,PJM_PE_US-DE,1
2021,PJM_PE_US-MD,1
2021,PJM_PE_US-NJ,1
2021,PJM_PE_US-PA,1
2021,PJM_PEP_US-DC,1
2021,PJM_PEP_US-MD,1
2021,PJM_PEP_US-VA,1
2021,PJM_PL_US-MD,1
2021,PJM_PL_US-PA,1
2021,PJM_PN_US-MD,1
2021,PJM_PN_US-PA,1
2021,PJM_PS_US-NJ,1
2021,PJM_PS_US-PA,1
2021,PJM_RECO_US-NJ,1
2021,PNM_ACMA_US-NM,1
2021,PNM_CYGA_US-NM,1
2021,PNM_Frep_US-NM,1
2021,PNM_Jica_US-NM,1
2021,PNM_KAFB_US-NM,1
2021,PNM_KCEC_US-NM,1
2021,PNM_LAC_US-NM,1
2021,PNM_NTUA_US-NM,1
2021,PNM_PNM_US-NM,1
2021,PNM_TSGT_US-AZ,1
2021,PNM_TSGT_US-NM,1
2021,PSCO_0_US-CO,1
2021,PSCO_0_US-WY,1
2021,PSEI_0_US-WA,1
2021,SC_0_US-SC,1
2021,SCEG_0_US-GA,1
2021,SCEG_0_US-SC,1
2021,SCL_0_US-WA,1
2021,SEC_0_US-FL,1
2021,SEPA_0_US-GA,1
2021,SEPA_0_US-SC,1
2021,SOCO_0_US-AL,1
2021,SOCO_0_US-FL,1
2021,SOCO_0_US-GA,1
2021,SOCO_0_US-MS,1
2021,SOCO_0_US-SC,1
2021,SPA_0_US-AR,1
2021,SPA_0_US-MO,1
2021,SPA_0_US-OK,1
2021,SPA_0_US-TX,1
2021,SPC_0_CA-SK,1
2021,SRP_0_US-AZ,1
2021,SWPP_CSWS_US-AR,1
2021,SWPP_CSWS_US-LA,1
2021,SWPP_CSWS_US-OK,1
2021,SWPP_CSWS_US-TX,1
2021,SWPP_EDE_US-AR,1
2021,SWPP_EDE_US-KS,1
2021,SWPP_EDE_US-MO,1
2021,SWPP_EDE_US-OK,1
2021,SWPP_GRDA_US-AR,1
2021,SWPP_GRDA_US-KS,1
2021,SWPP_GRDA_US-OK,1
2021,SWPP_INDN_US-MO,1
2021,SWPP_KACY_US-KS,1
2021,SWPP_KCPL_US-KS,1
2021,SWPP_KCPL_US-MO,1
2021,SWPP_LES_US-NE,1
2021,SWPP_MPS_US-MO,1
2021,SWPP_NPPD_US-CO,1
2021,SWPP_NPPD_US-NE,1
2021,SWPP_NPPD_US-SD,1
2021,SWPP_OKGE_US-AR,1
2021,SWPP_OKGE_US-OK,1
2021,SWPP_OKGE_US-TX,1
2021,SWPP_OPPD_US-NE,1
2021,SWPP_SECI_US-KS,1
2021,SWPP_SPRM_US-MO,1
2021,SWPP_SPS_US-CO,1
2021,SWPP_SPS_US-KS,1
2021,SWPP_SPS_US-NM,1
2021,SWPP_SPS_US-OK,1
2021,SWPP_SPS_US-TX,1
2021,SWPP_WAUE_US-IA,1
2021,SWPP_WAUE_US-MN,1
2021,SWPP_WAUE_US-MT,1
2021,SWPP_WAUE_US-ND,1
2021,SWPP_WAUE_US-NE,1
2021,SWPP_WAUE_US-SD,1
2021,SWPP_WAUE_US-WY,1
2021,SWPP_WFEC_US-KS,1
2021,SWPP_WFEC_US-OK,1
2021,SWPP_WFEC_US-TX,1
2021,SWPP_WR_US-KS,1
2021,SWPP_WR_US-MO,1
2021,TAL_0_US-FL,1
2021,TEC_0_US-FL,1
2021,TEPC_0_MX-SON,1
2021,TEPC_0_US-AZ,1
2021,TEPC_0_US-NM,1
2021,TIDC_0_US-CA,1
2021,TPWR_0_US-WA,1
2021,TVA_0_US-AL,1
2021,TVA_0_US-GA,1
2021,TVA_0_US-KY,1
2021,TVA_0_US-MS,1
2021,TVA_0_US-NC,1
2021,TVA_0_US-TN,1
2021,TVA_0_US-VA,1
2021,WACM_0_US-AZ,1
2021,WACM_0_US-CO,1
2021,WACM_0_US-MT,1
2021,WACM_0_US-NE,1
2021,WACM_0_US-NM,1
2021,WACM_0_US-SD,1
2021,WACM_0_US-UT,1
2021,WACM_0_US-WY,1
2021,WALC_0_US-AZ,1
2021,WALC_0_US-CA,1
2021,WALC_0_US-NV,1
2021,WAUW_0_US-MT,1
2021,WWA_0_US-MT,1
2021,YAD_0_US-NC,1
2022,AEC_0_US-AL,0
2022,AEC_0_US-FL,0
2022,AECI_0_US-AR,0
2022,AECI_0_US-IA,0
2022,AECI_0_US-MO,0
2022,AECI_0_US-OK,0
2022,AESO_CENT_CA-AB,0
2022,AESO_CGY_CA-AB,0
2022,AESO_EDM_CA-AB,0
2022,AESO_NE_CA-AB,0
2022,AESO_NW_CA-AB,0
2022,AESO_NW_CA-BC,0
2022,AESO_SOUT_CA-AB,0
2022,AVA_0_US-ID,1.003785
2022,AVA_0_US-MT,1.003785
2022,AVA_0_US-OR,1.003785
2022,AVA_0_US-WA,1.003785
2022,AVRN_0_US-OR,1
2022,AVRN_0_US-WA,1
2022,AZPS_0_US-AZ,1.037617
2022,AZPS_0_US-CA,1.037617
2022,AZPS_0_US-NM,1.037617
2022,AZPS_0_US-NV,1.037617
2022,BANC_0_US-CA,0.961457
2022,BCHA_0_CA-BC,0
2022,BPAT_0_CA-BC,1.019757
2022,BPAT_0_US-CA,1.019757
2022,BPAT_0_US-ID,1.019757
2022,BPAT_0_US-MT,1.019757
2022,BPAT_0_US-OR,1.019757
2022,BPAT_0_US-WA,1.019757
2022,CEN_0_MX-COA,0
2022,CEN_0_MX-NLE,0
2022,CENB_0_MX-BCN,0
2022,CENB_0_MX-SON,0
2022,CHPD_0_US-WA,1.022449
2022,CISO_PGAE_US-CA,1.068855
2022,CISO_PGAE_US-OR,1.068855
2022,CISO_SCE_US-AZ,1.021522
2022,CISO_SCE_US-CA,1.021522
2022,CISO_SCE_US-NV,1.021522
2022,CISO_SDGE_MX-BCN,1.040822
2022,CISO_SDGE_US-AZ,1.040822
2022,CISO_SDGE_US-CA,1.040822
2022,CISO_VEA_US-NV,0.993377
2022,CPLE_0_US-NC,1.01956
2022,CPLE_0_US-SC,1.01956
2022,CPLW_0_US-NC,0.939243
2022,DEAA_0_US-AZ,1
2022,DOPD_0_US-WA,1.023555
2022,DUK_0_US-NC,1.014426
2022,DUK_0_US-SC,1.014426
2022,DUK_0_US-VA,1.014426
2022,EPE_0_US-NM,1.015107
2022,EPE_0_US-TX,1.015107
2022,ERCO_COAS_US-TX,1.010254
2022,ERCO_EAST_US-TX,1.109375
2022,ERCO_FWES_US-TX,1.002751
2022,ERCO_NCEN_US-TX,1.011488
2022,ERCO_NRTH_US-OK,1.03513
2022,ERCO_NRTH_US-TX,1.03513
2022,ERCO_SCEN_US-TX,1.024078
2022,ERCO_SOUT_US-TX,1.014667
2022,ERCO_WEST_US-TX,1.14675
2022,FMPP_0_US-FL,0.976339
2022,FPC_0_US-FL,0.965625
2022,FPL_0_US-FL,1.007466
2022,GCPD_0_US-WA,1.029567
2022,GLHB_0_US-IL,1
2022,GRID_0_US-NM,1
2022,GRID_0_US-OR,1
2022,GRID_0_US-WA,1
2022,GRIF_0_US-AZ,1
2022,GVL_0_US-FL,0.99823
2022,GWA_0_US-MT,1
2022,HGMA_0_US-AZ,1
2022,HQT_0_CA-NL,1
2022,HQT_0_CA-QC,1
2022,HST_0_US-FL,1.025862
2022,IESO_0_CA-ON,0
2022,IID_0_US-AZ,0.969109
2022,IID_0_US-CA,0.969109
2022,IPCO_0_US-ID,0.997541
2022,IPCO_0_US-NV,0.997541
2022,IPCO_0_US-OR,0.997541
2022,IPCO_0_US-UT,0.997541
2022,ISNE_4001_US-ME,1.004729
2022,ISNE_4002_US-ME,1.010967
2022,ISNE_4002_US-NH,1.010967
2022,ISNE_4002_US-VT,1.010967
2022,ISNE_4003_US-NH,1.049661
2022,ISNE_4003_US-NY,1.049661
2022,ISNE_4003_US-VT,1.049661
2022,ISNE_4004_US-CT,1.030018
2022,ISNE_4005_US-MA,1.019074
2022,ISNE_4005_US-RI,1.019074
2022,ISNE_4006_US-MA,1.029241
2022,ISNE_4006_US-RI,1.029241
2022,ISNE_4007_US-MA,1.028046
2022,ISNE_4007_US-NY,1.028046
2022,ISNE_4007_US-VT,1.028046
2022,ISNE_4008_US-MA,1.025479
2022,ISNE_4008_US-NH,1.025479
2022,JEA_0_US-FL,1.024012
2022,LDWP_0_US-AZ,0.959645
2022,LDWP_0_US-CA,0.959645
2022,LDWP_0_US-NV,0.959645
2022,LDWP_0_US-UT,0.959645
2022,LGEE_0_US-IN,0.993709
2022,LGEE_0_US-KY,0.993709
2022,LGEE_0_US-VA,0.993709
2022,MHEB_0_CA-MB,0
2022,MISO_01_US-IA,1.020557
2022,MISO_01_US-IL,1.020557
2022,MISO_01_US-MI,1.020557
2022,MISO_01_US-MN,1.020557
2022,MISO_01_US-MT,1.020557
2022,MISO_01_US-ND,1.020557
2022,MISO_01_US-SD,1.020557
2022,MISO_01_US-WI,1.020557
2022,MISO_02_US-IA,1.026367
2022,MISO_02_US-IL,1.026367
2022,MISO_02_US-MI,1.026367
2022,MISO_02_US-MN,1.026367
2022,MISO_02_US-WI,1.026367
2022,MISO_03_US-IA,1.025013
2022,MISO_03_US-IL,1.025013
2022,MISO_03_US-MN,1.025013
2022,MISO_03_US-MO,1.025013
2022,MISO_03_US-SD,1.025013
2022,MISO_04_US-IL,1.009594
2022,MISO_04_US-KY,1.009594
2022,MISO_04_US-MO,1.009594
2022,MISO_05_US-IA,1.006779
2022,MISO_05_US-IL,1.006779
2022,MISO_05_US-MO,1.006779
2022,MISO_06_US-IL,1.020409
2022,MISO_06_US-IN,1.020409
2022,MISO_06_US-KY,1.020409
2022,MISO_06_US-OH,1.020409
2022,MISO_07_US-MI,1.012486
2022,MISO_08_US-AR,1.01709
2022,MISO_08_US-MO,1.01709
2022,MISO_09_US-LA,1.021162
2022,MISO_09_US-TX,1.021162
2022,MISO_10_US-MS,1.022854
2022,MISO_10_US-TN,1.022854
2022,NBSO_0_CA-NB,1.421182
2022,NBSO_0_CA-PE,1.421182
2022,NBSO_0_US-ME,1.421182
2022,NEVP_0_US-CA,1.028214
2022,NEVP_0_US-NV,1.028214
2022,NEVP_0_US-OR,1.028214
2022,NSPI_0_CA-NS,1.421182
2022,NWMT_0_US-ID,1.012395
2022,NWMT_0_US-MT,1.012395
2022,NWMT_0_US-WY,1.012395
2022,NYIS_A_US-NY,1.01208
2022,NYIS_A_US-PA,1.01208
2022,NYIS_B_US-NY,1.008991
2022,NYIS_C_US-NY,1.009279
2022,NYIS_D_US-NY,1.005013
2022,NYIS_E_US-NY,1.007885
2022,NYIS_F_US-NY,1.006692
2022,NYIS_G_US-NJ,1.014512
2022,NYIS_G_US-NY,1.014512
2022,NYIS_G_US-PA,1.014512
2022,NYIS_H_US-NY,1.010219
2022,NYIS_I_US-NY,1.009181
2022,NYIS_J_US-NJ,0.996909
2022,NYIS_J_US-NY,0.996909
2022,NYIS_K_US-NY,0.99707
2022,PACE_0_US-AZ,1.006128
2022,PACE_0_US-CO,1.006128
2022,PACE_0_US-ID,1.006128
2022,PACE_0_US-MT,1.006128
2022,PACE_0_US-NV,1.006128
2022,PACE_0_US-UT,1.006128
2022,PACE_0_US-WY,1.006128
2022,PACW_0_US-CA,0.998715
2022,PACW_0_US-OR,0.998715
2022,PACW_0_US-WA,0.998715
2022,PGE_0_US-OR,1.013643
2022,PGE_0_US-WA,1.013643
2022,PJM_AE_US-NJ,1.019439
2022,PJM_AEP_US-IN,1.00722
2022,PJM_AEP_US-KY,1.00722
2022,PJM_AEP_US-MI,1.00722
2022,PJM_AEP_US-OH,1.00722
2022,PJM_AEP_US-TN,1.00722
2022,PJM_AEP_US-VA,1.00722
2022,PJM_AEP_US-WV,1.00722
2022,PJM_AP_US-MD,1.035382
2022,PJM_AP_US-OH,1.035382
2022,PJM_AP_US-PA,1.035382
2022,PJM_AP_US-VA,1.035382
2022,PJM_AP_US-WV,1.035382
2022,PJM_ATSI_US-OH,1.009796
2022,PJM_ATSI_US-PA,1.009796
2022,PJM_BC_US-MD,1.057269
2022,PJM_CE_US-IL,1.012026
2022,PJM_CE_US-IN,1.012026
2022,PJM_DAY_US-OH,1.003285
2022,PJM_DEOK_US-KY,1.012446
2022,PJM_DEOK_US-OH,1.012446
2022,PJM_DOM_US-NC,1.021617
2022,PJM_DOM_US-VA,1.021617
2022,PJM_DOM_US-WV,1.021617
2022,PJM_DPL_US-DE,1.06927
2022,PJM_DPL_US-MD,1.06927
2022,PJM_DPL_US-NJ,1.06927
2022,PJM_DPL_US-PA,1.06927
2022,PJM_DPL_US-VA,1.06927
2022,PJM_DUQ_US-PA,1.018149
2022,PJM_EKPC_US-KY,1.009129
2022,PJM_JC_US-NJ,1.010933
2022,PJM_JC_US-NY,1.010933
2022,PJM_ME_US-PA,1.013694
2022,PJM_PE_US-DE,1.012583
2022,PJM_PE_US-MD,1.012583
2022,PJM_PE_US-NJ,1.012583
2022,PJM_PE_US-PA,1.012583
2022,PJM_PEP_US-DC,0.89048
2022,PJM_PEP_US-MD,0.89048
2022,PJM_PEP_US-VA,0.89048
2022,PJM_PL_US-MD,1.009914
2022,PJM_PL_US-PA,1.009914
2022,PJM_PN_US-MD,1.001704
2022,PJM_PN_US-PA,1.001704
2022,PJM_PS_US-NJ,1.026133
2022,PJM_PS_US-PA,1.026133
2022,PJM_RECO_US-NJ,1.202703
2022,PNM_ACMA_US-NM,1
2022,PNM_CYGA_US-NM,1
2022,PNM_Frep_US-NM,0.964286
2022,PNM_Jica_US-NM,1
2022,PNM_KAFB_US-NM,0.943662
2022,PNM_KCEC_US-NM,0.952381
2022,PNM_LAC_US-NM,0.94382
2022,PNM_NTUA_US-NM,0
2022,PNM_PNM_US-NM,1.023929
2022,PNM_TSGT_US-AZ,0.848866
2022,PNM_TSGT_US-NM,0.848866
2022,PSCO_0_US-CO,1.02588
2022,PSCO_0_US-WY,1.02588
2022,PSEI_0_US-WA,1.061714
2022,SC_0_US-SC,1.014455
2022,SCEG_0_US-GA,1.001291
2022,SCEG_0_US-SC,1.001291
2022,SCL_0_US-WA,1.031333
2022,SEC_0_US-FL,0.965625
2022,SEPA_0_US-GA,1
2022,SEPA_0_US-SC,1
2022,SOCO_0_US-AL,1.007632
2022,SOCO_0_US-FL,1.007632
2022,SOCO_0_US-GA,1.007632
2022,SOCO_0_US-MS,1.007632
2022,SOCO_0_US-SC,1.007632
2022,SPA_0_US-AR,1.294444
2022,SPA_0_US-MO,1.294444
2022,SPA_0_US-OK,1.294444
2022,SPA_0_US-TX,1.294444
2022,SPC_0_CA-SK,0
2022,SRP_0_US-AZ,1.016821
2022,SWPP_CSWS_US-AR,1.016493
2022,SWPP_CSWS_US-LA,1.016493
2022,SWPP_CSWS_US-OK,1.016493
2022,SWPP_CSWS_US-TX,1.016493
2022,SWPP_EDE_US-AR,1.03586
2022,SWPP_EDE_US-KS,1.03586
2022,SWPP_EDE_US-MO,1.03586
2022,SWPP_EDE_US-OK,1.03586
2022,SWPP_GRDA_US-AR,0.920565
2022,SWPP_GRDA_US-KS,0.920565
2022,SWPP_GRDA_US-OK,0.920565
2022,SWPP_INDN_US-MO,1.018657
2022,SWPP_KACY_US-KS,1.014675
2022,SWPP_KCPL_US-KS,1.016297
2022,SWPP_KCPL_US-MO,1.016297
2022,SWPP_LES_US-NE,1.055191
2022,SWPP_MPS_US-MO,1.017755
2022,SWPP_NPPD_US-CO,0.96091
2022,SWPP_NPPD_US-NE,0.96091
2022,SWPP_NPPD_US-SD,0.96091
2022,SWPP_OKGE_US-AR,1.003402
2022,SWPP_OKGE_US-OK,1.003402
2022,SWPP_OKGE_US-TX,1.003402
2022,SWPP_OPPD_US-NE,1.055074
2022,SWPP_SECI_US-KS,1.055912
2022,SWPP_SPRM_US-MO,1.017196
2022,SWPP_SPS_US-CO,1.01242
2022,SWPP_SPS_US-KS,1.01242
2022,SWPP_SPS_US-NM,1.01242
2022,SWPP_SPS_US-OK,1.01242
2022,SWPP_SPS_US-TX,1.01242
2022,SWPP_WAUE_US-IA,0.93937
2022,SWPP_WAUE_US-MN,0.93937
2022,SWPP_WAUE_US-MT,0.93937
2022,SWPP_WAUE_US-ND,0.93937
2022,SWPP_WAUE_US-NE,0.93937
2022,SWPP_WAUE_US-SD,0.93937
2022,SWPP_WAUE_US-WY,0.93937
2022,SWPP_WFEC_US-KS,0.990364
2022,SWPP_WFEC_US-OK,0.990364
2022,SWPP_WFEC_US-TX,0.990364
2022,SWPP_WR_US-KS,0.951608
2022,SWPP_WR_US-MO,0.951608
2022,TAL_0_US-FL,1.012678
2022,TEC_0_US-FL,1.008696
2022,TEPC_0_MX-SON,1.008968
2022,TEPC_0_US-AZ,1.008968
2022,TEPC_0_US-NM,1.008968
2022,TIDC_0_US-CA,0.923191
2022,TPWR_0_US-WA,1.032025
2022,TVA_0_US-AL,1.014634
2022,TVA_0_US-GA,1.014634
2022,TVA_0_US-KY,1.014634
2022,TVA_0_US-MS,1.014634
2022,TVA_0_US-NC,1.014634
2022,TVA_0_US-TN,1.014634
2022,TVA_0_US-VA,1.014634
2022,WACM_0_US-AZ,1.074047
2022,WACM_0_US-CO,1.074047
2022,WACM_0_US-MT,1.074047
2022,WACM_0_US-NE,1.074047
2022,WACM_0_US-NM,1.074047
2022,WACM_0_US-SD,1.074047
2022,WACM_0_US-UT,1.074047
2022,WACM_0_US-WY,1.074047
2022,WALC_0_US-AZ,1.044983
2022,WALC_0_US-CA,1.044983
2022,WALC_0_US-NV,1.044983
2022,WAUW_0_US-MT,1.095745
2022,WWA_0_US-MT,1
2022,YAD_0_US-NC,1
2023,AEC_0_US-AL,0
2023,AEC_0_US-FL,0
2023,AECI_0_US-AR,0
2023,AECI_0_US-IA,0
2023,AECI_0_US-MO,0
2023,AECI_0_US-OK,0
2023,AESO_CENT_CA-AB,0
2023,AESO_CGY_CA-AB,0
2023,AESO_EDM_CA-AB,0
2023,AESO_NE_CA-AB,0
2023,AESO_NW_CA-AB,0
2023,AESO_NW_CA-BC,0
2023,AESO_SOUT_CA-AB,0
2023,AVA_0_US-ID,1.007569
2023,AVA_0_US-MT,1.007569
2023,AVA_0_US-OR,1.007569
2023,AVA_0_US-WA,1.007569
2023,AVRN_0_US-OR,1
2023,AVRN_0_US-WA,1
2023,AZPS_0_US-AZ,1.076626
2023,AZPS_0_US-CA,1.076626
2023,AZPS_0_US-NM,1.076626
2023,AZPS_0_US-NV,1.076626
2023,BANC_0_US-CA,0.924498
2023,BCHA_0_CA-BC,0
2023,BPAT_0_CA-BC,1.03981
2023,BPAT_0_US-CA,1.03981
2023,BPAT_0_US-ID,1.03981
2023,BPAT_0_US-MT,1.03981
2023,BPAT_0_US-OR,1.03981
2023,BPAT_0_US-WA,1.03981
2023,CEN_0_MX-COA,0
2023,CEN_0_MX-NLE,0
2023,CENB_0_MX-BCN,0
2023,CENB_0_MX-SON,0
2023,CHPD_0_US-WA,1.044898
2023,CISO_PGAE_US-CA,1.142514
2023,CISO_PGAE_US-OR,1.142514
2023,CISO_SCE_US-AZ,1.043511
2023,CISO_SCE_US-CA,1.043511
2023,CISO_SCE_US-NV,1.043511
2023,CISO_SDGE_MX-BCN,1.082995
2023,CISO_SDGE_US-AZ,1.082995
2023,CISO_SDGE_US-CA,1.082995
2023,CISO_VEA_US-NV,0.980132
2023,CPLE_0_US-NC,1.039447
2023,CPLE_0_US-SC,1.039447
2023,CPLW_0_US-NC,0.881474
2023,DEAA_0_US-AZ,1
2023,DOPD_0_US-WA,1.049251
2023,DUK_0_US-NC,1.02905
2023,DUK_0_US-SC,1.02905
2023,DUK_0_US-VA,1.02905
2023,EPE_0_US-NM,1.030702
2023,EPE_0_US-TX,1.030702
2023,ERCO_COAS_US-TX,1.020604
2023,ERCO_EAST_US-TX,1.230417
2023,ERCO_FWES_US-TX,1.005503
2023,ERCO_NCEN_US-TX,1.023131
2023,ERCO_NRTH_US-OK,1.071704
2023,ERCO_NRTH_US-TX,1.071704
2023,ERCO_SCEN_US-TX,1.048758
2023,ERCO_SOUT_US-TX,1.029664
2023,ERCO_WEST_US-TX,1.31525
2023,FMPP_0_US-FL,0.952951
2023,FPC_0_US-FL,0.932375
2023,FPL_0_US-FL,1.014995
2023,GCPD_0_US-WA,1.06019
2023,GLHB_0_US-IL,1
2023,GRID_0_US-NM,1
2023,GRID_0_US-OR,1
2023,GRID_0_US-WA,1
2023,GRIF_0_US-AZ,1
2023,GVL_0_US-FL,0.99469
2023,GWA_0_US-MT,1
2023,HGMA_0_US-AZ,1
2023,HQT_0_CA-NL,1
2023,HQT_0_CA-QC,1
2023,HST_0_US-FL,1.051724
2023,IESO_0_CA-ON,0
2023,IID_0_US-AZ,0.938217
2023,IID_0_US-CA,0.938217
2023,IPCO_0_US-ID,0.994836
2023,IPCO_0_US-NV,0.994836
2023,IPCO_0_US-OR,0.994836
2023,IPCO_0_US-UT,0.994836
2023,ISNE_4001_US-ME,1.009458
2023,ISNE_4002_US-ME,1.021933
2023,ISNE_4002_US-NH,1.021933
2023,ISNE_4002_US-VT,1.021933
2023,ISNE_4003_US-NH,1.10158
2023,ISNE_4003_US-NY,1.10158
2023,ISNE_4003_US-VT,1.10158
2023,ISNE_4004_US-CT,1.060807
2023,ISNE_4005_US-MA,1.038692
2023,ISNE_4005_US-RI,1.038692
2023,ISNE_4006_US-MA,1.059351
2023,ISNE_4006_US-RI,1.059351
2023,ISNE_4007_US-MA,1.057298
2023,ISNE_4007_US-NY,1.057298
2023,ISNE_4007_US-VT,1.057298
2023,ISNE_4008_US-MA,1.051533
2023,ISNE_4008_US-NH,1.051533
2023,JEA_0_US-FL,1.048412
2023,LDWP_0_US-AZ,0.920738
2023,LDWP_0_US-CA,0.920738
2023,LDWP_0_US-NV,0.920738
2023,LDWP_0_US-UT,0.920738
2023,LGEE_0_US-IN,0.987418
2023,LGEE_0_US-KY,0.987418
2023,LGEE_0_US-VA,0.987418
2023,MHEB_0_CA-MB,0
2023,MISO_01_US-IA,1.041542
2023,MISO_01_US-IL,1.041542
2023,MISO_01_US-MI,1.041542
2023,MISO_01_US-MN,1.041542
2023,MISO_01_US-MT,1.041542
2023,MISO_01_US-ND,1.041542
2023,MISO_01_US-SD,1.041542
2023,MISO_01_US-WI,1.041542
2023,MISO_02_US-IA,1.053469
2023,MISO_02_US-IL,1.053469
2023,MISO_02_US-MI,1.053469
2023,MISO_02_US-MN,1.053469
2023,MISO_02_US-WI,1.053469
2023,MISO_03_US-IA,1.050559
2023,MISO_03_US-IL,1.050559
2023,MISO_03_US-MN,1.050559
2023,MISO_03_US-MO,1.050559
2023,MISO_03_US-SD,1.050559
2023,MISO_04_US-IL,1.019187
2023,MISO_04_US-KY,1.019187
2023,MISO_04_US-MO,1.019187
2023,MISO_05_US-IA,1.013703
2023,MISO_05_US-IL,1.013703
2023,MISO_05_US-MO,1.013703
2023,MISO_06_US-IL,1.04118
2023,MISO_06_US-IN,1.04118
2023,MISO_06_US-KY,1.04118
2023,MISO_06_US-OH,1.04118
2023,MISO_07_US-MI,1.025189
2023,MISO_08_US-AR,1.034473
2023,MISO_08_US-MO,1.034473
2023,MISO_09_US-LA,1.042761
2023,MISO_09_US-TX,1.042761
2023,MISO_10_US-MS,1.046216
2023,MISO_10_US-TN,1.046216
2023,NBSO_0_CA-NB,2.019704
2023,NBSO_0_CA-PE,2.019704
2023,NBSO_0_US-ME,2.019704
2023,NEVP_0_US-CA,1.057283
2023,NEVP_0_US-NV,1.057283
2023,NEVP_0_US-OR,1.057283
2023,NSPI_0_CA-NS,2.019704
2023,NWMT_0_US-ID,1.02479
2023,NWMT_0_US-MT,1.02479
2023,NWMT_0_US-WY,1.02479
2023,NYIS_A_US-NY,1.02416
2023,NYIS_A_US-PA,1.02416
2023,NYIS_B_US-NY,1.017982
2023,NYIS_C_US-NY,1.018558
2023,NYIS_D_US-NY,1.010025
2023,NYIS_E_US-NY,1.015771
2023,NYIS_F_US-NY,1.013384
2023,NYIS_G_US-NJ,1.029464
2023,NYIS_G_US-NY,1.029464
2023,NYIS_G_US-PA,1.029464
2023,NYIS_H_US-NY,1.021898
2023,NYIS_I_US-NY,1.017655
2023,NYIS_J_US-NJ,0.993817
2023,NYIS_J_US-NY,0.993817
2023,NYIS_K_US-NY,0.993944
2023,PACE_0_US-AZ,1.012335
2023,PACE_0_US-CO,1.012335
2023,PACE_0_US-ID,1.012335
2023,PACE_0_US-MT,1.012335
2023,PACE_0_US-NV,1.012335
2023,PACE_0_US-UT,1.012335
2023,PACE_0_US-WY,1.012335
2023,PACW_0_US-CA,0.997613
2023,PACW_0_US-OR,0.997613
2023,PACW_0_US-WA,0.997613
2023,PGE_0_US-OR,1.027734
2023,PGE_0_US-WA,1.027734
2023,PJM_AE_US-NJ,1.039626
2023,PJM_AEP_US-IN,1.014532
2023,PJM_AEP_US-KY,1.014532
2023,PJM_AEP_US-MI,1.014532
2023,PJM_AEP_US-OH,1.014532
2023,PJM_AEP_US-TN,1.014532
2023,PJM_AEP_US-VA,1.014532
2023,PJM_AEP_US-WV,1.014532
2023,PJM_AP_US-MD,1.072094
2023,PJM_AP_US-OH,1.072094
2023,PJM_AP_US-PA,1.072094
2023,PJM_AP_US-VA,1.072094
2023,PJM_AP_US-WV,1.072094
2023,PJM_ATSI_US-OH,1.01975
2023,PJM_ATSI_US-PA,1.01975
2023,PJM_BC_US-MD,1.117727
2023,PJM_CE_US-IL,1.024241
2023,PJM_CE_US-IN,1.024241
2023,PJM_DAY_US-OH,1.006271
2023,PJM_DEOK_US-KY,1.024892
2023,PJM_DEOK_US-OH,1.024892
2023,PJM_DOM_US-NC,1.043722
2023,PJM_DOM_US-VA,1.043722
2023,PJM_DOM_US-WV,1.043722
2023,PJM_DPL_US-DE,1.143325
2023,PJM_DPL_US-MD,1.143325
2023,PJM_DPL_US-NJ,1.143325
2023,PJM_DPL_US-PA,1.143325
2023,PJM_DPL_US-VA,1.143325
2023,PJM_DUQ_US-PA,1.037024
2023,PJM_EKPC_US-KY,1.01861
2023,PJM_JC_US-NJ,1.021867
2023,PJM_JC_US-NY,1.021867
2023,PJM_ME_US-PA,1.027388
2023,PJM_PE_US-DE,1.025166
2023,PJM_PE_US-MD,1.025166
2023,PJM_PE_US-NJ,1.025166
2023,PJM_PE_US-PA,1.025166
2023,PJM_PEP_US-DC,0.792923
2023,PJM_PEP_US-MD,0.792923
2023,PJM_PEP_US-VA,0.792923
2023,PJM_PL_US-MD,1.019828
2023,PJM_PL_US-PA,1.019828
2023,PJM_PN_US-MD,1.003408
2023,PJM_PN_US-PA,1.003408
2023,PJM_PS_US-NJ,1.052862
2023,PJM_PS_US-PA,1.052862
2023,PJM_RECO_US-NJ,1.452703
2023,PNM_ACMA_US-NM,1
2023,PNM_CYGA_US-NM,1
2023,PNM_Frep_US-NM,0.928571
2023,PNM_Jica_US-NM,0.75
2023,PNM_KAFB_US-NM,0.901408
2023,PNM_KCEC_US-NM,0.904762
2023,PNM_LAC_US-NM,0.876404
2023,PNM_NTUA_US-NM,0
2023,PNM_PNM_US-NM,1.04863
2023,PNM_TSGT_US-AZ,0.717884
2023,PNM_TSGT_US-NM,0.717884
2023,PSCO_0_US-CO,1.05237
2023,PSCO_0_US-WY,1.05237
2023,PSEI_0_US-WA,1.127222
2023,SC_0_US-SC,1.029126
2023,SCEG_0_US-GA,1.002582
2023,SCEG_0_US-SC,1.002582
2023,SCL_0_US-WA,1.063728
2023,SEC_0_US-FL,0.932375
2023,SEPA_0_US-GA,1
2023,SEPA_0_US-SC,1
2023,SOCO_0_US-AL,1.015309
2023,SOCO_0_US-FL,1.015309
2023,SOCO_0_US-GA,1.015309
2023,SOCO_0_US-MS,1.015309
2023,SOCO_0_US-SC,1.015309
2023,SPA_0_US-AR,1.672222
2023,SPA_0_US-MO,1.672222
2023,SPA_0_US-OK,1.672222
2023,SPA_0_US-TX,1.672222
2023,SPC_0_CA-SK,0
2023,SRP_0_US-AZ,1.034033
2023,SWPP_CSWS_US-AR,1.033197
2023,SWPP_CSWS_US-LA,1.033197
2023,SWPP_CSWS_US-OK,1.033197
2023,SWPP_CSWS_US-TX,1.033197
2023,SWPP_EDE_US-AR,1.072535
2023,SWPP_EDE_US-KS,1.072535
2023,SWPP_EDE_US-MO,1.072535
2023,SWPP_EDE_US-OK,1.072535
2023,SWPP_GRDA_US-AR,0.848191
2023,SWPP_GRDA_US-KS,0.848191
2023,SWPP_GRDA_US-OK,0.848191
2023,SWPP_INDN_US-MO,1.041045
2023,SWPP_KACY_US-KS,1.031447
2023,SWPP_KCPL_US-KS,1.032593
2023,SWPP_KCPL_US-MO,1.032593
2023,SWPP_LES_US-NE,1.113009
2023,SWPP_MPS_US-MO,1.036031
2023,SWPP_NPPD_US-CO,0.923427
2023,SWPP_NPPD_US-NE,0.923427
2023,SWPP_NPPD_US-SD,0.923427
2023,SWPP_OKGE_US-AR,1.006805
2023,SWPP_OKGE_US-OK,1.006805
2023,SWPP_OKGE_US-TX,1.006805
2023,SWPP_OPPD_US-NE,1.113165
2023,SWPP_SECI_US-KS,1.113657
2023,SWPP_SPRM_US-MO,1.035714
2023,SWPP_SPS_US-CO,1.025023
2023,SWPP_SPS_US-KS,1.025023
2023,SWPP_SPS_US-NM,1.025023
2023,SWPP_SPS_US-OK,1.025023
2023,SWPP_SPS_US-TX,1.025023
2023,SWPP_WAUE_US-IA,0.882329
2023,SWPP_WAUE_US-MN,0.882329
2023,SWPP_WAUE_US-MT,0.882329
2023,SWPP_WAUE_US-ND,0.882329
2023,SWPP_WAUE_US-NE,0.882329
2023,SWPP_WAUE_US-SD,0.882329
2023,SWPP_WAUE_US-WY,0.882329
2023,SWPP_WFEC_US-KS,0.980728
2023,SWPP_WFEC_US-OK,0.980728
2023,SWPP_WFEC_US-TX,0.980728
2023,SWPP_WR_US-KS,0.905599
2023,SWPP_WR_US-MO,0.905599
2023,TAL_0_US-FL,1.025357
2023,TEC_0_US-FL,1.017614
2023,TEPC_0_MX-SON,1.018177
2023,TEPC_0_US-AZ,1.018177
2023,TEPC_0_US-NM,1.018177
2023,TIDC_0_US-CA,0.85229
2023,TPWR_0_US-WA,1.065083
2023,TVA_0_US-AL,1.029499
2023,TVA_0_US-GA,1.029499
2023,TVA_0_US-KY,1.029499
2023,TVA_0_US-MS,1.029499
2023,TVA_0_US-NC,1.029499
2023,TVA_0_US-TN,1.029499
2023,TVA_0_US-VA,1.029499
2023,WACM_0_US-AZ,1.153674
2023,WACM_0_US-CO,1.153674
2023,WACM_0_US-MT,1.153674
2023,WACM_0_US-NE,1.153674
2023,WACM_0_US-NM,1.153674
2023,WACM_0_US-SD,1.153674
2023,WACM_0_US-UT,1.153674
2023,WACM_0_US-WY,1.153674
2023,WALC_0_US-AZ,1.091943
2023,WALC_0_US-CA,1.091943
2023,WALC_0_US-NV,1.091943
2023,WAUW_0_US-MT,1.196809
2023,WWA_0_US-MT,1
2023,YAD_0_US-NC,1
2024,AEC_0_US-AL,0
2024,AEC_0_US-FL,0
2024,AECI_0_US-AR,0
2024,AECI_0_US-IA,0
2024,AECI_0_US-MO,0
2024,AECI_0_US-OK,0
2024,AESO_CENT_CA-AB,0
2024,AESO_CGY_CA-AB,0
2024,AESO_EDM_CA-AB,0
2024,AESO_NE_CA-AB,0
2024,AESO_NW_CA-AB,0
2024,AESO_NW_CA-BC,0
2024,AESO_SOUT_CA-AB,0
2024,AVA_0_US-ID,1.011775
2024,AVA_0_US-MT,1.011775
2024,AVA_0_US-OR,1.011775
2024,AVA_0_US-WA,1.011775
2024,AVRN_0_US-OR,1
2024,AVRN_0_US-WA,1
2024,AZPS_0_US-AZ,1.117136
2024,AZPS_0_US-CA,1.117136
2024,AZPS_0_US-NM,1.117136
2024,AZPS_0_US-NV,1.117136
2024,BANC_0_US-CA,0.888772
2024,BCHA_0_CA-BC,0
2024,BPAT_0_CA-BC,1.060259
2024,BPAT_0_US-CA,1.060259
2024,BPAT_0_US-ID,1.060259
2024,BPAT_0_US-MT,1.060259
2024,BPAT_0_US-OR,1.060259
2024,BPAT_0_US-WA,1.060259
2024,CEN_0_MX-COA,0
2024,CEN_0_MX-NLE,0
2024,CENB_0_MX-BCN,0
2024,CENB_0_MX-SON,0
2024,CHPD_0_US-WA,1.069388
2024,CISO_PGAE_US-CA,1.221177
2024,CISO_PGAE_US-OR,1.221177
2024,CISO_SCE_US-AZ,1.065965
2024,CISO_SCE_US-CA,1.065965
2024,CISO_SCE_US-NV,1.065965
2024,CISO_SDGE_MX-BCN,1.127061
2024,CISO_SDGE_US-AZ,1.127061
2024,CISO_SDGE_US-CA,1.127061
2024,CISO_VEA_US-NV,0.97351
2024,CPLE_0_US-NC,1.059825
2024,CPLE_0_US-SC,1.059825
2024,CPLW_0_US-NC,0.827689
2024,DEAA_0_US-AZ,1
2024,DOPD_0_US-WA,1.074946
2024,DUK_0_US-NC,1.043919
2024,DUK_0_US-SC,1.043919
2024,DUK_0_US-VA,1.043919
2024,EPE_0_US-NM,1.046296
2024,EPE_0_US-TX,1.046296
2024,ERCO_COAS_US-TX,1.03105
2024,ERCO_EAST_US-TX,1.365
2024,ERCO_FWES_US-TX,1.008254
2024,ERCO_NCEN_US-TX,1.034891
2024,ERCO_NRTH_US-OK,1.109721
2024,ERCO_NRTH_US-TX,1.109721
2024,ERCO_SCEN_US-TX,1.073965
2024,ERCO_SOUT_US-TX,1.044825
2024,ERCO_WEST_US-TX,1.50825
2024,FMPP_0_US-FL,0.930378
2024,FPC_0_US-FL,0.900338
2024,FPL_0_US-FL,1.022558
2024,GCPD_0_US-WA,1.090813
2024,GLHB_0_US-IL,1
2024,GRID_0_US-NM,1
2024,GRID_0_US-OR,1
2024,GRID_0_US-WA,1
2024,GRIF_0_US-AZ,1
2024,GVL_0_US-FL,0.99292
2024,GWA_0_US-MT,1
2024,HGMA_0_US-AZ,1
2024,HQT_0_CA-NL,1
2024,HQT_0_CA-QC,1
2024,HST_0_US-FL,1.086207
2024,IESO_0_CA-ON,0
2024,IID_0_US-AZ,0.909091
2024,IID_0_US-CA,0.909091
2024,IPCO_0_US-ID,0.992378
2024,IPCO_0_US-NV,0.992378
2024,IPCO_0_US-OR,0.992378
2024,IPCO_0_US-UT,0.992378
2024,ISNE_4001_US-ME,1.014187
2024,ISNE_4002_US-ME,1.0329
2024,ISNE_4002_US-NH,1.0329
2024,ISNE_4002_US-VT,1.0329
2024,ISNE_4003_US-NH,1.155756
2024,ISNE_4003_US-NY,1.155756
2024,ISNE_4003_US-VT,1.155756
2024,ISNE_4004_US-CT,1.092672
2024,ISNE_4005_US-MA,1.058311
2024,ISNE_4005_US-RI,1.058311
2024,ISNE_4006_US-MA,1.09033
2024,ISNE_4006_US-RI,1.09033
2024,ISNE_4007_US-MA,1.086852
2024,ISNE_4007_US-NY,1.086852
2024,ISNE_4007_US-VT,1.086852
2024,ISNE_4008_US-MA,1.078161
2024,ISNE_4008_US-NH,1.078161
2024,JEA_0_US-FL,1.073586
2024,LDWP_0_US-AZ,0.88346
2024,LDWP_0_US-CA,0.88346
2024,LDWP_0_US-NV,0.88346
2024,LDWP_0_US-UT,0.88346
2024,LGEE_0_US-IN,0.981267
2024,LGEE_0_US-KY,0.981267
2024,LGEE_0_US-VA,0.981267
2024,MHEB_0_CA-MB,0
2024,MISO_01_US-IA,1.063016
2024,MISO_01_US-IL,1.063016
2024,MISO_01_US-MI,1.063016
2024,MISO_01_US-MN,1.063016
2024,MISO_01_US-MT,1.063016
2024,MISO_01_US-ND,1.063016
2024,MISO_01_US-SD,1.063016
2024,MISO_01_US-WI,1.063016
2024,MISO_02_US-IA,1.081224
2024,MISO_02_US-IL,1.081224
2024,MISO_02_US-MI,1.081224
2024,MISO_02_US-MN,1.081224
2024,MISO_02_US-WI,1.081224
2024,MISO_03_US-IA,1.076849
2024,MISO_03_US-IL,1.076849
2024,MISO_03_US-MN,1.076849
2024,MISO_03_US-MO,1.076849
2024,MISO_03_US-SD,1.076849
2024,MISO_04_US-IL,1.028894
2024,MISO_04_US-KY,1.028894
2024,MISO_04_US-MO,1.028894
2024,MISO_05_US-IA,1.020626
2024,MISO_05_US-IL,1.020626
2024,MISO_05_US-MO,1.020626
2024,MISO_06_US-IL,1.062432
2024,MISO_06_US-IN,1.062432
2024,MISO_06_US-KY,1.062432
2024,MISO_06_US-OH,1.062432
2024,MISO_07_US-MI,1.038
2024,MISO_08_US-AR,1.052147
2024,MISO_08_US-MO,1.052147
2024,MISO_09_US-LA,1.064796
2024,MISO_09_US-TX,1.064796
2024,MISO_10_US-MS,1.070086
2024,MISO_10_US-TN,1.070086
2024,NBSO_0_CA-NB,2.869458
2024,NBSO_0_CA-PE,2.869458
2024,NBSO_0_US-ME,2.869458
2024,NEVP_0_US-CA,1.087207
2024,NEVP_0_US-NV,1.087207
2024,NEVP_0_US-OR,1.087207
2024,NSPI_0_CA-NS,2.869458
2024,NWMT_0_US-ID,1.037186
2024,NWMT_0_US-MT,1.037186
2024,NWMT_0_US-WY,1.037186
2024,NYIS_A_US-NY,1.036618
2024,NYIS_A_US-PA,1.036618
2024,NYIS_B_US-NY,1.027473
2024,NYIS_C_US-NY,1.027837
2024,NYIS_D_US-NY,1.015038
2024,NYIS_E_US-NY,1.023656
2024,NYIS_F_US-NY,1.020494
2024,NYIS_G_US-NJ,1.044415
2024,NYIS_G_US-NY,1.044415
2024,NYIS_G_US-PA,1.044415
2024,NYIS_H_US-NY,1.032117
2024,NYIS_I_US-NY,1.026836
2024,NYIS_J_US-NJ,0.990726
2024,NYIS_J_US-NY,0.990726
2024,NYIS_K_US-NY,0.991014
2024,PACE_0_US-AZ,1.018542
2024,PACE_0_US-CO,1.018542
2024,PACE_0_US-ID,1.018542
2024,PACE_0_US-MT,1.018542
2024,PACE_0_US-NV,1.018542
2024,PACE_0_US-UT,1.018542
2024,PACE_0_US-WY,1.018542
2024,PACW_0_US-CA,0.996328
2024,PACW_0_US-OR,0.996328
2024,PACW_0_US-WA,0.996328
2024,PGE_0_US-OR,1.041825
2024,PGE_0_US-WA,1.041825
2024,PJM_AE_US-NJ,1.059813
2024,PJM_AEP_US-IN,1.021843
2024,PJM_AEP_US-KY,1.021843
2024,PJM_AEP_US-MI,1.021843
2024,PJM_AEP_US-OH,1.021843
2024,PJM_AEP_US-TN,1.021843
2024,PJM_AEP_US-VA,1.021843
2024,PJM_AEP_US-WV,1.021843
2024,PJM_AP_US-MD,1.110027
2024,PJM_AP_US-OH,1.110027
2024,PJM_AP_US-PA,1.110027
2024,PJM_AP_US-VA,1.110027
2024,PJM_AP_US-WV,1.110027
2024,PJM_ATSI_US-OH,1.029784
2024,PJM_ATSI_US-PA,1.029784
2024,PJM_BC_US-MD,1.18168
2024,PJM_CE_US-IL,1.03655
2024,PJM_CE_US-IN,1.03655
2024,PJM_DAY_US-OH,1.009555
2024,PJM_DEOK_US-KY,1.037526
2024,PJM_DEOK_US-OH,1.037526
2024,PJM_DOM_US-NC,1.066267
2024,PJM_DOM_US-VA,1.066267
2024,PJM_DOM_US-WV,1.066267
2024,PJM_DPL_US-DE,1.222418
2024,PJM_DPL_US-MD,1.222418
2024,PJM_DPL_US-NJ,1.222418
2024,PJM_DPL_US-PA,1.222418
2024,PJM_DPL_US-VA,1.222418
2024,PJM_DUQ_US-PA,1.055898
2024,PJM_EKPC_US-KY,1.02809
2024,PJM_JC_US-NJ,1.032963
2024,PJM_JC_US-NY,1.032963
2024,PJM_ME_US-PA,1.041409
2024,PJM_PE_US-DE,1.037987
2024,PJM_PE_US-MD,1.037987
2024,PJM_PE_US-NJ,1.037987
2024,PJM_PE_US-PA,1.037987
2024,PJM_PEP_US-DC,0.705981
2024,PJM_PEP_US-MD,0.705981
2024,PJM_PEP_US-VA,0.705981
2024,PJM_PL_US-MD,1.030003
2024,PJM_PL_US-PA,1.030003
2024,PJM_PN_US-MD,1.005112
2024,PJM_PN_US-PA,1.005112
2024,PJM_PS_US-NJ,1.080286
2024,PJM_PS_US-PA,1.080286
2024,PJM_RECO_US-NJ,1.756757
2024,PNM_ACMA_US-NM,1
2024,PNM_CYGA_US-NM,1
2024,PNM_Frep_US-NM,0.892857
2024,PNM_Jica_US-NM,0.75
2024,PNM_KAFB_US-NM,0.859155
2024,PNM_KCEC_US-NM,0.873016
2024,PNM_LAC_US-NM,0.831461
2024,PNM_NTUA_US-NM,0
2024,PNM_PNM_US-NM,1.073717
2024,PNM_TSGT_US-AZ,0.609572
2024,PNM_TSGT_US-NM,0.609572
2024,PSCO_0_US-CO,1.079671
2024,PSCO_0_US-WY,1.079671
2024,PSEI_0_US-WA,1.196725
2024,SC_0_US-SC,1.044013
2024,SCEG_0_US-GA,1.003873
2024,SCEG_0_US-SC,1.003873
2024,SCL_0_US-WA,1.097185
2024,SEC_0_US-FL,0.900338
2024,SEPA_0_US-GA,1
2024,SEPA_0_US-SC,1
2024,SOCO_0_US-AL,1.023052
2024,SOCO_0_US-FL,1.023052
2024,SOCO_0_US-GA,1.023052
2024,SOCO_0_US-MS,1.023052
2024,SOCO_0_US-SC,1.023052
2024,SPA_0_US-AR,2.155556
2024,SPA_0_US-MO,2.155556
2024,SPA_0_US-OK,2.155556
2024,SPA_0_US-TX,2.155556
2024,SPC_0_CA-SK,0
2024,SRP_0_US-AZ,1.051506
2024,SWPP_CSWS_US-AR,1.050215
2024,SWPP_CSWS_US-LA,1.050215
2024,SWPP_CSWS_US-OK,1.050215
2024,SWPP_CSWS_US-TX,1.050215
2024,SWPP_EDE_US-AR,1.110839
2024,SWPP_EDE_US-KS,1.110839
2024,SWPP_EDE_US-MO,1.110839
2024,SWPP_EDE_US-OK,1.110839
2024,SWPP_GRDA_US-AR,0.781112
2024,SWPP_GRDA_US-KS,0.781112
2024,SWPP_GRDA_US-OK,0.781112
2024,SWPP_INDN_US-MO,1.059701
2024,SWPP_KACY_US-KS,1.046122
2024,SWPP_KCPL_US-KS,1.049452
2024,SWPP_KCPL_US-MO,1.049452
2024,SWPP_LES_US-NE,1.17477
2024,SWPP_MPS_US-MO,1.05483
2024,SWPP_NPPD_US-CO,0.887282
2024,SWPP_NPPD_US-NE,0.887282
2024,SWPP_NPPD_US-SD,0.887282
2024,SWPP_OKGE_US-AR,1.010355
2024,SWPP_OKGE_US-OK,1.010355
2024,SWPP_OKGE_US-TX,1.010355
2024,SWPP_OPPD_US-NE,1.174651
2024,SWPP_SECI_US-KS,1.175985
2024,SWPP_SPRM_US-MO,1.05291
2024,SWPP_SPS_US-CO,1.037626
2024,SWPP_SPS_US-KS,1.037626
2024,SWPP_SPS_US-NM,1.037626
2024,SWPP_SPS_US-OK,1.037626
2024,SWPP_SPS_US-TX,1.037626
2024,SWPP_WAUE_US-IA,0.828879
2024,SWPP_WAUE_US-MN,0.828879
2024,SWPP_WAUE_US-MT,0.828879
2024,SWPP_WAUE_US-ND,0.828879
2024,SWPP_WAUE_US-NE,0.828879
2024,SWPP_WAUE_US-SD,0.828879
2024,SWPP_WAUE_US-WY,0.828879
2024,SWPP_WFEC_US-KS,0.971092
2024,SWPP_WFEC_US-OK,0.971092
2024,SWPP_WFEC_US-TX,0.971092
2024,SWPP_WR_US-KS,0.861823
2024,SWPP_WR_US-MO,0.861823
2024,TAL_0_US-FL,1.03962
2024,TEC_0_US-FL,1.026533
2024,TEPC_0_MX-SON,1.027387
2024,TEPC_0_US-AZ,1.027387
2024,TEPC_0_US-NM,1.027387
2024,TIDC_0_US-CA,0.787297
2024,TPWR_0_US-WA,1.099174
2024,TVA_0_US-AL,1.044562
2024,TVA_0_US-GA,1.044562
2024,TVA_0_US-KY,1.044562
2024,TVA_0_US-MS,1.044562
2024,TVA_0_US-NC,1.044562
2024,TVA_0_US-TN,1.044562
2024,TVA_0_US-VA,1.044562
2024,WACM_0_US-AZ,1.23907
2024,WACM_0_US-CO,1.23907
2024,WACM_0_US-MT,1.23907
2024,WACM_0_US-NE,1.23907
2024,WACM_0_US-NM,1.23907
2024,WACM_0_US-SD,1.23907
2024,WACM_0_US-UT,1.23907
2024,WACM_0_US-WY,1.23907
2024,WALC_0_US-AZ,1.14088
2024,WALC_0_US-CA,1.14088
2024,WALC_0_US-NV,1.14088
2024,WAUW_0_US-MT,1.31383
2024,WWA_0_US-MT,1
2024,YAD_0_US-NC,1
2025,AEC_0_US-AL,0
2025,AEC_0_US-FL,0
2025,AECI_0_US-AR,0
2025,AECI_0_US-IA,0
2025,AECI_0_US-MO,0
2025,AECI_0_US-OK,0
2025,AESO_CENT_CA-AB,0
2025,AESO_CGY_CA-AB,0
2025,AESO_EDM_CA-AB,0
2025,AESO_NE_CA-AB,0
2025,AESO_NW_CA-AB,0
2025,AESO_NW_CA-BC,0
2025,AESO_SOUT_CA-AB,0
2025,AVA_0_US-ID,1.015559
2025,AVA_0_US-MT,1.015559
2025,AVA_0_US-OR,1.015559
2025,AVA_0_US-WA,1.015559
2025,AVRN_0_US-OR,1
2025,AVRN_0_US-WA,1
2025,AZPS_0_US-AZ,1.159147
2025,AZPS_0_US-CA,1.159147
2025,AZPS_0_US-NM,1.159147
2025,AZPS_0_US-NV,1.159147
2025,BANC_0_US-CA,0.854629
2025,BCHA_0_CA-BC,0
2025,BPAT_0_CA-BC,1.081201
2025,BPAT_0_US-CA,1.081201
2025,BPAT_0_US-ID,1.081201
2025,BPAT_0_US-MT,1.081201
2025,BPAT_0_US-OR,1.081201
2025,BPAT_0_US-WA,1.081201
2025,CEN_0_MX-COA,0
2025,CEN_0_MX-NLE,0
2025,CENB_0_MX-BCN,0
2025,CENB_0_MX-SON,0
2025,CHPD_0_US-WA,1.093878
2025,CISO_PGAE_US-CA,1.305294
2025,CISO_PGAE_US-OR,1.305294
2025,CISO_SCE_US-AZ,1.088885
2025,CISO_SCE_US-CA,1.088885
2025,CISO_SCE_US-NV,1.088885
2025,CISO_SDGE_MX-BCN,1.17302
2025,CISO_SDGE_US-AZ,1.17302
2025,CISO_SDGE_US-CA,1.17302
2025,CISO_VEA_US-NV,0.966887
2025,CPLE_0_US-NC,1.08053
2025,CPLE_0_US-SC,1.08053
2025,CPLW_0_US-NC,0.776892
2025,DEAA_0_US-AZ,1
2025,DOPD_0_US-WA,1.100642
2025,DUK_0_US-NC,1.058986
2025,DUK_0_US-SC,1.058986
2025,DUK_0_US-VA,1.058986
2025,EPE_0_US-NM,1.062378
2025,EPE_0_US-TX,1.062378
2025,ERCO_COAS_US-TX,1.041641
2025,ERCO_EAST_US-TX,1.514167
2025,ERCO_FWES_US-TX,1.011005
2025,ERCO_NCEN_US-TX,1.046806
2025,ERCO_NRTH_US-OK,1.148701
2025,ERCO_NRTH_US-TX,1.148701
2025,ERCO_SCEN_US-TX,1.09985
2025,ERCO_SOUT_US-TX,1.060152
2025,ERCO_WEST_US-TX,1.72975
2025,FMPP_0_US-FL,0.908349
2025,FPC_0_US-FL,0.869339
2025,FPL_0_US-FL,1.030184
2025,GCPD_0_US-WA,1.123548
2025,GLHB_0_US-IL,1
2025,GRID_0_US-NM,1
2025,GRID_0_US-OR,1
2025,GRID_0_US-WA,1
2025,GRIF_0_US-AZ,1
2025,GVL_0_US-FL,0.99115
2025,GWA_0_US-MT,1
2025,HGMA_0_US-AZ,1
2025,HQT_0_CA-NL,1
2025,HQT_0_CA-QC,1
2025,HST_0_US-FL,1.112069
2025,IESO_0_CA-ON,0
2025,IID_0_US-AZ,0.880847
2025,IID_0_US-CA,0.880847
2025,IPCO_0_US-ID,0.989919
2025,IPCO_0_US-NV,0.989919
2025,IPCO_0_US-OR,0.989919
2025,IPCO_0_US-UT,0.989919
2025,ISNE_4001_US-ME,1.018917
2025,ISNE_4002_US-ME,1.044273
2025,ISNE_4002_US-NH,1.044273
2025,ISNE_4002_US-VT,1.044273
2025,ISNE_4003_US-NH,1.213318
2025,ISNE_4003_US-NY,1.213318
2025,ISNE_4003_US-VT,1.213318
2025,ISNE_4004_US-CT,1.125462
2025,ISNE_4005_US-MA,1.078474
2025,ISNE_4005_US-RI,1.078474
2025,ISNE_4006_US-MA,1.122177
2025,ISNE_4006_US-RI,1.122177
2025,ISNE_4007_US-MA,1.117612
2025,ISNE_4007_US-NY,1.117612
2025,ISNE_4007_US-VT,1.117612
2025,ISNE_4008_US-MA,1.105556
2025,ISNE_4008_US-NH,1.105556
2025,JEA_0_US-FL,1.099148
2025,LDWP_0_US-AZ,0.84781
2025,LDWP_0_US-CA,0.84781
2025,LDWP_0_US-NV,0.84781
2025,LDWP_0_US-UT,0.84781
2025,LGEE_0_US-IN,0.975115
2025,LGEE_0_US-KY,0.975115
2025,LGEE_0_US-VA,0.975115
2025,MHEB_0_CA-MB,0
2025,MISO_01_US-IA,1.084858
2025,MISO_01_US-IL,1.084858
2025,MISO_01_US-MI,1.084858
2025,MISO_01_US-MN,1.084858
2025,MISO_01_US-MT,1.084858
2025,MISO_01_US-ND,1.084858
2025,MISO_01_US-SD,1.084858
2025,MISO_01_US-WI,1.084858
2025,MISO_02_US-IA,1.109714
2025,MISO_02_US-IL,1.109714
2025,MISO_02_US-MI,1.109714
2025,MISO_02_US-MN,1.109714
2025,MISO_02_US-WI,1.109714
2025,MISO_03_US-IA,1.103779
2025,MISO_03_US-IL,1.103779
2025,MISO_03_US-MN,1.103779
2025,MISO_03_US-MO,1.103779
2025,MISO_03_US-SD,1.103779
2025,MISO_04_US-IL,1.038713
2025,MISO_04_US-KY,1.038713
2025,MISO_04_US-MO,1.038713
2025,MISO_05_US-IA,1.027549
2025,MISO_05_US-IL,1.027549
2025,MISO_05_US-MO,1.027549
2025,MISO_06_US-IL,1.084106
2025,MISO_06_US-IN,1.084106
2025,MISO_06_US-KY,1.084106
2025,MISO_06_US-OH,1.084106
2025,MISO_07_US-MI,1.050973
2025,MISO_08_US-AR,1.070114
2025,MISO_08_US-MO,1.070114
2025,MISO_09_US-LA,1.087317
2025,MISO_09_US-TX,1.087317
2025,MISO_10_US-MS,1.094464
2025,MISO_10_US-TN,1.094464
2025,NBSO_0_CA-NB,4.077586
2025,NBSO_0_CA-PE,4.077586
2025,NBSO_0_US-ME,4.077586
2025,NEVP_0_US-CA,1.11788
2025,NEVP_0_US-NV,1.11788
2025,NEVP_0_US-OR,1.11788
2025,NSPI_0_CA-NS,4.077586
2025,NWMT_0_US-ID,1.049945
2025,NWMT_0_US-MT,1.049945
2025,NWMT_0_US-WY,1.049945
2025,NYIS_A_US-NY,1.049075
2025,NYIS_A_US-PA,1.049075
2025,NYIS_B_US-NY,1.036464
2025,NYIS_C_US-NY,1.037116
2025,NYIS_D_US-NY,1.02005
2025,NYIS_E_US-NY,1.031541
2025,NYIS_F_US-NY,1.027185
2025,NYIS_G_US-NJ,1.059367
2025,NYIS_G_US-NY,1.059367
2025,NYIS_G_US-PA,1.059367
2025,NYIS_H_US-NY,1.043796
2025,NYIS_I_US-NY,1.036017
2025,NYIS_J_US-NJ,0.987634
2025,NYIS_J_US-NY,0.987634
2025,NYIS_K_US-NY,0.988084
2025,PACE_0_US-AZ,1.024829
2025,PACE_0_US-CO,1.024829
2025,PACE_0_US-ID,1.024829
2025,PACE_0_US-MT,1.024829
2025,PACE_0_US-NV,1.024829
2025,PACE_0_US-UT,1.024829
2025,PACE_0_US-WY,1.024829
2025,PACW_0_US-CA,0.995226
2025,PACW_0_US-OR,0.995226
2025,PACW_0_US-WA,0.995226
2025,PGE_0_US-OR,1.05614
2025,PGE_0_US-WA,1.05614
2025,PJM_AE_US-NJ,1.080748
2025,PJM_AEP_US-IN,1.029245
2025,PJM_AEP_US-KY,1.029245
2025,PJM_AEP_US-MI,1.029245
2025,PJM_AEP_US-OH,1.029245
2025,PJM_AEP_US-TN,1.029245
2025,PJM_AEP_US-VA,1.029245
2025,PJM_AEP_US-WV,1.029245
2025,PJM_AP_US-MD,1.149401
2025,PJM_AP_US-OH,1.149401
2025,PJM_AP_US-PA,1.149401
2025,PJM_AP_US-VA,1.149401
2025,PJM_AP_US-WV,1.149401
2025,PJM_ATSI_US-OH,1.039896
2025,PJM_ATSI_US-PA,1.039896
2025,PJM_BC_US-MD,1.249278
2025,PJM_CE_US-IL,1.049047
2025,PJM_CE_US-IN,1.049047
2025,PJM_DAY_US-OH,1.01284
2025,PJM_DEOK_US-KY,1.050349
2025,PJM_DEOK_US-OH,1.050349
2025,PJM_DOM_US-NC,1.089348
2025,PJM_DOM_US-VA,1.089348
2025,PJM_DOM_US-WV,1.089348
2025,PJM_DPL_US-DE,1.307053
2025,PJM_DPL_US-MD,1.307053
2025,PJM_DPL_US-NJ,1.307053
2025,PJM_DPL_US-PA,1.307053
2025,PJM_DPL_US-VA,1.307053
2025,PJM_DUQ_US-PA,1.075136
2025,PJM_EKPC_US-KY,1.03757
2025,PJM_JC_US-NJ,1.044223
2025,PJM_JC_US-NY,1.044223
2025,PJM_ME_US-PA,1.055755
2025,PJM_PE_US-DE,1.051045
2025,PJM_PE_US-MD,1.051045
2025,PJM_PE_US-NJ,1.051045
2025,PJM_PE_US-PA,1.051045
2025,PJM_PEP_US-DC,0.628644
2025,PJM_PEP_US-MD,0.628644
2025,PJM_PEP_US-VA,0.628644
2025,PJM_PL_US-MD,1.040177
2025,PJM_PL_US-PA,1.040177
2025,PJM_PN_US-MD,1.006817
2025,PJM_PN_US-PA,1.006817
2025,PJM_PS_US-NJ,1.108506
2025,PJM_PS_US-PA,1.108506
2025,PJM_RECO_US-NJ,2.114865
2025,PNM_ACMA_US-NM,1
2025,PNM_CYGA_US-NM,1
2025,PNM_Frep_US-NM,0.857143
2025,PNM_Jica_US-NM,0.75
2025,PNM_KAFB_US-NM,0.816901
2025,PNM_KCEC_US-NM,0.825397
2025,PNM_LAC_US-NM,0.775281
2025,PNM_NTUA_US-NM,0
2025,PNM_PNM_US-NM,1.099575
2025,PNM_TSGT_US-AZ,0.516373
2025,PNM_TSGT_US-NM,0.516373
2025,PSCO_0_US-CO,1.107581
2025,PSCO_0_US-WY,1.107581
2025,PSEI_0_US-WA,1.270421
2025,SC_0_US-SC,1.059115
2025,SCEG_0_US-GA,1.005165
2025,SCEG_0_US-SC,1.005165
2025,SCL_0_US-WA,1.131705
2025,SEC_0_US-FL,0.869339
2025,SEPA_0_US-GA,1
2025,SEPA_0_US-SC,1
2025,SOCO_0_US-AL,1.030862
2025,SOCO_0_US-FL,1.030862
2025,SOCO_0_US-GA,1.030862
2025,SOCO_0_US-MS,1.030862
2025,SOCO_0_US-SC,1.030862
2025,SPA_0_US-AR,2.788889
2025,SPA_0_US-MO,2.788889
2025,SPA_0_US-OK,2.788889
2025,SPA_0_US-TX,2.788889
2025,SPC_0_CA-SK,0
2025,SRP_0_US-AZ,1.06924
2025,SWPP_CSWS_US-AR,1.067444
2025,SWPP_CSWS_US-LA,1.067444
2025,SWPP_CSWS_US-OK,1.067444
2025,SWPP_CSWS_US-TX,1.067444
2025,SWPP_EDE_US-AR,1.150774
2025,SWPP_EDE_US-KS,1.150774
2025,SWPP_EDE_US-MO,1.150774
2025,SWPP_EDE_US-OK,1.150774
2025,SWPP_GRDA_US-AR,0.719329
2025,SWPP_GRDA_US-KS,0.719329
2025,SWPP_GRDA_US-OK,0.719329
2025,SWPP_INDN_US-MO,1.08209
2025,SWPP_KACY_US-KS,1.062893
2025,SWPP_KCPL_US-KS,1.066311
2025,SWPP_KCPL_US-MO,1.066311
2025,SWPP_LES_US-NE,1.239159
2025,SWPP_MPS_US-MO,1.073629
2025,SWPP_NPPD_US-CO,0.852744
2025,SWPP_NPPD_US-NE,0.852744
2025,SWPP_NPPD_US-SD,0.852744
2025,SWPP_OKGE_US-AR,1.013757
2025,SWPP_OKGE_US-OK,1.013757
2025,SWPP_OKGE_US-TX,1.013757
2025,SWPP_OPPD_US-NE,1.239155
2025,SWPP_SECI_US-KS,1.241063
2025,SWPP_SPRM_US-MO,1.071429
2025,SWPP_SPS_US-CO,1.050594
2025,SWPP_SPS_US-KS,1.050594
2025,SWPP_SPS_US-NM,1.050594
2025,SWPP_SPS_US-OK,1.050594
2025,SWPP_SPS_US-TX,1.050594
2025,SWPP_WAUE_US-IA,0.77862
2025,SWPP_WAUE_US-MN,0.77862
2025,SWPP_WAUE_US-MT,0.77862
2025,SWPP_WAUE_US-ND,0.77862
2025,SWPP_WAUE_US-NE,0.77862
2025,SWPP_WAUE_US-SD,0.77862
2025,SWPP_WAUE_US-WY,0.77862
2025,SWPP_WFEC_US-KS,0.961456
2025,SWPP_WFEC_US-OK,0.961456
2025,SWPP_WFEC_US-TX,0.961456
2025,SWPP_WR_US-KS,0.820131
2025,SWPP_WR_US-MO,0.820131
2025,TAL_0_US-FL,1.052298
2025,TEC_0_US-FL,1.035674
2025,TEPC_0_MX-SON,1.036597
2025,TEPC_0_US-AZ,1.036597
2025,TEPC_0_US-NM,1.036597
2025,TIDC_0_US-CA,0.726736
2025,TPWR_0_US-WA,1.134298
2025,TVA_0_US-AL,1.059855
2025,TVA_0_US-GA,1.059855
2025,TVA_0_US-KY,1.059855
2025,TVA_0_US-MS,1.059855
2025,TVA_0_US-NC,1.059855
2025,TVA_0_US-TN,1.059855
2025,TVA_0_US-VA,1.059855
2025,WACM_0_US-AZ,1.330977
2025,WACM_0_US-CO,1.330977
2025,WACM_0_US-MT,1.330977
2025,WACM_0_US-NE,1.330977
2025,WACM_0_US-NM,1.330977
2025,WACM_0_US-SD,1.330977
2025,WACM_0_US-UT,1.330977
2025,WACM_0_US-WY,1.330977
2025,WALC_0_US-AZ,1.192289
2025,WALC_0_US-CA,1.192289
2025,WALC_0_US-NV,1.192289
2025,WAUW_0_US-MT,1.43617
2025,WWA_0_US-MT,1
2025,YAD_0_US-NC,1
2026,AEC_0_US-AL,0
2026,AEC_0_US-FL,0
2026,AECI_0_US-AR,0
2026,AECI_0_US-IA,0
2026,AECI_0_US-MO,0
2026,AECI_0_US-OK,0
2026,AESO_CENT_CA-AB,0
2026,AESO_CGY_CA-AB,0
2026,AESO_EDM_CA-AB,0
2026,AESO_NE_CA-AB,0
2026,AESO_NW_CA-AB,0
2026,AESO_NW_CA-BC,0
2026,AESO_SOUT_CA-AB,0
2026,AVA_0_US-ID,1.029857
2026,AVA_0_US-MT,1.029857
2026,AVA_0_US-OR,1.029857
2026,AVA_0_US-WA,1.029857
2026,AVRN_0_US-OR,1
2026,AVRN_0_US-WA,1
2026,AZPS_0_US-AZ,1.173508
2026,AZPS_0_US-CA,1.173508
2026,AZPS_0_US-NM,1.173508
2026,AZPS_0_US-NV,1.173508
2026,BANC_0_US-CA,0.874516
2026,BCHA_0_CA-BC,0
2026,BPAT_0_CA-BC,1.096612
2026,BPAT_0_US-CA,1.096612
2026,BPAT_0_US-ID,1.096612
2026,BPAT_0_US-MT,1.096612
2026,BPAT_0_US-OR,1.096612
2026,BPAT_0_US-WA,1.096612
2026,CEN_0_MX-COA,0
2026,CEN_0_MX-NLE,0
2026,CENB_0_MX-BCN,0
2026,CENB_0_MX-SON,0
2026,CHPD_0_US-WA,1.110204
2026,CISO_PGAE_US-CA,1.335618
2026,CISO_PGAE_US-OR,1.335618
2026,CISO_SCE_US-AZ,1.114181
2026,CISO_SCE_US-CA,1.114181
2026,CISO_SCE_US-NV,1.114181
2026,CISO_SDGE_MX-BCN,1.200324
2026,CISO_SDGE_US-AZ,1.200324
2026,CISO_SDGE_US-CA,1.200324
2026,CISO_VEA_US-NV,0.980132
2026,CPLE_0_US-NC,1.090024
2026,CPLE_0_US-SC,1.090024
2026,CPLW_0_US-NC,0.783865
2026,DEAA_0_US-AZ,1
2026,DOPD_0_US-WA,1.117773
2026,DUK_0_US-NC,1.067996
2026,DUK_0_US-SC,1.067996
2026,DUK_0_US-VA,1.067996
2026,EPE_0_US-NM,1.075049
2026,EPE_0_US-TX,1.075049
2026,ERCO_COAS_US-TX,1.053627
2026,ERCO_EAST_US-TX,1.531667
2026,ERCO_FWES_US-TX,1.022646
2026,ERCO_NCEN_US-TX,1.058837
2026,ERCO_NRTH_US-OK,1.161694
2026,ERCO_NRTH_US-TX,1.161694
2026,ERCO_SCEN_US-TX,1.112491
2026,ERCO_SOUT_US-TX,1.072347
2026,ERCO_WEST_US-TX,1.74975
2026,FMPP_0_US-FL,0.91678
2026,FPC_0_US-FL,0.877392
2026,FPL_0_US-FL,1.039741
2026,GCPD_0_US-WA,1.140444
2026,GLHB_0_US-IL,1
2026,GRID_0_US-NM,1
2026,GRID_0_US-OR,1
2026,GRID_0_US-WA,1
2026,GRIF_0_US-AZ,1
2026,GVL_0_US-FL,1
2026,GWA_0_US-MT,1
2026,HGMA_0_US-AZ,1
2026,HQT_0_CA-NL,1
2026,HQT_0_CA-QC,1
2026,HST_0_US-FL,1.12069
2026,IESO_0_CA-ON,0
2026,IID_0_US-AZ,0.901147
2026,IID_0_US-CA,0.901147
2026,IPCO_0_US-ID,1.003196
2026,IPCO_0_US-NV,1.003196
2026,IPCO_0_US-OR,1.003196
2026,IPCO_0_US-UT,1.003196
2026,ISNE_4001_US-ME,1.034394
2026,ISNE_4002_US-ME,1.061332
2026,ISNE_4002_US-NH,1.061332
2026,ISNE_4002_US-VT,1.061332
2026,ISNE_4003_US-NH,1.238149
2026,ISNE_4003_US-NY,1.238149
2026,ISNE_4003_US-VT,1.238149
2026,ISNE_4004_US-CT,1.141933
2026,ISNE_4005_US-MA,1.093188
2026,ISNE_4005_US-RI,1.093188
2026,ISNE_4006_US-MA,1.142444
2026,ISNE_4006_US-RI,1.142444
2026,ISNE_4007_US-MA,1.137817
2026,ISNE_4007_US-NY,1.137817
2026,ISNE_4007_US-VT,1.137817
2026,ISNE_4008_US-MA,1.125479
2026,ISNE_4008_US-NH,1.125479
2026,JEA_0_US-FL,1.109218
2026,LDWP_0_US-AZ,0.867535
2026,LDWP_0_US-CA,0.867535
2026,LDWP_0_US-NV,0.867535
2026,LDWP_0_US-UT,0.867535
2026,LGEE_0_US-IN,0.981267
2026,LGEE_0_US-KY,0.981267
2026,LGEE_0_US-VA,0.981267
2026,MHEB_0_CA-MB,0
2026,MISO_01_US-IA,1.09948
2026,MISO_01_US-IL,1.09948
2026,MISO_01_US-MI,1.09948
2026,MISO_01_US-MN,1.09948
2026,MISO_01_US-MT,1.09948
2026,MISO_01_US-ND,1.09948
2026,MISO_01_US-SD,1.09948
2026,MISO_01_US-WI,1.09948
2026,MISO_02_US-IA,1.12351
2026,MISO_02_US-IL,1.12351
2026,MISO_02_US-MI,1.12351
2026,MISO_02_US-MN,1.12351
2026,MISO_02_US-WI,1.12351
2026,MISO_03_US-IA,1.1157
2026,MISO_03_US-IL,1.1157
2026,MISO_03_US-MN,1.1157
2026,MISO_03_US-MO,1.1157
2026,MISO_03_US-SD,1.1157
2026,MISO_04_US-IL,1.051919
2026,MISO_04_US-KY,1.051919
2026,MISO_04_US-MO,1.051919
2026,MISO_05_US-IA,1.034906
2026,MISO_05_US-IL,1.034906
2026,MISO_05_US-MO,1.034906
2026,MISO_06_US-IL,1.092294
2026,MISO_06_US-IN,1.092294
2026,MISO_06_US-KY,1.092294
2026,MISO_06_US-OH,1.092294
2026,MISO_07_US-MI,1.065189
2026,MISO_08_US-AR,1.075519
2026,MISO_08_US-MO,1.075519
2026,MISO_09_US-LA,1.092559
2026,MISO_09_US-TX,1.092559
2026,MISO_10_US-MS,1.099543
2026,MISO_10_US-TN,1.099543
2026,NBSO_0_CA-NB,4.137931
2026,NBSO_0_CA-PE,4.137931
2026,NBSO_0_US-ME,4.137931
2026,NEVP_0_US-CA,1.133055
2026,NEVP_0_US-NV,1.133055
2026,NEVP_0_US-OR,1.133055
2026,NSPI_0_CA-NS,4.137931
2026,NWMT_0_US-ID,1.065986
2026,NWMT_0_US-MT,1.065986
2026,NWMT_0_US-WY,1.065986
2026,NYIS_A_US-NY,1.061533
2026,NYIS_A_US-PA,1.061533
2026,NYIS_B_US-NY,1.048452
2026,NYIS_C_US-NY,1.049251
2026,NYIS_D_US-NY,1.031328
2026,NYIS_E_US-NY,1.043728
2026,NYIS_F_US-NY,1.039314
2026,NYIS_G_US-NJ,1.07168
2026,NYIS_G_US-NY,1.07168
2026,NYIS_G_US-PA,1.07168
2026,NYIS_H_US-NY,1.055474
2026,NYIS_I_US-NY,1.048023
2026,NYIS_J_US-NJ,0.999227
2026,NYIS_J_US-NY,0.999227
2026,NYIS_K_US-NY,0.999609
2026,PACE_0_US-AZ,1.043928
2026,PACE_0_US-CO,1.043928
2026,PACE_0_US-ID,1.043928
2026,PACE_0_US-MT,1.043928
2026,PACE_0_US-NV,1.043928
2026,PACE_0_US-UT,1.043928
2026,PACE_0_US-WY,1.043928
2026,PACW_0_US-CA,1.009548
2026,PACW_0_US-OR,1.009548
2026,PACW_0_US-WA,1.009548
2026,PGE_0_US-OR,1.070901
2026,PGE_0_US-WA,1.070901
2026,PJM_AE_US-NJ,1.099813
2026,PJM_AEP_US-IN,1.038191
2026,PJM_AEP_US-KY,1.038191
2026,PJM_AEP_US-MI,1.038191
2026,PJM_AEP_US-OH,1.038191
2026,PJM_AEP_US-TN,1.038191
2026,PJM_AEP_US-VA,1.038191
2026,PJM_AEP_US-WV,1.038191
2026,PJM_AP_US-MD,1.157054
2026,PJM_AP_US-OH,1.157054
2026,PJM_AP_US-PA,1.157054
2026,PJM_AP_US-VA,1.157054
2026,PJM_AP_US-WV,1.157054
2026,PJM_ATSI_US-OH,1.049534
2026,PJM_ATSI_US-PA,1.049534
2026,PJM_BC_US-MD,1.264013
2026,PJM_CE_US-IL,1.062347
2026,PJM_CE_US-IN,1.062347
2026,PJM_DAY_US-OH,1.022395
2026,PJM_DEOK_US-KY,1.059777
2026,PJM_DEOK_US-OH,1.059777
2026,PJM_DOM_US-NC,1.105792
2026,PJM_DOM_US-VA,1.105792
2026,PJM_DOM_US-WV,1.105792
2026,PJM_DPL_US-DE,1.321411
2026,PJM_DPL_US-MD,1.321411
2026,PJM_DPL_US-NJ,1.321411
2026,PJM_DPL_US-PA,1.321411
2026,PJM_DPL_US-VA,1.321411
2026,PJM_DUQ_US-PA,1.082396
2026,PJM_EKPC_US-KY,1.04389
2026,PJM_JC_US-NJ,1.0625
2026,PJM_JC_US-NY,1.0625
2026,PJM_ME_US-PA,1.062928
2026,PJM_PE_US-DE,1.058167
2026,PJM_PE_US-MD,1.058167
2026,PJM_PE_US-NJ,1.058167
2026,PJM_PE_US-PA,1.058167
2026,PJM_PEP_US-DC,0.636057
2026,PJM_PEP_US-MD,0.636057
2026,PJM_PEP_US-VA,0.636057
2026,PJM_PL_US-MD,1.047221
2026,PJM_PL_US-PA,1.047221
2026,PJM_PN_US-MD,1.013633
2026,PJM_PN_US-PA,1.013633
2026,PJM_PS_US-NJ,1.127981
2026,PJM_PS_US-PA,1.127981
2026,PJM_RECO_US-NJ,2.148649
2026,PNM_ACMA_US-NM,1
2026,PNM_CYGA_US-NM,1
2026,PNM_Frep_US-NM,0.869048
2026,PNM_Jica_US-NM,0.75
2026,PNM_KAFB_US-NM,0.830986
2026,PNM_KCEC_US-NM,0.84127
2026,PNM_LAC_US-NM,0.786517
2026,PNM_NTUA_US-NM,0
2026,PNM_PNM_US-NM,1.115399
2026,PNM_TSGT_US-AZ,0.523929
2026,PNM_TSGT_US-NM,0.523929
2026,PSCO_0_US-CO,1.131128
2026,PSCO_0_US-WY,1.131128
2026,PSEI_0_US-WA,1.288995
2026,SC_0_US-SC,1.067098
2026,SCEG_0_US-GA,1.012696
2026,SCEG_0_US-SC,1.012696
2026,SCL_0_US-WA,1.148168
2026,SEC_0_US-FL,0.877392
2026,SEPA_0_US-GA,1
2026,SEPA_0_US-SC,1
2026,SOCO_0_US-AL,1.039359
2026,SOCO_0_US-FL,1.039359
2026,SOCO_0_US-GA,1.039359
2026,SOCO_0_US-MS,1.039359
2026,SOCO_0_US-SC,1.039359
2026,SPA_0_US-AR,2.805556
2026,SPA_0_US-MO,2.805556
2026,SPA_0_US-OK,2.805556
2026,SPA_0_US-TX,2.805556
2026,SPC_0_CA-SK,0
2026,SRP_0_US-AZ,1.08254
2026,SWPP_CSWS_US-AR,1.074693
2026,SWPP_CSWS_US-LA,1.074693
2026,SWPP_CSWS_US-OK,1.074693
2026,SWPP_CSWS_US-TX,1.074693
2026,SWPP_EDE_US-AR,1.158924
2026,SWPP_EDE_US-KS,1.158924
2026,SWPP_EDE_US-MO,1.158924
2026,SWPP_EDE_US-OK,1.158924
2026,SWPP_GRDA_US-AR,0.723742
2026,SWPP_GRDA_US-KS,0.723742
2026,SWPP_GRDA_US-OK,0.723742
2026,SWPP_INDN_US-MO,1.089552
2026,SWPP_KACY_US-KS,1.071279
2026,SWPP_KCPL_US-KS,1.074178
2026,SWPP_KCPL_US-MO,1.074178
2026,SWPP_LES_US-NE,1.254928
2026,SWPP_MPS_US-MO,1.081462
2026,SWPP_NPPD_US-CO,0.863454
2026,SWPP_NPPD_US-NE,0.863454
2026,SWPP_NPPD_US-SD,0.863454
2026,SWPP_OKGE_US-AR,1.01997
2026,SWPP_OKGE_US-OK,1.01997
2026,SWPP_OKGE_US-TX,1.01997
2026,SWPP_OPPD_US-NE,1.254998
2026,SWPP_SECI_US-KS,1.250229
2026,SWPP_SPRM_US-MO,1.079365
2026,SWPP_SPS_US-CO,1.063562
2026,SWPP_SPS_US-KS,1.063562
2026,SWPP_SPS_US-NM,1.063562
2026,SWPP_SPS_US-OK,1.063562
2026,SWPP_SPS_US-TX,1.063562
2026,SWPP_WAUE_US-IA,0.787196
2026,SWPP_WAUE_US-MN,0.787196
2026,SWPP_WAUE_US-MT,0.787196
2026,SWPP_WAUE_US-ND,0.787196
2026,SWPP_WAUE_US-NE,0.787196
2026,SWPP_WAUE_US-SD,0.787196
2026,SWPP_WAUE_US-WY,0.787196
2026,SWPP_WFEC_US-KS,0.967345
2026,SWPP_WFEC_US-OK,0.967345
2026,SWPP_WFEC_US-TX,0.967345
2026,SWPP_WR_US-KS,0.826236
2026,SWPP_WR_US-MO,0.826236
2026,TAL_0_US-FL,1.061807
2026,TEC_0_US-FL,1.045262
2026,TEPC_0_MX-SON,1.049443
2026,TEPC_0_US-AZ,1.049443
2026,TEPC_0_US-NM,1.049443
2026,TIDC_0_US-CA,0.742984
2026,TPWR_0_US-WA,1.150826
2026,TVA_0_US-AL,1.067798
2026,TVA_0_US-GA,1.067798
2026,TVA_0_US-KY,1.067798
2026,TVA_0_US-MS,1.067798
2026,TVA_0_US-NC,1.067798
2026,TVA_0_US-TN,1.067798
2026,TVA_0_US-VA,1.067798
2026,WACM_0_US-AZ,1.351628
2026,WACM_0_US-CO,1.351628
2026,WACM_0_US-MT,1.351628
2026,WACM_0_US-NE,1.351628
2026,WACM_0_US-NM,1.351628
2026,WACM_0_US-SD,1.351628
2026,WACM_0_US-UT,1.351628
2026,WACM_0_US-WY,1.351628
2026,WALC_0_US-AZ,1.210578
2026,WALC_0_US-CA,1.210578
2026,WALC_0_US-NV,1.210578
2026,WAUW_0_US-MT,1.452128
2026,WWA_0_US-MT,1
2026,YAD_0_US-NC,1
2027,AEC_0_US-AL,0
2027,AEC_0_US-FL,0
2027,AECI_0_US-AR,0
2027,AECI_0_US-IA,0
2027,AECI_0_US-MO,0
2027,AECI_0_US-OK,0
2027,AESO_CENT_CA-AB,0
2027,AESO_CGY_CA-AB,0
2027,AESO_EDM_CA-AB,0
2027,AESO_NE_CA-AB,0
2027,AESO_NW_CA-AB,0
2027,AESO_NW_CA-BC,0
2027,AESO_SOUT_CA-AB,0
2027,AVA_0_US-ID,1.044575
2027,AVA_0_US-MT,1.044575
2027,AVA_0_US-OR,1.044575
2027,AVA_0_US-WA,1.044575
2027,AVRN_0_US-OR,1
2027,AVRN_0_US-WA,1
2027,AZPS_0_US-AZ,1.188083
2027,AZPS_0_US-CA,1.188083
2027,AZPS_0_US-NM,1.188083
2027,AZPS_0_US-NV,1.188083
2027,BANC_0_US-CA,0.894755
2027,BCHA_0_CA-BC,0
2027,BPAT_0_CA-BC,1.11222
2027,BPAT_0_US-CA,1.11222
2027,BPAT_0_US-ID,1.11222
2027,BPAT_0_US-MT,1.11222
2027,BPAT_0_US-OR,1.11222
2027,BPAT_0_US-WA,1.11222
2027,CEN_0_MX-COA,0
2027,CEN_0_MX-NLE,0
2027,CENB_0_MX-BCN,0
2027,CENB_0_MX-SON,0
2027,CHPD_0_US-WA,1.126531
2027,CISO_PGAE_US-CA,1.366643
2027,CISO_PGAE_US-OR,1.366643
2027,CISO_SCE_US-AZ,1.140035
2027,CISO_SCE_US-CA,1.140035
2027,CISO_SCE_US-NV,1.140035
2027,CISO_SDGE_MX-BCN,1.22817
2027,CISO_SDGE_US-AZ,1.22817
2027,CISO_SDGE_US-CA,1.22817
2027,CISO_VEA_US-NV,0.993377
2027,CPLE_0_US-NC,1.099599
2027,CPLE_0_US-SC,1.099599
2027,CPLW_0_US-NC,0.790837
2027,DEAA_0_US-AZ,1
2027,DOPD_0_US-WA,1.132762
2027,DUK_0_US-NC,1.077105
2027,DUK_0_US-SC,1.077105
2027,DUK_0_US-VA,1.077105
2027,EPE_0_US-NM,1.088207
2027,EPE_0_US-TX,1.088207
2027,ERCO_COAS_US-TX,1.065758
2027,ERCO_EAST_US-TX,1.549167
2027,ERCO_FWES_US-TX,1.034286
2027,ERCO_NCEN_US-TX,1.071024
2027,ERCO_NRTH_US-OK,1.175168
2027,ERCO_NRTH_US-TX,1.175168
2027,ERCO_SCEN_US-TX,1.125282
2027,ERCO_SOUT_US-TX,1.084707
2027,ERCO_WEST_US-TX,1.76975
2027,FMPP_0_US-FL,0.925211
2027,FPC_0_US-FL,0.885531
2027,FPL_0_US-FL,1.049363
2027,GCPD_0_US-WA,1.156283
2027,GLHB_0_US-IL,1
2027,GRID_0_US-NM,1
2027,GRID_0_US-OR,1
2027,GRID_0_US-WA,1
2027,GRIF_0_US-AZ,1
2027,GVL_0_US-FL,1.00885
2027,GWA_0_US-MT,1
2027,HGMA_0_US-AZ,1
2027,HQT_0_CA-NL,1
2027,HQT_0_CA-QC,1
2027,HST_0_US-FL,1.12931
2027,IESO_0_CA-ON,0
2027,IID_0_US-AZ,0.92233
2027,IID_0_US-CA,0.92233
2027,IPCO_0_US-ID,1.01672
2027,IPCO_0_US-NV,1.01672
2027,IPCO_0_US-OR,1.01672
2027,IPCO_0_US-UT,1.01672
2027,ISNE_4001_US-ME,1.049871
2027,ISNE_4002_US-ME,1.078798
2027,ISNE_4002_US-NH,1.078798
2027,ISNE_4002_US-VT,1.078798
2027,ISNE_4003_US-NH,1.261851
2027,ISNE_4003_US-NY,1.261851
2027,ISNE_4003_US-VT,1.261851
2027,ISNE_4004_US-CT,1.158713
2027,ISNE_4005_US-MA,1.107902
2027,ISNE_4005_US-RI,1.107902
2027,ISNE_4006_US-MA,1.162999
2027,ISNE_4006_US-RI,1.162999
2027,ISNE_4007_US-MA,1.158022
2027,ISNE_4007_US-NY,1.158022
2027,ISNE_4007_US-VT,1.158022
2027,ISNE_4008_US-MA,1.145594
2027,ISNE_4008_US-NH,1.145594
2027,JEA_0_US-FL,1.119675
2027,LDWP_0_US-AZ,0.887622
2027,LDWP_0_US-CA,0.887622
2027,LDWP_0_US-NV,0.887622
2027,LDWP_0_US-UT,0.887622
2027,LGEE_0_US-IN,0.987558
2027,LGEE_0_US-KY,0.987558
2027,LGEE_0_US-VA,0.987558
2027,MHEB_0_CA-MB,0
2027,MISO_01_US-IA,1.114286
2027,MISO_01_US-IL,1.114286
2027,MISO_01_US-MI,1.114286
2027,MISO_01_US-MN,1.114286
2027,MISO_01_US-MT,1.114286
2027,MISO_01_US-ND,1.114286
2027,MISO_01_US-SD,1.114286
2027,MISO_01_US-WI,1.114286
2027,MISO_02_US-IA,1.137469
2027,MISO_02_US-IL,1.137469
2027,MISO_02_US-MI,1.137469
2027,MISO_02_US-MN,1.137469
2027,MISO_02_US-WI,1.137469
2027,MISO_03_US-IA,1.127621
2027,MISO_03_US-IL,1.127621
2027,MISO_03_US-MN,1.127621
2027,MISO_03_US-MO,1.127621
2027,MISO_03_US-SD,1.127621
2027,MISO_04_US-IL,1.065237
2027,MISO_04_US-KY,1.065237
2027,MISO_04_US-MO,1.065237
2027,MISO_05_US-IA,1.042406
2027,MISO_05_US-IL,1.042406
2027,MISO_05_US-MO,1.042406
2027,MISO_06_US-IL,1.100542
2027,MISO_06_US-IN,1.100542
2027,MISO_06_US-KY,1.100542
2027,MISO_06_US-OH,1.100542
2027,MISO_07_US-MI,1.079622
2027,MISO_08_US-AR,1.081069
2027,MISO_08_US-MO,1.081069
2027,MISO_09_US-LA,1.09785
2027,MISO_09_US-TX,1.09785
2027,MISO_10_US-MS,1.104622
2027,MISO_10_US-TN,1.104622
2027,NBSO_0_CA-NB,4.200739
2027,NBSO_0_CA-PE,4.200739
2027,NBSO_0_US-ME,4.200739
2027,NEVP_0_US-CA,1.148338
2027,NEVP_0_US-NV,1.148338
2027,NEVP_0_US-OR,1.148338
2027,NSPI_0_CA-NS,4.200739
2027,NWMT_0_US-ID,1.082392
2027,NWMT_0_US-MT,1.082392
2027,NWMT_0_US-WY,1.082392
2027,NYIS_A_US-NY,1.07399
2027,NYIS_A_US-PA,1.07399
2027,NYIS_B_US-NY,1.060939
2027,NYIS_C_US-NY,1.061742
2027,NYIS_D_US-NY,1.04386
2027,NYIS_E_US-NY,1.055914
2027,NYIS_F_US-NY,1.051443
2027,NYIS_G_US-NJ,1.084433
2027,NYIS_G_US-NY,1.084433
2027,NYIS_G_US-PA,1.084433
2027,NYIS_H_US-NY,1.068613
2027,NYIS_I_US-NY,1.060734
2027,NYIS_J_US-NJ,1.010917
2027,NYIS_J_US-NY,1.010917
2027,NYIS_K_US-NY,1.01133
2027,PACE_0_US-AZ,1.063346
2027,PACE_0_US-CO,1.063346
2027,PACE_0_US-ID,1.063346
2027,PACE_0_US-MT,1.063346
2027,PACE_0_US-NV,1.063346
2027,PACE_0_US-UT,1.063346
2027,PACE_0_US-WY,1.063346
2027,PACW_0_US-CA,1.024238
2027,PACW_0_US-OR,1.024238
2027,PACW_0_US-WA,1.024238
2027,PGE_0_US-OR,1.085887
2027,PGE_0_US-WA,1.085887
2027,PJM_AE_US-NJ,1.118879
2027,PJM_AEP_US-IN,1.047228
2027,PJM_AEP_US-KY,1.047228
2027,PJM_AEP_US-MI,1.047228
2027,PJM_AEP_US-OH,1.047228
2027,PJM_AEP_US-TN,1.047228
2027,PJM_AEP_US-VA,1.047228
2027,PJM_AEP_US-WV,1.047228
2027,PJM_AP_US-MD,1.164818
2027,PJM_AP_US-OH,1.164818
2027,PJM_AP_US-PA,1.164818
2027,PJM_AP_US-VA,1.164818
2027,PJM_AP_US-WV,1.164818
2027,PJM_ATSI_US-OH,1.059172
2027,PJM_ATSI_US-PA,1.059172
2027,PJM_BC_US-MD,1.2789
2027,PJM_CE_US-IL,1.075788
2027,PJM_CE_US-IN,1.075788
2027,PJM_DAY_US-OH,1.03195
2027,PJM_DEOK_US-KY,1.069206
2027,PJM_DEOK_US-OH,1.069206
2027,PJM_DOM_US-NC,1.12253
2027,PJM_DOM_US-VA,1.12253
2027,PJM_DOM_US-WV,1.12253
2027,PJM_DPL_US-DE,1.335768
2027,PJM_DPL_US-MD,1.335768
2027,PJM_DPL_US-NJ,1.335768
2027,PJM_DPL_US-PA,1.335768
2027,PJM_DPL_US-VA,1.335768
2027,PJM_DUQ_US-PA,1.089655
2027,PJM_EKPC_US-KY,1.050211
2027,PJM_JC_US-NJ,1.081266
2027,PJM_JC_US-NY,1.081266
2027,PJM_ME_US-PA,1.070101
2027,PJM_PE_US-DE,1.065408
2027,PJM_PE_US-MD,1.065408
2027,PJM_PE_US-NJ,1.065408
2027,PJM_PE_US-PA,1.065408
2027,PJM_PEP_US-DC,0.643471
2027,PJM_PEP_US-MD,0.643471
2027,PJM_PEP_US-VA,0.643471
2027,PJM_PL_US-MD,1.054396
2027,PJM_PL_US-PA,1.054396
2027,PJM_PN_US-MD,1.020791
2027,PJM_PN_US-PA,1.020791
2027,PJM_PS_US-NJ,1.147754
2027,PJM_PS_US-PA,1.147754
2027,PJM_RECO_US-NJ,2.189189
2027,PNM_ACMA_US-NM,1
2027,PNM_CYGA_US-NM,1
2027,PNM_Frep_US-NM,0.880952
2027,PNM_Jica_US-NM,0.75
2027,PNM_KAFB_US-NM,0.84507
2027,PNM_KCEC_US-NM,0.857143
2027,PNM_LAC_US-NM,0.797753
2027,PNM_NTUA_US-NM,0
2027,PNM_PNM_US-NM,1.131223
2027,PNM_TSGT_US-AZ,0.531486
2027,PNM_TSGT_US-NM,0.531486
2027,PSCO_0_US-CO,1.15508
2027,PSCO_0_US-WY,1.15508
2027,PSEI_0_US-WA,1.307769
2027,SC_0_US-SC,1.075081
2027,SCEG_0_US-GA,1.020228
2027,SCEG_0_US-SC,1.020228
2027,SCL_0_US-WA,1.165162
2027,SEC_0_US-FL,0.885531
2027,SEPA_0_US-GA,1
2027,SEPA_0_US-SC,1
2027,SOCO_0_US-AL,1.047901
2027,SOCO_0_US-FL,1.047901
2027,SOCO_0_US-GA,1.047901
2027,SOCO_0_US-MS,1.047901
2027,SOCO_0_US-SC,1.047901
2027,SPA_0_US-AR,2.822222
2027,SPA_0_US-MO,2.822222
2027,SPA_0_US-OK,2.822222
2027,SPA_0_US-TX,2.822222
2027,SPC_0_CA-SK,0
2027,SRP_0_US-AZ,1.095971
2027,SWPP_CSWS_US-AR,1.081941
2027,SWPP_CSWS_US-LA,1.081941
2027,SWPP_CSWS_US-OK,1.081941
2027,SWPP_CSWS_US-TX,1.081941
2027,SWPP_EDE_US-AR,1.167074
2027,SWPP_EDE_US-KS,1.167074
2027,SWPP_EDE_US-MO,1.167074
2027,SWPP_EDE_US-OK,1.167074
2027,SWPP_GRDA_US-AR,0.728155
2027,SWPP_GRDA_US-KS,0.728155
2027,SWPP_GRDA_US-OK,0.728155
2027,SWPP_INDN_US-MO,1.097015
2027,SWPP_KACY_US-KS,1.079665
2027,SWPP_KCPL_US-KS,1.081765
2027,SWPP_KCPL_US-MO,1.081765
2027,SWPP_LES_US-NE,1.270696
2027,SWPP_MPS_US-MO,1.089295
2027,SWPP_NPPD_US-CO,0.874431
2027,SWPP_NPPD_US-NE,0.874431
2027,SWPP_NPPD_US-SD,0.874431
2027,SWPP_OKGE_US-AR,1.026183
2027,SWPP_OKGE_US-OK,1.026183
2027,SWPP_OKGE_US-TX,1.026183
2027,SWPP_OPPD_US-NE,1.270841
2027,SWPP_SECI_US-KS,1.259395
2027,SWPP_SPRM_US-MO,1.085979
2027,SWPP_SPS_US-CO,1.07653
2027,SWPP_SPS_US-KS,1.07653
2027,SWPP_SPS_US-NM,1.07653
2027,SWPP_SPS_US-OK,1.07653
2027,SWPP_SPS_US-TX,1.07653
2027,SWPP_WAUE_US-IA,0.795772
2027,SWPP_WAUE_US-MN,0.795772
2027,SWPP_WAUE_US-MT,0.795772
2027,SWPP_WAUE_US-ND,0.795772
2027,SWPP_WAUE_US-NE,0.795772
2027,SWPP_WAUE_US-SD,0.795772
2027,SWPP_WAUE_US-WY,0.795772
2027,SWPP_WFEC_US-KS,0.973769
2027,SWPP_WFEC_US-OK,0.973769
2027,SWPP_WFEC_US-TX,0.973769
2027,SWPP_WR_US-KS,0.832192
2027,SWPP_WR_US-MO,0.832192
2027,TAL_0_US-FL,1.071315
2027,TEC_0_US-FL,1.054849
2027,TEPC_0_MX-SON,1.06253
2027,TEPC_0_US-AZ,1.06253
2027,TEPC_0_US-NM,1.06253
2027,TIDC_0_US-CA,0.760709
2027,TPWR_0_US-WA,1.167355
2027,TVA_0_US-AL,1.075808
2027,TVA_0_US-GA,1.075808
2027,TVA_0_US-KY,1.075808
2027,TVA_0_US-MS,1.075808
2027,TVA_0_US-NC,1.075808
2027,TVA_0_US-TN,1.075808
2027,TVA_0_US-VA,1.075808
2027,WACM_0_US-AZ,1.372837
2027,WACM_0_US-CO,1.372837
2027,WACM_0_US-MT,1.372837
2027,WACM_0_US-NE,1.372837
2027,WACM_0_US-NM,1.372837
2027,WACM_0_US-SD,1.372837
2027,WACM_0_US-UT,1.372837
2027,WACM_0_US-WY,1.372837
2027,WALC_0_US-AZ,1.228868
2027,WALC_0_US-CA,1.228868
2027,WALC_0_US-NV,1.228868
2027,WAUW_0_US-MT,1.473404
2027,WWA_0_US-MT,1
2027,YAD_0_US-NC,1
2028,AEC_0_US-AL,0
2028,AEC_0_US-FL,0
2028,AECI_0_US-AR,0
2028,AECI_0_US-IA,0
2028,AECI_0_US-MO,0
2028,AECI_0_US-OK,0
2028,AESO_CENT_CA-AB,0
2028,AESO_CGY_CA-AB,0
2028,AESO_EDM_CA-AB,0
2028,AESO_NE_CA-AB,0
2028,AESO_NW_CA-AB,0
2028,AESO_NW_CA-BC,0
2028,AESO_SOUT_CA-AB,0
2028,AVA_0_US-ID,1.059294
2028,AVA_0_US-MT,1.059294
2028,AVA_0_US-OR,1.059294
2028,AVA_0_US-WA,1.059294
2028,AVRN_0_US-OR,1
2028,AVRN_0_US-WA,1
2028,AZPS_0_US-AZ,1.202765
2028,AZPS_0_US-CA,1.202765
2028,AZPS_0_US-NM,1.202765
2028,AZPS_0_US-NV,1.202765
2028,BANC_0_US-CA,0.915523
2028,BCHA_0_CA-BC,0
2028,BPAT_0_CA-BC,1.128124
2028,BPAT_0_US-CA,1.128124
2028,BPAT_0_US-ID,1.128124
2028,BPAT_0_US-MT,1.128124
2028,BPAT_0_US-OR,1.128124
2028,BPAT_0_US-WA,1.128124
2028,CEN_0_MX-COA,0
2028,CEN_0_MX-NLE,0
2028,CENB_0_MX-BCN,0
2028,CENB_0_MX-SON,0
2028,CHPD_0_US-WA,1.142857
2028,CISO_PGAE_US-CA,1.398369
2028,CISO_PGAE_US-OR,1.398369
2028,CISO_SCE_US-AZ,1.166496
2028,CISO_SCE_US-CA,1.166496
2028,CISO_SCE_US-NV,1.166496
2028,CISO_SDGE_MX-BCN,1.256556
2028,CISO_SDGE_US-AZ,1.256556
2028,CISO_SDGE_US-CA,1.256556
2028,CISO_VEA_US-NV,1.006623
2028,CPLE_0_US-NC,1.109256
2028,CPLE_0_US-SC,1.109256
2028,CPLW_0_US-NC,0.797809
2028,DEAA_0_US-AZ,1
2028,DOPD_0_US-WA,1.149893
2028,DUK_0_US-NC,1.086312
2028,DUK_0_US-SC,1.086312
2028,DUK_0_US-VA,1.086312
2028,EPE_0_US-NM,1.101365
2028,EPE_0_US-TX,1.101365
2028,ERCO_COAS_US-TX,1.078034
2028,ERCO_EAST_US-TX,1.567083
2028,ERCO_FWES_US-TX,1.046349
2028,ERCO_NCEN_US-TX,1.083366
2028,ERCO_NRTH_US-OK,1.188643
2028,ERCO_NRTH_US-TX,1.188643
2028,ERCO_SCEN_US-TX,1.138299
2028,ERCO_SOUT_US-TX,1.097231
2028,ERCO_WEST_US-TX,1.79
2028,FMPP_0_US-FL,0.933642
2028,FPC_0_US-FL,0.893757
2028,FPL_0_US-FL,1.059081
2028,GCPD_0_US-WA,1.173178
2028,GLHB_0_US-IL,1
2028,GRID_0_US-NM,1
2028,GRID_0_US-OR,1
2028,GRID_0_US-WA,1
2028,GRIF_0_US-AZ,1
2028,GVL_0_US-FL,1.017699
2028,GWA_0_US-MT,1
2028,HGMA_0_US-AZ,1
2028,HQT_0_CA-NL,1
2028,HQT_0_CA-QC,1
2028,HST_0_US-FL,1.146552
2028,IESO_0_CA-ON,0
2028,IID_0_US-AZ,0.943513
2028,IID_0_US-CA,0.943513
2028,IPCO_0_US-ID,1.030489
2028,IPCO_0_US-NV,1.030489
2028,IPCO_0_US-OR,1.030489
2028,IPCO_0_US-UT,1.030489
2028,ISNE_4001_US-ME,1.065348
2028,ISNE_4002_US-ME,1.096669
2028,ISNE_4002_US-NH,1.096669
2028,ISNE_4002_US-VT,1.096669
2028,ISNE_4003_US-NH,1.28781
2028,ISNE_4003_US-NY,1.28781
2028,ISNE_4003_US-VT,1.28781
2028,ISNE_4004_US-CT,1.1758
2028,ISNE_4005_US-MA,1.123161
2028,ISNE_4005_US-RI,1.123161
2028,ISNE_4006_US-MA,1.183845
2028,ISNE_4006_US-RI,1.183845
2028,ISNE_4007_US-MA,1.17883
2028,ISNE_4007_US-NY,1.17883
2028,ISNE_4007_US-VT,1.17883
2028,ISNE_4008_US-MA,1.166284
2028,ISNE_4008_US-NH,1.166284
2028,JEA_0_US-FL,1.130132
2028,LDWP_0_US-AZ,0.908252
2028,LDWP_0_US-CA,0.908252
2028,LDWP_0_US-NV,0.908252
2028,LDWP_0_US-UT,0.908252
2028,LGEE_0_US-IN,0.993849
2028,LGEE_0_US-KY,0.993849
2028,LGEE_0_US-VA,0.993849
2028,MHEB_0_CA-MB,0
2028,MISO_01_US-IA,1.129275
2028,MISO_01_US-IL,1.129275
2028,MISO_01_US-MI,1.129275
2028,MISO_01_US-MN,1.129275
2028,MISO_01_US-MT,1.129275
2028,MISO_01_US-ND,1.129275
2028,MISO_01_US-SD,1.129275
2028,MISO_01_US-WI,1.129275
2028,MISO_02_US-IA,1.151592
2028,MISO_02_US-IL,1.151592
2028,MISO_02_US-MI,1.151592
2028,MISO_02_US-MN,1.151592
2028,MISO_02_US-WI,1.151592
2028,MISO_03_US-IA,1.139755
2028,MISO_03_US-IL,1.139755
2028,MISO_03_US-MN,1.139755
2028,MISO_03_US-MO,1.139755
2028,MISO_03_US-SD,1.139755
2028,MISO_04_US-IL,1.078668
2028,MISO_04_US-KY,1.078668
2028,MISO_04_US-MO,1.078668
2028,MISO_05_US-IA,1.049906
2028,MISO_05_US-IL,1.049906
2028,MISO_05_US-MO,1.049906
2028,MISO_06_US-IL,1.10885
2028,MISO_06_US-IN,1.10885
2028,MISO_06_US-KY,1.10885
2028,MISO_06_US-OH,1.10885
2028,MISO_07_US-MI,1.09427
2028,MISO_08_US-AR,1.08662
2028,MISO_08_US-MO,1.08662
2028,MISO_09_US-LA,1.10314
2028,MISO_09_US-TX,1.10314
2028,MISO_10_US-MS,1.1097
2028,MISO_10_US-TN,1.1097
2028,NBSO_0_CA-NB,4.263547
2028,NBSO_0_CA-PE,4.263547
2028,NBSO_0_US-ME,4.263547
2028,NEVP_0_US-CA,1.163835
2028,NEVP_0_US-NV,1.163835
2028,NEVP_0_US-OR,1.163835
2028,NSPI_0_CA-NS,4.263547
2028,NWMT_0_US-ID,1.098797
2028,NWMT_0_US-MT,1.098797
2028,NWMT_0_US-WY,1.098797
2028,NYIS_A_US-NY,1.086448
2028,NYIS_A_US-PA,1.086448
2028,NYIS_B_US-NY,1.073427
2028,NYIS_C_US-NY,1.074233
2028,NYIS_D_US-NY,1.055138
2028,NYIS_E_US-NY,1.068817
2028,NYIS_F_US-NY,1.06399
2028,NYIS_G_US-NJ,1.097186
2028,NYIS_G_US-NY,1.097186
2028,NYIS_G_US-PA,1.097186
2028,NYIS_H_US-NY,1.080292
2028,NYIS_I_US-NY,1.07274
2028,NYIS_J_US-NJ,1.0228
2028,NYIS_J_US-NY,1.0228
2028,NYIS_K_US-NY,1.023247
2028,PACE_0_US-AZ,1.083081
2028,PACE_0_US-CO,1.083081
2028,PACE_0_US-ID,1.083081
2028,PACE_0_US-MT,1.083081
2028,PACE_0_US-NV,1.083081
2028,PACE_0_US-UT,1.083081
2028,PACE_0_US-WY,1.083081
2028,PACW_0_US-CA,1.039111
2028,PACW_0_US-OR,1.039111
2028,PACW_0_US-WA,1.039111
2028,PGE_0_US-OR,1.101096
2028,PGE_0_US-WA,1.101096
2028,PJM_AE_US-NJ,1.138692
2028,PJM_AEP_US-IN,1.056355
2028,PJM_AEP_US-KY,1.056355
2028,PJM_AEP_US-MI,1.056355
2028,PJM_AEP_US-OH,1.056355
2028,PJM_AEP_US-TN,1.056355
2028,PJM_AEP_US-VA,1.056355
2028,PJM_AEP_US-WV,1.056355
2028,PJM_AP_US-MD,1.172582
2028,PJM_AP_US-OH,1.172582
2028,PJM_AP_US-PA,1.172582
2028,PJM_AP_US-VA,1.172582
2028,PJM_AP_US-WV,1.172582
2028,PJM_ATSI_US-OH,1.068968
2028,PJM_ATSI_US-PA,1.068968
2028,PJM_BC_US-MD,1.293939
2028,PJM_CE_US-IL,1.089417
2028,PJM_CE_US-IN,1.089417
2028,PJM_DAY_US-OH,1.041804
2028,PJM_DEOK_US-KY,1.078635
2028,PJM_DEOK_US-OH,1.078635
2028,PJM_DOM_US-NC,1.139462
2028,PJM_DOM_US-VA,1.139462
2028,PJM_DOM_US-WV,1.139462
2028,PJM_DPL_US-DE,1.350378
2028,PJM_DPL_US-MD,1.350378
2028,PJM_DPL_US-NJ,1.350378
2028,PJM_DPL_US-PA,1.350378
2028,PJM_DPL_US-VA,1.350378
2028,PJM_DUQ_US-PA,1.097278
2028,PJM_EKPC_US-KY,1.056882
2028,PJM_JC_US-NJ,1.100196
2028,PJM_JC_US-NY,1.100196
2028,PJM_ME_US-PA,1.0776
2028,PJM_PE_US-DE,1.07265
2028,PJM_PE_US-MD,1.07265
2028,PJM_PE_US-NJ,1.07265
2028,PJM_PE_US-PA,1.07265
2028,PJM_PEP_US-DC,0.651053
2028,PJM_PEP_US-MD,0.651053
2028,PJM_PEP_US-VA,0.651053
2028,PJM_PL_US-MD,1.061571
2028,PJM_PL_US-PA,1.061571
2028,PJM_PN_US-MD,1.027607
2028,PJM_PN_US-PA,1.027607
2028,PJM_PS_US-NJ,1.167925
2028,PJM_PS_US-PA,1.167925
2028,PJM_RECO_US-NJ,2.22973
2028,PNM_ACMA_US-NM,1
2028,PNM_CYGA_US-NM,1
2028,PNM_Frep_US-NM,0.904762
2028,PNM_Jica_US-NM,1
2028,PNM_KAFB_US-NM,0.859155
2028,PNM_KCEC_US-NM,0.857143
2028,PNM_LAC_US-NM,0.808989
2028,PNM_NTUA_US-NM,0
2028,PNM_PNM_US-NM,1.147433
2028,PNM_TSGT_US-AZ,0.539043
2028,PNM_TSGT_US-NM,0.539043
2028,PSCO_0_US-CO,1.179641
2028,PSCO_0_US-WY,1.179641
2028,PSEI_0_US-WA,1.326743
2028,SC_0_US-SC,1.083064
2028,SCEG_0_US-GA,1.02776
2028,SCEG_0_US-SC,1.02776
2028,SCL_0_US-WA,1.182156
2028,SEC_0_US-FL,0.893757
2028,SEPA_0_US-GA,1
2028,SEPA_0_US-SC,1
2028,SOCO_0_US-AL,1.056532
2028,SOCO_0_US-FL,1.056532
2028,SOCO_0_US-GA,1.056532
2028,SOCO_0_US-MS,1.056532
2028,SOCO_0_US-SC,1.056532
2028,SPA_0_US-AR,2.844444
2028,SPA_0_US-MO,2.844444
2028,SPA_0_US-OK,2.844444
2028,SPA_0_US-TX,2.844444
2028,SPC_0_CA-SK,0
2028,SRP_0_US-AZ,1.109532
2028,SWPP_CSWS_US-AR,1.08919
2028,SWPP_CSWS_US-LA,1.08919
2028,SWPP_CSWS_US-OK,1.08919
2028,SWPP_CSWS_US-TX,1.08919
2028,SWPP_EDE_US-AR,1.175224
2028,SWPP_EDE_US-KS,1.175224
2028,SWPP_EDE_US-MO,1.175224
2028,SWPP_EDE_US-OK,1.175224
2028,SWPP_GRDA_US-AR,0.733451
2028,SWPP_GRDA_US-KS,0.733451
2028,SWPP_GRDA_US-OK,0.733451
2028,SWPP_INDN_US-MO,1.104478
2028,SWPP_KACY_US-KS,1.085954
2028,SWPP_KCPL_US-KS,1.089632
2028,SWPP_KCPL_US-MO,1.089632
2028,SWPP_LES_US-NE,1.286465
2028,SWPP_MPS_US-MO,1.097128
2028,SWPP_NPPD_US-CO,0.885676
2028,SWPP_NPPD_US-NE,0.885676
2028,SWPP_NPPD_US-SD,0.885676
2028,SWPP_OKGE_US-AR,1.032544
2028,SWPP_OKGE_US-OK,1.032544
2028,SWPP_OKGE_US-TX,1.032544
2028,SWPP_OPPD_US-NE,1.286684
2028,SWPP_SECI_US-KS,1.268561
2028,SWPP_SPRM_US-MO,1.093915
2028,SWPP_SPS_US-CO,1.089863
2028,SWPP_SPS_US-KS,1.089863
2028,SWPP_SPS_US-NM,1.089863
2028,SWPP_SPS_US-OK,1.089863
2028,SWPP_SPS_US-TX,1.089863
2028,SWPP_WAUE_US-IA,0.804348
2028,SWPP_WAUE_US-MN,0.804348
2028,SWPP_WAUE_US-MT,0.804348
2028,SWPP_WAUE_US-ND,0.804348
2028,SWPP_WAUE_US-NE,0.804348
2028,SWPP_WAUE_US-SD,0.804348
2028,SWPP_WAUE_US-WY,0.804348
2028,SWPP_WFEC_US-KS,0.979657
2028,SWPP_WFEC_US-OK,0.979657
2028,SWPP_WFEC_US-TX,0.979657
2028,SWPP_WR_US-KS,0.838446
2028,SWPP_WR_US-MO,0.838446
2028,TAL_0_US-FL,1.080824
2028,TEC_0_US-FL,1.06466
2028,TEPC_0_MX-SON,1.075618
2028,TEPC_0_US-AZ,1.075618
2028,TEPC_0_US-NM,1.075618
2028,TIDC_0_US-CA,0.778434
2028,TPWR_0_US-WA,1.183884
2028,TVA_0_US-AL,1.08385
2028,TVA_0_US-GA,1.08385
2028,TVA_0_US-KY,1.08385
2028,TVA_0_US-MS,1.08385
2028,TVA_0_US-NC,1.08385
2028,TVA_0_US-TN,1.08385
2028,TVA_0_US-VA,1.08385
2028,WACM_0_US-AZ,1.394233
2028,WACM_0_US-CO,1.394233
2028,WACM_0_US-MT,1.394233
2028,WACM_0_US-NE,1.394233
2028,WACM_0_US-NM,1.394233
2028,WACM_0_US-SD,1.394233
2028,WACM_0_US-UT,1.394233
2028,WACM_0_US-WY,1.394233
2028,WALC_0_US-AZ,1.247652
2028,WALC_0_US-CA,1.247652
2028,WALC_0_US-NV,1.247652
2028,WAUW_0_US-MT,1.489362
2028,WWA_0_US-MT,1
2028,YAD_0_US-NC,1
2029,AEC_0_US-AL,0
2029,AEC_0_US-FL,0
2029,AECI_0_US-AR,0
2029,AECI_0_US-IA,0
2029,AECI_0_US-MO,0
2029,AECI_0_US-OK,0
2029,AESO_CENT_CA-AB,0
2029,AESO_CGY_CA-AB,0
2029,AESO_EDM_CA-AB,0
2029,AESO_NE_CA-AB,0
2029,AESO_NW_CA-AB,0
2029,AESO_NW_CA-BC,0
2029,AESO_SOUT_CA-AB,0
2029,AVA_0_US-ID,1.074012
2029,AVA_0_US-MT,1.074012
2029,AVA_0_US-OR,1.074012
2029,AVA_0_US-WA,1.074012
2029,AVRN_0_US-OR,1
2029,AVRN_0_US-WA,1
2029,AZPS_0_US-AZ,1.217662
2029,AZPS_0_US-CA,1.217662
2029,AZPS_0_US-NM,1.217662
2029,AZPS_0_US-NV,1.217662
2029,BANC_0_US-CA,0.936818
2029,BCHA_0_CA-BC,0
2029,BPAT_0_CA-BC,1.144226
2029,BPAT_0_US-CA,1.144226
2029,BPAT_0_US-ID,1.144226
2029,BPAT_0_US-MT,1.144226
2029,BPAT_0_US-OR,1.144226
2029,BPAT_0_US-WA,1.144226
2029,CEN_0_MX-COA,0
2029,CEN_0_MX-NLE,0
2029,CENB_0_MX-BCN,0
2029,CENB_0_MX-SON,0
2029,CHPD_0_US-WA,1.161224
2029,CISO_PGAE_US-CA,1.430845
2029,CISO_PGAE_US-OR,1.430845
2029,CISO_SCE_US-AZ,1.193562
2029,CISO_SCE_US-CA,1.193562
2029,CISO_SCE_US-NV,1.193562
2029,CISO_SDGE_MX-BCN,1.285753
2029,CISO_SDGE_US-AZ,1.285753
2029,CISO_SDGE_US-CA,1.285753
2029,CISO_VEA_US-NV,1.019868
2029,CPLE_0_US-NC,1.118995
2029,CPLE_0_US-SC,1.118995
2029,CPLW_0_US-NC,0.805777
2029,DEAA_0_US-AZ,1
2029,DOPD_0_US-WA,1.167024
2029,DUK_0_US-NC,1.095569
2029,DUK_0_US-SC,1.095569
2029,DUK_0_US-VA,1.095569
2029,EPE_0_US-NM,1.114522
2029,EPE_0_US-TX,1.114522
2029,ERCO_COAS_US-TX,1.090454
2029,ERCO_EAST_US-TX,1.585
2029,ERCO_FWES_US-TX,1.058413
2029,ERCO_NCEN_US-TX,1.095824
2029,ERCO_NRTH_US-OK,1.202117
2029,ERCO_NRTH_US-TX,1.202117
2029,ERCO_SCEN_US-TX,1.151392
2029,ERCO_SOUT_US-TX,1.109756
2029,ERCO_WEST_US-TX,1.81075
2029,FMPP_0_US-FL,0.942344
2029,FPC_0_US-FL,0.901983
2029,FPL_0_US-FL,1.068896
2029,GCPD_0_US-WA,1.19113
2029,GLHB_0_US-IL,1
2029,GRID_0_US-NM,1
2029,GRID_0_US-OR,1
2029,GRID_0_US-WA,1
2029,GRIF_0_US-AZ,1
2029,GVL_0_US-FL,1.028319
2029,GWA_0_US-MT,1
2029,HGMA_0_US-AZ,1
2029,HQT_0_CA-NL,1
2029,HQT_0_CA-QC,1
2029,HST_0_US-FL,1.155172
2029,IESO_0_CA-ON,0
2029,IID_0_US-AZ,0.965578
2029,IID_0_US-CA,0.965578
2029,IPCO_0_US-ID,1.044505
2029,IPCO_0_US-NV,1.044505
2029,IPCO_0_US-OR,1.044505
2029,IPCO_0_US-UT,1.044505
2029,ISNE_4001_US-ME,1.081255
2029,ISNE_4002_US-ME,1.114947
2029,ISNE_4002_US-NH,1.114947
2029,ISNE_4002_US-VT,1.114947
2029,ISNE_4003_US-NH,1.31377
2029,ISNE_4003_US-NY,1.31377
2029,ISNE_4003_US-VT,1.31377
2029,ISNE_4004_US-CT,1.193042
2029,ISNE_4005_US-MA,1.13842
2029,ISNE_4005_US-RI,1.13842
2029,ISNE_4006_US-MA,1.20498
2029,ISNE_4006_US-RI,1.20498
2029,ISNE_4007_US-MA,1.200241
2029,ISNE_4007_US-NY,1.200241
2029,ISNE_4007_US-VT,1.200241
2029,ISNE_4008_US-MA,1.187356
2029,ISNE_4008_US-NH,1.187356
2029,JEA_0_US-FL,1.140589
2029,LDWP_0_US-AZ,0.929425
2029,LDWP_0_US-CA,0.929425
2029,LDWP_0_US-NV,0.929425
2029,LDWP_0_US-UT,0.929425
2029,LGEE_0_US-IN,1.00014
2029,LGEE_0_US-KY,1.00014
2029,LGEE_0_US-VA,1.00014
2029,MHEB_0_CA-MB,0
2029,MISO_01_US-IA,1.144448
2029,MISO_01_US-IL,1.144448
2029,MISO_01_US-MI,1.144448
2029,MISO_01_US-MN,1.144448
2029,MISO_01_US-MT,1.144448
2029,MISO_01_US-ND,1.144448
2029,MISO_01_US-SD,1.144448
2029,MISO_01_US-WI,1.144448
2029,MISO_02_US-IA,1.165878
2029,MISO_02_US-IL,1.165878
2029,MISO_02_US-MI,1.165878
2029,MISO_02_US-MN,1.165878
2029,MISO_02_US-WI,1.165878
2029,MISO_03_US-IA,1.152102
2029,MISO_03_US-IL,1.152102
2029,MISO_03_US-MN,1.152102
2029,MISO_03_US-MO,1.152102
2029,MISO_03_US-SD,1.152102
2029,MISO_04_US-IL,1.092325
2029,MISO_04_US-KY,1.092325
2029,MISO_04_US-MO,1.092325
2029,MISO_05_US-IA,1.057407
2029,MISO_05_US-IL,1.057407
2029,MISO_05_US-MO,1.057407
2029,MISO_06_US-IL,1.117279
2029,MISO_06_US-IN,1.117279
2029,MISO_06_US-KY,1.117279
2029,MISO_06_US-OH,1.117279
2029,MISO_07_US-MI,1.109081
2029,MISO_08_US-AR,1.092171
2029,MISO_08_US-MO,1.092171
2029,MISO_09_US-LA,1.108479
2029,MISO_09_US-TX,1.108479
2029,MISO_10_US-MS,1.115033
2029,MISO_10_US-TN,1.115033
2029,NBSO_0_CA-NB,4.326355
2029,NBSO_0_CA-PE,4.326355
2029,NBSO_0_US-ME,4.326355
2029,NEVP_0_US-CA,1.179652
2029,NEVP_0_US-NV,1.179652
2029,NEVP_0_US-OR,1.179652
2029,NSPI_0_CA-NS,4.326355
2029,NWMT_0_US-ID,1.115567
2029,NWMT_0_US-MT,1.115567
2029,NWMT_0_US-WY,1.115567
2029,NYIS_A_US-NY,1.099283
2029,NYIS_A_US-PA,1.099283
2029,NYIS_B_US-NY,1.085914
2029,NYIS_C_US-NY,1.086724
2029,NYIS_D_US-NY,1.067669
2029,NYIS_E_US-NY,1.081004
2029,NYIS_F_US-NY,1.076537
2029,NYIS_G_US-NJ,1.109938
2029,NYIS_G_US-NY,1.109938
2029,NYIS_G_US-PA,1.109938
2029,NYIS_H_US-NY,1.093431
2029,NYIS_I_US-NY,1.085452
2029,NYIS_J_US-NJ,1.034779
2029,NYIS_J_US-NY,1.034779
2029,NYIS_K_US-NY,1.035163
2029,PACE_0_US-AZ,1.103215
2029,PACE_0_US-CO,1.103215
2029,PACE_0_US-ID,1.103215
2029,PACE_0_US-MT,1.103215
2029,PACE_0_US-NV,1.103215
2029,PACE_0_US-UT,1.103215
2029,PACE_0_US-WY,1.103215
2029,PACW_0_US-CA,1.054168
2029,PACW_0_US-OR,1.054168
2029,PACW_0_US-WA,1.054168
2029,PGE_0_US-OR,1.116305
2029,PGE_0_US-WA,1.116305
2029,PJM_AE_US-NJ,1.158879
2029,PJM_AEP_US-IN,1.065528
2029,PJM_AEP_US-KY,1.065528
2029,PJM_AEP_US-MI,1.065528
2029,PJM_AEP_US-OH,1.065528
2029,PJM_AEP_US-TN,1.065528
2029,PJM_AEP_US-VA,1.065528
2029,PJM_AEP_US-WV,1.065528
2029,PJM_AP_US-MD,1.180346
2029,PJM_AP_US-OH,1.180346
2029,PJM_AP_US-PA,1.180346
2029,PJM_AP_US-VA,1.180346
2029,PJM_AP_US-WV,1.180346
2029,PJM_ATSI_US-OH,1.078843
2029,PJM_ATSI_US-PA,1.078843
2029,PJM_BC_US-MD,1.30913
2029,PJM_CE_US-IL,1.103235
2029,PJM_CE_US-IN,1.103235
2029,PJM_DAY_US-OH,1.051657
2029,PJM_DEOK_US-KY,1.088252
2029,PJM_DEOK_US-OH,1.088252
2029,PJM_DOM_US-NC,1.156688
2029,PJM_DOM_US-VA,1.156688
2029,PJM_DOM_US-WV,1.156688
2029,PJM_DPL_US-DE,1.365239
2029,PJM_DPL_US-MD,1.365239
2029,PJM_DPL_US-NJ,1.365239
2029,PJM_DPL_US-PA,1.365239
2029,PJM_DPL_US-VA,1.365239
2029,PJM_DUQ_US-PA,1.104537
2029,PJM_EKPC_US-KY,1.063202
2029,PJM_JC_US-NJ,1.119615
2029,PJM_JC_US-NY,1.119615
2029,PJM_ME_US-PA,1.084773
2029,PJM_PE_US-DE,1.080009
2029,PJM_PE_US-MD,1.080009
2029,PJM_PE_US-NJ,1.080009
2029,PJM_PE_US-PA,1.080009
2029,PJM_PEP_US-DC,0.658804
2029,PJM_PEP_US-MD,0.658804
2029,PJM_PEP_US-VA,0.658804
2029,PJM_PL_US-MD,1.068876
2029,PJM_PL_US-PA,1.068876
2029,PJM_PN_US-MD,1.034765
2029,PJM_PN_US-PA,1.034765
2029,PJM_PS_US-NJ,1.188494
2029,PJM_PS_US-PA,1.188494
2029,PJM_RECO_US-NJ,2.263514
2029,PNM_ACMA_US-NM,1
2029,PNM_CYGA_US-NM,1
2029,PNM_Frep_US-NM,0.916667
2029,PNM_Jica_US-NM,1
2029,PNM_KAFB_US-NM,0.873239
2029,PNM_KCEC_US-NM,0.873016
2029,PNM_LAC_US-NM,0.820225
2029,PNM_NTUA_US-NM,0
2029,PNM_PNM_US-NM,1.164029
2029,PNM_TSGT_US-AZ,0.546599
2029,PNM_TSGT_US-NM,0.546599
2029,PSCO_0_US-CO,1.204608
2029,PSCO_0_US-WY,1.204608
2029,PSEI_0_US-WA,1.346115
2029,SC_0_US-SC,1.091046
2029,SCEG_0_US-GA,1.035507
2029,SCEG_0_US-SC,1.035507
2029,SCL_0_US-WA,1.19915
2029,SEC_0_US-FL,0.901983
2029,SEPA_0_US-GA,1
2029,SEPA_0_US-SC,1
2029,SOCO_0_US-AL,1.065251
2029,SOCO_0_US-FL,1.065251
2029,SOCO_0_US-GA,1.065251
2029,SOCO_0_US-MS,1.065251
2029,SOCO_0_US-SC,1.065251
2029,SPA_0_US-AR,2.861111
2029,SPA_0_US-MO,2.861111
2029,SPA_0_US-OK,2.861111
2029,SPA_0_US-TX,2.861111
2029,SPC_0_CA-SK,0
2029,SRP_0_US-AZ,1.123223
2029,SWPP_CSWS_US-AR,1.096544
2029,SWPP_CSWS_US-LA,1.096544
2029,SWPP_CSWS_US-OK,1.096544
2029,SWPP_CSWS_US-TX,1.096544
2029,SWPP_EDE_US-AR,1.184189
2029,SWPP_EDE_US-KS,1.184189
2029,SWPP_EDE_US-MO,1.184189
2029,SWPP_EDE_US-OK,1.184189
2029,SWPP_GRDA_US-AR,0.737864
2029,SWPP_GRDA_US-KS,0.737864
2029,SWPP_GRDA_US-OK,0.737864
2029,SWPP_INDN_US-MO,1.11194
2029,SWPP_KACY_US-KS,1.09434
2029,SWPP_KCPL_US-KS,1.09778
2029,SWPP_KCPL_US-MO,1.09778
2029,SWPP_LES_US-NE,1.302234
2029,SWPP_MPS_US-MO,1.104961
2029,SWPP_NPPD_US-CO,0.896921
2029,SWPP_NPPD_US-NE,0.896921
2029,SWPP_NPPD_US-SD,0.896921
2029,SWPP_OKGE_US-AR,1.038905
2029,SWPP_OKGE_US-OK,1.038905
2029,SWPP_OKGE_US-TX,1.038905
2029,SWPP_OPPD_US-NE,1.302905
2029,SWPP_SECI_US-KS,1.278643
2029,SWPP_SPRM_US-MO,1.101852
2029,SWPP_SPS_US-CO,1.103196
2029,SWPP_SPS_US-KS,1.103196
2029,SWPP_SPS_US-NM,1.103196
2029,SWPP_SPS_US-OK,1.103196
2029,SWPP_SPS_US-TX,1.103196
2029,SWPP_WAUE_US-IA,0.813123
2029,SWPP_WAUE_US-MN,0.813123
2029,SWPP_WAUE_US-MT,0.813123
2029,SWPP_WAUE_US-ND,0.813123
2029,SWPP_WAUE_US-NE,0.813123
2029,SWPP_WAUE_US-SD,0.813123
2029,SWPP_WAUE_US-WY,0.813123
2029,SWPP_WFEC_US-KS,0.985546
2029,SWPP_WFEC_US-OK,0.985546
2029,SWPP_WFEC_US-TX,0.985546
2029,SWPP_WR_US-KS,0.84455
2029,SWPP_WR_US-MO,0.84455
2029,TAL_0_US-FL,1.091918
2029,TEC_0_US-FL,1.07447
2029,TEPC_0_MX-SON,1.088948
2029,TEPC_0_US-AZ,1.088948
2029,TEPC_0_US-NM,1.088948
2029,TIDC_0_US-CA,0.79616
2029,TPWR_0_US-WA,1.201446
2029,TVA_0_US-AL,1.091991
2029,TVA_0_US-GA,1.091991
2029,TVA_0_US-KY,1.091991
2029,TVA_0_US-MS,1.091991
2029,TVA_0_US-NC,1.091991
2029,TVA_0_US-TN,1.091991
2029,TVA_0_US-VA,1.091991
2029,WACM_0_US-AZ,1.415814
2029,WACM_0_US-CO,1.415814
2029,WACM_0_US-MT,1.415814
2029,WACM_0_US-NE,1.415814
2029,WACM_0_US-NM,1.415814
2029,WACM_0_US-SD,1.415814
2029,WACM_0_US-UT,1.415814
2029,WACM_0_US-WY,1.415814
2029,WALC_0_US-AZ,1.26693
2029,WALC_0_US-CA,1.26693
2029,WALC_0_US-NV,1.26693
2029,WAUW_0_US-MT,1.510638
2029,WWA_0_US-MT,1
2029,YAD_0_US-NC,1
2030,AEC_0_US-AL,0
2030,AEC_0_US-FL,0
2030,AECI_0_US-AR,0
2030,AECI_0_US-IA,0
2030,AECI_0_US-MO,0
2030,AECI_0_US-OK,0
2030,AESO_CENT_CA-AB,0
2030,AESO_CGY_CA-AB,0
2030,AESO_EDM_CA-AB,0
2030,AESO_NE_CA-AB,0
2030,AESO_NW_CA-AB,0
2030,AESO_NW_CA-BC,0
2030,AESO_SOUT_CA-AB,0
2030,AVA_0_US-ID,1.089151
2030,AVA_0_US-MT,1.089151
2030,AVA_0_US-OR,1.089151
2030,AVA_0_US-WA,1.089151
2030,AVRN_0_US-OR,1
2030,AVRN_0_US-WA,1
2030,AZPS_0_US-AZ,1.232772
2030,AZPS_0_US-CA,1.232772
2030,AZPS_0_US-NM,1.232772
2030,AZPS_0_US-NV,1.232772
2030,BANC_0_US-CA,0.958641
2030,BCHA_0_CA-BC,0
2030,BPAT_0_CA-BC,1.160526
2030,BPAT_0_US-CA,1.160526
2030,BPAT_0_US-ID,1.160526
2030,BPAT_0_US-MT,1.160526
2030,BPAT_0_US-OR,1.160526
2030,BPAT_0_US-WA,1.160526
2030,CEN_0_MX-COA,0
2030,CEN_0_MX-NLE,0
2030,CENB_0_MX-BCN,0
2030,CENB_0_MX-SON,0
2030,CHPD_0_US-WA,1.177551
2030,CISO_PGAE_US-CA,1.464071
2030,CISO_PGAE_US-OR,1.464071
2030,CISO_SCE_US-AZ,1.22128
2030,CISO_SCE_US-CA,1.22128
2030,CISO_SCE_US-NV,1.22128
2030,CISO_SDGE_MX-BCN,1.315491
2030,CISO_SDGE_US-AZ,1.315491
2030,CISO_SDGE_US-CA,1.315491
2030,CISO_VEA_US-NV,1.033113
2030,CPLE_0_US-NC,1.128816
2030,CPLE_0_US-SC,1.128816
2030,CPLW_0_US-NC,0.812749
2030,DEAA_0_US-AZ,1
2030,DOPD_0_US-WA,1.184154
2030,DUK_0_US-NC,1.104924
2030,DUK_0_US-SC,1.104924
2030,DUK_0_US-VA,1.104924
2030,EPE_0_US-NM,1.128168
2030,EPE_0_US-TX,1.128168
2030,ERCO_COAS_US-TX,1.103018
2030,ERCO_EAST_US-TX,1.603333
2030,ERCO_FWES_US-TX,1.070476
2030,ERCO_NCEN_US-TX,1.108437
2030,ERCO_NRTH_US-OK,1.216073
2030,ERCO_NRTH_US-TX,1.216073
2030,ERCO_SCEN_US-TX,1.164635
2030,ERCO_SOUT_US-TX,1.12261
2030,ERCO_WEST_US-TX,1.8315
2030,FMPP_0_US-FL,0.951047
2030,FPC_0_US-FL,0.910382
2030,FPL_0_US-FL,1.078807
2030,GCPD_0_US-WA,1.208025
2030,GLHB_0_US-IL,1
2030,GRID_0_US-NM,1
2030,GRID_0_US-OR,1
2030,GRID_0_US-WA,1
2030,GRIF_0_US-AZ,1
2030,GVL_0_US-FL,1.037168
2030,GWA_0_US-MT,1
2030,HGMA_0_US-AZ,1
2030,HQT_0_CA-NL,1
2030,HQT_0_CA-QC,1
2030,HST_0_US-FL,1.163793
2030,IESO_0_CA-ON,0
2030,IID_0_US-AZ,0.987643
2030,IID_0_US-CA,0.987643
2030,IPCO_0_US-ID,1.05852
2030,IPCO_0_US-NV,1.05852
2030,IPCO_0_US-OR,1.05852
2030,IPCO_0_US-UT,1.05852
2030,ISNE_4001_US-ME,1.097592
2030,ISNE_4002_US-ME,1.133225
2030,ISNE_4002_US-NH,1.133225
2030,ISNE_4002_US-VT,1.133225
2030,ISNE_4003_US-NH,1.339729
2030,ISNE_4003_US-NY,1.339729
2030,ISNE_4003_US-VT,1.339729
2030,ISNE_4004_US-CT,1.210591
2030,ISNE_4005_US-MA,1.154223
2030,ISNE_4005_US-RI,1.154223
2030,ISNE_4006_US-MA,1.226694
2030,ISNE_4006_US-RI,1.226694
2030,ISNE_4007_US-MA,1.221653
2030,ISNE_4007_US-NY,1.221653
2030,ISNE_4007_US-VT,1.221653
2030,ISNE_4008_US-MA,1.208621
2030,ISNE_4008_US-NH,1.208621
2030,JEA_0_US-FL,1.151046
2030,LDWP_0_US-AZ,0.950959
2030,LDWP_0_US-CA,0.950959
2030,LDWP_0_US-NV,0.950959
2030,LDWP_0_US-UT,0.950959
2030,LGEE_0_US-IN,1.006431
2030,LGEE_0_US-KY,1.006431
2030,LGEE_0_US-VA,1.006431
2030,MHEB_0_CA-MB,0
2030,MISO_01_US-IA,1.159865
2030,MISO_01_US-IL,1.159865
2030,MISO_01_US-MI,1.159865
2030,MISO_01_US-MN,1.159865
2030,MISO_01_US-MT,1.159865
2030,MISO_01_US-ND,1.159865
2030,MISO_01_US-SD,1.159865
2030,MISO_01_US-WI,1.159865
2030,MISO_02_US-IA,1.180408
2030,MISO_02_US-IL,1.180408
2030,MISO_02_US-MI,1.180408
2030,MISO_02_US-MN,1.180408
2030,MISO_02_US-WI,1.180408
2030,MISO_03_US-IA,1.164449
2030,MISO_03_US-IL,1.164449
2030,MISO_03_US-MN,1.164449
2030,MISO_03_US-MO,1.164449
2030,MISO_03_US-SD,1.164449
2030,MISO_04_US-IL,1.106208
2030,MISO_04_US-KY,1.106208
2030,MISO_04_US-MO,1.106208
2030,MISO_05_US-IA,1.065051
2030,MISO_05_US-IL,1.065051
2030,MISO_05_US-MO,1.065051
2030,MISO_06_US-IL,1.125707
2030,MISO_06_US-IN,1.125707
2030,MISO_06_US-KY,1.125707
2030,MISO_06_US-OH,1.125707
2030,MISO_07_US-MI,1.124108
2030,MISO_08_US-AR,1.097721
2030,MISO_08_US-MO,1.097721
2030,MISO_09_US-LA,1.113818
2030,MISO_09_US-TX,1.113818
2030,MISO_10_US-MS,1.120112
2030,MISO_10_US-TN,1.120112
2030,NBSO_0_CA-NB,4.391626
2030,NBSO_0_CA-PE,4.391626
2030,NBSO_0_US-ME,4.391626
2030,NEVP_0_US-CA,1.195576
2030,NEVP_0_US-NV,1.195576
2030,NEVP_0_US-OR,1.195576
2030,NSPI_0_CA-NS,4.391626
2030,NWMT_0_US-ID,1.132701
2030,NWMT_0_US-MT,1.132701
2030,NWMT_0_US-WY,1.132701
2030,NYIS_A_US-NY,1.112118
2030,NYIS_A_US-PA,1.112118
2030,NYIS_B_US-NY,1.098901
2030,NYIS_C_US-NY,1.099572
2030,NYIS_D_US-NY,1.080201
2030,NYIS_E_US-NY,1.093907
2030,NYIS_F_US-NY,1.089084
2030,NYIS_G_US-NJ,1.123131
2030,NYIS_G_US-NY,1.123131
2030,NYIS_G_US-PA,1.123131
2030,NYIS_H_US-NY,1.106569
2030,NYIS_I_US-NY,1.098164
2030,NYIS_J_US-NJ,1.046952
2030,NYIS_J_US-NY,1.046952
2030,NYIS_K_US-NY,1.047275
2030,PACE_0_US-AZ,1.123747
2030,PACE_0_US-CO,1.123747
2030,PACE_0_US-ID,1.123747
2030,PACE_0_US-MT,1.123747
2030,PACE_0_US-NV,1.123747
2030,PACE_0_US-UT,1.123747
2030,PACE_0_US-WY,1.123747
2030,PACW_0_US-CA,1.069409
2030,PACW_0_US-OR,1.069409
2030,PACW_0_US-WA,1.069409
2030,PGE_0_US-OR,1.131962
2030,PGE_0_US-WA,1.131962
2030,PJM_AE_US-NJ,1.179065
2030,PJM_AEP_US-IN,1.074792
2030,PJM_AEP_US-KY,1.074792
2030,PJM_AEP_US-MI,1.074792
2030,PJM_AEP_US-OH,1.074792
2030,PJM_AEP_US-TN,1.074792
2030,PJM_AEP_US-VA,1.074792
2030,PJM_AEP_US-WV,1.074792
2030,PJM_AP_US-MD,1.188221
2030,PJM_AP_US-OH,1.188221
2030,PJM_AP_US-PA,1.188221
2030,PJM_AP_US-VA,1.188221
2030,PJM_AP_US-WV,1.188221
2030,PJM_ATSI_US-OH,1.088798
2030,PJM_ATSI_US-PA,1.088798
2030,PJM_BC_US-MD,1.324472
2030,PJM_CE_US-IL,1.117195
2030,PJM_CE_US-IN,1.117195
2030,PJM_DAY_US-OH,1.061511
2030,PJM_DEOK_US-KY,1.098058
2030,PJM_DEOK_US-OH,1.098058
2030,PJM_DOM_US-NC,1.174157
2030,PJM_DOM_US-VA,1.174157
2030,PJM_DOM_US-WV,1.174157
2030,PJM_DPL_US-DE,1.380101
2030,PJM_DPL_US-MD,1.380101
2030,PJM_DPL_US-NJ,1.380101
2030,PJM_DPL_US-PA,1.380101
2030,PJM_DPL_US-VA,1.380101
2030,PJM_DUQ_US-PA,1.11216
2030,PJM_EKPC_US-KY,1.069874
2030,PJM_JC_US-NJ,1.139197
2030,PJM_JC_US-NY,1.139197
2030,PJM_ME_US-PA,1.092273
2030,PJM_PE_US-DE,1.087369
2030,PJM_PE_US-MD,1.087369
2030,PJM_PE_US-NJ,1.087369
2030,PJM_PE_US-PA,1.087369
2030,PJM_PEP_US-DC,0.666554
2030,PJM_PEP_US-MD,0.666554
2030,PJM_PEP_US-VA,0.666554
2030,PJM_PL_US-MD,1.076181
2030,PJM_PL_US-PA,1.076181
2030,PJM_PN_US-MD,1.041922
2030,PJM_PN_US-PA,1.041922
2030,PJM_PS_US-NJ,1.20936
2030,PJM_PS_US-PA,1.20936
2030,PJM_RECO_US-NJ,2.304054
2030,PNM_ACMA_US-NM,1
2030,PNM_CYGA_US-NM,1
2030,PNM_Frep_US-NM,0.928571
2030,PNM_Jica_US-NM,1
2030,PNM_KAFB_US-NM,0.887324
2030,PNM_KCEC_US-NM,0.888889
2030,PNM_LAC_US-NM,0.831461
2030,PNM_NTUA_US-NM,0
2030,PNM_PNM_US-NM,1.180625
2030,PNM_TSGT_US-AZ,0.554156
2030,PNM_TSGT_US-NM,0.554156
2030,PSCO_0_US-CO,1.230184
2030,PSCO_0_US-WY,1.230184
2030,PSEI_0_US-WA,1.365688
2030,SC_0_US-SC,1.099245
2030,SCEG_0_US-GA,1.043254
2030,SCEG_0_US-SC,1.043254
2030,SCL_0_US-WA,1.216676
2030,SEC_0_US-FL,0.910382
2030,SEPA_0_US-GA,1
2030,SEPA_0_US-SC,1
2030,SOCO_0_US-AL,1.074015
2030,SOCO_0_US-FL,1.074015
2030,SOCO_0_US-GA,1.074015
2030,SOCO_0_US-MS,1.074015
2030,SOCO_0_US-SC,1.074015
2030,SPA_0_US-AR,2.877778
2030,SPA_0_US-MO,2.877778
2030,SPA_0_US-OK,2.877778
2030,SPA_0_US-TX,2.877778
2030,SPC_0_CA-SK,0
2030,SRP_0_US-AZ,1.137176
2030,SWPP_CSWS_US-AR,1.104003
2030,SWPP_CSWS_US-LA,1.104003
2030,SWPP_CSWS_US-OK,1.104003
2030,SWPP_CSWS_US-TX,1.104003
2030,SWPP_EDE_US-AR,1.192339
2030,SWPP_EDE_US-KS,1.192339
2030,SWPP_EDE_US-MO,1.192339
2030,SWPP_EDE_US-OK,1.192339
2030,SWPP_GRDA_US-AR,0.742277
2030,SWPP_GRDA_US-KS,0.742277
2030,SWPP_GRDA_US-OK,0.742277
2030,SWPP_INDN_US-MO,1.119403
2030,SWPP_KACY_US-KS,1.102725
2030,SWPP_KCPL_US-KS,1.105648
2030,SWPP_KCPL_US-MO,1.105648
2030,SWPP_LES_US-NE,1.319317
2030,SWPP_MPS_US-MO,1.112794
2030,SWPP_NPPD_US-CO,0.908166
2030,SWPP_NPPD_US-NE,0.908166
2030,SWPP_NPPD_US-SD,0.908166
2030,SWPP_OKGE_US-AR,1.045266
2030,SWPP_OKGE_US-OK,1.045266
2030,SWPP_OKGE_US-TX,1.045266
2030,SWPP_OPPD_US-NE,1.319502
2030,SWPP_SECI_US-KS,1.287809
2030,SWPP_SPRM_US-MO,1.109788
2030,SWPP_SPS_US-CO,1.116712
2030,SWPP_SPS_US-KS,1.116712
2030,SWPP_SPS_US-NM,1.116712
2030,SWPP_SPS_US-OK,1.116712
2030,SWPP_SPS_US-TX,1.116712
2030,SWPP_WAUE_US-IA,0.822098
2030,SWPP_WAUE_US-MN,0.822098
2030,SWPP_WAUE_US-MT,0.822098
2030,SWPP_WAUE_US-ND,0.822098
2030,SWPP_WAUE_US-NE,0.822098
2030,SWPP_WAUE_US-SD,0.822098
2030,SWPP_WAUE_US-WY,0.822098
2030,SWPP_WFEC_US-KS,0.99197
2030,SWPP_WFEC_US-OK,0.99197
2030,SWPP_WFEC_US-TX,0.99197
2030,SWPP_WR_US-KS,0.850804
2030,SWPP_WR_US-MO,0.850804
2030,TAL_0_US-FL,1.101426
2030,TEC_0_US-FL,1.084504
2030,TEPC_0_MX-SON,1.102521
2030,TEPC_0_US-AZ,1.102521
2030,TEPC_0_US-NM,1.102521
2030,TIDC_0_US-CA,0.815362
2030,TPWR_0_US-WA,1.219008
2030,TVA_0_US-AL,1.100165
2030,TVA_0_US-GA,1.100165
2030,TVA_0_US-KY,1.100165
2030,TVA_0_US-MS,1.100165
2030,TVA_0_US-NC,1.100165
2030,TVA_0_US-TN,1.100165
2030,TVA_0_US-VA,1.100165
2030,WACM_0_US-AZ,1.437953
2030,WACM_0_US-CO,1.437953
2030,WACM_0_US-MT,1.437953
2030,WACM_0_US-NE,1.437953
2030,WACM_0_US-NM,1.437953
2030,WACM_0_US-SD,1.437953
2030,WACM_0_US-UT,1.437953
2030,WACM_0_US-WY,1.437953
2030,WALC_0_US-AZ,1.286209
2030,WALC_0_US-CA,1.286209
2030,WALC_0_US-NV,1.286209
2030,WAUW_0_US-MT,1.526596
2030,WWA_0_US-MT,1
2030,YAD_0_US-NC,1
2031,AEC_0_US-AL,0
2031,AEC_0_US-FL,0
2031,AECI_0_US-AR,0
2031,AECI_0_US-IA,0
2031,AECI_0_US-MO,0
2031,AECI_0_US-OK,0
2031,AESO_CENT_CA-AB,0
2031,AESO_CGY_CA-AB,0
2031,AESO_EDM_CA-AB,0
2031,AESO_NE_CA-AB,0
2031,AESO_NW_CA-AB,0
2031,AESO_NW_CA-BC,0
2031,AESO_SOUT_CA-AB,0
2031,AVA_0_US-ID,1.102607
2031,AVA_0_US-MT,1.102607
2031,AVA_0_US-OR,1.102607
2031,AVA_0_US-WA,1.102607
2031,AVRN_0_US-OR,1
2031,AVRN_0_US-WA,1
2031,AZPS_0_US-AZ,1.247669
2031,AZPS_0_US-CA,1.247669
2031,AZPS_0_US-NM,1.247669
2031,AZPS_0_US-NV,1.247669
2031,BANC_0_US-CA,0.981345
2031,BCHA_0_CA-BC,0
2031,BPAT_0_CA-BC,1.175047
2031,BPAT_0_US-CA,1.175047
2031,BPAT_0_US-ID,1.175047
2031,BPAT_0_US-MT,1.175047
2031,BPAT_0_US-OR,1.175047
2031,BPAT_0_US-WA,1.175047
2031,CEN_0_MX-COA,0
2031,CEN_0_MX-NLE,0
2031,CENB_0_MX-BCN,0
2031,CENB_0_MX-SON,0
2031,CHPD_0_US-WA,1.191837
2031,CISO_PGAE_US-CA,1.498749
2031,CISO_PGAE_US-OR,1.498749
2031,CISO_SCE_US-AZ,1.25021
2031,CISO_SCE_US-CA,1.25021
2031,CISO_SCE_US-NV,1.25021
2031,CISO_SDGE_MX-BCN,1.34658
2031,CISO_SDGE_US-AZ,1.34658
2031,CISO_SDGE_US-CA,1.34658
2031,CISO_VEA_US-NV,1.046358
2031,CPLE_0_US-NC,1.139046
2031,CPLE_0_US-SC,1.139046
2031,CPLW_0_US-NC,0.819721
2031,DEAA_0_US-AZ,1
2031,DOPD_0_US-WA,1.199143
2031,DUK_0_US-NC,1.114673
2031,DUK_0_US-SC,1.114673
2031,DUK_0_US-VA,1.114673
2031,EPE_0_US-NM,1.145224
2031,EPE_0_US-TX,1.145224
2031,ERCO_COAS_US-TX,1.118471
2031,ERCO_EAST_US-TX,1.625833
2031,ERCO_FWES_US-TX,1.085503
2031,ERCO_NCEN_US-TX,1.123962
2031,ERCO_NRTH_US-OK,1.232916
2031,ERCO_NRTH_US-TX,1.232916
2031,ERCO_SCEN_US-TX,1.180963
2031,ERCO_SOUT_US-TX,1.138266
2031,ERCO_WEST_US-TX,1.85725
2031,FMPP_0_US-FL,0.96111
2031,FPC_0_US-FL,0.919993
2031,FPL_0_US-FL,1.09023
2031,GCPD_0_US-WA,1.222809
2031,GLHB_0_US-IL,1
2031,GRID_0_US-NM,1
2031,GRID_0_US-OR,1
2031,GRID_0_US-WA,1
2031,GRIF_0_US-AZ,1
2031,GVL_0_US-FL,1.047788
2031,GWA_0_US-MT,1
2031,HGMA_0_US-AZ,1
2031,HQT_0_CA-NL,1
2031,HQT_0_CA-QC,1
2031,HST_0_US-FL,1.181034
2031,IESO_0_CA-ON,0
2031,IID_0_US-AZ,1.011474
2031,IID_0_US-CA,1.011474
2031,IPCO_0_US-ID,1.071797
2031,IPCO_0_US-NV,1.071797
2031,IPCO_0_US-OR,1.071797
2031,IPCO_0_US-UT,1.071797
2031,ISNE_4001_US-ME,1.119948
2031,ISNE_4002_US-ME,1.15394
2031,ISNE_4002_US-NH,1.15394
2031,ISNE_4002_US-VT,1.15394
2031,ISNE_4003_US-NH,1.371332
2031,ISNE_4003_US-NY,1.371332
2031,ISNE_4003_US-VT,1.371332
2031,ISNE_4004_US-CT,1.227986
2031,ISNE_4005_US-MA,1.173842
2031,ISNE_4005_US-RI,1.173842
2031,ISNE_4006_US-MA,1.252461
2031,ISNE_4006_US-RI,1.252461
2031,ISNE_4007_US-MA,1.247286
2031,ISNE_4007_US-NY,1.247286
2031,ISNE_4007_US-VT,1.247286
2031,ISNE_4008_US-MA,1.2341
2031,ISNE_4008_US-NH,1.2341
2031,JEA_0_US-FL,1.163439
2031,LDWP_0_US-AZ,0.973398
2031,LDWP_0_US-CA,0.973398
2031,LDWP_0_US-NV,0.973398
2031,LDWP_0_US-UT,0.973398
2031,LGEE_0_US-IN,1.01412
2031,LGEE_0_US-KY,1.01412
2031,LGEE_0_US-VA,1.01412
2031,MHEB_0_CA-MB,0
2031,MISO_01_US-IA,1.181401
2031,MISO_01_US-IL,1.181401
2031,MISO_01_US-MI,1.181401
2031,MISO_01_US-MN,1.181401
2031,MISO_01_US-MT,1.181401
2031,MISO_01_US-ND,1.181401
2031,MISO_01_US-SD,1.181401
2031,MISO_01_US-WI,1.181401
2031,MISO_02_US-IA,1.196898
2031,MISO_02_US-IL,1.196898
2031,MISO_02_US-MI,1.196898
2031,MISO_02_US-MN,1.196898
2031,MISO_02_US-WI,1.196898
2031,MISO_03_US-IA,1.184886
2031,MISO_03_US-IL,1.184886
2031,MISO_03_US-MN,1.184886
2031,MISO_03_US-MO,1.184886
2031,MISO_03_US-SD,1.184886
2031,MISO_04_US-IL,1.119865
2031,MISO_04_US-KY,1.119865
2031,MISO_04_US-MO,1.119865
2031,MISO_05_US-IA,1.076158
2031,MISO_05_US-IL,1.076158
2031,MISO_05_US-MO,1.076158
2031,MISO_06_US-IL,1.136544
2031,MISO_06_US-IN,1.136544
2031,MISO_06_US-KY,1.136544
2031,MISO_06_US-OH,1.136544
2031,MISO_07_US-MI,1.140378
2031,MISO_08_US-AR,1.104148
2031,MISO_08_US-MO,1.104148
2031,MISO_09_US-LA,1.119983
2031,MISO_09_US-TX,1.119983
2031,MISO_10_US-MS,1.127984
2031,MISO_10_US-TN,1.127984
2031,NBSO_0_CA-NB,4.480296
2031,NBSO_0_CA-PE,4.480296
2031,NBSO_0_US-ME,4.480296
2031,NEVP_0_US-CA,1.209041
2031,NEVP_0_US-NV,1.209041
2031,NEVP_0_US-OR,1.209041
2031,NSPI_0_CA-NS,4.480296
2031,NWMT_0_US-ID,1.152023
2031,NWMT_0_US-MT,1.152023
2031,NWMT_0_US-WY,1.152023
2031,NYIS_A_US-NY,1.127973
2031,NYIS_A_US-PA,1.127973
2031,NYIS_B_US-NY,1.114386
2031,NYIS_C_US-NY,1.115275
2031,NYIS_D_US-NY,1.095238
2031,NYIS_E_US-NY,1.109677
2031,NYIS_F_US-NY,1.104559
2031,NYIS_G_US-NJ,1.138962
2031,NYIS_G_US-NY,1.138962
2031,NYIS_G_US-PA,1.138962
2031,NYIS_H_US-NY,1.122628
2031,NYIS_I_US-NY,1.113701
2031,NYIS_J_US-NJ,1.061926
2031,NYIS_J_US-NY,1.061926
2031,NYIS_K_US-NY,1.062317
2031,PACE_0_US-AZ,1.143642
2031,PACE_0_US-CO,1.143642
2031,PACE_0_US-ID,1.143642
2031,PACE_0_US-MT,1.143642
2031,PACE_0_US-NV,1.143642
2031,PACE_0_US-UT,1.143642
2031,PACE_0_US-WY,1.143642
2031,PACW_0_US-CA,1.083731
2031,PACW_0_US-OR,1.083731
2031,PACW_0_US-WA,1.083731
2031,PGE_0_US-OR,1.146947
2031,PGE_0_US-WA,1.146947
2031,PJM_AE_US-NJ,1.203364
2031,PJM_AEP_US-IN,1.084102
2031,PJM_AEP_US-KY,1.084102
2031,PJM_AEP_US-MI,1.084102
2031,PJM_AEP_US-OH,1.084102
2031,PJM_AEP_US-TN,1.084102
2031,PJM_AEP_US-VA,1.084102
2031,PJM_AEP_US-WV,1.084102
2031,PJM_AP_US-MD,1.196429
2031,PJM_AP_US-OH,1.196429
2031,PJM_AP_US-PA,1.196429
2031,PJM_AP_US-VA,1.196429
2031,PJM_AP_US-WV,1.196429
2031,PJM_ATSI_US-OH,1.098594
2031,PJM_ATSI_US-PA,1.098594
2031,PJM_BC_US-MD,1.343005
2031,PJM_CE_US-IL,1.130966
2031,PJM_CE_US-IN,1.130966
2031,PJM_DAY_US-OH,1.071365
2031,PJM_DEOK_US-KY,1.107863
2031,PJM_DEOK_US-OH,1.107863
2031,PJM_DOM_US-NC,1.186161
2031,PJM_DOM_US-VA,1.186161
2031,PJM_DOM_US-WV,1.186161
2031,PJM_DPL_US-DE,1.397985
2031,PJM_DPL_US-MD,1.397985
2031,PJM_DPL_US-NJ,1.397985
2031,PJM_DPL_US-PA,1.397985
2031,PJM_DPL_US-VA,1.397985
2031,PJM_DUQ_US-PA,1.119056
2031,PJM_EKPC_US-KY,1.077949
2031,PJM_JC_US-NJ,1.162696
2031,PJM_JC_US-NY,1.162696
2031,PJM_ME_US-PA,1.09912
2031,PJM_PE_US-DE,1.094136
2031,PJM_PE_US-MD,1.094136
2031,PJM_PE_US-NJ,1.094136
2031,PJM_PE_US-PA,1.094136
2031,PJM_PEP_US-DC,0.675821
2031,PJM_PEP_US-MD,0.675821
2031,PJM_PEP_US-VA,0.675821
2031,PJM_PL_US-MD,1.082833
2031,PJM_PL_US-PA,1.082833
2031,PJM_PN_US-MD,1.048398
2031,PJM_PN_US-PA,1.048398
2031,PJM_PS_US-NJ,1.2344
2031,PJM_PS_US-PA,1.2344
2031,PJM_RECO_US-NJ,2.351351
2031,PNM_ACMA_US-NM,1
2031,PNM_CYGA_US-NM,1
2031,PNM_Frep_US-NM,0.952381
2031,PNM_Jica_US-NM,1
2031,PNM_KAFB_US-NM,0.901408
2031,PNM_KCEC_US-NM,0.904762
2031,PNM_LAC_US-NM,0.842697
2031,PNM_NTUA_US-NM,0
2031,PNM_PNM_US-NM,1.20301
2031,PNM_TSGT_US-AZ,0.564232
2031,PNM_TSGT_US-NM,0.564232
2031,PSCO_0_US-CO,1.25779
2031,PSCO_0_US-WY,1.25779
2031,PSEI_0_US-WA,1.382065
2031,SC_0_US-SC,1.107875
2031,SCEG_0_US-GA,1.051431
2031,SCEG_0_US-SC,1.051431
2031,SCL_0_US-WA,1.231545
2031,SEC_0_US-FL,0.919993
2031,SEPA_0_US-GA,1
2031,SEPA_0_US-SC,1
2031,SOCO_0_US-AL,1.083977
2031,SOCO_0_US-FL,1.083977
2031,SOCO_0_US-GA,1.083977
2031,SOCO_0_US-MS,1.083977
2031,SOCO_0_US-SC,1.083977
2031,SPA_0_US-AR,2.9
2031,SPA_0_US-MO,2.9
2031,SPA_0_US-OK,2.9
2031,SPA_0_US-TX,2.9
2031,SPC_0_CA-SK,0
2031,SRP_0_US-AZ,1.150867
2031,SWPP_CSWS_US-AR,1.113037
2031,SWPP_CSWS_US-LA,1.113037
2031,SWPP_CSWS_US-OK,1.113037
2031,SWPP_CSWS_US-TX,1.113037
2031,SWPP_EDE_US-AR,1.204564
2031,SWPP_EDE_US-KS,1.204564
2031,SWPP_EDE_US-MO,1.204564
2031,SWPP_EDE_US-OK,1.204564
2031,SWPP_GRDA_US-AR,0.747573
2031,SWPP_GRDA_US-KS,0.747573
2031,SWPP_GRDA_US-OK,0.747573
2031,SWPP_INDN_US-MO,1.130597
2031,SWPP_KACY_US-KS,1.113208
2031,SWPP_KCPL_US-KS,1.116325
2031,SWPP_KCPL_US-MO,1.116325
2031,SWPP_LES_US-NE,1.366623
2031,SWPP_MPS_US-MO,1.124282
2031,SWPP_NPPD_US-CO,0.941098
2031,SWPP_NPPD_US-NE,0.941098
2031,SWPP_NPPD_US-SD,0.941098
2031,SWPP_OKGE_US-AR,1.053107
2031,SWPP_OKGE_US-OK,1.053107
2031,SWPP_OKGE_US-TX,1.053107
2031,SWPP_OPPD_US-NE,1.367409
2031,SWPP_SECI_US-KS,1.298808
2031,SWPP_SPRM_US-MO,1.121693
2031,SWPP_SPS_US-CO,1.134064
2031,SWPP_SPS_US-KS,1.134064
2031,SWPP_SPS_US-NM,1.134064
2031,SWPP_SPS_US-OK,1.134064
2031,SWPP_SPS_US-TX,1.134064
2031,SWPP_WAUE_US-IA,0.837455
2031,SWPP_WAUE_US-MN,0.837455
2031,SWPP_WAUE_US-MT,0.837455
2031,SWPP_WAUE_US-ND,0.837455
2031,SWPP_WAUE_US-NE,0.837455
2031,SWPP_WAUE_US-SD,0.837455
2031,SWPP_WAUE_US-WY,0.837455
2031,SWPP_WFEC_US-KS,0.999465
2031,SWPP_WFEC_US-OK,0.999465
2031,SWPP_WFEC_US-TX,0.999465
2031,SWPP_WR_US-KS,0.858398
2031,SWPP_WR_US-MO,0.858398
2031,TAL_0_US-FL,1.11252
2031,TEC_0_US-FL,1.095875
2031,TEPC_0_MX-SON,1.115851
2031,TEPC_0_US-AZ,1.115851
2031,TEPC_0_US-NM,1.115851
2031,TIDC_0_US-CA,0.834564
2031,TPWR_0_US-WA,1.233471
2031,TVA_0_US-AL,1.110086
2031,TVA_0_US-GA,1.110086
2031,TVA_0_US-KY,1.110086
2031,TVA_0_US-MS,1.110086
2031,TVA_0_US-NC,1.110086
2031,TVA_0_US-TN,1.110086
2031,TVA_0_US-VA,1.110086
2031,WACM_0_US-AZ,1.467535
2031,WACM_0_US-CO,1.467535
2031,WACM_0_US-MT,1.467535
2031,WACM_0_US-NE,1.467535
2031,WACM_0_US-NM,1.467535
2031,WACM_0_US-SD,1.467535
2031,WACM_0_US-UT,1.467535
2031,WACM_0_US-WY,1.467535
2031,WALC_0_US-AZ,1.306476
2031,WALC_0_US-CA,1.306476
2031,WALC_0_US-NV,1.306476
2031,WAUW_0_US-MT,1.547872
2031,WWA_0_US-MT,1
2031,YAD_0_US-NC,1
2032,AEC_0_US-AL,0
2032,AEC_0_US-FL,0
2032,AECI_0_US-AR,0
2032,AECI_0_US-IA,0
2032,AECI_0_US-MO,0
2032,AECI_0_US-OK,0
2032,AESO_CENT_CA-AB,0
2032,AESO_CGY_CA-AB,0
2032,AESO_EDM_CA-AB,0
2032,AESO_NE_CA-AB,0
2032,AESO_NW_CA-AB,0
2032,AESO_NW_CA-BC,0
2032,AESO_SOUT_CA-AB,0
2032,AVA_0_US-ID,1.116064
2032,AVA_0_US-MT,1.116064
2032,AVA_0_US-OR,1.116064
2032,AVA_0_US-WA,1.116064
2032,AVRN_0_US-OR,1
2032,AVRN_0_US-WA,1
2032,AZPS_0_US-AZ,1.26278
2032,AZPS_0_US-CA,1.26278
2032,AZPS_0_US-NM,1.26278
2032,AZPS_0_US-NV,1.26278
2032,BANC_0_US-CA,1.004576
2032,BCHA_0_CA-BC,0
2032,BPAT_0_CA-BC,1.189766
2032,BPAT_0_US-CA,1.189766
2032,BPAT_0_US-ID,1.189766
2032,BPAT_0_US-MT,1.189766
2032,BPAT_0_US-OR,1.189766
2032,BPAT_0_US-WA,1.189766
2032,CEN_0_MX-COA,0
2032,CEN_0_MX-NLE,0
2032,CENB_0_MX-BCN,0
2032,CENB_0_MX-SON,0
2032,CHPD_0_US-WA,1.206122
2032,CISO_PGAE_US-CA,1.534227
2032,CISO_PGAE_US-OR,1.534227
2032,CISO_SCE_US-AZ,1.279791
2032,CISO_SCE_US-CA,1.279791
2032,CISO_SCE_US-NV,1.279791
2032,CISO_SDGE_MX-BCN,1.378481
2032,CISO_SDGE_US-AZ,1.378481
2032,CISO_SDGE_US-CA,1.378481
2032,CISO_VEA_US-NV,1.059603
2032,CPLE_0_US-NC,1.149439
2032,CPLE_0_US-SC,1.149439
2032,CPLW_0_US-NC,0.827689
2032,DEAA_0_US-AZ,1
2032,DOPD_0_US-WA,1.211991
2032,DUK_0_US-NC,1.124569
2032,DUK_0_US-SC,1.124569
2032,DUK_0_US-VA,1.124569
2032,EPE_0_US-NM,1.162281
2032,EPE_0_US-TX,1.162281
2032,ERCO_COAS_US-TX,1.134165
2032,ERCO_EAST_US-TX,1.648542
2032,ERCO_FWES_US-TX,1.100741
2032,ERCO_NCEN_US-TX,1.139719
2032,ERCO_NRTH_US-OK,1.250241
2032,ERCO_NRTH_US-TX,1.250241
2032,ERCO_SCEN_US-TX,1.197517
2032,ERCO_SOUT_US-TX,1.154252
2032,ERCO_WEST_US-TX,1.88325
2032,FMPP_0_US-FL,0.971444
2032,FPC_0_US-FL,0.929777
2032,FPL_0_US-FL,1.101783
2032,GCPD_0_US-WA,1.237592
2032,GLHB_0_US-IL,1
2032,GRID_0_US-NM,1
2032,GRID_0_US-OR,1
2032,GRID_0_US-WA,1
2032,GRIF_0_US-AZ,1
2032,GVL_0_US-FL,1.060177
2032,GWA_0_US-MT,1
2032,HGMA_0_US-AZ,1
2032,HQT_0_CA-NL,1
2032,HQT_0_CA-QC,1
2032,HST_0_US-FL,1.189655
2032,IESO_0_CA-ON,0
2032,IID_0_US-AZ,1.035305
2032,IID_0_US-CA,1.035305
2032,IPCO_0_US-ID,1.085075
2032,IPCO_0_US-NV,1.085075
2032,IPCO_0_US-OR,1.085075
2032,IPCO_0_US-UT,1.085075
2032,ISNE_4001_US-ME,1.142304
2032,ISNE_4002_US-ME,1.174655
2032,ISNE_4002_US-NH,1.174655
2032,ISNE_4002_US-VT,1.174655
2032,ISNE_4003_US-NH,1.402935
2032,ISNE_4003_US-NY,1.402935
2032,ISNE_4003_US-VT,1.402935
2032,ISNE_4004_US-CT,1.245536
2032,ISNE_4005_US-MA,1.19346
2032,ISNE_4005_US-RI,1.19346
2032,ISNE_4006_US-MA,1.279097
2032,ISNE_4006_US-RI,1.279097
2032,ISNE_4007_US-MA,1.273522
2032,ISNE_4007_US-NY,1.273522
2032,ISNE_4007_US-VT,1.273522
2032,ISNE_4008_US-MA,1.260153
2032,ISNE_4008_US-NH,1.260153
2032,JEA_0_US-FL,1.175445
2032,LDWP_0_US-AZ,0.996562
2032,LDWP_0_US-CA,0.996562
2032,LDWP_0_US-NV,0.996562
2032,LDWP_0_US-UT,0.996562
2032,LGEE_0_US-IN,1.021809
2032,LGEE_0_US-KY,1.021809
2032,LGEE_0_US-VA,1.021809
2032,MHEB_0_CA-MB,0
2032,MISO_01_US-IA,1.203304
2032,MISO_01_US-IL,1.203304
2032,MISO_01_US-MI,1.203304
2032,MISO_01_US-MN,1.203304
2032,MISO_01_US-MT,1.203304
2032,MISO_01_US-ND,1.203304
2032,MISO_01_US-SD,1.203304
2032,MISO_01_US-WI,1.203304
2032,MISO_02_US-IA,1.213633
2032,MISO_02_US-IL,1.213633
2032,MISO_02_US-MI,1.213633
2032,MISO_02_US-MN,1.213633
2032,MISO_02_US-WI,1.213633
2032,MISO_03_US-IA,1.205748
2032,MISO_03_US-IL,1.205748
2032,MISO_03_US-MN,1.205748
2032,MISO_03_US-MO,1.205748
2032,MISO_03_US-SD,1.205748
2032,MISO_04_US-IL,1.133634
2032,MISO_04_US-KY,1.133634
2032,MISO_04_US-MO,1.133634
2032,MISO_05_US-IA,1.087408
2032,MISO_05_US-IL,1.087408
2032,MISO_05_US-MO,1.087408
2032,MISO_06_US-IL,1.147502
2032,MISO_06_US-IN,1.147502
2032,MISO_06_US-KY,1.147502
2032,MISO_06_US-OH,1.147502
2032,MISO_07_US-MI,1.156865
2032,MISO_08_US-AR,1.110576
2032,MISO_08_US-MO,1.110576
2032,MISO_09_US-LA,1.126195
2032,MISO_09_US-TX,1.126195
2032,MISO_10_US-MS,1.135856
2032,MISO_10_US-TN,1.135856
2032,NBSO_0_CA-NB,4.571429
2032,NBSO_0_CA-PE,4.571429
2032,NBSO_0_US-ME,4.571429
2032,NEVP_0_US-CA,1.222614
2032,NEVP_0_US-NV,1.222614
2032,NEVP_0_US-OR,1.222614
2032,NSPI_0_CA-NS,4.571429
2032,NWMT_0_US-ID,1.17171
2032,NWMT_0_US-MT,1.17171
2032,NWMT_0_US-WY,1.17171
2032,NYIS_A_US-NY,1.144205
2032,NYIS_A_US-PA,1.144205
2032,NYIS_B_US-NY,1.13037
2032,NYIS_C_US-NY,1.131335
2032,NYIS_D_US-NY,1.111529
2032,NYIS_E_US-NY,1.125448
2032,NYIS_F_US-NY,1.120452
2032,NYIS_G_US-NJ,1.155233
2032,NYIS_G_US-NY,1.155233
2032,NYIS_G_US-PA,1.155233
2032,NYIS_H_US-NY,1.138686
2032,NYIS_I_US-NY,1.129944
2032,NYIS_J_US-NJ,1.077094
2032,NYIS_J_US-NY,1.077094
2032,NYIS_K_US-NY,1.077554
2032,PACE_0_US-AZ,1.163934
2032,PACE_0_US-CO,1.163934
2032,PACE_0_US-ID,1.163934
2032,PACE_0_US-MT,1.163934
2032,PACE_0_US-NV,1.163934
2032,PACE_0_US-UT,1.163934
2032,PACE_0_US-WY,1.163934
2032,PACW_0_US-CA,1.098237
2032,PACW_0_US-OR,1.098237
2032,PACW_0_US-WA,1.098237
2032,PGE_0_US-OR,1.162156
2032,PGE_0_US-WA,1.162156
2032,PJM_AE_US-NJ,1.228411
2032,PJM_AEP_US-IN,1.093547
2032,PJM_AEP_US-KY,1.093547
2032,PJM_AEP_US-MI,1.093547
2032,PJM_AEP_US-OH,1.093547
2032,PJM_AEP_US-TN,1.093547
2032,PJM_AEP_US-VA,1.093547
2032,PJM_AEP_US-WV,1.093547
2032,PJM_AP_US-MD,1.204636
2032,PJM_AP_US-OH,1.204636
2032,PJM_AP_US-PA,1.204636
2032,PJM_AP_US-VA,1.204636
2032,PJM_AP_US-WV,1.204636
2032,PJM_ATSI_US-OH,1.108469
2032,PJM_ATSI_US-PA,1.108469
2032,PJM_BC_US-MD,1.361841
2032,PJM_CE_US-IL,1.144973
2032,PJM_CE_US-IN,1.144973
2032,PJM_DAY_US-OH,1.08092
2032,PJM_DEOK_US-KY,1.117858
2032,PJM_DEOK_US-OH,1.117858
2032,PJM_DOM_US-NC,1.19836
2032,PJM_DOM_US-VA,1.19836
2032,PJM_DOM_US-WV,1.19836
2032,PJM_DPL_US-DE,1.416373
2032,PJM_DPL_US-MD,1.416373
2032,PJM_DPL_US-NJ,1.416373
2032,PJM_DPL_US-PA,1.416373
2032,PJM_DPL_US-VA,1.416373
2032,PJM_DUQ_US-PA,1.125953
2032,PJM_EKPC_US-KY,1.086025
2032,PJM_JC_US-NJ,1.186847
2032,PJM_JC_US-NY,1.186847
2032,PJM_ME_US-PA,1.105967
2032,PJM_PE_US-DE,1.100902
2032,PJM_PE_US-MD,1.100902
2032,PJM_PE_US-NJ,1.100902
2032,PJM_PE_US-PA,1.100902
2032,PJM_PEP_US-DC,0.685425
2032,PJM_PEP_US-MD,0.685425
2032,PJM_PEP_US-VA,0.685425
2032,PJM_PL_US-MD,1.089616
2032,PJM_PL_US-PA,1.089616
2032,PJM_PN_US-MD,1.054874
2032,PJM_PN_US-PA,1.054874
2032,PJM_PS_US-NJ,1.259936
2032,PJM_PS_US-PA,1.259936
2032,PJM_RECO_US-NJ,2.398649
2032,PNM_ACMA_US-NM,1
2032,PNM_CYGA_US-NM,1
2032,PNM_Frep_US-NM,0.964286
2032,PNM_Jica_US-NM,1
2032,PNM_KAFB_US-NM,0.915493
2032,PNM_KCEC_US-NM,0.920635
2032,PNM_LAC_US-NM,0.865169
2032,PNM_NTUA_US-NM,0
2032,PNM_PNM_US-NM,1.226168
2032,PNM_TSGT_US-AZ,0.574307
2032,PNM_TSGT_US-NM,0.574307
2032,PSCO_0_US-CO,1.286004
2032,PSCO_0_US-WY,1.286004
2032,PSEI_0_US-WA,1.398842
2032,SC_0_US-SC,1.116289
2032,SCEG_0_US-GA,1.059608
2032,SCEG_0_US-SC,1.059608
2032,SCL_0_US-WA,1.245884
2032,SEC_0_US-FL,0.929777
2032,SEPA_0_US-GA,1
2032,SEPA_0_US-SC,1
2032,SOCO_0_US-AL,1.094027
2032,SOCO_0_US-FL,1.094027
2032,SOCO_0_US-GA,1.094027
2032,SOCO_0_US-MS,1.094027
2032,SOCO_0_US-SC,1.094027
2032,SPA_0_US-AR,2.927778
2032,SPA_0_US-MO,2.927778
2032,SPA_0_US-OK,2.927778
2032,SPA_0_US-TX,2.927778
2032,SPC_0_CA-SK,0
2032,SRP_0_US-AZ,1.164819
2032,SWPP_CSWS_US-AR,1.122072
2032,SWPP_CSWS_US-LA,1.122072
2032,SWPP_CSWS_US-OK,1.122072
2032,SWPP_CSWS_US-TX,1.122072
2032,SWPP_EDE_US-AR,1.216789
2032,SWPP_EDE_US-KS,1.216789
2032,SWPP_EDE_US-MO,1.216789
2032,SWPP_EDE_US-OK,1.216789
2032,SWPP_GRDA_US-AR,0.753751
2032,SWPP_GRDA_US-KS,0.753751
2032,SWPP_GRDA_US-OK,0.753751
2032,SWPP_INDN_US-MO,1.141791
2032,SWPP_KACY_US-KS,1.121593
2032,SWPP_KCPL_US-KS,1.127283
2032,SWPP_KCPL_US-MO,1.127283
2032,SWPP_LES_US-NE,1.416557
2032,SWPP_MPS_US-MO,1.136292
2032,SWPP_NPPD_US-CO,0.9751
2032,SWPP_NPPD_US-NE,0.9751
2032,SWPP_NPPD_US-SD,0.9751
2032,SWPP_OKGE_US-AR,1.060947
2032,SWPP_OKGE_US-OK,1.060947
2032,SWPP_OKGE_US-TX,1.060947
2032,SWPP_OPPD_US-NE,1.417201
2032,SWPP_SECI_US-KS,1.310724
2032,SWPP_SPRM_US-MO,1.133598
2032,SWPP_SPS_US-CO,1.151598
2032,SWPP_SPS_US-KS,1.151598
2032,SWPP_SPS_US-NM,1.151598
2032,SWPP_SPS_US-OK,1.151598
2032,SWPP_SPS_US-TX,1.151598
2032,SWPP_WAUE_US-IA,0.852812
2032,SWPP_WAUE_US-MN,0.852812
2032,SWPP_WAUE_US-MT,0.852812
2032,SWPP_WAUE_US-ND,0.852812
2032,SWPP_WAUE_US-NE,0.852812
2032,SWPP_WAUE_US-SD,0.852812
2032,SWPP_WAUE_US-WY,0.852812
2032,SWPP_WFEC_US-KS,1.006959
2032,SWPP_WFEC_US-OK,1.006959
2032,SWPP_WFEC_US-TX,1.006959
2032,SWPP_WR_US-KS,0.865992
2032,SWPP_WR_US-MO,0.865992
2032,TAL_0_US-FL,1.125198
2032,TEC_0_US-FL,1.107692
2032,TEPC_0_MX-SON,1.129423
2032,TEPC_0_US-AZ,1.129423
2032,TEPC_0_US-NM,1.129423
2032,TIDC_0_US-CA,0.855244
2032,TPWR_0_US-WA,1.248967
2032,TVA_0_US-AL,1.120105
2032,TVA_0_US-GA,1.120105
2032,TVA_0_US-KY,1.120105
2032,TVA_0_US-MS,1.120105
2032,TVA_0_US-NC,1.120105
2032,TVA_0_US-TN,1.120105
2032,TVA_0_US-VA,1.120105
2032,WACM_0_US-AZ,1.49786
2032,WACM_0_US-CO,1.49786
2032,WACM_0_US-MT,1.49786
2032,WACM_0_US-NE,1.49786
2032,WACM_0_US-NM,1.49786
2032,WACM_0_US-SD,1.49786
2032,WACM_0_US-UT,1.49786
2032,WACM_0_US-WY,1.49786
2032,WALC_0_US-AZ,1.326742
2032,WALC_0_US-CA,1.326742
2032,WALC_0_US-NV,1.326742
2032,WAUW_0_US-MT,1.574468
2032,WWA_0_US-MT,1
2032,YAD_0_US-NC,1
2033,AEC_0_US-AL,0
2033,AEC_0_US-FL,0
2033,AECI_0_US-AR,0
2033,AECI_0_US-IA,0
2033,AECI_0_US-MO,0
2033,AECI_0_US-OK,0
2033,AESO_CENT_CA-AB,0
2033,AESO_CGY_CA-AB,0
2033,AESO_EDM_CA-AB,0
2033,AESO_NE_CA-AB,0
2033,AESO_NW_CA-AB,0
2033,AESO_NW_CA-BC,0
2033,AESO_SOUT_CA-AB,0
2033,AVA_0_US-ID,1.129521
2033,AVA_0_US-MT,1.129521
2033,AVA_0_US-OR,1.129521
2033,AVA_0_US-WA,1.129521
2033,AVRN_0_US-OR,1
2033,AVRN_0_US-WA,1
2033,AZPS_0_US-AZ,1.278105
2033,AZPS_0_US-CA,1.278105
2033,AZPS_0_US-NM,1.278105
2033,AZPS_0_US-NV,1.278105
2033,BANC_0_US-CA,1.028335
2033,BCHA_0_CA-BC,0
2033,BPAT_0_CA-BC,1.204682
2033,BPAT_0_US-CA,1.204682
2033,BPAT_0_US-ID,1.204682
2033,BPAT_0_US-MT,1.204682
2033,BPAT_0_US-OR,1.204682
2033,BPAT_0_US-WA,1.204682
2033,CEN_0_MX-COA,0
2033,CEN_0_MX-NLE,0
2033,CENB_0_MX-BCN,0
2033,CENB_0_MX-SON,0
2033,CHPD_0_US-WA,1.220408
2033,CISO_PGAE_US-CA,1.570506
2033,CISO_PGAE_US-OR,1.570506
2033,CISO_SCE_US-AZ,1.310118
2033,CISO_SCE_US-CA,1.310118
2033,CISO_SCE_US-NV,1.310118
2033,CISO_SDGE_MX-BCN,1.411192
2033,CISO_SDGE_US-AZ,1.411192
2033,CISO_SDGE_US-CA,1.411192
2033,CISO_VEA_US-NV,1.066225
2033,CPLE_0_US-NC,1.159833
2033,CPLE_0_US-SC,1.159833
2033,CPLW_0_US-NC,0.835657
2033,DEAA_0_US-AZ,1
2033,DOPD_0_US-WA,1.226981
2033,DUK_0_US-NC,1.134515
2033,DUK_0_US-SC,1.134515
2033,DUK_0_US-VA,1.134515
2033,EPE_0_US-NM,1.179825
2033,EPE_0_US-TX,1.179825
2033,ERCO_COAS_US-TX,1.150051
2033,ERCO_EAST_US-TX,1.671667
2033,ERCO_FWES_US-TX,1.11619
2033,ERCO_NCEN_US-TX,1.155709
2033,ERCO_NRTH_US-OK,1.268046
2033,ERCO_NRTH_US-TX,1.268046
2033,ERCO_SCEN_US-TX,1.214296
2033,ERCO_SOUT_US-TX,1.170402
2033,ERCO_WEST_US-TX,1.9095
2033,FMPP_0_US-FL,0.981779
2033,FPC_0_US-FL,0.939648
2033,FPL_0_US-FL,1.113464
2033,GCPD_0_US-WA,1.252376
2033,GLHB_0_US-IL,1
2033,GRID_0_US-NM,1
2033,GRID_0_US-OR,1
2033,GRID_0_US-WA,1
2033,GRIF_0_US-AZ,1
2033,GVL_0_US-FL,1.070796
2033,GWA_0_US-MT,1
2033,HGMA_0_US-AZ,1
2033,HQT_0_CA-NL,1
2033,HQT_0_CA-QC,1
2033,HST_0_US-FL,1.206897
2033,IESO_0_CA-ON,0
2033,IID_0_US-AZ,1.059135
2033,IID_0_US-CA,1.059135
2033,IPCO_0_US-ID,1.098598
2033,IPCO_0_US-NV,1.098598
2033,IPCO_0_US-OR,1.098598
2033,IPCO_0_US-UT,1.098598
2033,ISNE_4001_US-ME,1.16552
2033,ISNE_4002_US-ME,1.195776
2033,ISNE_4002_US-NH,1.195776
2033,ISNE_4002_US-VT,1.195776
2033,ISNE_4003_US-NH,1.436795
2033,ISNE_4003_US-NY,1.436795
2033,ISNE_4003_US-VT,1.436795
2033,ISNE_4004_US-CT,1.263239
2033,ISNE_4005_US-MA,1.213624
2033,ISNE_4005_US-RI,1.213624
2033,ISNE_4006_US-MA,1.306022
2033,ISNE_4006_US-RI,1.306022
2033,ISNE_4007_US-MA,1.300362
2033,ISNE_4007_US-NY,1.300362
2033,ISNE_4007_US-VT,1.300362
2033,ISNE_4008_US-MA,1.286782
2033,ISNE_4008_US-NH,1.286782
2033,JEA_0_US-FL,1.188226
2033,LDWP_0_US-AZ,1.020087
2033,LDWP_0_US-CA,1.020087
2033,LDWP_0_US-NV,1.020087
2033,LDWP_0_US-UT,1.020087
2033,LGEE_0_US-IN,1.029498
2033,LGEE_0_US-KY,1.029498
2033,LGEE_0_US-VA,1.029498
2033,MHEB_0_CA-MB,0
2033,MISO_01_US-IA,1.225635
2033,MISO_01_US-IL,1.225635
2033,MISO_01_US-MI,1.225635
2033,MISO_01_US-MN,1.225635
2033,MISO_01_US-MT,1.225635
2033,MISO_01_US-ND,1.225635
2033,MISO_01_US-SD,1.225635
2033,MISO_01_US-WI,1.225635
2033,MISO_02_US-IA,1.230531
2033,MISO_02_US-IL,1.230531
2033,MISO_02_US-MI,1.230531
2033,MISO_02_US-MN,1.230531
2033,MISO_02_US-WI,1.230531
2033,MISO_03_US-IA,1.226929
2033,MISO_03_US-IL,1.226929
2033,MISO_03_US-MN,1.226929
2033,MISO_03_US-MO,1.226929
2033,MISO_03_US-SD,1.226929
2033,MISO_04_US-IL,1.14763
2033,MISO_04_US-KY,1.14763
2033,MISO_04_US-MO,1.14763
2033,MISO_05_US-IA,1.098803
2033,MISO_05_US-IL,1.098803
2033,MISO_05_US-MO,1.098803
2033,MISO_06_US-IL,1.158579
2033,MISO_06_US-IN,1.158579
2033,MISO_06_US-KY,1.158579
2033,MISO_06_US-OH,1.158579
2033,MISO_07_US-MI,1.173568
2033,MISO_08_US-AR,1.117003
2033,MISO_08_US-MO,1.117003
2033,MISO_09_US-LA,1.132456
2033,MISO_09_US-TX,1.132456
2033,MISO_10_US-MS,1.143728
2033,MISO_10_US-TN,1.143728
2033,NBSO_0_CA-NB,4.662562
2033,NBSO_0_CA-PE,4.662562
2033,NBSO_0_US-ME,4.662562
2033,NEVP_0_US-CA,1.236401
2033,NEVP_0_US-NV,1.236401
2033,NEVP_0_US-OR,1.236401
2033,NSPI_0_CA-NS,4.662562
2033,NWMT_0_US-ID,1.191761
2033,NWMT_0_US-MT,1.191761
2033,NWMT_0_US-WY,1.191761
2033,NYIS_A_US-NY,1.160438
2033,NYIS_A_US-PA,1.160438
2033,NYIS_B_US-NY,1.146853
2033,NYIS_C_US-NY,1.147395
2033,NYIS_D_US-NY,1.12782
2033,NYIS_E_US-NY,1.141219
2033,NYIS_F_US-NY,1.136345
2033,NYIS_G_US-NJ,1.171944
2033,NYIS_G_US-NY,1.171944
2033,NYIS_G_US-PA,1.171944
2033,NYIS_H_US-NY,1.154745
2033,NYIS_I_US-NY,1.146186
2033,NYIS_J_US-NJ,1.092455
2033,NYIS_J_US-NY,1.092455
2033,NYIS_K_US-NY,1.092987
2033,PACE_0_US-AZ,1.184546
2033,PACE_0_US-CO,1.184546
2033,PACE_0_US-ID,1.184546
2033,PACE_0_US-MT,1.184546
2033,PACE_0_US-NV,1.184546
2033,PACE_0_US-UT,1.184546
2033,PACE_0_US-WY,1.184546
2033,PACW_0_US-CA,1.112927
2033,PACW_0_US-OR,1.112927
2033,PACW_0_US-WA,1.112927
2033,PGE_0_US-OR,1.177589
2033,PGE_0_US-WA,1.177589
2033,PJM_AE_US-NJ,1.253832
2033,PJM_AEP_US-IN,1.103038
2033,PJM_AEP_US-KY,1.103038
2033,PJM_AEP_US-MI,1.103038
2033,PJM_AEP_US-OH,1.103038
2033,PJM_AEP_US-TN,1.103038
2033,PJM_AEP_US-VA,1.103038
2033,PJM_AEP_US-WV,1.103038
2033,PJM_AP_US-MD,1.212955
2033,PJM_AP_US-OH,1.212955
2033,PJM_AP_US-PA,1.212955
2033,PJM_AP_US-VA,1.212955
2033,PJM_AP_US-WV,1.212955
2033,PJM_ATSI_US-OH,1.118423
2033,PJM_ATSI_US-PA,1.118423
2033,PJM_BC_US-MD,1.380981
2033,PJM_CE_US-IL,1.159074
2033,PJM_CE_US-IN,1.159074
2033,PJM_DAY_US-OH,1.091072
2033,PJM_DEOK_US-KY,1.127852
2033,PJM_DEOK_US-OH,1.127852
2033,PJM_DOM_US-NC,1.210609
2033,PJM_DOM_US-VA,1.210609
2033,PJM_DOM_US-WV,1.210609
2033,PJM_DPL_US-DE,1.434761
2033,PJM_DPL_US-MD,1.434761
2033,PJM_DPL_US-NJ,1.434761
2033,PJM_DPL_US-PA,1.434761
2033,PJM_DPL_US-VA,1.434761
2033,PJM_DUQ_US-PA,1.133212
2033,PJM_EKPC_US-KY,1.094101
2033,PJM_JC_US-NJ,1.211488
2033,PJM_JC_US-NY,1.211488
2033,PJM_ME_US-PA,1.112814
2033,PJM_PE_US-DE,1.107787
2033,PJM_PE_US-MD,1.107787
2033,PJM_PE_US-NJ,1.107787
2033,PJM_PE_US-PA,1.107787
2033,PJM_PEP_US-DC,0.695029
2033,PJM_PEP_US-MD,0.695029
2033,PJM_PEP_US-VA,0.695029
2033,PJM_PL_US-MD,1.0964
2033,PJM_PL_US-PA,1.0964
2033,PJM_PN_US-MD,1.061691
2033,PJM_PN_US-PA,1.061691
2033,PJM_PS_US-NJ,1.286069
2033,PJM_PS_US-PA,1.286069
2033,PJM_RECO_US-NJ,2.452703
2033,PNM_ACMA_US-NM,1
2033,PNM_CYGA_US-NM,1
2033,PNM_Frep_US-NM,0.988095
2033,PNM_Jica_US-NM,1
2033,PNM_KAFB_US-NM,0.943662
2033,PNM_KCEC_US-NM,0.936508
2033,PNM_LAC_US-NM,0.876404
2033,PNM_NTUA_US-NM,0
2033,PNM_PNM_US-NM,1.249325
2033,PNM_TSGT_US-AZ,0.584383
2033,PNM_TSGT_US-NM,0.584383
2033,PSCO_0_US-CO,1.314929
2033,PSCO_0_US-WY,1.314929
2033,PSEI_0_US-WA,1.415618
2033,SC_0_US-SC,1.125135
2033,SCEG_0_US-GA,1.067786
2033,SCEG_0_US-SC,1.067786
2033,SCL_0_US-WA,1.261285
2033,SEC_0_US-FL,0.939648
2033,SEPA_0_US-GA,1
2033,SEPA_0_US-SC,1
2033,SOCO_0_US-AL,1.104189
2033,SOCO_0_US-FL,1.104189
2033,SOCO_0_US-GA,1.104189
2033,SOCO_0_US-MS,1.104189
2033,SOCO_0_US-SC,1.104189
2033,SPA_0_US-AR,2.95
2033,SPA_0_US-MO,2.95
2033,SPA_0_US-OK,2.95
2033,SPA_0_US-TX,2.95
2033,SPC_0_CA-SK,0
2033,SRP_0_US-AZ,1.178902
2033,SWPP_CSWS_US-AR,1.131211
2033,SWPP_CSWS_US-LA,1.131211
2033,SWPP_CSWS_US-OK,1.131211
2033,SWPP_CSWS_US-TX,1.131211
2033,SWPP_EDE_US-AR,1.229014
2033,SWPP_EDE_US-KS,1.229014
2033,SWPP_EDE_US-MO,1.229014
2033,SWPP_EDE_US-OK,1.229014
2033,SWPP_GRDA_US-AR,0.759929
2033,SWPP_GRDA_US-KS,0.759929
2033,SWPP_GRDA_US-OK,0.759929
2033,SWPP_INDN_US-MO,1.156716
2033,SWPP_KACY_US-KS,1.132075
2033,SWPP_KCPL_US-KS,1.138241
2033,SWPP_KCPL_US-MO,1.138241
2033,SWPP_LES_US-NE,1.467806
2033,SWPP_MPS_US-MO,1.147781
2033,SWPP_NPPD_US-CO,1.010442
2033,SWPP_NPPD_US-NE,1.010442
2033,SWPP_NPPD_US-SD,1.010442
2033,SWPP_OKGE_US-AR,1.068935
2033,SWPP_OKGE_US-OK,1.068935
2033,SWPP_OKGE_US-TX,1.068935
2033,SWPP_OPPD_US-NE,1.468502
2033,SWPP_SECI_US-KS,1.321723
2033,SWPP_SPRM_US-MO,1.145503
2033,SWPP_SPS_US-CO,1.169315
2033,SWPP_SPS_US-KS,1.169315
2033,SWPP_SPS_US-NM,1.169315
2033,SWPP_SPS_US-OK,1.169315
2033,SWPP_SPS_US-TX,1.169315
2033,SWPP_WAUE_US-IA,0.868767
2033,SWPP_WAUE_US-MN,0.868767
2033,SWPP_WAUE_US-MT,0.868767
2033,SWPP_WAUE_US-ND,0.868767
2033,SWPP_WAUE_US-NE,0.868767
2033,SWPP_WAUE_US-SD,0.868767
2033,SWPP_WAUE_US-WY,0.868767
2033,SWPP_WFEC_US-KS,1.014454
2033,SWPP_WFEC_US-OK,1.014454
2033,SWPP_WFEC_US-TX,1.014454
2033,SWPP_WR_US-KS,0.873734
2033,SWPP_WR_US-MO,0.873734
2033,TAL_0_US-FL,1.137876
2033,TEC_0_US-FL,1.119287
2033,TEPC_0_MX-SON,1.142996
2033,TEPC_0_US-AZ,1.142996
2033,TEPC_0_US-NM,1.142996
2033,TIDC_0_US-CA,0.874446
2033,TPWR_0_US-WA,1.26343
2033,TVA_0_US-AL,1.130224
2033,TVA_0_US-GA,1.130224
2033,TVA_0_US-KY,1.130224
2033,TVA_0_US-MS,1.130224
2033,TVA_0_US-NC,1.130224
2033,TVA_0_US-TN,1.130224
2033,TVA_0_US-VA,1.130224
2033,WACM_0_US-AZ,1.528744
2033,WACM_0_US-CO,1.528744
2033,WACM_0_US-MT,1.528744
2033,WACM_0_US-NE,1.528744
2033,WACM_0_US-NM,1.528744
2033,WACM_0_US-SD,1.528744
2033,WACM_0_US-UT,1.528744
2033,WACM_0_US-WY,1.528744
2033,WALC_0_US-AZ,1.347009
2033,WALC_0_US-CA,1.347009
2033,WALC_0_US-NV,1.347009
2033,WAUW_0_US-MT,1.595745
2033,WWA_0_US-MT,1
2033,YAD_0_US-NC,1
2034,AEC_0_US-AL,0
2034,AEC_0_US-FL,0
2034,AECI_0_US-AR,0
2034,AECI_0_US-IA,0
2034,AECI_0_US-MO,0
2034,AECI_0_US-OK,0
2034,AESO_CENT_CA-AB,0
2034,AESO_CGY_CA-AB,0
2034,AESO_EDM_CA-AB,0
2034,AESO_NE_CA-AB,0
2034,AESO_NW_CA-AB,0
2034,AESO_NW_CA-BC,0
2034,AESO_SOUT_CA-AB,0
2034,AVA_0_US-ID,1.143398
2034,AVA_0_US-MT,1.143398
2034,AVA_0_US-OR,1.143398
2034,AVA_0_US-WA,1.143398
2034,AVRN_0_US-OR,1
2034,AVRN_0_US-WA,1
2034,AZPS_0_US-AZ,1.293538
2034,AZPS_0_US-CA,1.293538
2034,AZPS_0_US-NM,1.293538
2034,AZPS_0_US-NV,1.293538
2034,BANC_0_US-CA,1.052622
2034,BCHA_0_CA-BC,0
2034,BPAT_0_CA-BC,1.219698
2034,BPAT_0_US-CA,1.219698
2034,BPAT_0_US-ID,1.219698
2034,BPAT_0_US-MT,1.219698
2034,BPAT_0_US-OR,1.219698
2034,BPAT_0_US-WA,1.219698
2034,CEN_0_MX-COA,0
2034,CEN_0_MX-NLE,0
2034,CENB_0_MX-BCN,0
2034,CENB_0_MX-SON,0
2034,CHPD_0_US-WA,1.234694
2034,CISO_PGAE_US-CA,1.607686
2034,CISO_PGAE_US-OR,1.607686
2034,CISO_SCE_US-AZ,1.341098
2034,CISO_SCE_US-CA,1.341098
2034,CISO_SCE_US-NV,1.341098
2034,CISO_SDGE_MX-BCN,1.444444
2034,CISO_SDGE_US-AZ,1.444444
2034,CISO_SDGE_US-CA,1.444444
2034,CISO_VEA_US-NV,1.07947
2034,CPLE_0_US-NC,1.17039
2034,CPLE_0_US-SC,1.17039
2034,CPLW_0_US-NC,0.842629
2034,DEAA_0_US-AZ,1
2034,DOPD_0_US-WA,1.24197
2034,DUK_0_US-NC,1.14451
2034,DUK_0_US-SC,1.14451
2034,DUK_0_US-VA,1.14451
2034,EPE_0_US-NM,1.197856
2034,EPE_0_US-TX,1.197856
2034,ERCO_COAS_US-TX,1.166177
2034,ERCO_EAST_US-TX,1.695208
2034,ERCO_FWES_US-TX,1.131852
2034,ERCO_NCEN_US-TX,1.171932
2034,ERCO_NRTH_US-OK,1.285852
2034,ERCO_NRTH_US-TX,1.285852
2034,ERCO_SCEN_US-TX,1.231302
2034,ERCO_SOUT_US-TX,1.186882
2034,ERCO_WEST_US-TX,1.93625
2034,FMPP_0_US-FL,0.992113
2034,FPC_0_US-FL,0.949606
2034,FPL_0_US-FL,1.125274
2034,GCPD_0_US-WA,1.267159
2034,GLHB_0_US-IL,1
2034,GRID_0_US-NM,1
2034,GRID_0_US-OR,1
2034,GRID_0_US-WA,1
2034,GRIF_0_US-AZ,1
2034,GVL_0_US-FL,1.081416
2034,GWA_0_US-MT,1
2034,HGMA_0_US-AZ,1
2034,HQT_0_CA-NL,1
2034,HQT_0_CA-QC,1
2034,HST_0_US-FL,1.215517
2034,IESO_0_CA-ON,0
2034,IID_0_US-AZ,1.084731
2034,IID_0_US-CA,1.084731
2034,IPCO_0_US-ID,1.112368
2034,IPCO_0_US-NV,1.112368
2034,IPCO_0_US-OR,1.112368
2034,IPCO_0_US-UT,1.112368
2034,ISNE_4001_US-ME,1.189166
2034,ISNE_4002_US-ME,1.217709
2034,ISNE_4002_US-NH,1.217709
2034,ISNE_4002_US-VT,1.217709
2034,ISNE_4003_US-NH,1.469526
2034,ISNE_4003_US-NY,1.469526
2034,ISNE_4003_US-VT,1.469526
2034,ISNE_4004_US-CT,1.281404
2034,ISNE_4005_US-MA,1.234332
2034,ISNE_4005_US-RI,1.234332
2034,ISNE_4006_US-MA,1.333526
2034,ISNE_4006_US-RI,1.333526
2034,ISNE_4007_US-MA,1.327805
2034,ISNE_4007_US-NY,1.327805
2034,ISNE_4007_US-VT,1.327805
2034,ISNE_4008_US-MA,1.313793
2034,ISNE_4008_US-NH,1.313793
2034,JEA_0_US-FL,1.20062
2034,LDWP_0_US-AZ,1.044155
2034,LDWP_0_US-CA,1.044155
2034,LDWP_0_US-NV,1.044155
2034,LDWP_0_US-UT,1.044155
2034,LGEE_0_US-IN,1.037327
2034,LGEE_0_US-KY,1.037327
2034,LGEE_0_US-VA,1.037327
2034,MHEB_0_CA-MB,0
2034,MISO_01_US-IA,1.248394
2034,MISO_01_US-IL,1.248394
2034,MISO_01_US-MI,1.248394
2034,MISO_01_US-MN,1.248394
2034,MISO_01_US-MT,1.248394
2034,MISO_01_US-ND,1.248394
2034,MISO_01_US-SD,1.248394
2034,MISO_01_US-WI,1.248394
2034,MISO_02_US-IA,1.247755
2034,MISO_02_US-IL,1.247755
2034,MISO_02_US-MI,1.247755
2034,MISO_02_US-MN,1.247755
2034,MISO_02_US-WI,1.247755
2034,MISO_03_US-IA,1.248536
2034,MISO_03_US-IL,1.248536
2034,MISO_03_US-MN,1.248536
2034,MISO_03_US-MO,1.248536
2034,MISO_03_US-SD,1.248536
2034,MISO_04_US-IL,1.161851
2034,MISO_04_US-KY,1.161851
2034,MISO_04_US-MO,1.161851
2034,MISO_05_US-IA,1.110342
2034,MISO_05_US-IL,1.110342
2034,MISO_05_US-MO,1.110342
2034,MISO_06_US-IL,1.169717
2034,MISO_06_US-IN,1.169717
2034,MISO_06_US-KY,1.169717
2034,MISO_06_US-OH,1.169717
2034,MISO_07_US-MI,1.190541
2034,MISO_08_US-AR,1.12343
2034,MISO_08_US-MO,1.12343
2034,MISO_09_US-LA,1.138766
2034,MISO_09_US-TX,1.138766
2034,MISO_10_US-MS,1.1516
2034,MISO_10_US-TN,1.1516
2034,NBSO_0_CA-NB,4.757389
2034,NBSO_0_CA-PE,4.757389
2034,NBSO_0_US-ME,4.757389
2034,NEVP_0_US-CA,1.250294
2034,NEVP_0_US-NV,1.250294
2034,NEVP_0_US-OR,1.250294
2034,NSPI_0_CA-NS,4.757389
2034,NWMT_0_US-ID,1.211812
2034,NWMT_0_US-MT,1.211812
2034,NWMT_0_US-WY,1.211812
2034,NYIS_A_US-NY,1.177048
2034,NYIS_A_US-PA,1.177048
2034,NYIS_B_US-NY,1.163337
2034,NYIS_C_US-NY,1.163812
2034,NYIS_D_US-NY,1.14411
2034,NYIS_E_US-NY,1.157706
2034,NYIS_F_US-NY,1.152656
2034,NYIS_G_US-NJ,1.188654
2034,NYIS_G_US-NY,1.188654
2034,NYIS_G_US-PA,1.188654
2034,NYIS_H_US-NY,1.170803
2034,NYIS_I_US-NY,1.162429
2034,NYIS_J_US-NJ,1.108105
2034,NYIS_J_US-NY,1.108105
2034,NYIS_K_US-NY,1.108615
2034,PACE_0_US-AZ,1.205555
2034,PACE_0_US-CO,1.205555
2034,PACE_0_US-ID,1.205555
2034,PACE_0_US-MT,1.205555
2034,PACE_0_US-NV,1.205555
2034,PACE_0_US-UT,1.205555
2034,PACE_0_US-WY,1.205555
2034,PACW_0_US-CA,1.127984
2034,PACW_0_US-OR,1.127984
2034,PACW_0_US-WA,1.127984
2034,PGE_0_US-OR,1.193022
2034,PGE_0_US-WA,1.193022
2034,PJM_AE_US-NJ,1.28
2034,PJM_AEP_US-IN,1.112574
2034,PJM_AEP_US-KY,1.112574
2034,PJM_AEP_US-MI,1.112574
2034,PJM_AEP_US-OH,1.112574
2034,PJM_AEP_US-TN,1.112574
2034,PJM_AEP_US-VA,1.112574
2034,PJM_AEP_US-WV,1.112574
2034,PJM_AP_US-MD,1.221273
2034,PJM_AP_US-OH,1.221273
2034,PJM_AP_US-PA,1.221273
2034,PJM_AP_US-VA,1.221273
2034,PJM_AP_US-WV,1.221273
2034,PJM_ATSI_US-OH,1.128535
2034,PJM_ATSI_US-PA,1.128535
2034,PJM_BC_US-MD,1.400425
2034,PJM_CE_US-IL,1.173411
2034,PJM_CE_US-IN,1.173411
2034,PJM_DAY_US-OH,1.100926
2034,PJM_DEOK_US-KY,1.137847
2034,PJM_DEOK_US-OH,1.137847
2034,PJM_DOM_US-NC,1.223003
2034,PJM_DOM_US-VA,1.223003
2034,PJM_DOM_US-WV,1.223003
2034,PJM_DPL_US-DE,1.453401
2034,PJM_DPL_US-MD,1.453401
2034,PJM_DPL_US-NJ,1.453401
2034,PJM_DPL_US-PA,1.453401
2034,PJM_DPL_US-VA,1.453401
2034,PJM_DUQ_US-PA,1.140109
2034,PJM_EKPC_US-KY,1.102177
2034,PJM_JC_US-NJ,1.236456
2034,PJM_JC_US-NY,1.236456
2034,PJM_ME_US-PA,1.119661
2034,PJM_PE_US-DE,1.114672
2034,PJM_PE_US-MD,1.114672
2034,PJM_PE_US-NJ,1.114672
2034,PJM_PE_US-PA,1.114672
2034,PJM_PEP_US-DC,0.704634
2034,PJM_PEP_US-MD,0.704634
2034,PJM_PEP_US-VA,0.704634
2034,PJM_PL_US-MD,1.103183
2034,PJM_PL_US-PA,1.103183
2034,PJM_PN_US-MD,1.068166
2034,PJM_PN_US-PA,1.068166
2034,PJM_PS_US-NJ,1.312699
2034,PJM_PS_US-PA,1.312699
2034,PJM_RECO_US-NJ,2.5
2034,PNM_ACMA_US-NM,1
2034,PNM_CYGA_US-NM,1
2034,PNM_Frep_US-NM,1
2034,PNM_Jica_US-NM,1
2034,PNM_KAFB_US-NM,0.957746
2034,PNM_KCEC_US-NM,0.952381
2034,PNM_LAC_US-NM,0.898876
2034,PNM_NTUA_US-NM,0
2034,PNM_PNM_US-NM,1.273254
2034,PNM_TSGT_US-AZ,0.596977
2034,PNM_TSGT_US-NM,0.596977
2034,PSCO_0_US-CO,1.344464
2034,PSCO_0_US-WY,1.344464
2034,PSEI_0_US-WA,1.432794
2034,SC_0_US-SC,1.133765
2034,SCEG_0_US-GA,1.075963
2034,SCEG_0_US-SC,1.075963
2034,SCL_0_US-WA,1.276155
2034,SEC_0_US-FL,0.949606
2034,SEPA_0_US-GA,1
2034,SEPA_0_US-SC,1
2034,SOCO_0_US-AL,1.114417
2034,SOCO_0_US-FL,1.114417
2034,SOCO_0_US-GA,1.114417
2034,SOCO_0_US-MS,1.114417
2034,SOCO_0_US-SC,1.114417
2034,SPA_0_US-AR,2.977778
2034,SPA_0_US-MO,2.977778
2034,SPA_0_US-OK,2.977778
2034,SPA_0_US-TX,2.977778
2034,SPC_0_CA-SK,0
2034,SRP_0_US-AZ,1.193115
2034,SWPP_CSWS_US-AR,1.140456
2034,SWPP_CSWS_US-LA,1.140456
2034,SWPP_CSWS_US-OK,1.140456
2034,SWPP_CSWS_US-TX,1.140456
2034,SWPP_EDE_US-AR,1.241239
2034,SWPP_EDE_US-KS,1.241239
2034,SWPP_EDE_US-MO,1.241239
2034,SWPP_EDE_US-OK,1.241239
2034,SWPP_GRDA_US-AR,0.765225
2034,SWPP_GRDA_US-KS,0.765225
2034,SWPP_GRDA_US-OK,0.765225
2034,SWPP_INDN_US-MO,1.16791
2034,SWPP_KACY_US-KS,1.142558
2034,SWPP_KCPL_US-KS,1.14948
2034,SWPP_KCPL_US-MO,1.14948
2034,SWPP_LES_US-NE,1.521682
2034,SWPP_MPS_US-MO,1.159791
2034,SWPP_NPPD_US-CO,1.047122
2034,SWPP_NPPD_US-NE,1.047122
2034,SWPP_NPPD_US-SD,1.047122
2034,SWPP_OKGE_US-AR,1.076923
2034,SWPP_OKGE_US-OK,1.076923
2034,SWPP_OKGE_US-TX,1.076923
2034,SWPP_OPPD_US-NE,1.52169
2034,SWPP_SECI_US-KS,1.333639
2034,SWPP_SPRM_US-MO,1.157407
2034,SWPP_SPS_US-CO,1.187397
2034,SWPP_SPS_US-KS,1.187397
2034,SWPP_SPS_US-NM,1.187397
2034,SWPP_SPS_US-OK,1.187397
2034,SWPP_SPS_US-TX,1.187397
2034,SWPP_WAUE_US-IA,0.884922
2034,SWPP_WAUE_US-MN,0.884922
2034,SWPP_WAUE_US-MT,0.884922
2034,SWPP_WAUE_US-ND,0.884922
2034,SWPP_WAUE_US-NE,0.884922
2034,SWPP_WAUE_US-SD,0.884922
2034,SWPP_WAUE_US-WY,0.884922
2034,SWPP_WFEC_US-KS,1.022484
2034,SWPP_WFEC_US-OK,1.022484
2034,SWPP_WFEC_US-TX,1.022484
2034,SWPP_WR_US-KS,0.881477
2034,SWPP_WR_US-MO,0.881477
2034,TAL_0_US-FL,1.14897
2034,TEC_0_US-FL,1.131104
2034,TEPC_0_MX-SON,1.15681
2034,TEPC_0_US-AZ,1.15681
2034,TEPC_0_US-NM,1.15681
2034,TIDC_0_US-CA,0.896603
2034,TPWR_0_US-WA,1.278926
2034,TVA_0_US-AL,1.140409
2034,TVA_0_US-GA,1.140409
2034,TVA_0_US-KY,1.140409
2034,TVA_0_US-MS,1.140409
2034,TVA_0_US-NC,1.140409
2034,TVA_0_US-TN,1.140409
2034,TVA_0_US-VA,1.140409
2034,WACM_0_US-AZ,1.560186
2034,WACM_0_US-CO,1.560186
2034,WACM_0_US-MT,1.560186
2034,WACM_0_US-NE,1.560186
2034,WACM_0_US-NM,1.560186
2034,WACM_0_US-SD,1.560186
2034,WACM_0_US-UT,1.560186
2034,WACM_0_US-WY,1.560186
2034,WALC_0_US-AZ,1.368265
2034,WALC_0_US-CA,1.368265
2034,WALC_0_US-NV,1.368265
2034,WAUW_0_US-MT,1.617021
2034,WWA_0_US-MT,1
2034,YAD_0_US-NC,1
2035,AEC_0_US-AL,0
2035,AEC_0_US-FL,0
2035,AECI_0_US-AR,0
2035,AECI_0_US-IA,0
2035,AECI_0_US-MO,0
2035,AECI_0_US-OK,0
2035,AESO_CENT_CA-AB,0
2035,AESO_CGY_CA-AB,0
2035,AESO_EDM_CA-AB,0
2035,AESO_NE_CA-AB,0
2035,AESO_NW_CA-AB,0
2035,AESO_NW_CA-BC,0
2035,AESO_SOUT_CA-AB,0
2035,AVA_0_US-ID,1.157275
2035,AVA_0_US-MT,1.157275
2035,AVA_0_US-OR,1.157275
2035,AVA_0_US-WA,1.157275
2035,AVRN_0_US-OR,1
2035,AVRN_0_US-WA,1
2035,AZPS_0_US-AZ,1.309184
2035,AZPS_0_US-CA,1.309184
2035,AZPS_0_US-NM,1.309184
2035,AZPS_0_US-NV,1.309184
2035,BANC_0_US-CA,1.077614
2035,BCHA_0_CA-BC,0
2035,BPAT_0_CA-BC,1.235009
2035,BPAT_0_US-CA,1.235009
2035,BPAT_0_US-ID,1.235009
2035,BPAT_0_US-MT,1.235009
2035,BPAT_0_US-OR,1.235009
2035,BPAT_0_US-WA,1.235009
2035,CEN_0_MX-COA,0
2035,CEN_0_MX-NLE,0
2035,CENB_0_MX-BCN,0
2035,CENB_0_MX-SON,0
2035,CHPD_0_US-WA,1.24898
2035,CISO_PGAE_US-CA,1.645767
2035,CISO_PGAE_US-OR,1.645767
2035,CISO_SCE_US-AZ,1.372869
2035,CISO_SCE_US-CA,1.372869
2035,CISO_SCE_US-NV,1.372869
2035,CISO_SDGE_MX-BCN,1.478778
2035,CISO_SDGE_US-AZ,1.478778
2035,CISO_SDGE_US-CA,1.478778
2035,CISO_VEA_US-NV,1.092715
2035,CPLE_0_US-NC,1.18103
2035,CPLE_0_US-SC,1.18103
2035,CPLW_0_US-NC,0.850598
2035,DEAA_0_US-AZ,1
2035,DOPD_0_US-WA,1.256959
2035,DUK_0_US-NC,1.154653
2035,DUK_0_US-SC,1.154653
2035,DUK_0_US-VA,1.154653
2035,EPE_0_US-NM,1.215887
2035,EPE_0_US-TX,1.215887
2035,ERCO_COAS_US-TX,1.182497
2035,ERCO_EAST_US-TX,1.718958
2035,ERCO_FWES_US-TX,1.147725
2035,ERCO_NCEN_US-TX,1.188349
2035,ERCO_NRTH_US-OK,1.303657
2035,ERCO_NRTH_US-TX,1.303657
2035,ERCO_SCEN_US-TX,1.248533
2035,ERCO_SOUT_US-TX,1.203527
2035,ERCO_WEST_US-TX,1.9635
2035,FMPP_0_US-FL,1.00272
2035,FPC_0_US-FL,0.95965
2035,FPL_0_US-FL,1.13718
2035,GCPD_0_US-WA,1.282999
2035,GLHB_0_US-IL,1
2035,GRID_0_US-NM,1
2035,GRID_0_US-OR,1
2035,GRID_0_US-WA,1
2035,GRIF_0_US-AZ,1
2035,GVL_0_US-FL,1.093805
2035,GWA_0_US-MT,1
2035,HGMA_0_US-AZ,1
2035,HQT_0_CA-NL,1
2035,HQT_0_CA-QC,1
2035,HST_0_US-FL,1.232759
2035,IESO_0_CA-ON,0
2035,IID_0_US-AZ,1.110327
2035,IID_0_US-CA,1.110327
2035,IPCO_0_US-ID,1.126137
2035,IPCO_0_US-NV,1.126137
2035,IPCO_0_US-OR,1.126137
2035,IPCO_0_US-UT,1.126137
2035,ISNE_4001_US-ME,1.213242
2035,ISNE_4002_US-ME,1.239643
2035,ISNE_4002_US-NH,1.239643
2035,ISNE_4002_US-VT,1.239643
2035,ISNE_4003_US-NH,1.504515
2035,ISNE_4003_US-NY,1.504515
2035,ISNE_4003_US-VT,1.504515
2035,ISNE_4004_US-CT,1.299723
2035,ISNE_4005_US-MA,1.255041
2035,ISNE_4005_US-RI,1.255041
2035,ISNE_4006_US-MA,1.36161
2035,ISNE_4006_US-RI,1.36161
2035,ISNE_4007_US-MA,1.35585
2035,ISNE_4007_US-NY,1.35585
2035,ISNE_4007_US-VT,1.35585
2035,ISNE_4008_US-MA,1.341571
2035,ISNE_4008_US-NH,1.341571
2035,JEA_0_US-FL,1.2134
2035,LDWP_0_US-AZ,1.068947
2035,LDWP_0_US-CA,1.068947
2035,LDWP_0_US-NV,1.068947
2035,LDWP_0_US-UT,1.068947
2035,LGEE_0_US-IN,1.045156
2035,LGEE_0_US-KY,1.045156
2035,LGEE_0_US-VA,1.045156
2035,MHEB_0_CA-MB,0
2035,MISO_01_US-IA,1.271582
2035,MISO_01_US-IL,1.271582
2035,MISO_01_US-MI,1.271582
2035,MISO_01_US-MN,1.271582
2035,MISO_01_US-MT,1.271582
2035,MISO_01_US-ND,1.271582
2035,MISO_01_US-SD,1.271582
2035,MISO_01_US-WI,1.271582
2035,MISO_02_US-IA,1.265143
2035,MISO_02_US-IL,1.265143
2035,MISO_02_US-MI,1.265143
2035,MISO_02_US-MN,1.265143
2035,MISO_02_US-WI,1.265143
2035,MISO_03_US-IA,1.270463
2035,MISO_03_US-IL,1.270463
2035,MISO_03_US-MN,1.270463
2035,MISO_03_US-MO,1.270463
2035,MISO_03_US-SD,1.270463
2035,MISO_04_US-IL,1.176185
2035,MISO_04_US-KY,1.176185
2035,MISO_04_US-MO,1.176185
2035,MISO_05_US-IA,1.121881
2035,MISO_05_US-IL,1.121881
2035,MISO_05_US-MO,1.121881
2035,MISO_06_US-IL,1.180975
2035,MISO_06_US-IN,1.180975
2035,MISO_06_US-KY,1.180975
2035,MISO_06_US-OH,1.180975
2035,MISO_07_US-MI,1.20773
2035,MISO_08_US-AR,1.130003
2035,MISO_08_US-MO,1.130003
2035,MISO_09_US-LA,1.145076
2035,MISO_09_US-TX,1.145076
2035,MISO_10_US-MS,1.159726
2035,MISO_10_US-TN,1.159726
2035,NBSO_0_CA-NB,4.853448
2035,NBSO_0_CA-PE,4.853448
2035,NBSO_0_US-ME,4.853448
2035,NEVP_0_US-CA,1.264401
2035,NEVP_0_US-NV,1.264401
2035,NEVP_0_US-OR,1.264401
2035,NSPI_0_CA-NS,4.853448
2035,NWMT_0_US-ID,1.232592
2035,NWMT_0_US-MT,1.232592
2035,NWMT_0_US-WY,1.232592
2035,NYIS_A_US-NY,1.194035
2035,NYIS_A_US-PA,1.194035
2035,NYIS_B_US-NY,1.17982
2035,NYIS_C_US-NY,1.180585
2035,NYIS_D_US-NY,1.160401
2035,NYIS_E_US-NY,1.174194
2035,NYIS_F_US-NY,1.168967
2035,NYIS_G_US-NJ,1.205365
2035,NYIS_G_US-NY,1.205365
2035,NYIS_G_US-PA,1.205365
2035,NYIS_H_US-NY,1.188321
2035,NYIS_I_US-NY,1.179379
2035,NYIS_J_US-NJ,1.123949
2035,NYIS_J_US-NY,1.123949
2035,NYIS_K_US-NY,1.124438
2035,PACE_0_US-AZ,1.226962
2035,PACE_0_US-CO,1.226962
2035,PACE_0_US-ID,1.226962
2035,PACE_0_US-MT,1.226962
2035,PACE_0_US-NV,1.226962
2035,PACE_0_US-UT,1.226962
2035,PACE_0_US-WY,1.226962
2035,PACW_0_US-CA,1.143041
2035,PACW_0_US-OR,1.143041
2035,PACW_0_US-WA,1.143041
2035,PGE_0_US-OR,1.208902
2035,PGE_0_US-WA,1.208902
2035,PJM_AE_US-NJ,1.306542
2035,PJM_AEP_US-IN,1.122247
2035,PJM_AEP_US-KY,1.122247
2035,PJM_AEP_US-MI,1.122247
2035,PJM_AEP_US-OH,1.122247
2035,PJM_AEP_US-TN,1.122247
2035,PJM_AEP_US-VA,1.122247
2035,PJM_AEP_US-WV,1.122247
2035,PJM_AP_US-MD,1.229703
2035,PJM_AP_US-OH,1.229703
2035,PJM_AP_US-PA,1.229703
2035,PJM_AP_US-VA,1.229703
2035,PJM_AP_US-WV,1.229703
2035,PJM_ATSI_US-OH,1.138647
2035,PJM_ATSI_US-PA,1.138647
2035,PJM_BC_US-MD,1.420021
2035,PJM_CE_US-IL,1.187889
2035,PJM_CE_US-IN,1.187889
2035,PJM_DAY_US-OH,1.111078
2035,PJM_DEOK_US-KY,1.148029
2035,PJM_DEOK_US-OH,1.148029
2035,PJM_DOM_US-NC,1.235544
2035,PJM_DOM_US-VA,1.235544
2035,PJM_DOM_US-WV,1.235544
2035,PJM_DPL_US-DE,1.472292
2035,PJM_DPL_US-MD,1.472292
2035,PJM_DPL_US-NJ,1.472292
2035,PJM_DPL_US-PA,1.472292
2035,PJM_DPL_US-VA,1.472292
2035,PJM_DUQ_US-PA,1.147368
2035,PJM_EKPC_US-KY,1.110604
2035,PJM_JC_US-NJ,1.262076
2035,PJM_JC_US-NY,1.262076
2035,PJM_ME_US-PA,1.126508
2035,PJM_PE_US-DE,1.121557
2035,PJM_PE_US-MD,1.121557
2035,PJM_PE_US-NJ,1.121557
2035,PJM_PE_US-PA,1.121557
2035,PJM_PEP_US-DC,0.714575
2035,PJM_PEP_US-MD,0.714575
2035,PJM_PEP_US-VA,0.714575
2035,PJM_PL_US-MD,1.110097
2035,PJM_PL_US-PA,1.110097
2035,PJM_PN_US-MD,1.074983
2035,PJM_PN_US-PA,1.074983
2035,PJM_PS_US-NJ,1.339825
2035,PJM_PS_US-PA,1.339825
2035,PJM_RECO_US-NJ,2.554054
2035,PNM_ACMA_US-NM,1
2035,PNM_CYGA_US-NM,1
2035,PNM_Frep_US-NM,1.02381
2035,PNM_Jica_US-NM,1
2035,PNM_KAFB_US-NM,0.971831
2035,PNM_KCEC_US-NM,0.968254
2035,PNM_LAC_US-NM,0.910112
2035,PNM_NTUA_US-NM,0
2035,PNM_PNM_US-NM,1.297569
2035,PNM_TSGT_US-AZ,0.607053
2035,PNM_TSGT_US-NM,0.607053
2035,PSCO_0_US-CO,1.374607
2035,PSCO_0_US-WY,1.374607
2035,PSEI_0_US-WA,1.44997
2035,SC_0_US-SC,1.142611
2035,SCEG_0_US-GA,1.084355
2035,SCEG_0_US-SC,1.084355
2035,SCL_0_US-WA,1.291556
2035,SEC_0_US-FL,0.95965
2035,SEPA_0_US-GA,1
2035,SEPA_0_US-SC,1
2035,SOCO_0_US-AL,1.124756
2035,SOCO_0_US-FL,1.124756
2035,SOCO_0_US-GA,1.124756
2035,SOCO_0_US-MS,1.124756
2035,SOCO_0_US-SC,1.124756
2035,SPA_0_US-AR,3
2035,SPA_0_US-MO,3
2035,SPA_0_US-OK,3
2035,SPA_0_US-TX,3
2035,SPC_0_CA-SK,0
2035,SRP_0_US-AZ,1.207589
2035,SWPP_CSWS_US-AR,1.149701
2035,SWPP_CSWS_US-LA,1.149701
2035,SWPP_CSWS_US-OK,1.149701
2035,SWPP_CSWS_US-TX,1.149701
2035,SWPP_EDE_US-AR,1.254279
2035,SWPP_EDE_US-KS,1.254279
2035,SWPP_EDE_US-MO,1.254279
2035,SWPP_EDE_US-OK,1.254279
2035,SWPP_GRDA_US-AR,0.771403
2035,SWPP_GRDA_US-KS,0.771403
2035,SWPP_GRDA_US-OK,0.771403
2035,SWPP_INDN_US-MO,1.179104
2035,SWPP_KACY_US-KS,1.15304
2035,SWPP_KCPL_US-KS,1.160719
2035,SWPP_KCPL_US-MO,1.160719
2035,SWPP_LES_US-NE,1.576873
2035,SWPP_MPS_US-MO,1.171802
2035,SWPP_NPPD_US-CO,1.085141
2035,SWPP_NPPD_US-NE,1.085141
2035,SWPP_NPPD_US-SD,1.085141
2035,SWPP_OKGE_US-AR,1.084911
2035,SWPP_OKGE_US-OK,1.084911
2035,SWPP_OKGE_US-TX,1.084911
2035,SWPP_OPPD_US-NE,1.577141
2035,SWPP_SECI_US-KS,1.345555
2035,SWPP_SPRM_US-MO,1.169312
2035,SWPP_SPS_US-CO,1.205845
2035,SWPP_SPS_US-KS,1.205845
2035,SWPP_SPS_US-NM,1.205845
2035,SWPP_SPS_US-OK,1.205845
2035,SWPP_SPS_US-TX,1.205845
2035,SWPP_WAUE_US-IA,0.901276
2035,SWPP_WAUE_US-MN,0.901276
2035,SWPP_WAUE_US-MT,0.901276
2035,SWPP_WAUE_US-ND,0.901276
2035,SWPP_WAUE_US-NE,0.901276
2035,SWPP_WAUE_US-SD,0.901276
2035,SWPP_WAUE_US-WY,0.901276
2035,SWPP_WFEC_US-KS,1.029979
2035,SWPP_WFEC_US-OK,1.029979
2035,SWPP_WFEC_US-TX,1.029979
2035,SWPP_WR_US-KS,0.889369
2035,SWPP_WR_US-MO,0.889369
2035,TAL_0_US-FL,1.161648
2035,TEC_0_US-FL,1.143144
2035,TEPC_0_MX-SON,1.170868
2035,TEPC_0_US-AZ,1.170868
2035,TEPC_0_US-NM,1.170868
2035,TIDC_0_US-CA,0.917282
2035,TPWR_0_US-WA,1.294421
2035,TVA_0_US-AL,1.150692
2035,TVA_0_US-GA,1.150692
2035,TVA_0_US-KY,1.150692
2035,TVA_0_US-MS,1.150692
2035,TVA_0_US-NC,1.150692
2035,TVA_0_US-TN,1.150692
2035,TVA_0_US-VA,1.150692
2035,WACM_0_US-AZ,1.592372
2035,WACM_0_US-CO,1.592372
2035,WACM_0_US-MT,1.592372
2035,WACM_0_US-NE,1.592372
2035,WACM_0_US-NM,1.592372
2035,WACM_0_US-SD,1.592372
2035,WACM_0_US-UT,1.592372
2035,WACM_0_US-WY,1.592372
2035,WALC_0_US-AZ,1.389521
2035,WALC_0_US-CA,1.389521
2035,WALC_0_US-NV,1.389521
2035,WAUW_0_US-MT,1.643617
2035,WWA_0_US-MT,1
2035,YAD_0_US-NC,1
2036,AEC_0_US-AL,0
2036,AEC_0_US-FL,0
2036,AECI_0_US-AR,0
2036,AECI_0_US-IA,0
2036,AECI_0_US-MO,0
2036,AECI_0_US-OK,0
2036,AESO_CENT_CA-AB,0
2036,AESO_CGY_CA-AB,0
2036,AESO_EDM_CA-AB,0
2036,AESO_NE_CA-AB,0
2036,AESO_NW_CA-AB,0
2036,AESO_NW_CA-BC,0
2036,AESO_SOUT_CA-AB,0
2036,AVA_0_US-ID,1.174937
2036,AVA_0_US-MT,1.174937
2036,AVA_0_US-OR,1.174937
2036,AVA_0_US-WA,1.174937
2036,AVRN_0_US-OR,1
2036,AVRN_0_US-WA,1
2036,AZPS_0_US-AZ,1.328689
2036,AZPS_0_US-CA,1.328689
2036,AZPS_0_US-NM,1.328689
2036,AZPS_0_US-NV,1.328689
2036,BANC_0_US-CA,1.100669
2036,BCHA_0_CA-BC,0
2036,BPAT_0_CA-BC,1.254766
2036,BPAT_0_US-CA,1.254766
2036,BPAT_0_US-ID,1.254766
2036,BPAT_0_US-MT,1.254766
2036,BPAT_0_US-OR,1.254766
2036,BPAT_0_US-WA,1.254766
2036,CEN_0_MX-COA,0
2036,CEN_0_MX-NLE,0
2036,CENB_0_MX-BCN,0
2036,CENB_0_MX-SON,0
2036,CHPD_0_US-WA,1.269388
2036,CISO_PGAE_US-CA,1.680945
2036,CISO_PGAE_US-OR,1.680945
2036,CISO_SCE_US-AZ,1.402217
2036,CISO_SCE_US-CA,1.402217
2036,CISO_SCE_US-NV,1.402217
2036,CISO_SDGE_MX-BCN,1.510408
2036,CISO_SDGE_US-AZ,1.510408
2036,CISO_SDGE_US-CA,1.510408
2036,CISO_VEA_US-NV,1.10596
2036,CPLE_0_US-NC,1.195597
2036,CPLE_0_US-SC,1.195597
2036,CPLW_0_US-NC,0.861554
2036,DEAA_0_US-AZ,1
2036,DOPD_0_US-WA,1.276231
2036,DUK_0_US-NC,1.168587
2036,DUK_0_US-SC,1.168587
2036,DUK_0_US-VA,1.168587
2036,EPE_0_US-NM,1.23538
2036,EPE_0_US-TX,1.23538
2036,ERCO_COAS_US-TX,1.199923
2036,ERCO_EAST_US-TX,1.744375
2036,ERCO_FWES_US-TX,1.164656
2036,ERCO_NCEN_US-TX,1.205891
2036,ERCO_NRTH_US-OK,1.322907
2036,ERCO_NRTH_US-TX,1.322907
2036,ERCO_SCEN_US-TX,1.266968
2036,ERCO_SOUT_US-TX,1.221325
2036,ERCO_WEST_US-TX,1.9925
2036,FMPP_0_US-FL,1.015774
2036,FPC_0_US-FL,0.972032
2036,FPL_0_US-FL,1.151886
2036,GCPD_0_US-WA,1.303062
2036,GLHB_0_US-IL,1
2036,GRID_0_US-NM,1
2036,GRID_0_US-OR,1
2036,GRID_0_US-WA,1
2036,GRIF_0_US-AZ,1
2036,GVL_0_US-FL,1.107965
2036,GWA_0_US-MT,1
2036,HGMA_0_US-AZ,1
2036,HQT_0_CA-NL,1
2036,HQT_0_CA-QC,1
2036,HST_0_US-FL,1.25
2036,IESO_0_CA-ON,0
2036,IID_0_US-AZ,1.134157
2036,IID_0_US-CA,1.134157
2036,IPCO_0_US-ID,1.142611
2036,IPCO_0_US-NV,1.142611
2036,IPCO_0_US-OR,1.142611
2036,IPCO_0_US-UT,1.142611
2036,ISNE_4001_US-ME,1.238177
2036,ISNE_4002_US-ME,1.261982
2036,ISNE_4002_US-NH,1.261982
2036,ISNE_4002_US-VT,1.261982
2036,ISNE_4003_US-NH,1.539503
2036,ISNE_4003_US-NY,1.539503
2036,ISNE_4003_US-VT,1.539503
2036,ISNE_4004_US-CT,1.317426
2036,ISNE_4005_US-MA,1.276294
2036,ISNE_4005_US-RI,1.276294
2036,ISNE_4006_US-MA,1.389404
2036,ISNE_4006_US-RI,1.389404
2036,ISNE_4007_US-MA,1.383595
2036,ISNE_4007_US-NY,1.383595
2036,ISNE_4007_US-VT,1.383595
2036,ISNE_4008_US-MA,1.368966
2036,ISNE_4008_US-NH,1.368966
2036,JEA_0_US-FL,1.22928
2036,LDWP_0_US-AZ,1.091748
2036,LDWP_0_US-CA,1.091748
2036,LDWP_0_US-NV,1.091748
2036,LDWP_0_US-UT,1.091748
2036,LGEE_0_US-IN,1.05662
2036,LGEE_0_US-KY,1.05662
2036,LGEE_0_US-VA,1.05662
2036,MHEB_0_CA-MB,0
2036,MISO_01_US-IA,1.296604
2036,MISO_01_US-IL,1.296604
2036,MISO_01_US-MI,1.296604
2036,MISO_01_US-MN,1.296604
2036,MISO_01_US-MT,1.296604
2036,MISO_01_US-ND,1.296604
2036,MISO_01_US-SD,1.296604
2036,MISO_01_US-WI,1.296604
2036,MISO_02_US-IA,1.283429
2036,MISO_02_US-IL,1.283429
2036,MISO_02_US-MI,1.283429
2036,MISO_02_US-MN,1.283429
2036,MISO_02_US-WI,1.283429
2036,MISO_03_US-IA,1.29537
2036,MISO_03_US-IL,1.29537
2036,MISO_03_US-MN,1.29537
2036,MISO_03_US-MO,1.29537
2036,MISO_03_US-SD,1.29537
2036,MISO_04_US-IL,1.190293
2036,MISO_04_US-KY,1.190293
2036,MISO_04_US-MO,1.190293
2036,MISO_05_US-IA,1.136737
2036,MISO_05_US-IL,1.136737
2036,MISO_05_US-MO,1.136737
2036,MISO_06_US-IL,1.194461
2036,MISO_06_US-IN,1.194461
2036,MISO_06_US-KY,1.194461
2036,MISO_06_US-OH,1.194461
2036,MISO_07_US-MI,1.224757
2036,MISO_08_US-AR,1.140812
2036,MISO_08_US-MO,1.140812
2036,MISO_09_US-LA,1.154638
2036,MISO_09_US-TX,1.154638
2036,MISO_10_US-MS,1.173184
2036,MISO_10_US-TN,1.173184
2036,NBSO_0_CA-NB,4.953202
2036,NBSO_0_CA-PE,4.953202
2036,NBSO_0_US-ME,4.953202
2036,NEVP_0_US-CA,1.282035
2036,NEVP_0_US-NV,1.282035
2036,NEVP_0_US-OR,1.282035
2036,NSPI_0_CA-NS,4.953202
2036,NWMT_0_US-ID,1.254466
2036,NWMT_0_US-MT,1.254466
2036,NWMT_0_US-WY,1.254466
2036,NYIS_A_US-NY,1.211023
2036,NYIS_A_US-PA,1.211023
2036,NYIS_B_US-NY,1.196803
2036,NYIS_C_US-NY,1.197359
2036,NYIS_D_US-NY,1.176692
2036,NYIS_E_US-NY,1.191398
2036,NYIS_F_US-NY,1.185696
2036,NYIS_G_US-NJ,1.222515
2036,NYIS_G_US-NY,1.222515
2036,NYIS_G_US-PA,1.222515
2036,NYIS_H_US-NY,1.205839
2036,NYIS_I_US-NY,1.196328
2036,NYIS_J_US-NJ,1.140083
2036,NYIS_J_US-NY,1.140083
2036,NYIS_K_US-NY,1.140652
2036,PACE_0_US-AZ,1.25004
2036,PACE_0_US-CO,1.25004
2036,PACE_0_US-ID,1.25004
2036,PACE_0_US-MT,1.25004
2036,PACE_0_US-NV,1.25004
2036,PACE_0_US-UT,1.25004
2036,PACE_0_US-WY,1.25004
2036,PACW_0_US-CA,1.162137
2036,PACW_0_US-OR,1.162137
2036,PACW_0_US-WA,1.162137
2036,PGE_0_US-OR,1.229032
2036,PGE_0_US-WA,1.229032
2036,PJM_AE_US-NJ,1.332336
2036,PJM_AEP_US-IN,1.134463
2036,PJM_AEP_US-KY,1.134463
2036,PJM_AEP_US-MI,1.134463
2036,PJM_AEP_US-OH,1.134463
2036,PJM_AEP_US-TN,1.134463
2036,PJM_AEP_US-VA,1.134463
2036,PJM_AEP_US-WV,1.134463
2036,PJM_AP_US-MD,1.241016
2036,PJM_AP_US-OH,1.241016
2036,PJM_AP_US-PA,1.241016
2036,PJM_AP_US-VA,1.241016
2036,PJM_AP_US-WV,1.241016
2036,PJM_ATSI_US-OH,1.150735
2036,PJM_ATSI_US-PA,1.150735
2036,PJM_BC_US-MD,1.441896
2036,PJM_CE_US-IL,1.202132
2036,PJM_CE_US-IN,1.202132
2036,PJM_DAY_US-OH,1.123022
2036,PJM_DEOK_US-KY,1.160475
2036,PJM_DEOK_US-OH,1.160475
2036,PJM_DOM_US-NC,1.253257
2036,PJM_DOM_US-VA,1.253257
2036,PJM_DOM_US-WV,1.253257
2036,PJM_DPL_US-DE,1.493451
2036,PJM_DPL_US-MD,1.493451
2036,PJM_DPL_US-NJ,1.493451
2036,PJM_DPL_US-PA,1.493451
2036,PJM_DPL_US-VA,1.493451
2036,PJM_DUQ_US-PA,1.15608
2036,PJM_EKPC_US-KY,1.122542
2036,PJM_JC_US-NJ,1.28688
2036,PJM_JC_US-NY,1.28688
2036,PJM_ME_US-PA,1.135311
2036,PJM_PE_US-DE,1.130223
2036,PJM_PE_US-MD,1.130223
2036,PJM_PE_US-NJ,1.130223
2036,PJM_PE_US-PA,1.130223
2036,PJM_PEP_US-DC,0.725695
2036,PJM_PEP_US-MD,0.725695
2036,PJM_PEP_US-VA,0.725695
2036,PJM_PL_US-MD,1.118706
2036,PJM_PL_US-PA,1.118706
2036,PJM_PN_US-MD,1.083504
2036,PJM_PN_US-PA,1.083504
2036,PJM_PS_US-NJ,1.366256
2036,PJM_PS_US-PA,1.366256
2036,PJM_RECO_US-NJ,2.601351
2036,PNM_ACMA_US-NM,1
2036,PNM_CYGA_US-NM,1
2036,PNM_Frep_US-NM,1.047619
2036,PNM_Jica_US-NM,1
2036,PNM_KAFB_US-NM,0.985915
2036,PNM_KCEC_US-NM,0.984127
2036,PNM_LAC_US-NM,0.932584
2036,PNM_NTUA_US-NM,0
2036,PNM_PNM_US-NM,1.323427
2036,PNM_TSGT_US-AZ,0.619647
2036,PNM_TSGT_US-NM,0.619647
2036,PSCO_0_US-CO,1.402111
2036,PSCO_0_US-WY,1.402111
2036,PSEI_0_US-WA,1.472938
2036,SC_0_US-SC,1.154908
2036,SCEG_0_US-GA,1.096191
2036,SCEG_0_US-SC,1.096191
2036,SCL_0_US-WA,1.312268
2036,SEC_0_US-FL,0.972032
2036,SEPA_0_US-GA,1
2036,SEPA_0_US-SC,1
2036,SOCO_0_US-AL,1.139044
2036,SOCO_0_US-FL,1.139044
2036,SOCO_0_US-GA,1.139044
2036,SOCO_0_US-MS,1.139044
2036,SOCO_0_US-SC,1.139044
2036,SPA_0_US-AR,3.033333
2036,SPA_0_US-MO,3.033333
2036,SPA_0_US-OK,3.033333
2036,SPA_0_US-TX,3.033333
2036,SPC_0_CA-SK,0
2036,SRP_0_US-AZ,1.225584
2036,SWPP_CSWS_US-AR,1.162097
2036,SWPP_CSWS_US-LA,1.162097
2036,SWPP_CSWS_US-OK,1.162097
2036,SWPP_CSWS_US-TX,1.162097
2036,SWPP_EDE_US-AR,1.270579
2036,SWPP_EDE_US-KS,1.270579
2036,SWPP_EDE_US-MO,1.270579
2036,SWPP_EDE_US-OK,1.270579
2036,SWPP_GRDA_US-AR,0.779347
2036,SWPP_GRDA_US-KS,0.779347
2036,SWPP_GRDA_US-OK,0.779347
2036,SWPP_INDN_US-MO,1.19403
2036,SWPP_KACY_US-KS,1.165618
2036,SWPP_KCPL_US-KS,1.174768
2036,SWPP_KCPL_US-MO,1.174768
2036,SWPP_LES_US-NE,1.636005
2036,SWPP_MPS_US-MO,1.187467
2036,SWPP_NPPD_US-CO,1.126104
2036,SWPP_NPPD_US-NE,1.126104
2036,SWPP_NPPD_US-SD,1.126104
2036,SWPP_OKGE_US-AR,1.096302
2036,SWPP_OKGE_US-OK,1.096302
2036,SWPP_OKGE_US-TX,1.096302
2036,SWPP_OPPD_US-NE,1.636741
2036,SWPP_SECI_US-KS,1.36022
2036,SWPP_SPRM_US-MO,1.185185
2036,SWPP_SPS_US-CO,1.225571
2036,SWPP_SPS_US-KS,1.225571
2036,SWPP_SPS_US-NM,1.225571
2036,SWPP_SPS_US-OK,1.225571
2036,SWPP_SPS_US-TX,1.225571
2036,SWPP_WAUE_US-IA,0.920822
2036,SWPP_WAUE_US-MN,0.920822
2036,SWPP_WAUE_US-MT,0.920822
2036,SWPP_WAUE_US-ND,0.920822
2036,SWPP_WAUE_US-NE,0.920822
2036,SWPP_WAUE_US-SD,0.920822
2036,SWPP_WAUE_US-WY,0.920822
2036,SWPP_WFEC_US-KS,1.040685
2036,SWPP_WFEC_US-OK,1.040685
2036,SWPP_WFEC_US-TX,1.040685
2036,SWPP_WR_US-KS,0.899047
2036,SWPP_WR_US-MO,0.899047
2036,TAL_0_US-FL,1.175911
2036,TEC_0_US-FL,1.15786
2036,TEPC_0_MX-SON,1.188318
2036,TEPC_0_US-AZ,1.188318
2036,TEPC_0_US-NM,1.188318
2036,TIDC_0_US-CA,0.936484
2036,TPWR_0_US-WA,1.315083
2036,TVA_0_US-AL,1.165458
2036,TVA_0_US-GA,1.165458
2036,TVA_0_US-KY,1.165458
2036,TVA_0_US-MS,1.165458
2036,TVA_0_US-NC,1.165458
2036,TVA_0_US-TN,1.165458
2036,TVA_0_US-VA,1.165458
2036,WACM_0_US-AZ,1.625302
2036,WACM_0_US-CO,1.625302
2036,WACM_0_US-MT,1.625302
2036,WACM_0_US-NE,1.625302
2036,WACM_0_US-NM,1.625302
2036,WACM_0_US-SD,1.625302
2036,WACM_0_US-UT,1.625302
2036,WACM_0_US-WY,1.625302
2036,WALC_0_US-AZ,1.413248
2036,WALC_0_US-CA,1.413248
2036,WALC_0_US-NV,1.413248
2036,WAUW_0_US-MT,1.670213
2036,WWA_0_US-MT,1
2036,YAD_0_US-NC,1
2037,AEC_0_US-AL,0
2037,AEC_0_US-FL,0
2037,AECI_0_US-AR,0
2037,AECI_0_US-IA,0
2037,AECI_0_US-MO,0
2037,AECI_0_US-OK,0
2037,AESO_CENT_CA-AB,0
2037,AESO_CGY_CA-AB,0
2037,AESO_EDM_CA-AB,0
2037,AESO_NE_CA-AB,0
2037,AESO_NW_CA-AB,0
2037,AESO_NW_CA-BC,0
2037,AESO_SOUT_CA-AB,0
2037,AVA_0_US-ID,1.193019
2037,AVA_0_US-MT,1.193019
2037,AVA_0_US-OR,1.193019
2037,AVA_0_US-WA,1.193019
2037,AVRN_0_US-OR,1
2037,AVRN_0_US-WA,1
2037,AZPS_0_US-AZ,1.348516
2037,AZPS_0_US-CA,1.348516
2037,AZPS_0_US-NM,1.348516
2037,AZPS_0_US-NV,1.348516
2037,BANC_0_US-CA,1.124252
2037,BCHA_0_CA-BC,0
2037,BPAT_0_CA-BC,1.274919
2037,BPAT_0_US-CA,1.274919
2037,BPAT_0_US-ID,1.274919
2037,BPAT_0_US-MT,1.274919
2037,BPAT_0_US-OR,1.274919
2037,BPAT_0_US-WA,1.274919
2037,CEN_0_MX-COA,0
2037,CEN_0_MX-NLE,0
2037,CENB_0_MX-BCN,0
2037,CENB_0_MX-SON,0
2037,CHPD_0_US-WA,1.289796
2037,CISO_PGAE_US-CA,1.716823
2037,CISO_PGAE_US-OR,1.716823
2037,CISO_SCE_US-AZ,1.432172
2037,CISO_SCE_US-CA,1.432172
2037,CISO_SCE_US-NV,1.432172
2037,CISO_SDGE_MX-BCN,1.542579
2037,CISO_SDGE_US-AZ,1.542579
2037,CISO_SDGE_US-CA,1.542579
2037,CISO_VEA_US-NV,1.125828
2037,CPLE_0_US-NC,1.210328
2037,CPLE_0_US-SC,1.210328
2037,CPLW_0_US-NC,0.87251
2037,DEAA_0_US-AZ,1
2037,DOPD_0_US-WA,1.297645
2037,DUK_0_US-NC,1.182669
2037,DUK_0_US-SC,1.182669
2037,DUK_0_US-VA,1.182669
2037,EPE_0_US-NM,1.254873
2037,EPE_0_US-TX,1.254873
2037,ERCO_COAS_US-TX,1.217638
2037,ERCO_EAST_US-TX,1.77
2037,ERCO_FWES_US-TX,1.181799
2037,ERCO_NCEN_US-TX,1.223667
2037,ERCO_NRTH_US-OK,1.342637
2037,ERCO_NRTH_US-TX,1.342637
2037,ERCO_SCEN_US-TX,1.285628
2037,ERCO_SOUT_US-TX,1.239288
2037,ERCO_WEST_US-TX,2.022
2037,FMPP_0_US-FL,1.028828
2037,FPC_0_US-FL,0.984587
2037,FPL_0_US-FL,1.166785
2037,GCPD_0_US-WA,1.324182
2037,GLHB_0_US-IL,1
2037,GRID_0_US-NM,1
2037,GRID_0_US-OR,1
2037,GRID_0_US-WA,1
2037,GRIF_0_US-AZ,1
2037,GVL_0_US-FL,1.122124
2037,GWA_0_US-MT,1
2037,HGMA_0_US-AZ,1
2037,HQT_0_CA-NL,1
2037,HQT_0_CA-QC,1
2037,HST_0_US-FL,1.267241
2037,IESO_0_CA-ON,0
2037,IID_0_US-AZ,1.157988
2037,IID_0_US-CA,1.157988
2037,IPCO_0_US-ID,1.159577
2037,IPCO_0_US-NV,1.159577
2037,IPCO_0_US-OR,1.159577
2037,IPCO_0_US-UT,1.159577
2037,ISNE_4001_US-ME,1.263972
2037,ISNE_4002_US-ME,1.284728
2037,ISNE_4002_US-NH,1.284728
2037,ISNE_4002_US-VT,1.284728
2037,ISNE_4003_US-NH,1.574492
2037,ISNE_4003_US-NY,1.574492
2037,ISNE_4003_US-VT,1.574492
2037,ISNE_4004_US-CT,1.335437
2037,ISNE_4005_US-MA,1.298093
2037,ISNE_4005_US-RI,1.298093
2037,ISNE_4006_US-MA,1.417776
2037,ISNE_4006_US-RI,1.417776
2037,ISNE_4007_US-MA,1.411942
2037,ISNE_4007_US-NY,1.411942
2037,ISNE_4007_US-VT,1.411942
2037,ISNE_4008_US-MA,1.396935
2037,ISNE_4008_US-NH,1.396935
2037,JEA_0_US-FL,1.245159
2037,LDWP_0_US-AZ,1.115092
2037,LDWP_0_US-CA,1.115092
2037,LDWP_0_US-NV,1.115092
2037,LDWP_0_US-UT,1.115092
2037,LGEE_0_US-IN,1.068083
2037,LGEE_0_US-KY,1.068083
2037,LGEE_0_US-VA,1.068083
2037,MHEB_0_CA-MB,0
2037,MISO_01_US-IA,1.322178
2037,MISO_01_US-IL,1.322178
2037,MISO_01_US-MI,1.322178
2037,MISO_01_US-MN,1.322178
2037,MISO_01_US-MT,1.322178
2037,MISO_01_US-ND,1.322178
2037,MISO_01_US-SD,1.322178
2037,MISO_01_US-WI,1.322178
2037,MISO_02_US-IA,1.301959
2037,MISO_02_US-IL,1.301959
2037,MISO_02_US-MI,1.301959
2037,MISO_02_US-MN,1.301959
2037,MISO_02_US-WI,1.301959
2037,MISO_03_US-IA,1.320809
2037,MISO_03_US-IL,1.320809
2037,MISO_03_US-MN,1.320809
2037,MISO_03_US-MO,1.320809
2037,MISO_03_US-SD,1.320809
2037,MISO_04_US-IL,1.204515
2037,MISO_04_US-KY,1.204515
2037,MISO_04_US-MO,1.204515
2037,MISO_05_US-IA,1.151882
2037,MISO_05_US-IL,1.151882
2037,MISO_05_US-MO,1.151882
2037,MISO_06_US-IL,1.208128
2037,MISO_06_US-IN,1.208128
2037,MISO_06_US-KY,1.208128
2037,MISO_06_US-OH,1.208128
2037,MISO_07_US-MI,1.242
2037,MISO_08_US-AR,1.151767
2037,MISO_08_US-MO,1.151767
2037,MISO_09_US-LA,1.164296
2037,MISO_09_US-TX,1.164296
2037,MISO_10_US-MS,1.186897
2037,MISO_10_US-TN,1.186897
2037,NBSO_0_CA-NB,5.055419
2037,NBSO_0_CA-PE,5.055419
2037,NBSO_0_US-ME,5.055419
2037,NEVP_0_US-CA,1.299989
2037,NEVP_0_US-NV,1.299989
2037,NEVP_0_US-OR,1.299989
2037,NSPI_0_CA-NS,5.055419
2037,NWMT_0_US-ID,1.277069
2037,NWMT_0_US-MT,1.277069
2037,NWMT_0_US-WY,1.277069
2037,NYIS_A_US-NY,1.228766
2037,NYIS_A_US-PA,1.228766
2037,NYIS_B_US-NY,1.214286
2037,NYIS_C_US-NY,1.214847
2037,NYIS_D_US-NY,1.194236
2037,NYIS_E_US-NY,1.207885
2037,NYIS_F_US-NY,1.202844
2037,NYIS_G_US-NJ,1.240106
2037,NYIS_G_US-NY,1.240106
2037,NYIS_G_US-PA,1.240106
2037,NYIS_H_US-NY,1.221898
2037,NYIS_I_US-NY,1.213277
2037,NYIS_J_US-NJ,1.156507
2037,NYIS_J_US-NY,1.156507
2037,NYIS_K_US-NY,1.157062
2037,PACE_0_US-AZ,1.273516
2037,PACE_0_US-CO,1.273516
2037,PACE_0_US-ID,1.273516
2037,PACE_0_US-MT,1.273516
2037,PACE_0_US-NV,1.273516
2037,PACE_0_US-UT,1.273516
2037,PACE_0_US-WY,1.273516
2037,PACW_0_US-CA,1.181418
2037,PACW_0_US-OR,1.181418
2037,PACW_0_US-WA,1.181418
2037,PGE_0_US-OR,1.249385
2037,PGE_0_US-WA,1.249385
2037,PJM_AE_US-NJ,1.358505
2037,PJM_AEP_US-IN,1.146814
2037,PJM_AEP_US-KY,1.146814
2037,PJM_AEP_US-MI,1.146814
2037,PJM_AEP_US-OH,1.146814
2037,PJM_AEP_US-TN,1.146814
2037,PJM_AEP_US-VA,1.146814
2037,PJM_AEP_US-WV,1.146814
2037,PJM_AP_US-MD,1.252551
2037,PJM_AP_US-OH,1.252551
2037,PJM_AP_US-PA,1.252551
2037,PJM_AP_US-VA,1.252551
2037,PJM_AP_US-WV,1.252551
2037,PJM_ATSI_US-OH,1.16298
2037,PJM_ATSI_US-PA,1.16298
2037,PJM_BC_US-MD,1.464226
2037,PJM_CE_US-IL,1.216563
2037,PJM_CE_US-IN,1.216563
2037,PJM_DAY_US-OH,1.135264
2037,PJM_DEOK_US-KY,1.17311
2037,PJM_DEOK_US-OH,1.17311
2037,PJM_DOM_US-NC,1.271215
2037,PJM_DOM_US-VA,1.271215
2037,PJM_DOM_US-WV,1.271215
2037,PJM_DPL_US-DE,1.514861
2037,PJM_DPL_US-MD,1.514861
2037,PJM_DPL_US-NJ,1.514861
2037,PJM_DPL_US-PA,1.514861
2037,PJM_DPL_US-VA,1.514861
2037,PJM_DUQ_US-PA,1.165154
2037,PJM_EKPC_US-KY,1.134831
2037,PJM_JC_US-NJ,1.312337
2037,PJM_JC_US-NY,1.312337
2037,PJM_ME_US-PA,1.144115
2037,PJM_PE_US-DE,1.139008
2037,PJM_PE_US-MD,1.139008
2037,PJM_PE_US-NJ,1.139008
2037,PJM_PE_US-PA,1.139008
2037,PJM_PEP_US-DC,0.736816
2037,PJM_PEP_US-MD,0.736816
2037,PJM_PEP_US-VA,0.736816
2037,PJM_PL_US-MD,1.127446
2037,PJM_PL_US-PA,1.127446
2037,PJM_PN_US-MD,1.092025
2037,PJM_PN_US-PA,1.092025
2037,PJM_PS_US-NJ,1.393084
2037,PJM_PS_US-PA,1.393084
2037,PJM_RECO_US-NJ,2.655405
2037,PNM_ACMA_US-NM,1
2037,PNM_CYGA_US-NM,1
2037,PNM_Frep_US-NM,1.059524
2037,PNM_Jica_US-NM,1
2037,PNM_KAFB_US-NM,1.014085
2037,PNM_KCEC_US-NM,1.015873
2037,PNM_LAC_US-NM,0.94382
2037,PNM_NTUA_US-NM,0
2037,PNM_PNM_US-NM,1.350058
2037,PNM_TSGT_US-AZ,0.632242
2037,PNM_TSGT_US-NM,0.632242
2037,PSCO_0_US-CO,1.430123
2037,PSCO_0_US-WY,1.430123
2037,PSEI_0_US-WA,1.496105
2037,SC_0_US-SC,1.167422
2037,SCEG_0_US-GA,1.108027
2037,SCEG_0_US-SC,1.108027
2037,SCL_0_US-WA,1.332979
2037,SEC_0_US-FL,0.984587
2037,SEPA_0_US-GA,1
2037,SEPA_0_US-SC,1
2037,SOCO_0_US-AL,1.153488
2037,SOCO_0_US-FL,1.153488
2037,SOCO_0_US-GA,1.153488
2037,SOCO_0_US-MS,1.153488
2037,SOCO_0_US-SC,1.153488
2037,SPA_0_US-AR,3.072222
2037,SPA_0_US-MO,3.072222
2037,SPA_0_US-OK,3.072222
2037,SPA_0_US-TX,3.072222
2037,SPC_0_CA-SK,0
2037,SRP_0_US-AZ,1.243839
2037,SWPP_CSWS_US-AR,1.174703
2037,SWPP_CSWS_US-LA,1.174703
2037,SWPP_CSWS_US-OK,1.174703
2037,SWPP_CSWS_US-TX,1.174703
2037,SWPP_EDE_US-AR,1.286879
2037,SWPP_EDE_US-KS,1.286879
2037,SWPP_EDE_US-MO,1.286879
2037,SWPP_EDE_US-OK,1.286879
2037,SWPP_GRDA_US-AR,0.788173
2037,SWPP_GRDA_US-KS,0.788173
2037,SWPP_GRDA_US-OK,0.788173
2037,SWPP_INDN_US-MO,1.212687
2037,SWPP_KACY_US-KS,1.178197
2037,SWPP_KCPL_US-KS,1.189098
2037,SWPP_KCPL_US-MO,1.189098
2037,SWPP_LES_US-NE,1.69908
2037,SWPP_MPS_US-MO,1.203133
2037,SWPP_NPPD_US-CO,1.168407
2037,SWPP_NPPD_US-NE,1.168407
2037,SWPP_NPPD_US-SD,1.168407
2037,SWPP_OKGE_US-AR,1.107692
2037,SWPP_OKGE_US-OK,1.107692
2037,SWPP_OKGE_US-TX,1.107692
2037,SWPP_OPPD_US-NE,1.698604
2037,SWPP_SECI_US-KS,1.374885
2037,SWPP_SPRM_US-MO,1.201058
2037,SWPP_SPS_US-CO,1.245662
2037,SWPP_SPS_US-KS,1.245662
2037,SWPP_SPS_US-NM,1.245662
2037,SWPP_SPS_US-OK,1.245662
2037,SWPP_SPS_US-TX,1.245662
2037,SWPP_WAUE_US-IA,0.940566
2037,SWPP_WAUE_US-MN,0.940566
2037,SWPP_WAUE_US-MT,0.940566
2037,SWPP_WAUE_US-ND,0.940566
2037,SWPP_WAUE_US-NE,0.940566
2037,SWPP_WAUE_US-SD,0.940566
2037,SWPP_WAUE_US-WY,0.940566
2037,SWPP_WFEC_US-KS,1.051927
2037,SWPP_WFEC_US-OK,1.051927
2037,SWPP_WFEC_US-TX,1.051927
2037,SWPP_WR_US-KS,0.908874
2037,SWPP_WR_US-MO,0.908874
2037,TAL_0_US-FL,1.191759
2037,TEC_0_US-FL,1.172798
2037,TEPC_0_MX-SON,1.206011
2037,TEPC_0_US-AZ,1.206011
2037,TEPC_0_US-NM,1.206011
2037,TIDC_0_US-CA,0.957164
2037,TPWR_0_US-WA,1.335744
2037,TVA_0_US-AL,1.180389
2037,TVA_0_US-GA,1.180389
2037,TVA_0_US-KY,1.180389
2037,TVA_0_US-MS,1.180389
2037,TVA_0_US-NC,1.180389
2037,TVA_0_US-TN,1.180389
2037,TVA_0_US-VA,1.180389
2037,WACM_0_US-AZ,1.658791
2037,WACM_0_US-CO,1.658791
2037,WACM_0_US-MT,1.658791
2037,WACM_0_US-NE,1.658791
2037,WACM_0_US-NM,1.658791
2037,WACM_0_US-SD,1.658791
2037,WACM_0_US-UT,1.658791
2037,WACM_0_US-WY,1.658791
2037,WALC_0_US-AZ,1.436975
2037,WALC_0_US-CA,1.436975
2037,WALC_0_US-NV,1.436975
2037,WAUW_0_US-MT,1.702128
2037,WWA_0_US-MT,1
2037,YAD_0_US-NC,1
2038,AEC_0_US-AL,0
2038,AEC_0_US-FL,0
2038,AECI_0_US-AR,0
2038,AECI_0_US-IA,0
2038,AECI_0_US-MO,0
2038,AECI_0_US-OK,0
2038,AESO_CENT_CA-AB,0
2038,AESO_CGY_CA-AB,0
2038,AESO_EDM_CA-AB,0
2038,AESO_NE_CA-AB,0
2038,AESO_NW_CA-AB,0
2038,AESO_NW_CA-BC,0
2038,AESO_SOUT_CA-AB,0
2038,AVA_0_US-ID,1.211522
2038,AVA_0_US-MT,1.211522
2038,AVA_0_US-OR,1.211522
2038,AVA_0_US-WA,1.211522
2038,AVRN_0_US-OR,1
2038,AVRN_0_US-WA,1
2038,AZPS_0_US-AZ,1.368664
2038,AZPS_0_US-CA,1.368664
2038,AZPS_0_US-NM,1.368664
2038,AZPS_0_US-NV,1.368664
2038,BANC_0_US-CA,1.148187
2038,BCHA_0_CA-BC,0
2038,BPAT_0_CA-BC,1.295367
2038,BPAT_0_US-CA,1.295367
2038,BPAT_0_US-ID,1.295367
2038,BPAT_0_US-MT,1.295367
2038,BPAT_0_US-OR,1.295367
2038,BPAT_0_US-WA,1.295367
2038,CEN_0_MX-COA,0
2038,CEN_0_MX-NLE,0
2038,CENB_0_MX-BCN,0
2038,CENB_0_MX-SON,0
2038,CHPD_0_US-WA,1.310204
2038,CISO_PGAE_US-CA,1.753553
2038,CISO_PGAE_US-OR,1.753553
2038,CISO_SCE_US-AZ,1.462778
2038,CISO_SCE_US-CA,1.462778
2038,CISO_SCE_US-NV,1.462778
2038,CISO_SDGE_MX-BCN,1.575561
2038,CISO_SDGE_US-AZ,1.575561
2038,CISO_SDGE_US-CA,1.575561
2038,CISO_VEA_US-NV,1.139073
2038,CPLE_0_US-NC,1.225305
2038,CPLE_0_US-SC,1.225305
2038,CPLW_0_US-NC,0.883466
2038,DEAA_0_US-AZ,1
2038,DOPD_0_US-WA,1.316916
2038,DUK_0_US-NC,1.196947
2038,DUK_0_US-SC,1.196947
2038,DUK_0_US-VA,1.196947
2038,EPE_0_US-NM,1.274366
2038,EPE_0_US-TX,1.274366
2038,ERCO_COAS_US-TX,1.235594
2038,ERCO_EAST_US-TX,1.79625
2038,ERCO_FWES_US-TX,1.199365
2038,ERCO_NCEN_US-TX,1.241714
2038,ERCO_NRTH_US-OK,1.362368
2038,ERCO_NRTH_US-TX,1.362368
2038,ERCO_SCEN_US-TX,1.30459
2038,ERCO_SOUT_US-TX,1.257581
2038,ERCO_WEST_US-TX,2.05175
2038,FMPP_0_US-FL,1.042154
2038,FPC_0_US-FL,0.997316
2038,FPL_0_US-FL,1.181877
2038,GCPD_0_US-WA,1.344245
2038,GLHB_0_US-IL,1
2038,GRID_0_US-NM,1
2038,GRID_0_US-OR,1
2038,GRID_0_US-WA,1
2038,GRIF_0_US-AZ,1
2038,GVL_0_US-FL,1.136283
2038,GWA_0_US-MT,1
2038,HGMA_0_US-AZ,1
2038,HQT_0_CA-NL,1
2038,HQT_0_CA-QC,1
2038,HST_0_US-FL,1.275862
2038,IESO_0_CA-ON,0
2038,IID_0_US-AZ,1.182701
2038,IID_0_US-CA,1.182701
2038,IPCO_0_US-ID,1.176543
2038,IPCO_0_US-NV,1.176543
2038,IPCO_0_US-OR,1.176543
2038,IPCO_0_US-UT,1.176543
2038,ISNE_4001_US-ME,1.289768
2038,ISNE_4002_US-ME,1.30788
2038,ISNE_4002_US-NH,1.30788
2038,ISNE_4002_US-VT,1.30788
2038,ISNE_4003_US-NH,1.610609
2038,ISNE_4003_US-NY,1.610609
2038,ISNE_4003_US-VT,1.610609
2038,ISNE_4004_US-CT,1.353602
2038,ISNE_4005_US-MA,1.319891
2038,ISNE_4005_US-RI,1.319891
2038,ISNE_4006_US-MA,1.446728
2038,ISNE_4006_US-RI,1.446728
2038,ISNE_4007_US-MA,1.440893
2038,ISNE_4007_US-NY,1.440893
2038,ISNE_4007_US-VT,1.440893
2038,ISNE_4008_US-MA,1.425479
2038,ISNE_4008_US-NH,1.425479
2038,JEA_0_US-FL,1.261038
2038,LDWP_0_US-AZ,1.138979
2038,LDWP_0_US-CA,1.138979
2038,LDWP_0_US-NV,1.138979
2038,LDWP_0_US-UT,1.138979
2038,LGEE_0_US-IN,1.079687
2038,LGEE_0_US-KY,1.079687
2038,LGEE_0_US-VA,1.079687
2038,MHEB_0_CA-MB,0
2038,MISO_01_US-IA,1.34818
2038,MISO_01_US-IL,1.34818
2038,MISO_01_US-MI,1.34818
2038,MISO_01_US-MN,1.34818
2038,MISO_01_US-MT,1.34818
2038,MISO_01_US-ND,1.34818
2038,MISO_01_US-SD,1.34818
2038,MISO_01_US-WI,1.34818
2038,MISO_02_US-IA,1.320816
2038,MISO_02_US-IL,1.320816
2038,MISO_02_US-MI,1.320816
2038,MISO_02_US-MN,1.320816
2038,MISO_02_US-WI,1.320816
2038,MISO_03_US-IA,1.34678
2038,MISO_03_US-IL,1.34678
2038,MISO_03_US-MN,1.34678
2038,MISO_03_US-MO,1.34678
2038,MISO_03_US-SD,1.34678
2038,MISO_04_US-IL,1.218962
2038,MISO_04_US-KY,1.218962
2038,MISO_04_US-MO,1.218962
2038,MISO_05_US-IA,1.167171
2038,MISO_05_US-IL,1.167171
2038,MISO_05_US-MO,1.167171
2038,MISO_06_US-IL,1.221975
2038,MISO_06_US-IN,1.221975
2038,MISO_06_US-KY,1.221975
2038,MISO_06_US-OH,1.221975
2038,MISO_07_US-MI,1.259514
2038,MISO_08_US-AR,1.162723
2038,MISO_08_US-MO,1.162723
2038,MISO_09_US-LA,1.174004
2038,MISO_09_US-TX,1.174004
2038,MISO_10_US-MS,1.200609
2038,MISO_10_US-TN,1.200609
2038,NBSO_0_CA-NB,5.160099
2038,NBSO_0_CA-PE,5.160099
2038,NBSO_0_US-ME,5.160099
2038,NEVP_0_US-CA,1.318051
2038,NEVP_0_US-NV,1.318051
2038,NEVP_0_US-OR,1.318051
2038,NSPI_0_CA-NS,5.160099
2038,NWMT_0_US-ID,1.299672
2038,NWMT_0_US-MT,1.299672
2038,NWMT_0_US-WY,1.299672
2038,NYIS_A_US-NY,1.246131
2038,NYIS_A_US-PA,1.246131
2038,NYIS_B_US-NY,1.231269
2038,NYIS_C_US-NY,1.231977
2038,NYIS_D_US-NY,1.210526
2038,NYIS_E_US-NY,1.225806
2038,NYIS_F_US-NY,1.219992
2038,NYIS_G_US-NJ,1.258135
2038,NYIS_G_US-NY,1.258135
2038,NYIS_G_US-PA,1.258135
2038,NYIS_H_US-NY,1.239416
2038,NYIS_I_US-NY,1.230932
2038,NYIS_J_US-NJ,1.173123
2038,NYIS_J_US-NY,1.173123
2038,NYIS_K_US-NY,1.173667
2038,PACE_0_US-AZ,1.297469
2038,PACE_0_US-CO,1.297469
2038,PACE_0_US-ID,1.297469
2038,PACE_0_US-MT,1.297469
2038,PACE_0_US-NV,1.297469
2038,PACE_0_US-UT,1.297469
2038,PACE_0_US-WY,1.297469
2038,PACW_0_US-CA,1.201065
2038,PACW_0_US-OR,1.201065
2038,PACW_0_US-WA,1.201065
2038,PGE_0_US-OR,1.270186
2038,PGE_0_US-WA,1.270186
2038,PJM_AE_US-NJ,1.385047
2038,PJM_AEP_US-IN,1.159348
2038,PJM_AEP_US-KY,1.159348
2038,PJM_AEP_US-MI,1.159348
2038,PJM_AEP_US-OH,1.159348
2038,PJM_AEP_US-TN,1.159348
2038,PJM_AEP_US-VA,1.159348
2038,PJM_AEP_US-WV,1.159348
2038,PJM_AP_US-MD,1.264086
2038,PJM_AP_US-OH,1.264086
2038,PJM_AP_US-PA,1.264086
2038,PJM_AP_US-VA,1.264086
2038,PJM_AP_US-WV,1.264086
2038,PJM_ATSI_US-OH,1.175304
2038,PJM_ATSI_US-PA,1.175304
2038,PJM_BC_US-MD,1.48686
2038,PJM_CE_US-IL,1.231136
2038,PJM_CE_US-IN,1.231136
2038,PJM_DAY_US-OH,1.147507
2038,PJM_DEOK_US-KY,1.185744
2038,PJM_DEOK_US-OH,1.185744
2038,PJM_DOM_US-NC,1.289416
2038,PJM_DOM_US-VA,1.289416
2038,PJM_DOM_US-WV,1.289416
2038,PJM_DPL_US-DE,1.536524
2038,PJM_DPL_US-MD,1.536524
2038,PJM_DPL_US-NJ,1.536524
2038,PJM_DPL_US-PA,1.536524
2038,PJM_DPL_US-VA,1.536524
2038,PJM_DUQ_US-PA,1.174229
2038,PJM_EKPC_US-KY,1.147121
2038,PJM_JC_US-NJ,1.33812
2038,PJM_JC_US-NY,1.33812
2038,PJM_ME_US-PA,1.153244
2038,PJM_PE_US-DE,1.147911
2038,PJM_PE_US-MD,1.147911
2038,PJM_PE_US-NJ,1.147911
2038,PJM_PE_US-PA,1.147911
2038,PJM_PEP_US-DC,0.748273
2038,PJM_PEP_US-MD,0.748273
2038,PJM_PEP_US-VA,0.748273
2038,PJM_PL_US-MD,1.136186
2038,PJM_PL_US-PA,1.136186
2038,PJM_PN_US-MD,1.100545
2038,PJM_PN_US-PA,1.100545
2038,PJM_PS_US-NJ,1.420509
2038,PJM_PS_US-PA,1.420509
2038,PJM_RECO_US-NJ,2.709459
2038,PNM_ACMA_US-NM,1
2038,PNM_CYGA_US-NM,1
2038,PNM_Frep_US-NM,1.083333
2038,PNM_Jica_US-NM,1.25
2038,PNM_KAFB_US-NM,1.028169
2038,PNM_KCEC_US-NM,1.031746
2038,PNM_LAC_US-NM,0.966292
2038,PNM_NTUA_US-NM,0
2038,PNM_PNM_US-NM,1.377074
2038,PNM_TSGT_US-AZ,0.644836
2038,PNM_TSGT_US-NM,0.644836
2038,PSCO_0_US-CO,1.458642
2038,PSCO_0_US-WY,1.458642
2038,PSEI_0_US-WA,1.519872
2038,SC_0_US-SC,1.180151
2038,SCEG_0_US-GA,1.120077
2038,SCEG_0_US-SC,1.120077
2038,SCL_0_US-WA,1.354222
2038,SEC_0_US-FL,0.997316
2038,SEPA_0_US-GA,1
2038,SEPA_0_US-SC,1
2038,SOCO_0_US-AL,1.168153
2038,SOCO_0_US-FL,1.168153
2038,SOCO_0_US-GA,1.168153
2038,SOCO_0_US-MS,1.168153
2038,SOCO_0_US-SC,1.168153
2038,SPA_0_US-AR,3.105556
2038,SPA_0_US-MO,3.105556
2038,SPA_0_US-OK,3.105556
2038,SPA_0_US-TX,3.105556
2038,SPC_0_CA-SK,0
2038,SRP_0_US-AZ,1.262485
2038,SWPP_CSWS_US-AR,1.18731
2038,SWPP_CSWS_US-LA,1.18731
2038,SWPP_CSWS_US-OK,1.18731
2038,SWPP_CSWS_US-TX,1.18731
2038,SWPP_EDE_US-AR,1.303993
2038,SWPP_EDE_US-KS,1.303993
2038,SWPP_EDE_US-MO,1.303993
2038,SWPP_EDE_US-OK,1.303993
2038,SWPP_GRDA_US-AR,0.796117
2038,SWPP_GRDA_US-KS,0.796117
2038,SWPP_GRDA_US-OK,0.796117
2038,SWPP_INDN_US-MO,1.227612
2038,SWPP_KACY_US-KS,1.190776
2038,SWPP_KCPL_US-KS,1.203709
2038,SWPP_KCPL_US-MO,1.203709
2038,SWPP_LES_US-NE,1.763469
2038,SWPP_MPS_US-MO,1.219321
2038,SWPP_NPPD_US-CO,1.212584
2038,SWPP_NPPD_US-NE,1.212584
2038,SWPP_NPPD_US-SD,1.212584
2038,SWPP_OKGE_US-AR,1.119231
2038,SWPP_OKGE_US-OK,1.119231
2038,SWPP_OKGE_US-TX,1.119231
2038,SWPP_OPPD_US-NE,1.762731
2038,SWPP_SECI_US-KS,1.390467
2038,SWPP_SPRM_US-MO,1.216931
2038,SWPP_SPS_US-CO,1.265936
2038,SWPP_SPS_US-KS,1.265936
2038,SWPP_SPS_US-NM,1.265936
2038,SWPP_SPS_US-OK,1.265936
2038,SWPP_SPS_US-TX,1.265936
2038,SWPP_WAUE_US-IA,0.960909
2038,SWPP_WAUE_US-MN,0.960909
2038,SWPP_WAUE_US-MT,0.960909
2038,SWPP_WAUE_US-ND,0.960909
2038,SWPP_WAUE_US-NE,0.960909
2038,SWPP_WAUE_US-SD,0.960909
2038,SWPP_WAUE_US-WY,0.960909
2038,SWPP_WFEC_US-KS,1.063169
2038,SWPP_WFEC_US-OK,1.063169
2038,SWPP_WFEC_US-TX,1.063169
2038,SWPP_WR_US-KS,0.918702
2038,SWPP_WR_US-MO,0.918702
2038,TAL_0_US-FL,1.206022
2038,TEC_0_US-FL,1.18796
2038,TEPC_0_MX-SON,1.223946
2038,TEPC_0_US-AZ,1.223946
2038,TEPC_0_US-NM,1.223946
2038,TIDC_0_US-CA,0.977843
2038,TPWR_0_US-WA,1.356405
2038,TVA_0_US-AL,1.19555
2038,TVA_0_US-GA,1.19555
2038,TVA_0_US-KY,1.19555
2038,TVA_0_US-MS,1.19555
2038,TVA_0_US-NC,1.19555
2038,TVA_0_US-TN,1.19555
2038,TVA_0_US-VA,1.19555
2038,WACM_0_US-AZ,1.693023
2038,WACM_0_US-CO,1.693023
2038,WACM_0_US-MT,1.693023
2038,WACM_0_US-NE,1.693023
2038,WACM_0_US-NM,1.693023
2038,WACM_0_US-SD,1.693023
2038,WACM_0_US-UT,1.693023
2038,WACM_0_US-WY,1.693023
2038,WALC_0_US-AZ,1.461196
2038,WALC_0_US-CA,1.461196
2038,WALC_0_US-NV,1.461196
2038,WAUW_0_US-MT,1.728723
2038,WWA_0_US-MT,1
2038,YAD_0_US-NC,1
2039,AEC_0_US-AL,0
2039,AEC_0_US-FL,0
2039,AECI_0_US-AR,0
2039,AECI_0_US-IA,0
2039,AECI_0_US-MO,0
2039,AECI_0_US-OK,0
2039,AESO_CENT_CA-AB,0
2039,AESO_CGY_CA-AB,0
2039,AESO_EDM_CA-AB,0
2039,AESO_NE_CA-AB,0
2039,AESO_NW_CA-AB,0
2039,AESO_NW_CA-BC,0
2039,AESO_SOUT_CA-AB,0
2039,AVA_0_US-ID,1.230025
2039,AVA_0_US-MT,1.230025
2039,AVA_0_US-OR,1.230025
2039,AVA_0_US-WA,1.230025
2039,AVRN_0_US-OR,1
2039,AVRN_0_US-WA,1
2039,AZPS_0_US-AZ,1.389133
2039,AZPS_0_US-CA,1.389133
2039,AZPS_0_US-NM,1.389133
2039,AZPS_0_US-NV,1.389133
2039,BANC_0_US-CA,1.172826
2039,BCHA_0_CA-BC,0
2039,BPAT_0_CA-BC,1.316112
2039,BPAT_0_US-CA,1.316112
2039,BPAT_0_US-ID,1.316112
2039,BPAT_0_US-MT,1.316112
2039,BPAT_0_US-OR,1.316112
2039,BPAT_0_US-WA,1.316112
2039,CEN_0_MX-COA,0
2039,CEN_0_MX-NLE,0
2039,CENB_0_MX-BCN,0
2039,CENB_0_MX-SON,0
2039,CHPD_0_US-WA,1.330612
2039,CISO_PGAE_US-CA,1.790983
2039,CISO_PGAE_US-OR,1.790983
2039,CISO_SCE_US-AZ,1.494037
2039,CISO_SCE_US-CA,1.494037
2039,CISO_SCE_US-NV,1.494037
2039,CISO_SDGE_MX-BCN,1.609354
2039,CISO_SDGE_US-AZ,1.609354
2039,CISO_SDGE_US-CA,1.609354
2039,CISO_VEA_US-NV,1.15894
2039,CPLE_0_US-NC,1.240445
2039,CPLE_0_US-SC,1.240445
2039,CPLW_0_US-NC,0.894422
2039,DEAA_0_US-AZ,1
2039,DOPD_0_US-WA,1.33833
2039,DUK_0_US-NC,1.211374
2039,DUK_0_US-SC,1.211374
2039,DUK_0_US-VA,1.211374
2039,EPE_0_US-NM,1.294834
2039,EPE_0_US-TX,1.294834
2039,ERCO_COAS_US-TX,1.253839
2039,ERCO_EAST_US-TX,1.822708
2039,ERCO_FWES_US-TX,1.216931
2039,ERCO_NCEN_US-TX,1.260033
2039,ERCO_NRTH_US-OK,1.382579
2039,ERCO_NRTH_US-TX,1.382579
2039,ERCO_SCEN_US-TX,1.323853
2039,ERCO_SOUT_US-TX,1.276203
2039,ERCO_WEST_US-TX,2.082
2039,FMPP_0_US-FL,1.05548
2039,FPC_0_US-FL,1.010217
2039,FPL_0_US-FL,1.197194
2039,GCPD_0_US-WA,1.36642
2039,GLHB_0_US-IL,1
2039,GRID_0_US-NM,1
2039,GRID_0_US-OR,1
2039,GRID_0_US-WA,1
2039,GRIF_0_US-AZ,1
2039,GVL_0_US-FL,1.152212
2039,GWA_0_US-MT,1
2039,HGMA_0_US-AZ,1
2039,HQT_0_CA-NL,1
2039,HQT_0_CA-QC,1
2039,HST_0_US-FL,1.293103
2039,IESO_0_CA-ON,0
2039,IID_0_US-AZ,1.208297
2039,IID_0_US-CA,1.208297
2039,IPCO_0_US-ID,1.194
2039,IPCO_0_US-NV,1.194
2039,IPCO_0_US-OR,1.194
2039,IPCO_0_US-UT,1.194
2039,ISNE_4001_US-ME,1.316423
2039,ISNE_4002_US-ME,1.331438
2039,ISNE_4002_US-NH,1.331438
2039,ISNE_4002_US-VT,1.331438
2039,ISNE_4003_US-NH,1.647856
2039,ISNE_4003_US-NY,1.647856
2039,ISNE_4003_US-VT,1.647856
2039,ISNE_4004_US-CT,1.372075
2039,ISNE_4005_US-MA,1.342234
2039,ISNE_4005_US-RI,1.342234
2039,ISNE_4006_US-MA,1.476259
2039,ISNE_4006_US-RI,1.476259
2039,ISNE_4007_US-MA,1.470145
2039,ISNE_4007_US-NY,1.470145
2039,ISNE_4007_US-VT,1.470145
2039,ISNE_4008_US-MA,1.454598
2039,ISNE_4008_US-NH,1.454598
2039,JEA_0_US-FL,1.277304
2039,LDWP_0_US-AZ,1.163409
2039,LDWP_0_US-CA,1.163409
2039,LDWP_0_US-NV,1.163409
2039,LDWP_0_US-UT,1.163409
2039,LGEE_0_US-IN,1.09157
2039,LGEE_0_US-KY,1.09157
2039,LGEE_0_US-VA,1.09157
2039,MHEB_0_CA-MB,0
2039,MISO_01_US-IA,1.374732
2039,MISO_01_US-IL,1.374732
2039,MISO_01_US-MI,1.374732
2039,MISO_01_US-MN,1.374732
2039,MISO_01_US-MT,1.374732
2039,MISO_01_US-ND,1.374732
2039,MISO_01_US-SD,1.374732
2039,MISO_01_US-WI,1.374732
2039,MISO_02_US-IA,1.339918
2039,MISO_02_US-IL,1.339918
2039,MISO_02_US-MI,1.339918
2039,MISO_02_US-MN,1.339918
2039,MISO_02_US-WI,1.339918
2039,MISO_03_US-IA,1.373177
2039,MISO_03_US-IL,1.373177
2039,MISO_03_US-MN,1.373177
2039,MISO_03_US-MO,1.373177
2039,MISO_03_US-SD,1.373177
2039,MISO_04_US-IL,1.233634
2039,MISO_04_US-KY,1.233634
2039,MISO_04_US-MO,1.233634
2039,MISO_05_US-IA,1.182605
2039,MISO_05_US-IL,1.182605
2039,MISO_05_US-MO,1.182605
2039,MISO_06_US-IL,1.235942
2039,MISO_06_US-IN,1.235942
2039,MISO_06_US-KY,1.235942
2039,MISO_06_US-OH,1.235942
2039,MISO_07_US-MI,1.277243
2039,MISO_08_US-AR,1.173824
2039,MISO_08_US-MO,1.173824
2039,MISO_09_US-LA,1.183808
2039,MISO_09_US-TX,1.183808
2039,MISO_10_US-MS,1.214576
2039,MISO_10_US-TN,1.214576
2039,NBSO_0_CA-NB,5.26601
2039,NBSO_0_CA-PE,5.26601
2039,NBSO_0_US-ME,5.26601
2039,NEVP_0_US-CA,1.336433
2039,NEVP_0_US-NV,1.336433
2039,NEVP_0_US-OR,1.336433
2039,NSPI_0_CA-NS,5.26601
2039,NWMT_0_US-ID,1.322639
2039,NWMT_0_US-MT,1.322639
2039,NWMT_0_US-WY,1.322639
2039,NYIS_A_US-NY,1.264251
2039,NYIS_A_US-PA,1.264251
2039,NYIS_B_US-NY,1.249251
2039,NYIS_C_US-NY,1.249822
2039,NYIS_D_US-NY,1.22807
2039,NYIS_E_US-NY,1.243011
2039,NYIS_F_US-NY,1.237558
2039,NYIS_G_US-NJ,1.276165
2039,NYIS_G_US-NY,1.276165
2039,NYIS_G_US-PA,1.276165
2039,NYIS_H_US-NY,1.258394
2039,NYIS_I_US-NY,1.248588
2039,NYIS_J_US-NJ,1.19003
2039,NYIS_J_US-NY,1.19003
2039,NYIS_K_US-NY,1.190467
2039,PACE_0_US-AZ,1.3219
2039,PACE_0_US-CO,1.3219
2039,PACE_0_US-ID,1.3219
2039,PACE_0_US-MT,1.3219
2039,PACE_0_US-NV,1.3219
2039,PACE_0_US-UT,1.3219
2039,PACE_0_US-WY,1.3219
2039,PACW_0_US-CA,1.22108
2039,PACW_0_US-OR,1.22108
2039,PACW_0_US-WA,1.22108
2039,PGE_0_US-OR,1.29121
2039,PGE_0_US-WA,1.29121
2039,PJM_AE_US-NJ,1.412336
2039,PJM_AEP_US-IN,1.171972
2039,PJM_AEP_US-KY,1.171972
2039,PJM_AEP_US-MI,1.171972
2039,PJM_AEP_US-OH,1.171972
2039,PJM_AEP_US-TN,1.171972
2039,PJM_AEP_US-VA,1.171972
2039,PJM_AEP_US-WV,1.171972
2039,PJM_AP_US-MD,1.275732
2039,PJM_AP_US-OH,1.275732
2039,PJM_AP_US-PA,1.275732
2039,PJM_AP_US-VA,1.275732
2039,PJM_AP_US-WV,1.275732
2039,PJM_ATSI_US-OH,1.187786
2039,PJM_ATSI_US-PA,1.187786
2039,PJM_BC_US-MD,1.509798
2039,PJM_CE_US-IL,1.245897
2039,PJM_CE_US-IN,1.245897
2039,PJM_DAY_US-OH,1.160048
2039,PJM_DEOK_US-KY,1.198567
2039,PJM_DEOK_US-OH,1.198567
2039,PJM_DOM_US-NC,1.30791
2039,PJM_DOM_US-VA,1.30791
2039,PJM_DOM_US-WV,1.30791
2039,PJM_DPL_US-DE,1.55869
2039,PJM_DPL_US-MD,1.55869
2039,PJM_DPL_US-NJ,1.55869
2039,PJM_DPL_US-PA,1.55869
2039,PJM_DPL_US-VA,1.55869
2039,PJM_DUQ_US-PA,1.183303
2039,PJM_EKPC_US-KY,1.159761
2039,PJM_JC_US-NJ,1.364393
2039,PJM_JC_US-NY,1.364393
2039,PJM_ME_US-PA,1.162048
2039,PJM_PE_US-DE,1.156814
2039,PJM_PE_US-MD,1.156814
2039,PJM_PE_US-NJ,1.156814
2039,PJM_PE_US-PA,1.156814
2039,PJM_PEP_US-DC,0.75973
2039,PJM_PEP_US-MD,0.75973
2039,PJM_PEP_US-VA,0.75973
2039,PJM_PL_US-MD,1.145056
2039,PJM_PL_US-PA,1.145056
2039,PJM_PN_US-MD,1.109066
2039,PJM_PN_US-PA,1.109066
2039,PJM_PS_US-NJ,1.448529
2039,PJM_PS_US-PA,1.448529
2039,PJM_RECO_US-NJ,2.763514
2039,PNM_ACMA_US-NM,1
2039,PNM_CYGA_US-NM,1
2039,PNM_Frep_US-NM,1.095238
2039,PNM_Jica_US-NM,1.25
2039,PNM_KAFB_US-NM,1.056338
2039,PNM_KCEC_US-NM,1.063492
2039,PNM_LAC_US-NM,0.988764
2039,PNM_NTUA_US-NM,0
2039,PNM_PNM_US-NM,1.404863
2039,PNM_TSGT_US-AZ,0.65995
2039,PNM_TSGT_US-NM,0.65995
2039,PSCO_0_US-CO,1.48777
2039,PSCO_0_US-WY,1.48777
2039,PSEI_0_US-WA,1.543839
2039,SC_0_US-SC,1.19288
2039,SCEG_0_US-GA,1.132128
2039,SCEG_0_US-SC,1.132128
2039,SCL_0_US-WA,1.375465
2039,SEC_0_US-FL,1.010217
2039,SEPA_0_US-GA,1
2039,SEPA_0_US-SC,1
2039,SOCO_0_US-AL,1.182974
2039,SOCO_0_US-FL,1.182974
2039,SOCO_0_US-GA,1.182974
2039,SOCO_0_US-MS,1.182974
2039,SOCO_0_US-SC,1.182974
2039,SPA_0_US-AR,3.138889
2039,SPA_0_US-MO,3.138889
2039,SPA_0_US-OK,3.138889
2039,SPA_0_US-TX,3.138889
2039,SPC_0_CA-SK,0
2039,SRP_0_US-AZ,1.281262
2039,SWPP_CSWS_US-AR,1.200231
2039,SWPP_CSWS_US-LA,1.200231
2039,SWPP_CSWS_US-OK,1.200231
2039,SWPP_CSWS_US-TX,1.200231
2039,SWPP_EDE_US-AR,1.321108
2039,SWPP_EDE_US-KS,1.321108
2039,SWPP_EDE_US-MO,1.321108
2039,SWPP_EDE_US-OK,1.321108
2039,SWPP_GRDA_US-AR,0.80406
2039,SWPP_GRDA_US-KS,0.80406
2039,SWPP_GRDA_US-OK,0.80406
2039,SWPP_INDN_US-MO,1.242537
2039,SWPP_KACY_US-KS,1.205451
2039,SWPP_KCPL_US-KS,1.21832
2039,SWPP_KCPL_US-MO,1.21832
2039,SWPP_LES_US-NE,1.829172
2039,SWPP_MPS_US-MO,1.235509
2039,SWPP_NPPD_US-CO,1.258367
2039,SWPP_NPPD_US-NE,1.258367
2039,SWPP_NPPD_US-SD,1.258367
2039,SWPP_OKGE_US-AR,1.130917
2039,SWPP_OKGE_US-OK,1.130917
2039,SWPP_OKGE_US-TX,1.130917
2039,SWPP_OPPD_US-NE,1.829498
2039,SWPP_SECI_US-KS,1.405133
2039,SWPP_SPRM_US-MO,1.232804
2039,SWPP_SPS_US-CO,1.286758
2039,SWPP_SPS_US-KS,1.286758
2039,SWPP_SPS_US-NM,1.286758
2039,SWPP_SPS_US-OK,1.286758
2039,SWPP_SPS_US-TX,1.286758
2039,SWPP_WAUE_US-IA,0.981651
2039,SWPP_WAUE_US-MN,0.981651
2039,SWPP_WAUE_US-MT,0.981651
2039,SWPP_WAUE_US-ND,0.981651
2039,SWPP_WAUE_US-NE,0.981651
2039,SWPP_WAUE_US-SD,0.981651
2039,SWPP_WAUE_US-WY,0.981651
2039,SWPP_WFEC_US-KS,1.074411
2039,SWPP_WFEC_US-OK,1.074411
2039,SWPP_WFEC_US-TX,1.074411
2039,SWPP_WR_US-KS,0.928678
2039,SWPP_WR_US-MO,0.928678
2039,TAL_0_US-FL,1.22187
2039,TEC_0_US-FL,1.203344
2039,TEPC_0_MX-SON,1.242365
2039,TEPC_0_US-AZ,1.242365
2039,TEPC_0_US-NM,1.242365
2039,TIDC_0_US-CA,0.998523
2039,TPWR_0_US-WA,1.378099
2039,TVA_0_US-AL,1.210877
2039,TVA_0_US-GA,1.210877
2039,TVA_0_US-KY,1.210877
2039,TVA_0_US-MS,1.210877
2039,TVA_0_US-NC,1.210877
2039,TVA_0_US-TN,1.210877
2039,TVA_0_US-VA,1.210877
2039,WACM_0_US-AZ,1.727814
2039,WACM_0_US-CO,1.727814
2039,WACM_0_US-MT,1.727814
2039,WACM_0_US-NE,1.727814
2039,WACM_0_US-NM,1.727814
2039,WACM_0_US-SD,1.727814
2039,WACM_0_US-UT,1.727814
2039,WACM_0_US-WY,1.727814
2039,WALC_0_US-AZ,1.485912
2039,WALC_0_US-CA,1.485912
2039,WALC_0_US-NV,1.485912
2039,WAUW_0_US-MT,1.755319
2039,WWA_0_US-MT,1
2039,YAD_0_US-NC,1
2040,AEC_0_US-AL,0
2040,AEC_0_US-FL,0
2040,AECI_0_US-AR,0
2040,AECI_0_US-IA,0
2040,AECI_0_US-MO,0
2040,AECI_0_US-OK,0
2040,AESO_CENT_CA-AB,0
2040,AESO_CGY_CA-AB,0
2040,AESO_EDM_CA-AB,0
2040,AESO_NE_CA-AB,0
2040,AESO_NW_CA-AB,0
2040,AESO_NW_CA-BC,0
2040,AESO_SOUT_CA-AB,0
2040,AVA_0_US-ID,1.248949
2040,AVA_0_US-MT,1.248949
2040,AVA_0_US-OR,1.248949
2040,AVA_0_US-WA,1.248949
2040,AVRN_0_US-OR,1
2040,AVRN_0_US-WA,1
2040,AZPS_0_US-AZ,1.409817
2040,AZPS_0_US-CA,1.409817
2040,AZPS_0_US-NM,1.409817
2040,AZPS_0_US-NV,1.409817
2040,BANC_0_US-CA,1.197818
2040,BCHA_0_CA-BC,0
2040,BPAT_0_CA-BC,1.337252
2040,BPAT_0_US-CA,1.337252
2040,BPAT_0_US-ID,1.337252
2040,BPAT_0_US-MT,1.337252
2040,BPAT_0_US-OR,1.337252
2040,BPAT_0_US-WA,1.337252
2040,CEN_0_MX-COA,0
2040,CEN_0_MX-NLE,0
2040,CENB_0_MX-BCN,0
2040,CENB_0_MX-SON,0
2040,CHPD_0_US-WA,1.35102
2040,CISO_PGAE_US-CA,1.829263
2040,CISO_PGAE_US-OR,1.829263
2040,CISO_SCE_US-AZ,1.525948
2040,CISO_SCE_US-CA,1.525948
2040,CISO_SCE_US-NV,1.525948
2040,CISO_SDGE_MX-BCN,1.643687
2040,CISO_SDGE_US-AZ,1.643687
2040,CISO_SDGE_US-CA,1.643687
2040,CISO_VEA_US-NV,1.172185
2040,CPLE_0_US-NC,1.255749
2040,CPLE_0_US-SC,1.255749
2040,CPLW_0_US-NC,0.905378
2040,DEAA_0_US-AZ,1
2040,DOPD_0_US-WA,1.359743
2040,DUK_0_US-NC,1.225997
2040,DUK_0_US-SC,1.225997
2040,DUK_0_US-VA,1.225997
2040,EPE_0_US-NM,1.315302
2040,EPE_0_US-TX,1.315302
2040,ERCO_COAS_US-TX,1.272325
2040,ERCO_EAST_US-TX,1.849583
2040,ERCO_FWES_US-TX,1.234921
2040,ERCO_NCEN_US-TX,1.278623
2040,ERCO_NRTH_US-OK,1.402791
2040,ERCO_NRTH_US-TX,1.402791
2040,ERCO_SCEN_US-TX,1.343416
2040,ERCO_SOUT_US-TX,1.29499
2040,ERCO_WEST_US-TX,2.11275
2040,FMPP_0_US-FL,1.069078
2040,FPC_0_US-FL,1.023292
2040,FPL_0_US-FL,1.212672
2040,GCPD_0_US-WA,1.38754
2040,GLHB_0_US-IL,1
2040,GRID_0_US-NM,1
2040,GRID_0_US-OR,1
2040,GRID_0_US-WA,1
2040,GRIF_0_US-AZ,1
2040,GVL_0_US-FL,1.166372
2040,GWA_0_US-MT,1
2040,HGMA_0_US-AZ,1
2040,HQT_0_CA-NL,1
2040,HQT_0_CA-QC,1
2040,HST_0_US-FL,1.310345
2040,IESO_0_CA-ON,0
2040,IID_0_US-AZ,1.233892
2040,IID_0_US-CA,1.233892
2040,IPCO_0_US-ID,1.211458
2040,IPCO_0_US-NV,1.211458
2040,IPCO_0_US-OR,1.211458
2040,IPCO_0_US-UT,1.211458
2040,ISNE_4001_US-ME,1.343508
2040,ISNE_4002_US-ME,1.355402
2040,ISNE_4002_US-NH,1.355402
2040,ISNE_4002_US-VT,1.355402
2040,ISNE_4003_US-NH,1.68623
2040,ISNE_4003_US-NY,1.68623
2040,ISNE_4003_US-VT,1.68623
2040,ISNE_4004_US-CT,1.390702
2040,ISNE_4005_US-MA,1.365123
2040,ISNE_4005_US-RI,1.365123
2040,ISNE_4006_US-MA,1.506369
2040,ISNE_4006_US-RI,1.506369
2040,ISNE_4007_US-MA,1.500302
2040,ISNE_4007_US-NY,1.500302
2040,ISNE_4007_US-VT,1.500302
2040,ISNE_4008_US-MA,1.484291
2040,ISNE_4008_US-NH,1.484291
2040,JEA_0_US-FL,1.293958
2040,LDWP_0_US-AZ,1.188201
2040,LDWP_0_US-CA,1.188201
2040,LDWP_0_US-NV,1.188201
2040,LDWP_0_US-UT,1.188201
2040,LGEE_0_US-IN,1.103453
2040,LGEE_0_US-KY,1.103453
2040,LGEE_0_US-VA,1.103453
2040,MHEB_0_CA-MB,0
2040,MISO_01_US-IA,1.401835
2040,MISO_01_US-IL,1.401835
2040,MISO_01_US-MI,1.401835
2040,MISO_01_US-MN,1.401835
2040,MISO_01_US-MT,1.401835
2040,MISO_01_US-ND,1.401835
2040,MISO_01_US-SD,1.401835
2040,MISO_01_US-WI,1.401835
2040,MISO_02_US-IA,1.359265
2040,MISO_02_US-IL,1.359265
2040,MISO_02_US-MI,1.359265
2040,MISO_02_US-MN,1.359265
2040,MISO_02_US-WI,1.359265
2040,MISO_03_US-IA,1.400106
2040,MISO_03_US-IL,1.400106
2040,MISO_03_US-MN,1.400106
2040,MISO_03_US-MO,1.400106
2040,MISO_03_US-SD,1.400106
2040,MISO_04_US-IL,1.24842
2040,MISO_04_US-KY,1.24842
2040,MISO_04_US-MO,1.24842
2040,MISO_05_US-IA,1.198327
2040,MISO_05_US-IL,1.198327
2040,MISO_05_US-MO,1.198327
2040,MISO_06_US-IL,1.25009
2040,MISO_06_US-IN,1.25009
2040,MISO_06_US-KY,1.25009
2040,MISO_06_US-OH,1.25009
2040,MISO_07_US-MI,1.295243
2040,MISO_08_US-AR,1.185072
2040,MISO_08_US-MO,1.185072
2040,MISO_09_US-LA,1.19371
2040,MISO_09_US-TX,1.19371
2040,MISO_10_US-MS,1.228796
2040,MISO_10_US-TN,1.228796
2040,NBSO_0_CA-NB,5.374384
2040,NBSO_0_CA-PE,5.374384
2040,NBSO_0_US-ME,5.374384
2040,NEVP_0_US-CA,1.355135
2040,NEVP_0_US-NV,1.355135
2040,NEVP_0_US-OR,1.355135
2040,NSPI_0_CA-NS,5.374384
2040,NWMT_0_US-ID,1.346336
2040,NWMT_0_US-MT,1.346336
2040,NWMT_0_US-WY,1.346336
2040,NYIS_A_US-NY,1.282371
2040,NYIS_A_US-PA,1.282371
2040,NYIS_B_US-NY,1.267233
2040,NYIS_C_US-NY,1.267666
2040,NYIS_D_US-NY,1.245614
2040,NYIS_E_US-NY,1.260932
2040,NYIS_F_US-NY,1.255542
2040,NYIS_G_US-NJ,1.294635
2040,NYIS_G_US-NY,1.294635
2040,NYIS_G_US-PA,1.294635
2040,NYIS_H_US-NY,1.275912
2040,NYIS_I_US-NY,1.266243
2040,NYIS_J_US-NJ,1.20713
2040,NYIS_J_US-NY,1.20713
2040,NYIS_K_US-NY,1.207658
2040,PACE_0_US-AZ,1.346729
2040,PACE_0_US-CO,1.346729
2040,PACE_0_US-ID,1.346729
2040,PACE_0_US-MT,1.346729
2040,PACE_0_US-NV,1.346729
2040,PACE_0_US-UT,1.346729
2040,PACE_0_US-WY,1.346729
2040,PACW_0_US-CA,1.241462
2040,PACW_0_US-OR,1.241462
2040,PACW_0_US-WA,1.241462
2040,PGE_0_US-OR,1.312682
2040,PGE_0_US-WA,1.312682
2040,PJM_AE_US-NJ,1.44
2040,PJM_AEP_US-IN,1.184733
2040,PJM_AEP_US-KY,1.184733
2040,PJM_AEP_US-MI,1.184733
2040,PJM_AEP_US-OH,1.184733
2040,PJM_AEP_US-TN,1.184733
2040,PJM_AEP_US-VA,1.184733
2040,PJM_AEP_US-WV,1.184733
2040,PJM_AP_US-MD,1.287489
2040,PJM_AP_US-OH,1.287489
2040,PJM_AP_US-PA,1.287489
2040,PJM_AP_US-VA,1.287489
2040,PJM_AP_US-WV,1.287489
2040,PJM_ATSI_US-OH,1.200427
2040,PJM_ATSI_US-PA,1.200427
2040,PJM_BC_US-MD,1.53304
2040,PJM_CE_US-IL,1.260847
2040,PJM_CE_US-IN,1.260847
2040,PJM_DAY_US-OH,1.172589
2040,PJM_DEOK_US-KY,1.211578
2040,PJM_DEOK_US-OH,1.211578
2040,PJM_DOM_US-NC,1.326648
2040,PJM_DOM_US-VA,1.326648
2040,PJM_DOM_US-WV,1.326648
2040,PJM_DPL_US-DE,1.581108
2040,PJM_DPL_US-MD,1.581108
2040,PJM_DPL_US-NJ,1.581108
2040,PJM_DPL_US-PA,1.581108
2040,PJM_DPL_US-VA,1.581108
2040,PJM_DUQ_US-PA,1.192377
2040,PJM_EKPC_US-KY,1.172402
2040,PJM_JC_US-NJ,1.391319
2040,PJM_JC_US-NY,1.391319
2040,PJM_ME_US-PA,1.171177
2040,PJM_PE_US-DE,1.165836
2040,PJM_PE_US-MD,1.165836
2040,PJM_PE_US-NJ,1.165836
2040,PJM_PE_US-PA,1.165836
2040,PJM_PEP_US-DC,0.771525
2040,PJM_PEP_US-MD,0.771525
2040,PJM_PEP_US-VA,0.771525
2040,PJM_PL_US-MD,1.153926
2040,PJM_PL_US-PA,1.153926
2040,PJM_PN_US-MD,1.117928
2040,PJM_PN_US-PA,1.117928
2040,PJM_PS_US-NJ,1.477047
2040,PJM_PS_US-PA,1.477047
2040,PJM_RECO_US-NJ,2.817568
2040,PNM_ACMA_US-NM,1
2040,PNM_CYGA_US-NM,1
2040,PNM_Frep_US-NM,1.119048
2040,PNM_Jica_US-NM,1.25
2040,PNM_KAFB_US-NM,1.070423
2040,PNM_KCEC_US-NM,1.079365
2040,PNM_LAC_US-NM,1.011236
2040,PNM_NTUA_US-NM,0
2040,PNM_PNM_US-NM,1.433037
2040,PNM_TSGT_US-AZ,0.672544
2040,PNM_TSGT_US-NM,0.672544
2040,PSCO_0_US-CO,1.517507
2040,PSCO_0_US-WY,1.517507
2040,PSEI_0_US-WA,1.568205
2040,SC_0_US-SC,1.205825
2040,SCEG_0_US-GA,1.144394
2040,SCEG_0_US-SC,1.144394
2040,SCL_0_US-WA,1.397238
2040,SEC_0_US-FL,1.023292
2040,SEPA_0_US-GA,1
2040,SEPA_0_US-SC,1
2040,SOCO_0_US-AL,1.197994
2040,SOCO_0_US-FL,1.197994
2040,SOCO_0_US-GA,1.197994
2040,SOCO_0_US-MS,1.197994
2040,SOCO_0_US-SC,1.197994
2040,SPA_0_US-AR,3.177778
2040,SPA_0_US-MO,3.177778
2040,SPA_0_US-OK,3.177778
2040,SPA_0_US-TX,3.177778
2040,SPC_0_CA-SK,0
2040,SRP_0_US-AZ,1.30043
2040,SWPP_CSWS_US-AR,1.213153
2040,SWPP_CSWS_US-LA,1.213153
2040,SWPP_CSWS_US-OK,1.213153
2040,SWPP_CSWS_US-TX,1.213153
2040,SWPP_EDE_US-AR,1.338223
2040,SWPP_EDE_US-KS,1.338223
2040,SWPP_EDE_US-MO,1.338223
2040,SWPP_EDE_US-OK,1.338223
2040,SWPP_GRDA_US-AR,0.812886
2040,SWPP_GRDA_US-KS,0.812886
2040,SWPP_GRDA_US-OK,0.812886
2040,SWPP_INDN_US-MO,1.261194
2040,SWPP_KACY_US-KS,1.218029
2040,SWPP_KCPL_US-KS,1.233212
2040,SWPP_KCPL_US-MO,1.233212
2040,SWPP_LES_US-NE,1.898817
2040,SWPP_MPS_US-MO,1.251697
2040,SWPP_NPPD_US-CO,1.305756
2040,SWPP_NPPD_US-NE,1.305756
2040,SWPP_NPPD_US-SD,1.305756
2040,SWPP_OKGE_US-AR,1.142751
2040,SWPP_OKGE_US-OK,1.142751
2040,SWPP_OKGE_US-TX,1.142751
2040,SWPP_OPPD_US-NE,1.898529
2040,SWPP_SECI_US-KS,1.420715
2040,SWPP_SPRM_US-MO,1.248677
2040,SWPP_SPS_US-CO,1.307763
2040,SWPP_SPS_US-KS,1.307763
2040,SWPP_SPS_US-NM,1.307763
2040,SWPP_SPS_US-OK,1.307763
2040,SWPP_SPS_US-TX,1.307763
2040,SWPP_WAUE_US-IA,1.002792
2040,SWPP_WAUE_US-MN,1.002792
2040,SWPP_WAUE_US-MT,1.002792
2040,SWPP_WAUE_US-ND,1.002792
2040,SWPP_WAUE_US-NE,1.002792
2040,SWPP_WAUE_US-SD,1.002792
2040,SWPP_WAUE_US-WY,1.002792
2040,SWPP_WFEC_US-KS,1.085653
2040,SWPP_WFEC_US-OK,1.085653
2040,SWPP_WFEC_US-TX,1.085653
2040,SWPP_WR_US-KS,0.938803
2040,SWPP_WR_US-MO,0.938803
2040,TAL_0_US-FL,1.237718
2040,TEC_0_US-FL,1.218952
2040,TEPC_0_MX-SON,1.260785
2040,TEPC_0_US-AZ,1.260785
2040,TEPC_0_US-NM,1.260785
2040,TIDC_0_US-CA,1.019202
2040,TPWR_0_US-WA,1.399793
2040,TVA_0_US-AL,1.226401
2040,TVA_0_US-GA,1.226401
2040,TVA_0_US-KY,1.226401
2040,TVA_0_US-MS,1.226401
2040,TVA_0_US-NC,1.226401
2040,TVA_0_US-TN,1.226401
2040,TVA_0_US-VA,1.226401
2040,WACM_0_US-AZ,1.763535
2040,WACM_0_US-CO,1.763535
2040,WACM_0_US-MT,1.763535
2040,WACM_0_US-NE,1.763535
2040,WACM_0_US-NM,1.763535
2040,WACM_0_US-SD,1.763535
2040,WACM_0_US-UT,1.763535
2040,WACM_0_US-WY,1.763535
2040,WALC_0_US-AZ,1.511122
2040,WALC_0_US-CA,1.511122
2040,WALC_0_US-NV,1.511122
2040,WAUW_0_US-MT,1.787234
2040,WWA_0_US-MT,1
2040,YAD_0_US-NC,1
2041,AEC_0_US-AL,0
2041,AEC_0_US-FL,0
2041,AECI_0_US-AR,0
2041,AECI_0_US-IA,0
2041,AECI_0_US-MO,0
2041,AECI_0_US-OK,0
2041,AESO_CENT_CA-AB,0
2041,AESO_CGY_CA-AB,0
2041,AESO_EDM_CA-AB,0
2041,AESO_NE_CA-AB,0
2041,AESO_NW_CA-AB,0
2041,AESO_NW_CA-BC,0
2041,AESO_SOUT_CA-AB,0
2041,AVA_0_US-ID,1.26619
2041,AVA_0_US-MT,1.26619
2041,AVA_0_US-OR,1.26619
2041,AVA_0_US-WA,1.26619
2041,AVRN_0_US-OR,1
2041,AVRN_0_US-WA,1
2041,AZPS_0_US-AZ,1.4305
2041,AZPS_0_US-CA,1.4305
2041,AZPS_0_US-NM,1.4305
2041,AZPS_0_US-NV,1.4305
2041,BANC_0_US-CA,1.217881
2041,BCHA_0_CA-BC,0
2041,BPAT_0_CA-BC,1.356416
2041,BPAT_0_US-CA,1.356416
2041,BPAT_0_US-ID,1.356416
2041,BPAT_0_US-MT,1.356416
2041,BPAT_0_US-OR,1.356416
2041,BPAT_0_US-WA,1.356416
2041,CEN_0_MX-COA,0
2041,CEN_0_MX-NLE,0
2041,CENB_0_MX-BCN,0
2041,CENB_0_MX-SON,0
2041,CHPD_0_US-WA,1.369388
2041,CISO_PGAE_US-CA,1.859988
2041,CISO_PGAE_US-OR,1.859988
2041,CISO_SCE_US-AZ,1.551617
2041,CISO_SCE_US-CA,1.551617
2041,CISO_SCE_US-NV,1.551617
2041,CISO_SDGE_MX-BCN,1.671263
2041,CISO_SDGE_US-AZ,1.671263
2041,CISO_SDGE_US-CA,1.671263
2041,CISO_VEA_US-NV,1.18543
2041,CPLE_0_US-NC,1.271708
2041,CPLE_0_US-SC,1.271708
2041,CPLW_0_US-NC,0.917331
2041,DEAA_0_US-AZ,1
2041,DOPD_0_US-WA,1.379015
2041,DUK_0_US-NC,1.24126
2041,DUK_0_US-SC,1.24126
2041,DUK_0_US-VA,1.24126
2041,EPE_0_US-NM,1.335283
2041,EPE_0_US-TX,1.335283
2041,ERCO_COAS_US-TX,1.291195
2041,ERCO_EAST_US-TX,1.877083
2041,ERCO_FWES_US-TX,1.253333
2041,ERCO_NCEN_US-TX,1.297601
2041,ERCO_NRTH_US-OK,1.423484
2041,ERCO_NRTH_US-TX,1.423484
2041,ERCO_SCEN_US-TX,1.363356
2041,ERCO_SOUT_US-TX,1.314107
2041,ERCO_WEST_US-TX,2.144
2041,FMPP_0_US-FL,1.081588
2041,FPC_0_US-FL,1.035241
2041,FPL_0_US-FL,1.226863
2041,GCPD_0_US-WA,1.406547
2041,GLHB_0_US-IL,1
2041,GRID_0_US-NM,1
2041,GRID_0_US-OR,1
2041,GRID_0_US-WA,1
2041,GRIF_0_US-AZ,1
2041,GVL_0_US-FL,1.180531
2041,GWA_0_US-MT,1
2041,HGMA_0_US-AZ,1
2041,HQT_0_CA-NL,1
2041,HQT_0_CA-QC,1
2041,HST_0_US-FL,1.327586
2041,IESO_0_CA-ON,0
2041,IID_0_US-AZ,1.255075
2041,IID_0_US-CA,1.255075
2041,IPCO_0_US-ID,1.228178
2041,IPCO_0_US-NV,1.228178
2041,IPCO_0_US-OR,1.228178
2041,IPCO_0_US-UT,1.228178
2041,ISNE_4001_US-ME,1.364574
2041,ISNE_4002_US-ME,1.374086
2041,ISNE_4002_US-NH,1.374086
2041,ISNE_4002_US-VT,1.374086
2041,ISNE_4003_US-NH,1.714447
2041,ISNE_4003_US-NY,1.714447
2041,ISNE_4003_US-VT,1.714447
2041,ISNE_4004_US-CT,1.405942
2041,ISNE_4005_US-MA,1.382561
2041,ISNE_4005_US-RI,1.382561
2041,ISNE_4006_US-MA,1.52982
2041,ISNE_4006_US-RI,1.52982
2041,ISNE_4007_US-MA,1.523522
2041,ISNE_4007_US-NY,1.523522
2041,ISNE_4007_US-VT,1.523522
2041,ISNE_4008_US-MA,1.50728
2041,ISNE_4008_US-NH,1.50728
2041,JEA_0_US-FL,1.309063
2041,LDWP_0_US-AZ,1.208107
2041,LDWP_0_US-CA,1.208107
2041,LDWP_0_US-NV,1.208107
2041,LDWP_0_US-UT,1.208107
2041,LGEE_0_US-IN,1.115476
2041,LGEE_0_US-KY,1.115476
2041,LGEE_0_US-VA,1.115476
2041,MHEB_0_CA-MB,0
2041,MISO_01_US-IA,1.426614
2041,MISO_01_US-IL,1.426614
2041,MISO_01_US-MI,1.426614
2041,MISO_01_US-MN,1.426614
2041,MISO_01_US-MT,1.426614
2041,MISO_01_US-ND,1.426614
2041,MISO_01_US-SD,1.426614
2041,MISO_01_US-WI,1.426614
2041,MISO_02_US-IA,1.375347
2041,MISO_02_US-IL,1.375347
2041,MISO_02_US-MI,1.375347
2041,MISO_02_US-MN,1.375347
2041,MISO_02_US-WI,1.375347
2041,MISO_03_US-IA,1.42661
2041,MISO_03_US-IL,1.42661
2041,MISO_03_US-MN,1.42661
2041,MISO_03_US-MO,1.42661
2041,MISO_03_US-SD,1.42661
2041,MISO_04_US-IL,1.261287
2041,MISO_04_US-KY,1.261287
2041,MISO_04_US-MO,1.261287
2041,MISO_05_US-IA,1.21376
2041,MISO_05_US-IL,1.21376
2041,MISO_05_US-MO,1.21376
2041,MISO_06_US-IL,1.263034
2041,MISO_06_US-IN,1.263034
2041,MISO_06_US-KY,1.263034
2041,MISO_06_US-OH,1.263034
2041,MISO_07_US-MI,1.309027
2041,MISO_08_US-AR,1.198656
2041,MISO_08_US-MO,1.198656
2041,MISO_09_US-LA,1.206232
2041,MISO_09_US-TX,1.206232
2041,MISO_10_US-MS,1.243271
2041,MISO_10_US-TN,1.243271
2041,NBSO_0_CA-NB,5.458128
2041,NBSO_0_CA-PE,5.458128
2041,NBSO_0_US-ME,5.458128
2041,NEVP_0_US-CA,1.37309
2041,NEVP_0_US-NV,1.37309
2041,NEVP_0_US-OR,1.37309
2041,NSPI_0_CA-NS,5.458128
2041,NWMT_0_US-ID,1.368575
2041,NWMT_0_US-MT,1.368575
2041,NWMT_0_US-WY,1.368575
2041,NYIS_A_US-NY,1.298981
2041,NYIS_A_US-PA,1.298981
2041,NYIS_B_US-NY,1.283716
2041,NYIS_C_US-NY,1.284083
2041,NYIS_D_US-NY,1.261905
2041,NYIS_E_US-NY,1.277419
2041,NYIS_F_US-NY,1.271853
2041,NYIS_G_US-NJ,1.311346
2041,NYIS_G_US-NY,1.311346
2041,NYIS_G_US-PA,1.311346
2041,NYIS_H_US-NY,1.291971
2041,NYIS_I_US-NY,1.282486
2041,NYIS_J_US-NJ,1.222684
2041,NYIS_J_US-NY,1.222684
2041,NYIS_K_US-NY,1.223286
2041,PACE_0_US-AZ,1.368614
2041,PACE_0_US-CO,1.368614
2041,PACE_0_US-ID,1.368614
2041,PACE_0_US-MT,1.368614
2041,PACE_0_US-NV,1.368614
2041,PACE_0_US-UT,1.368614
2041,PACE_0_US-WY,1.368614
2041,PACW_0_US-CA,1.25964
2041,PACW_0_US-OR,1.25964
2041,PACW_0_US-WA,1.25964
2041,PGE_0_US-OR,1.33214
2041,PGE_0_US-WA,1.33214
2041,PJM_AE_US-NJ,1.462804
2041,PJM_AEP_US-IN,1.197266
2041,PJM_AEP_US-KY,1.197266
2041,PJM_AEP_US-MI,1.197266
2041,PJM_AEP_US-OH,1.197266
2041,PJM_AEP_US-TN,1.197266
2041,PJM_AEP_US-VA,1.197266
2041,PJM_AEP_US-WV,1.197266
2041,PJM_AP_US-MD,1.301242
2041,PJM_AP_US-OH,1.301242
2041,PJM_AP_US-PA,1.301242
2041,PJM_AP_US-VA,1.301242
2041,PJM_AP_US-WV,1.301242
2041,PJM_ATSI_US-OH,1.211961
2041,PJM_ATSI_US-PA,1.211961
2041,PJM_BC_US-MD,1.554762
2041,PJM_CE_US-IL,1.273863
2041,PJM_CE_US-IN,1.273863
2041,PJM_DAY_US-OH,1.183936
2041,PJM_DEOK_US-KY,1.223458
2041,PJM_DEOK_US-OH,1.223458
2041,PJM_DOM_US-NC,1.346997
2041,PJM_DOM_US-VA,1.346997
2041,PJM_DOM_US-WV,1.346997
2041,PJM_DPL_US-DE,1.602267
2041,PJM_DPL_US-MD,1.602267
2041,PJM_DPL_US-NJ,1.602267
2041,PJM_DPL_US-PA,1.602267
2041,PJM_DPL_US-VA,1.602267
2041,PJM_DUQ_US-PA,1.20363
2041,PJM_EKPC_US-KY,1.185042
2041,PJM_JC_US-NJ,1.413185
2041,PJM_JC_US-NY,1.413185
2041,PJM_ME_US-PA,1.181937
2041,PJM_PE_US-DE,1.176638
2041,PJM_PE_US-MD,1.176638
2041,PJM_PE_US-NJ,1.176638
2041,PJM_PE_US-PA,1.176638
2041,PJM_PEP_US-DC,0.782477
2041,PJM_PEP_US-MD,0.782477
2041,PJM_PEP_US-VA,0.782477
2041,PJM_PL_US-MD,1.164623
2041,PJM_PL_US-PA,1.164623
2041,PJM_PN_US-MD,1.128494
2041,PJM_PN_US-PA,1.128494
2041,PJM_PS_US-NJ,1.500298
2041,PJM_PS_US-PA,1.500298
2041,PJM_RECO_US-NJ,2.858108
2041,PNM_ACMA_US-NM,1
2041,PNM_CYGA_US-NM,1
2041,PNM_Frep_US-NM,1.142857
2041,PNM_Jica_US-NM,1.25
2041,PNM_KAFB_US-NM,1.084507
2041,PNM_KCEC_US-NM,1.095238
2041,PNM_LAC_US-NM,1.022472
2041,PNM_NTUA_US-NM,0
2041,PNM_PNM_US-NM,1.45658
2041,PNM_TSGT_US-AZ,0.68262
2041,PNM_TSGT_US-NM,0.68262
2041,PSCO_0_US-CO,1.542271
2041,PSCO_0_US-WY,1.542271
2041,PSEI_0_US-WA,1.590174
2041,SC_0_US-SC,1.219417
2041,SCEG_0_US-GA,1.157306
2041,SCEG_0_US-SC,1.157306
2041,SCL_0_US-WA,1.416888
2041,SEC_0_US-FL,1.035241
2041,SEPA_0_US-GA,1
2041,SEPA_0_US-SC,1
2041,SOCO_0_US-AL,1.21317
2041,SOCO_0_US-FL,1.21317
2041,SOCO_0_US-GA,1.21317
2041,SOCO_0_US-MS,1.21317
2041,SOCO_0_US-SC,1.21317
2041,SPA_0_US-AR,3.216667
2041,SPA_0_US-MO,3.216667
2041,SPA_0_US-OK,3.216667
2041,SPA_0_US-TX,3.216667
2041,SPC_0_CA-SK,0
2041,SRP_0_US-AZ,1.319468
2041,SWPP_CSWS_US-AR,1.228175
2041,SWPP_CSWS_US-LA,1.228175
2041,SWPP_CSWS_US-OK,1.228175
2041,SWPP_CSWS_US-TX,1.228175
2041,SWPP_EDE_US-AR,1.355338
2041,SWPP_EDE_US-KS,1.355338
2041,SWPP_EDE_US-MO,1.355338
2041,SWPP_EDE_US-OK,1.355338
2041,SWPP_GRDA_US-AR,0.823477
2041,SWPP_GRDA_US-KS,0.823477
2041,SWPP_GRDA_US-OK,0.823477
2041,SWPP_INDN_US-MO,1.276119
2041,SWPP_KACY_US-KS,1.230608
2041,SWPP_KCPL_US-KS,1.247822
2041,SWPP_KCPL_US-MO,1.247822
2041,SWPP_LES_US-NE,1.96452
2041,SWPP_MPS_US-MO,1.267885
2041,SWPP_NPPD_US-CO,1.351272
2041,SWPP_NPPD_US-NE,1.351272
2041,SWPP_NPPD_US-SD,1.351272
2041,SWPP_OKGE_US-AR,1.156953
2041,SWPP_OKGE_US-OK,1.156953
2041,SWPP_OKGE_US-TX,1.156953
2041,SWPP_OPPD_US-NE,1.964919
2041,SWPP_SECI_US-KS,1.43538
2041,SWPP_SPRM_US-MO,1.26455
2041,SWPP_SPS_US-CO,1.327671
2041,SWPP_SPS_US-KS,1.327671
2041,SWPP_SPS_US-NM,1.327671
2041,SWPP_SPS_US-OK,1.327671
2041,SWPP_SPS_US-TX,1.327671
2041,SWPP_WAUE_US-IA,1.023734
2041,SWPP_WAUE_US-MN,1.023734
2041,SWPP_WAUE_US-MT,1.023734
2041,SWPP_WAUE_US-ND,1.023734
2041,SWPP_WAUE_US-NE,1.023734
2041,SWPP_WAUE_US-SD,1.023734
2041,SWPP_WAUE_US-WY,1.023734
2041,SWPP_WFEC_US-KS,1.099036
2041,SWPP_WFEC_US-OK,1.099036
2041,SWPP_WFEC_US-TX,1.099036
2041,SWPP_WR_US-KS,0.948779
2041,SWPP_WR_US-MO,0.948779
2041,TAL_0_US-FL,1.251981
2041,TEC_0_US-FL,1.233222
2041,TEPC_0_MX-SON,1.279205
2041,TEPC_0_US-AZ,1.279205
2041,TEPC_0_US-NM,1.279205
2041,TIDC_0_US-CA,1.036928
2041,TPWR_0_US-WA,1.419421
2041,TVA_0_US-AL,1.24087
2041,TVA_0_US-GA,1.24087
2041,TVA_0_US-KY,1.24087
2041,TVA_0_US-MS,1.24087
2041,TVA_0_US-NC,1.24087
2041,TVA_0_US-TN,1.24087
2041,TVA_0_US-VA,1.24087
2041,WACM_0_US-AZ,1.795907
2041,WACM_0_US-CO,1.795907
2041,WACM_0_US-MT,1.795907
2041,WACM_0_US-NE,1.795907
2041,WACM_0_US-NM,1.795907
2041,WACM_0_US-SD,1.795907
2041,WACM_0_US-UT,1.795907
2041,WACM_0_US-WY,1.795907
2041,WALC_0_US-AZ,1.534355
2041,WALC_0_US-CA,1.534355
2041,WALC_0_US-NV,1.534355
2041,WAUW_0_US-MT,1.81383
2041,WWA_0_US-MT,1
2041,YAD_0_US-NC,1
2042,AEC_0_US-AL,0
2042,AEC_0_US-FL,0
2042,AECI_0_US-AR,0
2042,AECI_0_US-IA,0
2042,AECI_0_US-MO,0
2042,AECI_0_US-OK,0
2042,AESO_CENT_CA-AB,0
2042,AESO_CGY_CA-AB,0
2042,AESO_EDM_CA-AB,0
2042,AESO_NE_CA-AB,0
2042,AESO_NW_CA-AB,0
2042,AESO_NW_CA-BC,0
2042,AESO_SOUT_CA-AB,0
2042,AVA_0_US-ID,1.283852
2042,AVA_0_US-MT,1.283852
2042,AVA_0_US-OR,1.283852
2042,AVA_0_US-WA,1.283852
2042,AVRN_0_US-OR,1
2042,AVRN_0_US-WA,1
2042,AZPS_0_US-AZ,1.451506
2042,AZPS_0_US-CA,1.451506
2042,AZPS_0_US-NM,1.451506
2042,AZPS_0_US-NV,1.451506
2042,BANC_0_US-CA,1.238472
2042,BCHA_0_CA-BC,0
2042,BPAT_0_CA-BC,1.375778
2042,BPAT_0_US-CA,1.375778
2042,BPAT_0_US-ID,1.375778
2042,BPAT_0_US-MT,1.375778
2042,BPAT_0_US-OR,1.375778
2042,BPAT_0_US-WA,1.375778
2042,CEN_0_MX-COA,0
2042,CEN_0_MX-NLE,0
2042,CENB_0_MX-BCN,0
2042,CENB_0_MX-SON,0
2042,CHPD_0_US-WA,1.389796
2042,CISO_PGAE_US-CA,1.891263
2042,CISO_PGAE_US-OR,1.891263
2042,CISO_SCE_US-AZ,1.577658
2042,CISO_SCE_US-CA,1.577658
2042,CISO_SCE_US-NV,1.577658
2042,CISO_SDGE_MX-BCN,1.699378
2042,CISO_SDGE_US-AZ,1.699378
2042,CISO_SDGE_US-CA,1.699378
2042,CISO_VEA_US-NV,1.205298
2042,CPLE_0_US-NC,1.287912
2042,CPLE_0_US-SC,1.287912
2042,CPLW_0_US-NC,0.929283
2042,DEAA_0_US-AZ,1
2042,DOPD_0_US-WA,1.398287
2042,DUK_0_US-NC,1.256721
2042,DUK_0_US-SC,1.256721
2042,DUK_0_US-VA,1.256721
2042,EPE_0_US-NM,1.355263
2042,EPE_0_US-TX,1.355263
2042,ERCO_COAS_US-TX,1.310355
2042,ERCO_EAST_US-TX,1.904792
2042,ERCO_FWES_US-TX,1.271746
2042,ERCO_NCEN_US-TX,1.316852
2042,ERCO_NRTH_US-OK,1.444658
2042,ERCO_NRTH_US-TX,1.444658
2042,ERCO_SCEN_US-TX,1.383597
2042,ERCO_SOUT_US-TX,1.333718
2042,ERCO_WEST_US-TX,2.176
2042,FMPP_0_US-FL,1.09437
2042,FPC_0_US-FL,1.047363
2042,FPL_0_US-FL,1.241215
2042,GCPD_0_US-WA,1.42661
2042,GLHB_0_US-IL,1
2042,GRID_0_US-NM,1
2042,GRID_0_US-OR,1
2042,GRID_0_US-WA,1
2042,GRIF_0_US-AZ,1
2042,GVL_0_US-FL,1.19292
2042,GWA_0_US-MT,1
2042,HGMA_0_US-AZ,1
2042,HQT_0_CA-NL,1
2042,HQT_0_CA-QC,1
2042,HST_0_US-FL,1.344828
2042,IESO_0_CA-ON,0
2042,IID_0_US-AZ,1.276258
2042,IID_0_US-CA,1.276258
2042,IPCO_0_US-ID,1.244898
2042,IPCO_0_US-NV,1.244898
2042,IPCO_0_US-OR,1.244898
2042,IPCO_0_US-UT,1.244898
2042,ISNE_4001_US-ME,1.385641
2042,ISNE_4002_US-ME,1.393582
2042,ISNE_4002_US-NH,1.393582
2042,ISNE_4002_US-VT,1.393582
2042,ISNE_4003_US-NH,1.742664
2042,ISNE_4003_US-NY,1.742664
2042,ISNE_4003_US-VT,1.742664
2042,ISNE_4004_US-CT,1.421336
2042,ISNE_4005_US-MA,1.4
2042,ISNE_4005_US-RI,1.4
2042,ISNE_4006_US-MA,1.553561
2042,ISNE_4006_US-RI,1.553561
2042,ISNE_4007_US-MA,1.547045
2042,ISNE_4007_US-NY,1.547045
2042,ISNE_4007_US-VT,1.547045
2042,ISNE_4008_US-MA,1.530651
2042,ISNE_4008_US-NH,1.530651
2042,JEA_0_US-FL,1.324555
2042,LDWP_0_US-AZ,1.228375
2042,LDWP_0_US-CA,1.228375
2042,LDWP_0_US-NV,1.228375
2042,LDWP_0_US-UT,1.228375
2042,LGEE_0_US-IN,1.127639
2042,LGEE_0_US-KY,1.127639
2042,LGEE_0_US-VA,1.127639
2042,MHEB_0_CA-MB,0
2042,MISO_01_US-IA,1.451759
2042,MISO_01_US-IL,1.451759
2042,MISO_01_US-MI,1.451759
2042,MISO_01_US-MN,1.451759
2042,MISO_01_US-MT,1.451759
2042,MISO_01_US-ND,1.451759
2042,MISO_01_US-SD,1.451759
2042,MISO_01_US-WI,1.451759
2042,MISO_02_US-IA,1.391592
2042,MISO_02_US-IL,1.391592
2042,MISO_02_US-MI,1.391592
2042,MISO_02_US-MN,1.391592
2042,MISO_02_US-WI,1.391592
2042,MISO_03_US-IA,1.453646
2042,MISO_03_US-IL,1.453646
2042,MISO_03_US-MN,1.453646
2042,MISO_03_US-MO,1.453646
2042,MISO_03_US-SD,1.453646
2042,MISO_04_US-IL,1.274379
2042,MISO_04_US-KY,1.274379
2042,MISO_04_US-MO,1.274379
2042,MISO_05_US-IA,1.229338
2042,MISO_05_US-IL,1.229338
2042,MISO_05_US-MO,1.229338
2042,MISO_06_US-IL,1.276039
2042,MISO_06_US-IN,1.276039
2042,MISO_06_US-KY,1.276039
2042,MISO_06_US-OH,1.276039
2042,MISO_07_US-MI,1.322919
2042,MISO_08_US-AR,1.212387
2042,MISO_08_US-MO,1.212387
2042,MISO_09_US-LA,1.2189
2042,MISO_09_US-TX,1.2189
2042,MISO_10_US-MS,1.257999
2042,MISO_10_US-TN,1.257999
2042,NBSO_0_CA-NB,5.543103
2042,NBSO_0_CA-PE,5.543103
2042,NBSO_0_US-ME,5.543103
2042,NEVP_0_US-CA,1.391365
2042,NEVP_0_US-NV,1.391365
2042,NEVP_0_US-OR,1.391365
2042,NSPI_0_CA-NS,5.543103
2042,NWMT_0_US-ID,1.391178
2042,NWMT_0_US-MT,1.391178
2042,NWMT_0_US-WY,1.391178
2042,NYIS_A_US-NY,1.315591
2042,NYIS_A_US-PA,1.315591
2042,NYIS_B_US-NY,1.3002
2042,NYIS_C_US-NY,1.300857
2042,NYIS_D_US-NY,1.278195
2042,NYIS_E_US-NY,1.293907
2042,NYIS_F_US-NY,1.288164
2042,NYIS_G_US-NJ,1.328496
2042,NYIS_G_US-NY,1.328496
2042,NYIS_G_US-PA,1.328496
2042,NYIS_H_US-NY,1.309489
2042,NYIS_I_US-NY,1.299435
2042,NYIS_J_US-NJ,1.238431
2042,NYIS_J_US-NY,1.238431
2042,NYIS_K_US-NY,1.238914
2042,PACE_0_US-AZ,1.390896
2042,PACE_0_US-CO,1.390896
2042,PACE_0_US-ID,1.390896
2042,PACE_0_US-MT,1.390896
2042,PACE_0_US-NV,1.390896
2042,PACE_0_US-UT,1.390896
2042,PACE_0_US-WY,1.390896
2042,PACW_0_US-CA,1.278186
2042,PACW_0_US-OR,1.278186
2042,PACW_0_US-WA,1.278186
2042,PGE_0_US-OR,1.351823
2042,PGE_0_US-WA,1.351823
2042,PJM_AE_US-NJ,1.485607
2042,PJM_AEP_US-IN,1.209936
2042,PJM_AEP_US-KY,1.209936
2042,PJM_AEP_US-MI,1.209936
2042,PJM_AEP_US-OH,1.209936
2042,PJM_AEP_US-TN,1.209936
2042,PJM_AEP_US-VA,1.209936
2042,PJM_AEP_US-WV,1.209936
2042,PJM_AP_US-MD,1.315217
2042,PJM_AP_US-OH,1.315217
2042,PJM_AP_US-PA,1.315217
2042,PJM_AP_US-VA,1.315217
2042,PJM_AP_US-WV,1.315217
2042,PJM_ATSI_US-OH,1.223653
2042,PJM_ATSI_US-PA,1.223653
2042,PJM_BC_US-MD,1.576941
2042,PJM_CE_US-IL,1.287021
2042,PJM_CE_US-IN,1.287021
2042,PJM_DAY_US-OH,1.195282
2042,PJM_DEOK_US-KY,1.235527
2042,PJM_DEOK_US-OH,1.235527
2042,PJM_DOM_US-NC,1.367638
2042,PJM_DOM_US-VA,1.367638
2042,PJM_DOM_US-WV,1.367638
2042,PJM_DPL_US-DE,1.623678
2042,PJM_DPL_US-MD,1.623678
2042,PJM_DPL_US-NJ,1.623678
2042,PJM_DPL_US-PA,1.623678
2042,PJM_DPL_US-VA,1.623678
2042,PJM_DUQ_US-PA,1.214882
2042,PJM_EKPC_US-KY,1.197683
2042,PJM_JC_US-NJ,1.435379
2042,PJM_JC_US-NY,1.435379
2042,PJM_ME_US-PA,1.193022
2042,PJM_PE_US-DE,1.187559
2042,PJM_PE_US-MD,1.187559
2042,PJM_PE_US-NJ,1.187559
2042,PJM_PE_US-PA,1.187559
2042,PJM_PEP_US-DC,0.793597
2042,PJM_PEP_US-MD,0.793597
2042,PJM_PEP_US-VA,0.793597
2042,PJM_PL_US-MD,1.17545
2042,PJM_PL_US-PA,1.17545
2042,PJM_PN_US-MD,1.139059
2042,PJM_PN_US-PA,1.139059
2042,PJM_PS_US-NJ,1.523847
2042,PJM_PS_US-PA,1.523847
2042,PJM_RECO_US-NJ,2.905405
2042,PNM_ACMA_US-NM,1
2042,PNM_CYGA_US-NM,1
2042,PNM_Frep_US-NM,1.154762
2042,PNM_Jica_US-NM,1.25
2042,PNM_KAFB_US-NM,1.112676
2042,PNM_KCEC_US-NM,1.111111
2042,PNM_LAC_US-NM,1.044944
2042,PNM_NTUA_US-NM,0
2042,PNM_PNM_US-NM,1.480124
2042,PNM_TSGT_US-AZ,0.695214
2042,PNM_TSGT_US-NM,0.695214
2042,PSCO_0_US-CO,1.56734
2042,PSCO_0_US-WY,1.56734
2042,PSEI_0_US-WA,1.612542
2042,SC_0_US-SC,1.233225
2042,SCEG_0_US-GA,1.170433
2042,SCEG_0_US-SC,1.170433
2042,SCL_0_US-WA,1.436537
2042,SEC_0_US-FL,1.047363
2042,SEPA_0_US-GA,1
2042,SEPA_0_US-SC,1
2042,SOCO_0_US-AL,1.228523
2042,SOCO_0_US-FL,1.228523
2042,SOCO_0_US-GA,1.228523
2042,SOCO_0_US-MS,1.228523
2042,SOCO_0_US-SC,1.228523
2042,SPA_0_US-AR,3.255556
2042,SPA_0_US-MO,3.255556
2042,SPA_0_US-OK,3.255556
2042,SPA_0_US-TX,3.255556
2042,SPC_0_CA-SK,0
2042,SRP_0_US-AZ,1.338897
2042,SWPP_CSWS_US-AR,1.243513
2042,SWPP_CSWS_US-LA,1.243513
2042,SWPP_CSWS_US-OK,1.243513
2042,SWPP_CSWS_US-TX,1.243513
2042,SWPP_EDE_US-AR,1.372453
2042,SWPP_EDE_US-KS,1.372453
2042,SWPP_EDE_US-MO,1.372453
2042,SWPP_EDE_US-OK,1.372453
2042,SWPP_GRDA_US-AR,0.833186
2042,SWPP_GRDA_US-KS,0.833186
2042,SWPP_GRDA_US-OK,0.833186
2042,SWPP_INDN_US-MO,1.294776
2042,SWPP_KACY_US-KS,1.243187
2042,SWPP_KCPL_US-KS,1.262714
2042,SWPP_KCPL_US-MO,1.262714
2042,SWPP_LES_US-NE,2.032852
2042,SWPP_MPS_US-MO,1.284073
2042,SWPP_NPPD_US-CO,1.398661
2042,SWPP_NPPD_US-NE,1.398661
2042,SWPP_NPPD_US-SD,1.398661
2042,SWPP_OKGE_US-AR,1.171302
2042,SWPP_OKGE_US-OK,1.171302
2042,SWPP_OKGE_US-TX,1.171302
2042,SWPP_OPPD_US-NE,2.033572
2042,SWPP_SECI_US-KS,1.450962
2042,SWPP_SPRM_US-MO,1.281746
2042,SWPP_SPS_US-CO,1.347945
2042,SWPP_SPS_US-KS,1.347945
2042,SWPP_SPS_US-NM,1.347945
2042,SWPP_SPS_US-OK,1.347945
2042,SWPP_SPS_US-TX,1.347945
2042,SWPP_WAUE_US-IA,1.045273
2042,SWPP_WAUE_US-MN,1.045273
2042,SWPP_WAUE_US-MT,1.045273
2042,SWPP_WAUE_US-ND,1.045273
2042,SWPP_WAUE_US-NE,1.045273
2042,SWPP_WAUE_US-SD,1.045273
2042,SWPP_WAUE_US-WY,1.045273
2042,SWPP_WFEC_US-KS,1.112955
2042,SWPP_WFEC_US-OK,1.112955
2042,SWPP_WFEC_US-TX,1.112955
2042,SWPP_WR_US-KS,0.958904
2042,SWPP_WR_US-MO,0.958904
2042,TAL_0_US-FL,1.266244
2042,TEC_0_US-FL,1.247715
2042,TEPC_0_MX-SON,1.29811
2042,TEPC_0_US-AZ,1.29811
2042,TEPC_0_US-NM,1.29811
2042,TIDC_0_US-CA,1.053176
2042,TPWR_0_US-WA,1.43905
2042,TVA_0_US-AL,1.255504
2042,TVA_0_US-GA,1.255504
2042,TVA_0_US-KY,1.255504
2042,TVA_0_US-MS,1.255504
2042,TVA_0_US-NC,1.255504
2042,TVA_0_US-TN,1.255504
2042,TVA_0_US-VA,1.255504
2042,WACM_0_US-AZ,1.829023
2042,WACM_0_US-CO,1.829023
2042,WACM_0_US-MT,1.829023
2042,WACM_0_US-NE,1.829023
2042,WACM_0_US-NM,1.829023
2042,WACM_0_US-SD,1.829023
2042,WACM_0_US-UT,1.829023
2042,WACM_0_US-WY,1.829023
2042,WALC_0_US-AZ,1.557588
2042,WALC_0_US-CA,1.557588
2042,WALC_0_US-NV,1.557588
2042,WAUW_0_US-MT,1.845745
2042,WWA_0_US-MT,1
2042,YAD_0_US-NC,1
2043,AEC_0_US-AL,0
2043,AEC_0_US-FL,0
2043,AECI_0_US-AR,0
2043,AECI_0_US-IA,0
2043,AECI_0_US-MO,0
2043,AECI_0_US-OK,0
2043,AESO_CENT_CA-AB,0
2043,AESO_CGY_CA-AB,0
2043,AESO_EDM_CA-AB,0
2043,AESO_NE_CA-AB,0
2043,AESO_NW_CA-AB,0
2043,AESO_NW_CA-BC,0
2043,AESO_SOUT_CA-AB,0
2043,AVA_0_US-ID,1.301514
2043,AVA_0_US-MT,1.301514
2043,AVA_0_US-OR,1.301514
2043,AVA_0_US-WA,1.301514
2043,AVRN_0_US-OR,1
2043,AVRN_0_US-WA,1
2043,AZPS_0_US-AZ,1.472725
2043,AZPS_0_US-CA,1.472725
2043,AZPS_0_US-NM,1.472725
2043,AZPS_0_US-NV,1.472725
2043,BANC_0_US-CA,1.25924
2043,BCHA_0_CA-BC,0
2043,BPAT_0_CA-BC,1.395535
2043,BPAT_0_US-CA,1.395535
2043,BPAT_0_US-ID,1.395535
2043,BPAT_0_US-MT,1.395535
2043,BPAT_0_US-OR,1.395535
2043,BPAT_0_US-WA,1.395535
2043,CEN_0_MX-COA,0
2043,CEN_0_MX-NLE,0
2043,CENB_0_MX-BCN,0
2043,CENB_0_MX-SON,0
2043,CHPD_0_US-WA,1.408163
2043,CISO_PGAE_US-CA,1.923038
2043,CISO_PGAE_US-OR,1.923038
2043,CISO_SCE_US-AZ,1.604211
2043,CISO_SCE_US-CA,1.604211
2043,CISO_SCE_US-NV,1.604211
2043,CISO_SDGE_MX-BCN,1.728035
2043,CISO_SDGE_US-AZ,1.728035
2043,CISO_SDGE_US-CA,1.728035
2043,CISO_VEA_US-NV,1.218543
2043,CPLE_0_US-NC,1.30428
2043,CPLE_0_US-SC,1.30428
2043,CPLW_0_US-NC,0.941235
2043,DEAA_0_US-AZ,1
2043,DOPD_0_US-WA,1.417559
2043,DUK_0_US-NC,1.272378
2043,DUK_0_US-SC,1.272378
2043,DUK_0_US-VA,1.272378
2043,EPE_0_US-NM,1.376218
2043,EPE_0_US-TX,1.376218
2043,ERCO_COAS_US-TX,1.329803
2043,ERCO_EAST_US-TX,1.933125
2043,ERCO_FWES_US-TX,1.290794
2043,ERCO_NCEN_US-TX,1.336374
2043,ERCO_NRTH_US-OK,1.466314
2043,ERCO_NRTH_US-TX,1.466314
2043,ERCO_SCEN_US-TX,1.404063
2043,ERCO_SOUT_US-TX,1.353494
2043,ERCO_WEST_US-TX,2.20825
2043,FMPP_0_US-FL,1.107153
2043,FPC_0_US-FL,1.059659
2043,FPL_0_US-FL,1.255728
2043,GCPD_0_US-WA,1.446674
2043,GLHB_0_US-IL,1
2043,GRID_0_US-NM,1
2043,GRID_0_US-OR,1
2043,GRID_0_US-WA,1
2043,GRIF_0_US-AZ,1
2043,GVL_0_US-FL,1.20708
2043,GWA_0_US-MT,1
2043,HGMA_0_US-AZ,1
2043,HQT_0_CA-NL,1
2043,HQT_0_CA-QC,1
2043,HST_0_US-FL,1.353448
2043,IESO_0_CA-ON,0
2043,IID_0_US-AZ,1.29744
2043,IID_0_US-CA,1.29744
2043,IPCO_0_US-ID,1.261864
2043,IPCO_0_US-NV,1.261864
2043,IPCO_0_US-OR,1.261864
2043,IPCO_0_US-UT,1.261864
2043,ISNE_4001_US-ME,1.407137
2043,ISNE_4002_US-ME,1.412673
2043,ISNE_4002_US-NH,1.412673
2043,ISNE_4002_US-VT,1.412673
2043,ISNE_4003_US-NH,1.77088
2043,ISNE_4003_US-NY,1.77088
2043,ISNE_4003_US-VT,1.77088
2043,ISNE_4004_US-CT,1.437038
2043,ISNE_4005_US-MA,1.417984
2043,ISNE_4005_US-RI,1.417984
2043,ISNE_4006_US-MA,1.577591
2043,ISNE_4006_US-RI,1.577591
2043,ISNE_4007_US-MA,1.57117
2043,ISNE_4007_US-NY,1.57117
2043,ISNE_4007_US-VT,1.57117
2043,ISNE_4008_US-MA,1.554406
2043,ISNE_4008_US-NH,1.554406
2043,JEA_0_US-FL,1.340046
2043,LDWP_0_US-AZ,1.249005
2043,LDWP_0_US-CA,1.249005
2043,LDWP_0_US-NV,1.249005
2043,LDWP_0_US-UT,1.249005
2043,LGEE_0_US-IN,1.139941
2043,LGEE_0_US-KY,1.139941
2043,LGEE_0_US-VA,1.139941
2043,MHEB_0_CA-MB,0
2043,MISO_01_US-IA,1.477455
2043,MISO_01_US-IL,1.477455
2043,MISO_01_US-MI,1.477455
2043,MISO_01_US-MN,1.477455
2043,MISO_01_US-MT,1.477455
2043,MISO_01_US-ND,1.477455
2043,MISO_01_US-SD,1.477455
2043,MISO_01_US-WI,1.477455
2043,MISO_02_US-IA,1.408082
2043,MISO_02_US-IL,1.408082
2043,MISO_02_US-MI,1.408082
2043,MISO_02_US-MN,1.408082
2043,MISO_02_US-WI,1.408082
2043,MISO_03_US-IA,1.481107
2043,MISO_03_US-IL,1.481107
2043,MISO_03_US-MN,1.481107
2043,MISO_03_US-MO,1.481107
2043,MISO_03_US-SD,1.481107
2043,MISO_04_US-IL,1.287472
2043,MISO_04_US-KY,1.287472
2043,MISO_04_US-MO,1.287472
2043,MISO_05_US-IA,1.245204
2043,MISO_05_US-IL,1.245204
2043,MISO_05_US-MO,1.245204
2043,MISO_06_US-IL,1.289223
2043,MISO_06_US-IN,1.289223
2043,MISO_06_US-KY,1.289223
2043,MISO_06_US-OH,1.289223
2043,MISO_07_US-MI,1.336973
2043,MISO_08_US-AR,1.226264
2043,MISO_08_US-MO,1.226264
2043,MISO_09_US-LA,1.231714
2043,MISO_09_US-TX,1.231714
2043,MISO_10_US-MS,1.272727
2043,MISO_10_US-TN,1.272727
2043,NBSO_0_CA-NB,5.62931
2043,NBSO_0_CA-PE,5.62931
2043,NBSO_0_US-ME,5.62931
2043,NEVP_0_US-CA,1.409854
2043,NEVP_0_US-NV,1.409854
2043,NEVP_0_US-OR,1.409854
2043,NSPI_0_CA-NS,5.62931
2043,NWMT_0_US-ID,1.413781
2043,NWMT_0_US-MT,1.413781
2043,NWMT_0_US-WY,1.413781
2043,NYIS_A_US-NY,1.332578
2043,NYIS_A_US-PA,1.332578
2043,NYIS_B_US-NY,1.316683
2043,NYIS_C_US-NY,1.31763
2043,NYIS_D_US-NY,1.294486
2043,NYIS_E_US-NY,1.310394
2043,NYIS_F_US-NY,1.304893
2043,NYIS_G_US-NJ,1.345207
2043,NYIS_G_US-NY,1.345207
2043,NYIS_G_US-PA,1.345207
2043,NYIS_H_US-NY,1.325547
2043,NYIS_I_US-NY,1.315678
2043,NYIS_J_US-NJ,1.254468
2043,NYIS_J_US-NY,1.254468
2043,NYIS_K_US-NY,1.254933
2043,PACE_0_US-AZ,1.413497
2043,PACE_0_US-CO,1.413497
2043,PACE_0_US-ID,1.413497
2043,PACE_0_US-MT,1.413497
2043,PACE_0_US-NV,1.413497
2043,PACE_0_US-UT,1.413497
2043,PACE_0_US-WY,1.413497
2043,PACW_0_US-CA,1.297099
2043,PACW_0_US-OR,1.297099
2043,PACW_0_US-WA,1.297099
2043,PGE_0_US-OR,1.371729
2043,PGE_0_US-WA,1.371729
2043,PJM_AE_US-NJ,1.509159
2043,PJM_AEP_US-IN,1.222787
2043,PJM_AEP_US-KY,1.222787
2043,PJM_AEP_US-MI,1.222787
2043,PJM_AEP_US-OH,1.222787
2043,PJM_AEP_US-TN,1.222787
2043,PJM_AEP_US-VA,1.222787
2043,PJM_AEP_US-WV,1.222787
2043,PJM_AP_US-MD,1.329193
2043,PJM_AP_US-OH,1.329193
2043,PJM_AP_US-PA,1.329193
2043,PJM_AP_US-VA,1.329193
2043,PJM_AP_US-WV,1.329193
2043,PJM_ATSI_US-OH,1.235424
2043,PJM_ATSI_US-PA,1.235424
2043,PJM_BC_US-MD,1.599271
2043,PJM_CE_US-IL,1.300321
2043,PJM_CE_US-IN,1.300321
2043,PJM_DAY_US-OH,1.206927
2043,PJM_DEOK_US-KY,1.247596
2043,PJM_DEOK_US-OH,1.247596
2043,PJM_DOM_US-NC,1.388621
2043,PJM_DOM_US-VA,1.388621
2043,PJM_DOM_US-WV,1.388621
2043,PJM_DPL_US-DE,1.645592
2043,PJM_DPL_US-MD,1.645592
2043,PJM_DPL_US-NJ,1.645592
2043,PJM_DPL_US-PA,1.645592
2043,PJM_DPL_US-VA,1.645592
2043,PJM_DUQ_US-PA,1.226134
2043,PJM_EKPC_US-KY,1.210674
2043,PJM_JC_US-NJ,1.457898
2043,PJM_JC_US-NY,1.457898
2043,PJM_ME_US-PA,1.204108
2043,PJM_PE_US-DE,1.198599
2043,PJM_PE_US-MD,1.198599
2043,PJM_PE_US-NJ,1.198599
2043,PJM_PE_US-PA,1.198599
2043,PJM_PEP_US-DC,0.804886
2043,PJM_PEP_US-MD,0.804886
2043,PJM_PEP_US-VA,0.804886
2043,PJM_PL_US-MD,1.186277
2043,PJM_PL_US-PA,1.186277
2043,PJM_PN_US-MD,1.149625
2043,PJM_PN_US-PA,1.149625
2043,PJM_PS_US-NJ,1.547794
2043,PJM_PS_US-PA,1.547794
2043,PJM_RECO_US-NJ,2.945946
2043,PNM_ACMA_US-NM,1
2043,PNM_CYGA_US-NM,1
2043,PNM_Frep_US-NM,1.178571
2043,PNM_Jica_US-NM,1.25
2043,PNM_KAFB_US-NM,1.126761
2043,PNM_KCEC_US-NM,1.126984
2043,PNM_LAC_US-NM,1.05618
2043,PNM_NTUA_US-NM,0
2043,PNM_PNM_US-NM,1.504438
2043,PNM_TSGT_US-AZ,0.70529
2043,PNM_TSGT_US-NM,0.70529
2043,PSCO_0_US-CO,1.592916
2043,PSCO_0_US-WY,1.592916
2043,PSEI_0_US-WA,1.635111
2043,SC_0_US-SC,1.247249
2043,SCEG_0_US-GA,1.183774
2043,SCEG_0_US-SC,1.183774
2043,SCL_0_US-WA,1.456718
2043,SEC_0_US-FL,1.059659
2043,SEPA_0_US-GA,1
2043,SEPA_0_US-SC,1
2043,SOCO_0_US-AL,1.244098
2043,SOCO_0_US-FL,1.244098
2043,SOCO_0_US-GA,1.244098
2043,SOCO_0_US-MS,1.244098
2043,SOCO_0_US-SC,1.244098
2043,SPA_0_US-AR,3.294444
2043,SPA_0_US-MO,3.294444
2043,SPA_0_US-OK,3.294444
2043,SPA_0_US-TX,3.294444
2043,SPC_0_CA-SK,0
2043,SRP_0_US-AZ,1.358587
2043,SWPP_CSWS_US-AR,1.258956
2043,SWPP_CSWS_US-LA,1.258956
2043,SWPP_CSWS_US-OK,1.258956
2043,SWPP_CSWS_US-TX,1.258956
2043,SWPP_EDE_US-AR,1.389568
2043,SWPP_EDE_US-KS,1.389568
2043,SWPP_EDE_US-MO,1.389568
2043,SWPP_EDE_US-OK,1.389568
2043,SWPP_GRDA_US-AR,0.843778
2043,SWPP_GRDA_US-KS,0.843778
2043,SWPP_GRDA_US-OK,0.843778
2043,SWPP_INDN_US-MO,1.309701
2043,SWPP_KACY_US-KS,1.255765
2043,SWPP_KCPL_US-KS,1.277887
2043,SWPP_KCPL_US-MO,1.277887
2043,SWPP_LES_US-NE,2.103811
2043,SWPP_MPS_US-MO,1.300783
2043,SWPP_NPPD_US-CO,1.44739
2043,SWPP_NPPD_US-NE,1.44739
2043,SWPP_NPPD_US-SD,1.44739
2043,SWPP_OKGE_US-AR,1.185947
2043,SWPP_OKGE_US-OK,1.185947
2043,SWPP_OKGE_US-TX,1.185947
2043,SWPP_OPPD_US-NE,2.104489
2043,SWPP_SECI_US-KS,1.466544
2043,SWPP_SPRM_US-MO,1.297619
2043,SWPP_SPS_US-CO,1.368584
2043,SWPP_SPS_US-KS,1.368584
2043,SWPP_SPS_US-NM,1.368584
2043,SWPP_SPS_US-OK,1.368584
2043,SWPP_SPS_US-TX,1.368584
2043,SWPP_WAUE_US-IA,1.067212
2043,SWPP_WAUE_US-MN,1.067212
2043,SWPP_WAUE_US-MT,1.067212
2043,SWPP_WAUE_US-ND,1.067212
2043,SWPP_WAUE_US-NE,1.067212
2043,SWPP_WAUE_US-SD,1.067212
2043,SWPP_WAUE_US-WY,1.067212
2043,SWPP_WFEC_US-KS,1.126874
2043,SWPP_WFEC_US-OK,1.126874
2043,SWPP_WFEC_US-TX,1.126874
2043,SWPP_WR_US-KS,0.969178
2043,SWPP_WR_US-MO,0.969178
2043,TAL_0_US-FL,1.282092
2043,TEC_0_US-FL,1.26243
2043,TEPC_0_MX-SON,1.317014
2043,TEPC_0_US-AZ,1.317014
2043,TEPC_0_US-NM,1.317014
2043,TIDC_0_US-CA,1.070901
2043,TPWR_0_US-WA,1.459711
2043,TVA_0_US-AL,1.270303
2043,TVA_0_US-GA,1.270303
2043,TVA_0_US-KY,1.270303
2043,TVA_0_US-MS,1.270303
2043,TVA_0_US-NC,1.270303
2043,TVA_0_US-TN,1.270303
2043,TVA_0_US-VA,1.270303
2043,WACM_0_US-AZ,1.862698
2043,WACM_0_US-CO,1.862698
2043,WACM_0_US-MT,1.862698
2043,WACM_0_US-NE,1.862698
2043,WACM_0_US-NM,1.862698
2043,WACM_0_US-SD,1.862698
2043,WACM_0_US-UT,1.862698
2043,WACM_0_US-WY,1.862698
2043,WALC_0_US-AZ,1.581315
2043,WALC_0_US-CA,1.581315
2043,WALC_0_US-NV,1.581315
2043,WAUW_0_US-MT,1.87234
2043,WWA_0_US-MT,1
2043,YAD_0_US-NC,1
2044,AEC_0_US-AL,0
2044,AEC_0_US-FL,0
2044,AECI_0_US-AR,0
2044,AECI_0_US-IA,0
2044,AECI_0_US-MO,0
2044,AECI_0_US-OK,0
2044,AESO_CENT_CA-AB,0
2044,AESO_CGY_CA-AB,0
2044,AESO_EDM_CA-AB,0
2044,AESO_NE_CA-AB,0
2044,AESO_NW_CA-AB,0
2044,AESO_NW_CA-BC,0
2044,AESO_SOUT_CA-AB,0
2044,AVA_0_US-ID,1.319596
2044,AVA_0_US-MT,1.319596
2044,AVA_0_US-OR,1.319596
2044,AVA_0_US-WA,1.319596
2044,AVRN_0_US-OR,1
2044,AVRN_0_US-WA,1
2044,AZPS_0_US-AZ,1.494374
2044,AZPS_0_US-CA,1.494374
2044,AZPS_0_US-NM,1.494374
2044,AZPS_0_US-NV,1.494374
2044,BANC_0_US-CA,1.280359
2044,BCHA_0_CA-BC,0
2044,BPAT_0_CA-BC,1.415489
2044,BPAT_0_US-CA,1.415489
2044,BPAT_0_US-ID,1.415489
2044,BPAT_0_US-MT,1.415489
2044,BPAT_0_US-OR,1.415489
2044,BPAT_0_US-WA,1.415489
2044,CEN_0_MX-COA,0
2044,CEN_0_MX-NLE,0
2044,CENB_0_MX-BCN,0
2044,CENB_0_MX-SON,0
2044,CHPD_0_US-WA,1.428571
2044,CISO_PGAE_US-CA,1.955364
2044,CISO_PGAE_US-OR,1.955364
2044,CISO_SCE_US-AZ,1.631138
2044,CISO_SCE_US-CA,1.631138
2044,CISO_SCE_US-NV,1.631138
2044,CISO_SDGE_MX-BCN,1.757232
2044,CISO_SDGE_US-AZ,1.757232
2044,CISO_SDGE_US-CA,1.757232
2044,CISO_VEA_US-NV,1.238411
2044,CPLE_0_US-NC,1.320894
2044,CPLE_0_US-SC,1.320894
2044,CPLW_0_US-NC,0.953187
2044,DEAA_0_US-AZ,1
2044,DOPD_0_US-WA,1.438972
2044,DUK_0_US-NC,1.288232
2044,DUK_0_US-SC,1.288232
2044,DUK_0_US-VA,1.288232
2044,EPE_0_US-NM,1.397173
2044,EPE_0_US-TX,1.397173
2044,ERCO_COAS_US-TX,1.34954
2044,ERCO_EAST_US-TX,1.961667
2044,ERCO_FWES_US-TX,1.309841
2044,ERCO_NCEN_US-TX,1.356206
2044,ERCO_NRTH_US-OK,1.487969
2044,ERCO_NRTH_US-TX,1.487969
2044,ERCO_SCEN_US-TX,1.424906
2044,ERCO_SOUT_US-TX,1.373434
2044,ERCO_WEST_US-TX,2.241
2044,FMPP_0_US-FL,1.120207
2044,FPC_0_US-FL,1.072041
2044,FPL_0_US-FL,1.270434
2044,GCPD_0_US-WA,1.466737
2044,GLHB_0_US-IL,1
2044,GRID_0_US-NM,1
2044,GRID_0_US-OR,1
2044,GRID_0_US-WA,1
2044,GRIF_0_US-AZ,1
2044,GVL_0_US-FL,1.221239
2044,GWA_0_US-MT,1
2044,HGMA_0_US-AZ,1
2044,HQT_0_CA-NL,1
2044,HQT_0_CA-QC,1
2044,HST_0_US-FL,1.37069
2044,IESO_0_CA-ON,0
2044,IID_0_US-AZ,1.319506
2044,IID_0_US-CA,1.319506
2044,IPCO_0_US-ID,1.279321
2044,IPCO_0_US-NV,1.279321
2044,IPCO_0_US-OR,1.279321
2044,IPCO_0_US-UT,1.279321
2044,ISNE_4001_US-ME,1.429063
2044,ISNE_4002_US-ME,1.432575
2044,ISNE_4002_US-NH,1.432575
2044,ISNE_4002_US-VT,1.432575
2044,ISNE_4003_US-NH,1.800226
2044,ISNE_4003_US-NY,1.800226
2044,ISNE_4003_US-VT,1.800226
2044,ISNE_4004_US-CT,1.45274
2044,ISNE_4005_US-MA,1.435967
2044,ISNE_4005_US-RI,1.435967
2044,ISNE_4006_US-MA,1.601911
2044,ISNE_4006_US-RI,1.601911
2044,ISNE_4007_US-MA,1.595296
2044,ISNE_4007_US-NY,1.595296
2044,ISNE_4007_US-VT,1.595296
2044,ISNE_4008_US-MA,1.578352
2044,ISNE_4008_US-NH,1.578352
2044,JEA_0_US-FL,1.355538
2044,LDWP_0_US-AZ,1.269996
2044,LDWP_0_US-CA,1.269996
2044,LDWP_0_US-NV,1.269996
2044,LDWP_0_US-UT,1.269996
2044,LGEE_0_US-IN,1.152244
2044,LGEE_0_US-KY,1.152244
2044,LGEE_0_US-VA,1.152244
2044,MHEB_0_CA-MB,0
2044,MISO_01_US-IA,1.503518
2044,MISO_01_US-IL,1.503518
2044,MISO_01_US-MI,1.503518
2044,MISO_01_US-MN,1.503518
2044,MISO_01_US-MT,1.503518
2044,MISO_01_US-ND,1.503518
2044,MISO_01_US-SD,1.503518
2044,MISO_01_US-WI,1.503518
2044,MISO_02_US-IA,1.424735
2044,MISO_02_US-IL,1.424735
2044,MISO_02_US-MI,1.424735
2044,MISO_02_US-MN,1.424735
2044,MISO_02_US-WI,1.424735
2044,MISO_03_US-IA,1.509207
2044,MISO_03_US-IL,1.509207
2044,MISO_03_US-MN,1.509207
2044,MISO_03_US-MO,1.509207
2044,MISO_03_US-SD,1.509207
2044,MISO_04_US-IL,1.30079
2044,MISO_04_US-KY,1.30079
2044,MISO_04_US-MO,1.30079
2044,MISO_05_US-IA,1.261214
2044,MISO_05_US-IL,1.261214
2044,MISO_05_US-MO,1.261214
2044,MISO_06_US-IL,1.302529
2044,MISO_06_US-IN,1.302529
2044,MISO_06_US-KY,1.302529
2044,MISO_06_US-OH,1.302529
2044,MISO_07_US-MI,1.351189
2044,MISO_08_US-AR,1.240286
2044,MISO_08_US-MO,1.240286
2044,MISO_09_US-LA,1.244625
2044,MISO_09_US-TX,1.244625
2044,MISO_10_US-MS,1.287709
2044,MISO_10_US-TN,1.287709
2044,NBSO_0_CA-NB,5.71798
2044,NBSO_0_CA-PE,5.71798
2044,NBSO_0_US-ME,5.71798
2044,NEVP_0_US-CA,1.428556
2044,NEVP_0_US-NV,1.428556
2044,NEVP_0_US-OR,1.428556
2044,NSPI_0_CA-NS,5.71798
2044,NWMT_0_US-ID,1.437113
2044,NWMT_0_US-MT,1.437113
2044,NWMT_0_US-WY,1.437113
2044,NYIS_A_US-NY,1.349943
2044,NYIS_A_US-PA,1.349943
2044,NYIS_B_US-NY,1.333666
2044,NYIS_C_US-NY,1.334761
2044,NYIS_D_US-NY,1.310777
2044,NYIS_E_US-NY,1.327599
2044,NYIS_F_US-NY,1.321623
2044,NYIS_G_US-NJ,1.362797
2044,NYIS_G_US-NY,1.362797
2044,NYIS_G_US-PA,1.362797
2044,NYIS_H_US-NY,1.343066
2044,NYIS_I_US-NY,1.333333
2044,NYIS_J_US-NJ,1.270602
2044,NYIS_J_US-NY,1.270602
2044,NYIS_K_US-NY,1.271147
2044,PACE_0_US-AZ,1.436495
2044,PACE_0_US-CO,1.436495
2044,PACE_0_US-ID,1.436495
2044,PACE_0_US-MT,1.436495
2044,PACE_0_US-NV,1.436495
2044,PACE_0_US-UT,1.436495
2044,PACE_0_US-WY,1.436495
2044,PACW_0_US-CA,1.316195
2044,PACW_0_US-OR,1.316195
2044,PACW_0_US-WA,1.316195
2044,PGE_0_US-OR,1.392082
2044,PGE_0_US-WA,1.392082
2044,PJM_AE_US-NJ,1.53271
2044,PJM_AEP_US-IN,1.23573
2044,PJM_AEP_US-KY,1.23573
2044,PJM_AEP_US-MI,1.23573
2044,PJM_AEP_US-OH,1.23573
2044,PJM_AEP_US-TN,1.23573
2044,PJM_AEP_US-VA,1.23573
2044,PJM_AEP_US-WV,1.23573
2044,PJM_AP_US-MD,1.34339
2044,PJM_AP_US-OH,1.34339
2044,PJM_AP_US-PA,1.34339
2044,PJM_AP_US-VA,1.34339
2044,PJM_AP_US-WV,1.34339
2044,PJM_ATSI_US-OH,1.247353
2044,PJM_ATSI_US-PA,1.247353
2044,PJM_BC_US-MD,1.621905
2044,PJM_CE_US-IL,1.313762
2044,PJM_CE_US-IN,1.313762
2044,PJM_DAY_US-OH,1.218573
2044,PJM_DEOK_US-KY,1.259853
2044,PJM_DEOK_US-OH,1.259853
2044,PJM_DOM_US-NC,1.409896
2044,PJM_DOM_US-VA,1.409896
2044,PJM_DOM_US-WV,1.409896
2044,PJM_DPL_US-DE,1.667506
2044,PJM_DPL_US-MD,1.667506
2044,PJM_DPL_US-NJ,1.667506
2044,PJM_DPL_US-PA,1.667506
2044,PJM_DPL_US-VA,1.667506
2044,PJM_DUQ_US-PA,1.237387
2044,PJM_EKPC_US-KY,1.223666
2044,PJM_JC_US-NJ,1.480744
2044,PJM_JC_US-NY,1.480744
2044,PJM_ME_US-PA,1.215194
2044,PJM_PE_US-DE,1.209758
2044,PJM_PE_US-MD,1.209758
2044,PJM_PE_US-NJ,1.209758
2044,PJM_PE_US-PA,1.209758
2044,PJM_PEP_US-DC,0.816344
2044,PJM_PEP_US-MD,0.816344
2044,PJM_PEP_US-VA,0.816344
2044,PJM_PL_US-MD,1.197365
2044,PJM_PL_US-PA,1.197365
2044,PJM_PN_US-MD,1.160191
2044,PJM_PN_US-PA,1.160191
2044,PJM_PS_US-NJ,1.572039
2044,PJM_PS_US-PA,1.572039
2044,PJM_RECO_US-NJ,2.993243
2044,PNM_ACMA_US-NM,1
2044,PNM_CYGA_US-NM,1
2044,PNM_Frep_US-NM,1.190476
2044,PNM_Jica_US-NM,1.25
2044,PNM_KAFB_US-NM,1.15493
2044,PNM_KCEC_US-NM,1.142857
2044,PNM_LAC_US-NM,1.078652
2044,PNM_NTUA_US-NM,0
2044,PNM_PNM_US-NM,1.528753
2044,PNM_TSGT_US-AZ,0.715365
2044,PNM_TSGT_US-NM,0.715365
2044,PSCO_0_US-CO,1.618898
2044,PSCO_0_US-WY,1.618898
2044,PSEI_0_US-WA,1.658079
2044,SC_0_US-SC,1.261489
2044,SCEG_0_US-GA,1.197116
2044,SCEG_0_US-SC,1.197116
2044,SCL_0_US-WA,1.47743
2044,SEC_0_US-FL,1.072041
2044,SEPA_0_US-GA,1
2044,SEPA_0_US-SC,1
2044,SOCO_0_US-AL,1.259851
2044,SOCO_0_US-FL,1.259851
2044,SOCO_0_US-GA,1.259851
2044,SOCO_0_US-MS,1.259851
2044,SOCO_0_US-SC,1.259851
2044,SPA_0_US-AR,3.338889
2044,SPA_0_US-MO,3.338889
2044,SPA_0_US-OK,3.338889
2044,SPA_0_US-TX,3.338889
2044,SPC_0_CA-SK,0
2044,SRP_0_US-AZ,1.378537
2044,SWPP_CSWS_US-AR,1.274504
2044,SWPP_CSWS_US-LA,1.274504
2044,SWPP_CSWS_US-OK,1.274504
2044,SWPP_CSWS_US-TX,1.274504
2044,SWPP_EDE_US-AR,1.407498
2044,SWPP_EDE_US-KS,1.407498
2044,SWPP_EDE_US-MO,1.407498
2044,SWPP_EDE_US-OK,1.407498
2044,SWPP_GRDA_US-AR,0.854369
2044,SWPP_GRDA_US-KS,0.854369
2044,SWPP_GRDA_US-OK,0.854369
2044,SWPP_INDN_US-MO,1.324627
2044,SWPP_KACY_US-KS,1.27044
2044,SWPP_KCPL_US-KS,1.29306
2044,SWPP_KCPL_US-MO,1.29306
2044,SWPP_LES_US-NE,2.177398
2044,SWPP_MPS_US-MO,1.317493
2044,SWPP_NPPD_US-CO,1.497992
2044,SWPP_NPPD_US-NE,1.497992
2044,SWPP_NPPD_US-SD,1.497992
2044,SWPP_OKGE_US-AR,1.200592
2044,SWPP_OKGE_US-OK,1.200592
2044,SWPP_OKGE_US-TX,1.200592
2044,SWPP_OPPD_US-NE,2.177669
2044,SWPP_SECI_US-KS,1.482126
2044,SWPP_SPRM_US-MO,1.314815
2044,SWPP_SPS_US-CO,1.389589
2044,SWPP_SPS_US-KS,1.389589
2044,SWPP_SPS_US-NM,1.389589
2044,SWPP_SPS_US-OK,1.389589
2044,SWPP_SPS_US-TX,1.389589
2044,SWPP_WAUE_US-IA,1.089549
2044,SWPP_WAUE_US-MN,1.089549
2044,SWPP_WAUE_US-MT,1.089549
2044,SWPP_WAUE_US-ND,1.089549
2044,SWPP_WAUE_US-NE,1.089549
2044,SWPP_WAUE_US-SD,1.089549
2044,SWPP_WAUE_US-WY,1.089549
2044,SWPP_WFEC_US-KS,1.140792
2044,SWPP_WFEC_US-OK,1.140792
2044,SWPP_WFEC_US-TX,1.140792
2044,SWPP_WR_US-KS,0.979452
2044,SWPP_WR_US-MO,0.979452
2044,TAL_0_US-FL,1.296355
2044,TEC_0_US-FL,1.277146
2044,TEPC_0_MX-SON,1.336403
2044,TEPC_0_US-AZ,1.336403
2044,TEPC_0_US-NM,1.336403
2044,TIDC_0_US-CA,1.090103
2044,TPWR_0_US-WA,1.480372
2044,TVA_0_US-AL,1.2853
2044,TVA_0_US-GA,1.2853
2044,TVA_0_US-KY,1.2853
2044,TVA_0_US-MS,1.2853
2044,TVA_0_US-NC,1.2853
2044,TVA_0_US-TN,1.2853
2044,TVA_0_US-VA,1.2853
2044,WACM_0_US-AZ,1.89693
2044,WACM_0_US-CO,1.89693
2044,WACM_0_US-MT,1.89693
2044,WACM_0_US-NE,1.89693
2044,WACM_0_US-NM,1.89693
2044,WACM_0_US-SD,1.89693
2044,WACM_0_US-UT,1.89693
2044,WACM_0_US-WY,1.89693
2044,WALC_0_US-AZ,1.605536
2044,WALC_0_US-CA,1.605536
2044,WALC_0_US-NV,1.605536
2044,WAUW_0_US-MT,1.898936
2044,WWA_0_US-MT,1
2044,YAD_0_US-NC,1
2045,AEC_0_US-AL,0
2045,AEC_0_US-FL,0
2045,AECI_0_US-AR,0
2045,AECI_0_US-IA,0
2045,AECI_0_US-MO,0
2045,AECI_0_US-OK,0
2045,AESO_CENT_CA-AB,0
2045,AESO_CGY_CA-AB,0
2045,AESO_EDM_CA-AB,0
2045,AESO_NE_CA-AB,0
2045,AESO_NW_CA-AB,0
2045,AESO_NW_CA-BC,0
2045,AESO_SOUT_CA-AB,0
2045,AVA_0_US-ID,1.338099
2045,AVA_0_US-MT,1.338099
2045,AVA_0_US-OR,1.338099
2045,AVA_0_US-WA,1.338099
2045,AVRN_0_US-OR,1
2045,AVRN_0_US-WA,1
2045,AZPS_0_US-AZ,1.516236
2045,AZPS_0_US-CA,1.516236
2045,AZPS_0_US-NM,1.516236
2045,AZPS_0_US-NV,1.516236
2045,BANC_0_US-CA,1.30183
2045,BCHA_0_CA-BC,0
2045,BPAT_0_CA-BC,1.43574
2045,BPAT_0_US-CA,1.43574
2045,BPAT_0_US-ID,1.43574
2045,BPAT_0_US-MT,1.43574
2045,BPAT_0_US-OR,1.43574
2045,BPAT_0_US-WA,1.43574
2045,CEN_0_MX-COA,0
2045,CEN_0_MX-NLE,0
2045,CENB_0_MX-BCN,0
2045,CENB_0_MX-SON,0
2045,CHPD_0_US-WA,1.44898
2045,CISO_PGAE_US-CA,1.988241
2045,CISO_PGAE_US-OR,1.988241
2045,CISO_SCE_US-AZ,1.658576
2045,CISO_SCE_US-CA,1.658576
2045,CISO_SCE_US-NV,1.658576
2045,CISO_SDGE_MX-BCN,1.786699
2045,CISO_SDGE_US-AZ,1.786699
2045,CISO_SDGE_US-CA,1.786699
2045,CISO_VEA_US-NV,1.251656
2045,CPLE_0_US-NC,1.337671
2045,CPLE_0_US-SC,1.337671
2045,CPLW_0_US-NC,0.965139
2045,DEAA_0_US-AZ,1
2045,DOPD_0_US-WA,1.458244
2045,DUK_0_US-NC,1.304284
2045,DUK_0_US-SC,1.304284
2045,DUK_0_US-VA,1.304284
2045,EPE_0_US-NM,1.418129
2045,EPE_0_US-TX,1.418129
2045,ERCO_COAS_US-TX,1.369566
2045,ERCO_EAST_US-TX,1.990833
2045,ERCO_FWES_US-TX,1.329312
2045,ERCO_NCEN_US-TX,1.376349
2045,ERCO_NRTH_US-OK,1.510106
2045,ERCO_NRTH_US-TX,1.510106
2045,ERCO_SCEN_US-TX,1.44605
2045,ERCO_SOUT_US-TX,1.393869
2045,ERCO_WEST_US-TX,2.27425
2045,FMPP_0_US-FL,1.133261
2045,FPC_0_US-FL,1.084596
2045,FPL_0_US-FL,1.285301
2045,GCPD_0_US-WA,1.487856
2045,GLHB_0_US-IL,1
2045,GRID_0_US-NM,1
2045,GRID_0_US-OR,1
2045,GRID_0_US-WA,1
2045,GRIF_0_US-AZ,1
2045,GVL_0_US-FL,1.235398
2045,GWA_0_US-MT,1
2045,HGMA_0_US-AZ,1
2045,HQT_0_CA-NL,1
2045,HQT_0_CA-QC,1
2045,HST_0_US-FL,1.387931
2045,IESO_0_CA-ON,0
2045,IID_0_US-AZ,1.341571
2045,IID_0_US-CA,1.341571
2045,IPCO_0_US-ID,1.296779
2045,IPCO_0_US-NV,1.296779
2045,IPCO_0_US-OR,1.296779
2045,IPCO_0_US-UT,1.296779
2045,ISNE_4001_US-ME,1.451419
2045,ISNE_4002_US-ME,1.452478
2045,ISNE_4002_US-NH,1.452478
2045,ISNE_4002_US-VT,1.452478
2045,ISNE_4003_US-NH,1.829571
2045,ISNE_4003_US-NY,1.829571
2045,ISNE_4003_US-VT,1.829571
2045,ISNE_4004_US-CT,1.46875
2045,ISNE_4005_US-MA,1.453951
2045,ISNE_4005_US-RI,1.453951
2045,ISNE_4006_US-MA,1.626809
2045,ISNE_4006_US-RI,1.626809
2045,ISNE_4007_US-MA,1.620024
2045,ISNE_4007_US-NY,1.620024
2045,ISNE_4007_US-VT,1.620024
2045,ISNE_4008_US-MA,1.602874
2045,ISNE_4008_US-NH,1.602874
2045,JEA_0_US-FL,1.371418
2045,LDWP_0_US-AZ,1.29135
2045,LDWP_0_US-CA,1.29135
2045,LDWP_0_US-NV,1.29135
2045,LDWP_0_US-UT,1.29135
2045,LGEE_0_US-IN,1.164826
2045,LGEE_0_US-KY,1.164826
2045,LGEE_0_US-VA,1.164826
2045,MHEB_0_CA-MB,0
2045,MISO_01_US-IA,1.53007
2045,MISO_01_US-IL,1.53007
2045,MISO_01_US-MI,1.53007
2045,MISO_01_US-MN,1.53007
2045,MISO_01_US-MT,1.53007
2045,MISO_01_US-ND,1.53007
2045,MISO_01_US-SD,1.53007
2045,MISO_01_US-WI,1.53007
2045,MISO_02_US-IA,1.441633
2045,MISO_02_US-IL,1.441633
2045,MISO_02_US-MI,1.441633
2045,MISO_02_US-MN,1.441633
2045,MISO_02_US-WI,1.441633
2045,MISO_03_US-IA,1.537733
2045,MISO_03_US-IL,1.537733
2045,MISO_03_US-MN,1.537733
2045,MISO_03_US-MO,1.537733
2045,MISO_03_US-SD,1.537733
2045,MISO_04_US-IL,1.314221
2045,MISO_04_US-KY,1.314221
2045,MISO_04_US-MO,1.314221
2045,MISO_05_US-IA,1.277369
2045,MISO_05_US-IL,1.277369
2045,MISO_05_US-MO,1.277369
2045,MISO_06_US-IL,1.316014
2045,MISO_06_US-IN,1.316014
2045,MISO_06_US-KY,1.316014
2045,MISO_06_US-OH,1.316014
2045,MISO_07_US-MI,1.365568
2045,MISO_08_US-AR,1.254455
2045,MISO_08_US-MO,1.254455
2045,MISO_09_US-LA,1.257681
2045,MISO_09_US-TX,1.257681
2045,MISO_10_US-MS,1.302946
2045,MISO_10_US-TN,1.302946
2045,NBSO_0_CA-NB,5.80665
2045,NBSO_0_CA-PE,5.80665
2045,NBSO_0_US-ME,5.80665
2045,NEVP_0_US-CA,1.447579
2045,NEVP_0_US-NV,1.447579
2045,NEVP_0_US-OR,1.447579
2045,NSPI_0_CA-NS,5.80665
2045,NWMT_0_US-ID,1.460809
2045,NWMT_0_US-MT,1.460809
2045,NWMT_0_US-WY,1.460809
2045,NYIS_A_US-NY,1.367308
2045,NYIS_A_US-PA,1.367308
2045,NYIS_B_US-NY,1.350649
2045,NYIS_C_US-NY,1.351892
2045,NYIS_D_US-NY,1.328321
2045,NYIS_E_US-NY,1.344803
2045,NYIS_F_US-NY,1.33877
2045,NYIS_G_US-NJ,1.380387
2045,NYIS_G_US-NY,1.380387
2045,NYIS_G_US-PA,1.380387
2045,NYIS_H_US-NY,1.360584
2045,NYIS_I_US-NY,1.350282
2045,NYIS_J_US-NJ,1.287025
2045,NYIS_J_US-NY,1.287025
2045,NYIS_K_US-NY,1.287556
2045,PACE_0_US-AZ,1.459812
2045,PACE_0_US-CO,1.459812
2045,PACE_0_US-ID,1.459812
2045,PACE_0_US-MT,1.459812
2045,PACE_0_US-NV,1.459812
2045,PACE_0_US-UT,1.459812
2045,PACE_0_US-WY,1.459812
2045,PACW_0_US-CA,1.335476
2045,PACW_0_US-OR,1.335476
2045,PACW_0_US-WA,1.335476
2045,PGE_0_US-OR,1.412659
2045,PGE_0_US-WA,1.412659
2045,PJM_AE_US-NJ,1.557009
2045,PJM_AEP_US-IN,1.248808
2045,PJM_AEP_US-KY,1.248808
2045,PJM_AEP_US-MI,1.248808
2045,PJM_AEP_US-OH,1.248808
2045,PJM_AEP_US-TN,1.248808
2045,PJM_AEP_US-VA,1.248808
2045,PJM_AEP_US-WV,1.248808
2045,PJM_AP_US-MD,1.357808
2045,PJM_AP_US-OH,1.357808
2045,PJM_AP_US-PA,1.357808
2045,PJM_AP_US-VA,1.357808
2045,PJM_AP_US-WV,1.357808
2045,PJM_ATSI_US-OH,1.259362
2045,PJM_ATSI_US-PA,1.259362
2045,PJM_BC_US-MD,1.644995
2045,PJM_CE_US-IL,1.327344
2045,PJM_CE_US-IN,1.327344
2045,PJM_DAY_US-OH,1.230517
2045,PJM_DEOK_US-KY,1.272299
2045,PJM_DEOK_US-OH,1.272299
2045,PJM_DOM_US-NC,1.431513
2045,PJM_DOM_US-VA,1.431513
2045,PJM_DOM_US-WV,1.431513
2045,PJM_DPL_US-DE,1.689924
2045,PJM_DPL_US-MD,1.689924
2045,PJM_DPL_US-NJ,1.689924
2045,PJM_DPL_US-PA,1.689924
2045,PJM_DPL_US-VA,1.689924
2045,PJM_DUQ_US-PA,1.249002
2045,PJM_EKPC_US-KY,1.237008
2045,PJM_JC_US-NJ,1.50408
2045,PJM_JC_US-NY,1.50408
2045,PJM_ME_US-PA,1.226606
2045,PJM_PE_US-DE,1.221035
2045,PJM_PE_US-MD,1.221035
2045,PJM_PE_US-NJ,1.221035
2045,PJM_PE_US-PA,1.221035
2045,PJM_PEP_US-DC,0.82797
2045,PJM_PEP_US-MD,0.82797
2045,PJM_PEP_US-VA,0.82797
2045,PJM_PL_US-MD,1.208453
2045,PJM_PL_US-PA,1.208453
2045,PJM_PN_US-MD,1.171097
2045,PJM_PN_US-PA,1.171097
2045,PJM_PS_US-NJ,1.596781
2045,PJM_PS_US-PA,1.596781
2045,PJM_RECO_US-NJ,3.040541
2045,PNM_ACMA_US-NM,1
2045,PNM_CYGA_US-NM,1
2045,PNM_Frep_US-NM,1.214286
2045,PNM_Jica_US-NM,1.25
2045,PNM_KAFB_US-NM,1.169014
2045,PNM_KCEC_US-NM,1.15873
2045,PNM_LAC_US-NM,1.089888
2045,PNM_NTUA_US-NM,0
2045,PNM_PNM_US-NM,1.55384
2045,PNM_TSGT_US-AZ,0.72796
2045,PNM_TSGT_US-NM,0.72796
2045,PSCO_0_US-CO,1.645286
2045,PSCO_0_US-WY,1.645286
2045,PSEI_0_US-WA,1.681446
2045,SC_0_US-SC,1.275728
2045,SCEG_0_US-GA,1.210674
2045,SCEG_0_US-SC,1.210674
2045,SCL_0_US-WA,1.498141
2045,SEC_0_US-FL,1.084596
2045,SEPA_0_US-GA,1
2045,SEPA_0_US-SC,1
2045,SOCO_0_US-AL,1.275803
2045,SOCO_0_US-FL,1.275803
2045,SOCO_0_US-GA,1.275803
2045,SOCO_0_US-MS,1.275803
2045,SOCO_0_US-SC,1.275803
2045,SPA_0_US-AR,3.377778
2045,SPA_0_US-MO,3.377778
2045,SPA_0_US-OK,3.377778
2045,SPA_0_US-TX,3.377778
2045,SPC_0_CA-SK,0
2045,SRP_0_US-AZ,1.398748
2045,SWPP_CSWS_US-AR,1.290367
2045,SWPP_CSWS_US-LA,1.290367
2045,SWPP_CSWS_US-OK,1.290367
2045,SWPP_CSWS_US-TX,1.290367
2045,SWPP_EDE_US-AR,1.425428
2045,SWPP_EDE_US-KS,1.425428
2045,SWPP_EDE_US-MO,1.425428
2045,SWPP_EDE_US-OK,1.425428
2045,SWPP_GRDA_US-AR,0.86496
2045,SWPP_GRDA_US-KS,0.86496
2045,SWPP_GRDA_US-OK,0.86496
2045,SWPP_INDN_US-MO,1.343284
2045,SWPP_KACY_US-KS,1.283019
2045,SWPP_KCPL_US-KS,1.308514
2045,SWPP_KCPL_US-MO,1.308514
2045,SWPP_LES_US-NE,2.253614
2045,SWPP_MPS_US-MO,1.334204
2045,SWPP_NPPD_US-CO,1.550201
2045,SWPP_NPPD_US-NE,1.550201
2045,SWPP_NPPD_US-SD,1.550201
2045,SWPP_OKGE_US-AR,1.215533
2045,SWPP_OKGE_US-OK,1.215533
2045,SWPP_OKGE_US-TX,1.215533
2045,SWPP_OPPD_US-NE,2.253866
2045,SWPP_SECI_US-KS,1.497709
2045,SWPP_SPRM_US-MO,1.332011
2045,SWPP_SPS_US-CO,1.410776
2045,SWPP_SPS_US-KS,1.410776
2045,SWPP_SPS_US-NM,1.410776
2045,SWPP_SPS_US-OK,1.410776
2045,SWPP_SPS_US-TX,1.410776
2045,SWPP_WAUE_US-IA,1.112286
2045,SWPP_WAUE_US-MN,1.112286
2045,SWPP_WAUE_US-MT,1.112286
2045,SWPP_WAUE_US-ND,1.112286
2045,SWPP_WAUE_US-NE,1.112286
2045,SWPP_WAUE_US-SD,1.112286
2045,SWPP_WAUE_US-WY,1.112286
2045,SWPP_WFEC_US-KS,1.155246
2045,SWPP_WFEC_US-OK,1.155246
2045,SWPP_WFEC_US-TX,1.155246
2045,SWPP_WR_US-KS,0.989875
2045,SWPP_WR_US-MO,0.989875
2045,TAL_0_US-FL,1.312203
2045,TEC_0_US-FL,1.292085
2045,TEPC_0_MX-SON,1.356035
2045,TEPC_0_US-AZ,1.356035
2045,TEPC_0_US-NM,1.356035
2045,TIDC_0_US-CA,1.107829
2045,TPWR_0_US-WA,1.501033
2045,TVA_0_US-AL,1.300461
2045,TVA_0_US-GA,1.300461
2045,TVA_0_US-KY,1.300461
2045,TVA_0_US-MS,1.300461
2045,TVA_0_US-NC,1.300461
2045,TVA_0_US-TN,1.300461
2045,TVA_0_US-VA,1.300461
2045,WACM_0_US-AZ,1.931907
2045,WACM_0_US-CO,1.931907
2045,WACM_0_US-MT,1.931907
2045,WACM_0_US-NE,1.931907
2045,WACM_0_US-NM,1.931907
2045,WACM_0_US-SD,1.931907
2045,WACM_0_US-UT,1.931907
2045,WACM_0_US-WY,1.931907
2045,WALC_0_US-AZ,1.630252
2045,WALC_0_US-CA,1.630252
2045,WALC_0_US-NV,1.630252
2045,WAUW_0_US-MT,1.930851
2045,WWA_0_US-MT,1
2045,YAD_0_US-NC,1
2046,AEC_0_US-AL,0
2046,AEC_0_US-FL,0
2046,AECI_0_US-AR,0
2046,AECI_0_US-IA,0
2046,AECI_0_US-MO,0
2046,AECI_0_US-OK,0
2046,AESO_CENT_CA-AB,0
2046,AESO_CGY_CA-AB,0
2046,AESO_EDM_CA-AB,0
2046,AESO_NE_CA-AB,0
2046,AESO_NW_CA-AB,0
2046,AESO_NW_CA-BC,0
2046,AESO_SOUT_CA-AB,0
2046,AVA_0_US-ID,1.357864
2046,AVA_0_US-MT,1.357864
2046,AVA_0_US-OR,1.357864
2046,AVA_0_US-WA,1.357864
2046,AVRN_0_US-OR,1
2046,AVRN_0_US-WA,1
2046,AZPS_0_US-AZ,1.540349
2046,AZPS_0_US-CA,1.540349
2046,AZPS_0_US-NM,1.540349
2046,AZPS_0_US-NV,1.540349
2046,BANC_0_US-CA,1.320662
2046,BCHA_0_CA-BC,0
2046,BPAT_0_CA-BC,1.457078
2046,BPAT_0_US-CA,1.457078
2046,BPAT_0_US-ID,1.457078
2046,BPAT_0_US-MT,1.457078
2046,BPAT_0_US-OR,1.457078
2046,BPAT_0_US-WA,1.457078
2046,CEN_0_MX-COA,0
2046,CEN_0_MX-NLE,0
2046,CENB_0_MX-BCN,0
2046,CENB_0_MX-SON,0
2046,CHPD_0_US-WA,1.469388
2046,CISO_PGAE_US-CA,2.016914
2046,CISO_PGAE_US-OR,2.016914
2046,CISO_SCE_US-AZ,1.682521
2046,CISO_SCE_US-CA,1.682521
2046,CISO_SCE_US-NV,1.682521
2046,CISO_SDGE_MX-BCN,1.812382
2046,CISO_SDGE_US-AZ,1.812382
2046,CISO_SDGE_US-CA,1.812382
2046,CISO_VEA_US-NV,1.271523
2046,CPLE_0_US-NC,1.356167
2046,CPLE_0_US-SC,1.356167
2046,CPLW_0_US-NC,0.978088
2046,DEAA_0_US-AZ,1
2046,DOPD_0_US-WA,1.479657
2046,DUK_0_US-NC,1.322107
2046,DUK_0_US-SC,1.322107
2046,DUK_0_US-VA,1.322107
2046,EPE_0_US-NM,1.440546
2046,EPE_0_US-TX,1.440546
2046,ERCO_COAS_US-TX,1.392481
2046,ERCO_EAST_US-TX,2.024167
2046,ERCO_FWES_US-TX,1.351534
2046,ERCO_NCEN_US-TX,1.399364
2046,ERCO_NRTH_US-OK,1.53513
2046,ERCO_NRTH_US-TX,1.53513
2046,ERCO_SCEN_US-TX,1.470278
2046,ERCO_SOUT_US-TX,1.417271
2046,ERCO_WEST_US-TX,2.31225
2046,FMPP_0_US-FL,1.148219
2046,FPC_0_US-FL,1.09897
2046,FPL_0_US-FL,1.302356
2046,GCPD_0_US-WA,1.510032
2046,GLHB_0_US-IL,1
2046,GRID_0_US-NM,1
2046,GRID_0_US-OR,1
2046,GRID_0_US-WA,1
2046,GRIF_0_US-AZ,1
2046,GVL_0_US-FL,1.251327
2046,GWA_0_US-MT,1
2046,HGMA_0_US-AZ,1
2046,HQT_0_CA-NL,1
2046,HQT_0_CA-QC,1
2046,HST_0_US-FL,1.405172
2046,IESO_0_CA-ON,0
2046,IID_0_US-AZ,1.360989
2046,IID_0_US-CA,1.360989
2046,IPCO_0_US-ID,1.315466
2046,IPCO_0_US-NV,1.315466
2046,IPCO_0_US-OR,1.315466
2046,IPCO_0_US-UT,1.315466
2046,ISNE_4001_US-ME,1.469905
2046,ISNE_4002_US-ME,1.470755
2046,ISNE_4002_US-NH,1.470755
2046,ISNE_4002_US-VT,1.470755
2046,ISNE_4003_US-NH,1.852144
2046,ISNE_4003_US-NY,1.852144
2046,ISNE_4003_US-VT,1.852144
2046,ISNE_4004_US-CT,1.485068
2046,ISNE_4005_US-MA,1.4703
2046,ISNE_4005_US-RI,1.4703
2046,ISNE_4006_US-MA,1.648234
2046,ISNE_4006_US-RI,1.648234
2046,ISNE_4007_US-MA,1.641435
2046,ISNE_4007_US-NY,1.641435
2046,ISNE_4007_US-VT,1.641435
2046,ISNE_4008_US-MA,1.623946
2046,ISNE_4008_US-NH,1.623946
2046,JEA_0_US-FL,1.38962
2046,LDWP_0_US-AZ,1.309989
2046,LDWP_0_US-CA,1.309989
2046,LDWP_0_US-NV,1.309989
2046,LDWP_0_US-UT,1.309989
2046,LGEE_0_US-IN,1.179086
2046,LGEE_0_US-KY,1.179086
2046,LGEE_0_US-VA,1.179086
2046,MHEB_0_CA-MB,0
2046,MISO_01_US-IA,1.557173
2046,MISO_01_US-IL,1.557173
2046,MISO_01_US-MI,1.557173
2046,MISO_01_US-MN,1.557173
2046,MISO_01_US-MT,1.557173
2046,MISO_01_US-ND,1.557173
2046,MISO_01_US-SD,1.557173
2046,MISO_01_US-WI,1.557173
2046,MISO_02_US-IA,1.457714
2046,MISO_02_US-IL,1.457714
2046,MISO_02_US-MI,1.457714
2046,MISO_02_US-MN,1.457714
2046,MISO_02_US-WI,1.457714
2046,MISO_03_US-IA,1.567536
2046,MISO_03_US-IL,1.567536
2046,MISO_03_US-MN,1.567536
2046,MISO_03_US-MO,1.567536
2046,MISO_03_US-SD,1.567536
2046,MISO_04_US-IL,1.32833
2046,MISO_04_US-KY,1.32833
2046,MISO_04_US-MO,1.32833
2046,MISO_05_US-IA,1.293379
2046,MISO_05_US-IL,1.293379
2046,MISO_05_US-MO,1.293379
2046,MISO_06_US-IL,1.330223
2046,MISO_06_US-IN,1.330223
2046,MISO_06_US-KY,1.330223
2046,MISO_06_US-OH,1.330223
2046,MISO_07_US-MI,1.379243
2046,MISO_08_US-AR,1.269647
2046,MISO_08_US-MO,1.269647
2046,MISO_09_US-LA,1.273455
2046,MISO_09_US-TX,1.273455
2046,MISO_10_US-MS,1.31869
2046,MISO_10_US-TN,1.31869
2046,NBSO_0_CA-NB,5.87931
2046,NBSO_0_CA-PE,5.87931
2046,NBSO_0_US-ME,5.87931
2046,NEVP_0_US-CA,1.469809
2046,NEVP_0_US-NV,1.469809
2046,NEVP_0_US-OR,1.469809
2046,NSPI_0_CA-NS,5.87931
2046,NWMT_0_US-ID,1.483412
2046,NWMT_0_US-MT,1.483412
2046,NWMT_0_US-WY,1.483412
2046,NYIS_A_US-NY,1.383918
2046,NYIS_A_US-PA,1.383918
2046,NYIS_B_US-NY,1.367133
2046,NYIS_C_US-NY,1.368308
2046,NYIS_D_US-NY,1.344612
2046,NYIS_E_US-NY,1.36129
2046,NYIS_F_US-NY,1.355082
2046,NYIS_G_US-NJ,1.397098
2046,NYIS_G_US-NY,1.397098
2046,NYIS_G_US-PA,1.397098
2046,NYIS_H_US-NY,1.376642
2046,NYIS_I_US-NY,1.366525
2046,NYIS_J_US-NJ,1.302579
2046,NYIS_J_US-NY,1.302579
2046,NYIS_K_US-NY,1.303184
2046,PACE_0_US-AZ,1.483766
2046,PACE_0_US-CO,1.483766
2046,PACE_0_US-ID,1.483766
2046,PACE_0_US-MT,1.483766
2046,PACE_0_US-NV,1.483766
2046,PACE_0_US-UT,1.483766
2046,PACE_0_US-WY,1.483766
2046,PACW_0_US-CA,1.355123
2046,PACW_0_US-OR,1.355123
2046,PACW_0_US-WA,1.355123
2046,PGE_0_US-OR,1.43346
2046,PGE_0_US-WA,1.43346
2046,PJM_AE_US-NJ,1.57757
2046,PJM_AEP_US-IN,1.264112
2046,PJM_AEP_US-KY,1.264112
2046,PJM_AEP_US-MI,1.264112
2046,PJM_AEP_US-OH,1.264112
2046,PJM_AEP_US-TN,1.264112
2046,PJM_AEP_US-VA,1.264112
2046,PJM_AEP_US-WV,1.264112
2046,PJM_AP_US-MD,1.374445
2046,PJM_AP_US-OH,1.374445
2046,PJM_AP_US-PA,1.374445
2046,PJM_AP_US-VA,1.374445
2046,PJM_AP_US-WV,1.374445
2046,PJM_ATSI_US-OH,1.273187
2046,PJM_ATSI_US-PA,1.273187
2046,PJM_BC_US-MD,1.666413
2046,PJM_CE_US-IL,1.341586
2046,PJM_CE_US-IN,1.341586
2046,PJM_DAY_US-OH,1.243953
2046,PJM_DEOK_US-KY,1.286442
2046,PJM_DEOK_US-OH,1.286442
2046,PJM_DOM_US-NC,1.459962
2046,PJM_DOM_US-VA,1.459962
2046,PJM_DOM_US-WV,1.459962
2046,PJM_DPL_US-DE,1.711335
2046,PJM_DPL_US-MD,1.711335
2046,PJM_DPL_US-NJ,1.711335
2046,PJM_DPL_US-PA,1.711335
2046,PJM_DPL_US-VA,1.711335
2046,PJM_DUQ_US-PA,1.262795
2046,PJM_EKPC_US-KY,1.251756
2046,PJM_JC_US-NJ,1.524151
2046,PJM_JC_US-NY,1.524151
2046,PJM_ME_US-PA,1.2403
2046,PJM_PE_US-DE,1.234568
2046,PJM_PE_US-MD,1.234568
2046,PJM_PE_US-NJ,1.234568
2046,PJM_PE_US-PA,1.234568
2046,PJM_PEP_US-DC,0.838753
2046,PJM_PEP_US-MD,0.838753
2046,PJM_PEP_US-VA,0.838753
2046,PJM_PL_US-MD,1.221889
2046,PJM_PL_US-PA,1.221889
2046,PJM_PN_US-MD,1.184049
2046,PJM_PN_US-PA,1.184049
2046,PJM_PS_US-NJ,1.617945
2046,PJM_PS_US-PA,1.617945
2046,PJM_RECO_US-NJ,3.081081
2046,PNM_ACMA_US-NM,1
2046,PNM_CYGA_US-NM,1
2046,PNM_Frep_US-NM,1.22619
2046,PNM_Jica_US-NM,1.25
2046,PNM_KAFB_US-NM,1.183099
2046,PNM_KCEC_US-NM,1.174603
2046,PNM_LAC_US-NM,1.101124
2046,PNM_NTUA_US-NM,0
2046,PNM_PNM_US-NM,1.57391
2046,PNM_TSGT_US-AZ,0.738035
2046,PNM_TSGT_US-NM,0.738035
2046,PSCO_0_US-CO,1.67005
2046,PSCO_0_US-WY,1.67005
2046,PSEI_0_US-WA,1.706411
2046,SC_0_US-SC,1.292341
2046,SCEG_0_US-GA,1.226383
2046,SCEG_0_US-SC,1.226383
2046,SCL_0_US-WA,1.520446
2046,SEC_0_US-FL,1.09897
2046,SEPA_0_US-GA,1
2046,SEPA_0_US-SC,1
2046,SOCO_0_US-AL,1.292732
2046,SOCO_0_US-FL,1.292732
2046,SOCO_0_US-GA,1.292732
2046,SOCO_0_US-MS,1.292732
2046,SOCO_0_US-SC,1.292732
2046,SPA_0_US-AR,3.416667
2046,SPA_0_US-MO,3.416667
2046,SPA_0_US-OK,3.416667
2046,SPA_0_US-TX,3.416667
2046,SPC_0_CA-SK,0
2046,SRP_0_US-AZ,1.420915
2046,SWPP_CSWS_US-AR,1.308121
2046,SWPP_CSWS_US-LA,1.308121
2046,SWPP_CSWS_US-OK,1.308121
2046,SWPP_CSWS_US-TX,1.308121
2046,SWPP_EDE_US-AR,1.443358
2046,SWPP_EDE_US-KS,1.443358
2046,SWPP_EDE_US-MO,1.443358
2046,SWPP_EDE_US-OK,1.443358
2046,SWPP_GRDA_US-AR,0.876434
2046,SWPP_GRDA_US-KS,0.876434
2046,SWPP_GRDA_US-OK,0.876434
2046,SWPP_INDN_US-MO,1.358209
2046,SWPP_KACY_US-KS,1.297694
2046,SWPP_KCPL_US-KS,1.323967
2046,SWPP_KCPL_US-MO,1.323967
2046,SWPP_LES_US-NE,2.329829
2046,SWPP_MPS_US-MO,1.350914
2046,SWPP_NPPD_US-CO,1.602677
2046,SWPP_NPPD_US-NE,1.602677
2046,SWPP_NPPD_US-SD,1.602677
2046,SWPP_OKGE_US-AR,1.231953
2046,SWPP_OKGE_US-OK,1.231953
2046,SWPP_OKGE_US-TX,1.231953
2046,SWPP_OPPD_US-NE,2.330064
2046,SWPP_SECI_US-KS,1.514207
2046,SWPP_SPRM_US-MO,1.347884
2046,SWPP_SPS_US-CO,1.432511
2046,SWPP_SPS_US-KS,1.432511
2046,SWPP_SPS_US-NM,1.432511
2046,SWPP_SPS_US-OK,1.432511
2046,SWPP_SPS_US-TX,1.432511
2046,SWPP_WAUE_US-IA,1.136617
2046,SWPP_WAUE_US-MN,1.136617
2046,SWPP_WAUE_US-MT,1.136617
2046,SWPP_WAUE_US-ND,1.136617
2046,SWPP_WAUE_US-NE,1.136617
2046,SWPP_WAUE_US-SD,1.136617
2046,SWPP_WAUE_US-WY,1.136617
2046,SWPP_WFEC_US-KS,1.170771
2046,SWPP_WFEC_US-OK,1.170771
2046,SWPP_WFEC_US-TX,1.170771
2046,SWPP_WR_US-KS,1.000893
2046,SWPP_WR_US-MO,1.000893
2046,TAL_0_US-FL,1.329635
2046,TEC_0_US-FL,1.309253
2046,TEPC_0_MX-SON,1.377605
2046,TEPC_0_US-AZ,1.377605
2046,TEPC_0_US-NM,1.377605
2046,TIDC_0_US-CA,1.124077
2046,TPWR_0_US-WA,1.52376
2046,TVA_0_US-AL,1.316908
2046,TVA_0_US-GA,1.316908
2046,TVA_0_US-KY,1.316908
2046,TVA_0_US-MS,1.316908
2046,TVA_0_US-NC,1.316908
2046,TVA_0_US-TN,1.316908
2046,TVA_0_US-VA,1.316908
2046,WACM_0_US-AZ,1.965767
2046,WACM_0_US-CO,1.965767
2046,WACM_0_US-MT,1.965767
2046,WACM_0_US-NE,1.965767
2046,WACM_0_US-NM,1.965767
2046,WACM_0_US-SD,1.965767
2046,WACM_0_US-UT,1.965767
2046,WACM_0_US-WY,1.965767
2046,WALC_0_US-AZ,1.655462
2046,WALC_0_US-CA,1.655462
2046,WALC_0_US-NV,1.655462
2046,WAUW_0_US-MT,1.957447
2046,WWA_0_US-MT,1
2046,YAD_0_US-NC,1
2047,AEC_0_US-AL,0
2047,AEC_0_US-FL,0
2047,AECI_0_US-AR,0
2047,AECI_0_US-IA,0
2047,AECI_0_US-MO,0
2047,AECI_0_US-OK,0
2047,AESO_CENT_CA-AB,0
2047,AESO_CGY_CA-AB,0
2047,AESO_EDM_CA-AB,0
2047,AESO_NE_CA-AB,0
2047,AESO_NW_CA-AB,0
2047,AESO_NW_CA-BC,0
2047,AESO_SOUT_CA-AB,0
2047,AVA_0_US-ID,1.377628
2047,AVA_0_US-MT,1.377628
2047,AVA_0_US-OR,1.377628
2047,AVA_0_US-WA,1.377628
2047,AVRN_0_US-OR,1
2047,AVRN_0_US-WA,1
2047,AZPS_0_US-AZ,1.564784
2047,AZPS_0_US-CA,1.564784
2047,AZPS_0_US-NM,1.564784
2047,AZPS_0_US-NV,1.564784
2047,BANC_0_US-CA,1.339669
2047,BCHA_0_CA-BC,0
2047,BPAT_0_CA-BC,1.478613
2047,BPAT_0_US-CA,1.478613
2047,BPAT_0_US-ID,1.478613
2047,BPAT_0_US-MT,1.478613
2047,BPAT_0_US-OR,1.478613
2047,BPAT_0_US-WA,1.478613
2047,CEN_0_MX-COA,0
2047,CEN_0_MX-NLE,0
2047,CENB_0_MX-BCN,0
2047,CENB_0_MX-SON,0
2047,CHPD_0_US-WA,1.491837
2047,CISO_PGAE_US-CA,2.046037
2047,CISO_PGAE_US-OR,2.046037
2047,CISO_SCE_US-AZ,1.706792
2047,CISO_SCE_US-CA,1.706792
2047,CISO_SCE_US-NV,1.706792
2047,CISO_SDGE_MX-BCN,1.838605
2047,CISO_SDGE_US-AZ,1.838605
2047,CISO_SDGE_US-CA,1.838605
2047,CISO_VEA_US-NV,1.291391
2047,CPLE_0_US-NC,1.374908
2047,CPLE_0_US-SC,1.374908
2047,CPLW_0_US-NC,0.992032
2047,DEAA_0_US-AZ,1
2047,DOPD_0_US-WA,1.501071
2047,DUK_0_US-NC,1.340177
2047,DUK_0_US-SC,1.340177
2047,DUK_0_US-VA,1.340177
2047,EPE_0_US-NM,1.46345
2047,EPE_0_US-TX,1.46345
2047,ERCO_COAS_US-TX,1.41578
2047,ERCO_EAST_US-TX,2.058125
2047,ERCO_FWES_US-TX,1.37418
2047,ERCO_NCEN_US-TX,1.422805
2047,ERCO_NRTH_US-OK,1.561116
2047,ERCO_NRTH_US-TX,1.561116
2047,ERCO_SCEN_US-TX,1.494883
2047,ERCO_SOUT_US-TX,1.441002
2047,ERCO_WEST_US-TX,2.351
2047,FMPP_0_US-FL,1.163448
2047,FPC_0_US-FL,1.113603
2047,FPL_0_US-FL,1.319668
2047,GCPD_0_US-WA,1.532207
2047,GLHB_0_US-IL,1
2047,GRID_0_US-NM,1
2047,GRID_0_US-OR,1
2047,GRID_0_US-WA,1
2047,GRIF_0_US-AZ,1
2047,GVL_0_US-FL,1.269027
2047,GWA_0_US-MT,1
2047,HGMA_0_US-AZ,1
2047,HQT_0_CA-NL,1
2047,HQT_0_CA-QC,1
2047,HST_0_US-FL,1.422414
2047,IESO_0_CA-ON,0
2047,IID_0_US-AZ,1.380406
2047,IID_0_US-CA,1.380406
2047,IPCO_0_US-ID,1.334153
2047,IPCO_0_US-NV,1.334153
2047,IPCO_0_US-OR,1.334153
2047,IPCO_0_US-UT,1.334153
2047,ISNE_4001_US-ME,1.488392
2047,ISNE_4002_US-ME,1.489439
2047,ISNE_4002_US-NH,1.489439
2047,ISNE_4002_US-VT,1.489439
2047,ISNE_4003_US-NH,1.874718
2047,ISNE_4003_US-NY,1.874718
2047,ISNE_4003_US-VT,1.874718
2047,ISNE_4004_US-CT,1.501693
2047,ISNE_4005_US-MA,1.487193
2047,ISNE_4005_US-RI,1.487193
2047,ISNE_4006_US-MA,1.669948
2047,ISNE_4006_US-RI,1.669948
2047,ISNE_4007_US-MA,1.662847
2047,ISNE_4007_US-NY,1.662847
2047,ISNE_4007_US-VT,1.662847
2047,ISNE_4008_US-MA,1.645211
2047,ISNE_4008_US-NH,1.645211
2047,JEA_0_US-FL,1.408211
2047,LDWP_0_US-AZ,1.328809
2047,LDWP_0_US-CA,1.328809
2047,LDWP_0_US-NV,1.328809
2047,LDWP_0_US-UT,1.328809
2047,LGEE_0_US-IN,1.193625
2047,LGEE_0_US-KY,1.193625
2047,LGEE_0_US-VA,1.193625
2047,MHEB_0_CA-MB,0
2047,MISO_01_US-IA,1.584766
2047,MISO_01_US-IL,1.584766
2047,MISO_01_US-MI,1.584766
2047,MISO_01_US-MN,1.584766
2047,MISO_01_US-MT,1.584766
2047,MISO_01_US-ND,1.584766
2047,MISO_01_US-SD,1.584766
2047,MISO_01_US-WI,1.584766
2047,MISO_02_US-IA,1.473878
2047,MISO_02_US-IL,1.473878
2047,MISO_02_US-MI,1.473878
2047,MISO_02_US-MN,1.473878
2047,MISO_02_US-WI,1.473878
2047,MISO_03_US-IA,1.597978
2047,MISO_03_US-IL,1.597978
2047,MISO_03_US-MN,1.597978
2047,MISO_03_US-MO,1.597978
2047,MISO_03_US-SD,1.597978
2047,MISO_04_US-IL,1.342664
2047,MISO_04_US-KY,1.342664
2047,MISO_04_US-MO,1.342664
2047,MISO_05_US-IA,1.309534
2047,MISO_05_US-IL,1.309534
2047,MISO_05_US-MO,1.309534
2047,MISO_06_US-IL,1.344612
2047,MISO_06_US-IN,1.344612
2047,MISO_06_US-KY,1.344612
2047,MISO_06_US-OH,1.344612
2047,MISO_07_US-MI,1.393081
2047,MISO_08_US-AR,1.28513
2047,MISO_08_US-MO,1.28513
2047,MISO_09_US-LA,1.289424
2047,MISO_09_US-TX,1.289424
2047,MISO_10_US-MS,1.334434
2047,MISO_10_US-TN,1.334434
2047,NBSO_0_CA-NB,5.953202
2047,NBSO_0_CA-PE,5.953202
2047,NBSO_0_US-ME,5.953202
2047,NEVP_0_US-CA,1.492359
2047,NEVP_0_US-NV,1.492359
2047,NEVP_0_US-OR,1.492359
2047,NSPI_0_CA-NS,5.953202
2047,NWMT_0_US-ID,1.506744
2047,NWMT_0_US-MT,1.506744
2047,NWMT_0_US-WY,1.506744
2047,NYIS_A_US-NY,1.400529
2047,NYIS_A_US-PA,1.400529
2047,NYIS_B_US-NY,1.383616
2047,NYIS_C_US-NY,1.384725
2047,NYIS_D_US-NY,1.360902
2047,NYIS_E_US-NY,1.377778
2047,NYIS_F_US-NY,1.371393
2047,NYIS_G_US-NJ,1.413808
2047,NYIS_G_US-NY,1.413808
2047,NYIS_G_US-PA,1.413808
2047,NYIS_H_US-NY,1.392701
2047,NYIS_I_US-NY,1.382768
2047,NYIS_J_US-NJ,1.318327
2047,NYIS_J_US-NY,1.318327
2047,NYIS_K_US-NY,1.318812
2047,PACE_0_US-AZ,1.508197
2047,PACE_0_US-CO,1.508197
2047,PACE_0_US-ID,1.508197
2047,PACE_0_US-MT,1.508197
2047,PACE_0_US-NV,1.508197
2047,PACE_0_US-UT,1.508197
2047,PACE_0_US-WY,1.508197
2047,PACW_0_US-CA,1.375138
2047,PACW_0_US-OR,1.375138
2047,PACW_0_US-WA,1.375138
2047,PGE_0_US-OR,1.454484
2047,PGE_0_US-WA,1.454484
2047,PJM_AE_US-NJ,1.598505
2047,PJM_AEP_US-IN,1.279642
2047,PJM_AEP_US-KY,1.279642
2047,PJM_AEP_US-MI,1.279642
2047,PJM_AEP_US-OH,1.279642
2047,PJM_AEP_US-TN,1.279642
2047,PJM_AEP_US-VA,1.279642
2047,PJM_AEP_US-WV,1.279642
2047,PJM_AP_US-MD,1.391415
2047,PJM_AP_US-OH,1.391415
2047,PJM_AP_US-PA,1.391415
2047,PJM_AP_US-VA,1.391415
2047,PJM_AP_US-WV,1.391415
2047,PJM_ATSI_US-OH,1.287249
2047,PJM_ATSI_US-PA,1.287249
2047,PJM_BC_US-MD,1.687984
2047,PJM_CE_US-IL,1.356018
2047,PJM_CE_US-IN,1.356018
2047,PJM_DAY_US-OH,1.257689
2047,PJM_DEOK_US-KY,1.300773
2047,PJM_DEOK_US-OH,1.300773
2047,PJM_DOM_US-NC,1.488996
2047,PJM_DOM_US-VA,1.488996
2047,PJM_DOM_US-WV,1.488996
2047,PJM_DPL_US-DE,1.732997
2047,PJM_DPL_US-MD,1.732997
2047,PJM_DPL_US-NJ,1.732997
2047,PJM_DPL_US-PA,1.732997
2047,PJM_DPL_US-VA,1.732997
2047,PJM_DUQ_US-PA,1.276951
2047,PJM_EKPC_US-KY,1.266854
2047,PJM_JC_US-NJ,1.544386
2047,PJM_JC_US-NY,1.544386
2047,PJM_ME_US-PA,1.253994
2047,PJM_PE_US-DE,1.248338
2047,PJM_PE_US-MD,1.248338
2047,PJM_PE_US-NJ,1.248338
2047,PJM_PE_US-PA,1.248338
2047,PJM_PEP_US-DC,0.849537
2047,PJM_PEP_US-MD,0.849537
2047,PJM_PEP_US-VA,0.849537
2047,PJM_PL_US-MD,1.235455
2047,PJM_PL_US-PA,1.235455
2047,PJM_PN_US-MD,1.197342
2047,PJM_PN_US-PA,1.197342
2047,PJM_PS_US-NJ,1.639507
2047,PJM_PS_US-PA,1.639507
2047,PJM_RECO_US-NJ,3.121622
2047,PNM_ACMA_US-NM,1
2047,PNM_CYGA_US-NM,1
2047,PNM_Frep_US-NM,1.25
2047,PNM_Jica_US-NM,1.25
2047,PNM_KAFB_US-NM,1.197183
2047,PNM_KCEC_US-NM,1.190476
2047,PNM_LAC_US-NM,1.123596
2047,PNM_NTUA_US-NM,0
2047,PNM_PNM_US-NM,1.594365
2047,PNM_TSGT_US-AZ,0.745592
2047,PNM_TSGT_US-NM,0.745592
2047,PSCO_0_US-CO,1.695118
2047,PSCO_0_US-WY,1.695118
2047,PSEI_0_US-WA,1.731975
2047,SC_0_US-SC,1.308954
2047,SCEG_0_US-GA,1.242307
2047,SCEG_0_US-SC,1.242307
2047,SCL_0_US-WA,1.542751
2047,SEC_0_US-FL,1.113603
2047,SEPA_0_US-GA,1
2047,SEPA_0_US-SC,1
2047,SOCO_0_US-AL,1.30986
2047,SOCO_0_US-FL,1.30986
2047,SOCO_0_US-GA,1.30986
2047,SOCO_0_US-MS,1.30986
2047,SOCO_0_US-SC,1.30986
2047,SPA_0_US-AR,3.461111
2047,SPA_0_US-MO,3.461111
2047,SPA_0_US-OK,3.461111
2047,SPA_0_US-TX,3.461111
2047,SPC_0_CA-SK,0
2047,SRP_0_US-AZ,1.443474
2047,SWPP_CSWS_US-AR,1.32619
2047,SWPP_CSWS_US-LA,1.32619
2047,SWPP_CSWS_US-OK,1.32619
2047,SWPP_CSWS_US-TX,1.32619
2047,SWPP_EDE_US-AR,1.461288
2047,SWPP_EDE_US-KS,1.461288
2047,SWPP_EDE_US-MO,1.461288
2047,SWPP_EDE_US-OK,1.461288
2047,SWPP_GRDA_US-AR,0.888791
2047,SWPP_GRDA_US-KS,0.888791
2047,SWPP_GRDA_US-OK,0.888791
2047,SWPP_INDN_US-MO,1.376866
2047,SWPP_KACY_US-KS,1.312369
2047,SWPP_KCPL_US-KS,1.339983
2047,SWPP_KCPL_US-MO,1.339983
2047,SWPP_LES_US-NE,2.408673
2047,SWPP_MPS_US-MO,1.367624
2047,SWPP_NPPD_US-CO,1.657028
2047,SWPP_NPPD_US-NE,1.657028
2047,SWPP_NPPD_US-SD,1.657028
2047,SWPP_OKGE_US-AR,1.248669
2047,SWPP_OKGE_US-OK,1.248669
2047,SWPP_OKGE_US-TX,1.248669
2047,SWPP_OPPD_US-NE,2.40928
2047,SWPP_SECI_US-KS,1.531622
2047,SWPP_SPRM_US-MO,1.365079
2047,SWPP_SPS_US-CO,1.454612
2047,SWPP_SPS_US-KS,1.454612
2047,SWPP_SPS_US-NM,1.454612
2047,SWPP_SPS_US-OK,1.454612
2047,SWPP_SPS_US-TX,1.454612
2047,SWPP_WAUE_US-IA,1.161548
2047,SWPP_WAUE_US-MN,1.161548
2047,SWPP_WAUE_US-MT,1.161548
2047,SWPP_WAUE_US-ND,1.161548
2047,SWPP_WAUE_US-NE,1.161548
2047,SWPP_WAUE_US-SD,1.161548
2047,SWPP_WAUE_US-WY,1.161548
2047,SWPP_WFEC_US-KS,1.186831
2047,SWPP_WFEC_US-OK,1.186831
2047,SWPP_WFEC_US-TX,1.186831
2047,SWPP_WR_US-KS,1.012061
2047,SWPP_WR_US-MO,1.012061
2047,TAL_0_US-FL,1.347068
2047,TEC_0_US-FL,1.326644
2047,TEPC_0_MX-SON,1.399418
2047,TEPC_0_US-AZ,1.399418
2047,TEPC_0_US-NM,1.399418
2047,TIDC_0_US-CA,1.140325
2047,TPWR_0_US-WA,1.545455
2047,TVA_0_US-AL,1.333553
2047,TVA_0_US-GA,1.333553
2047,TVA_0_US-KY,1.333553
2047,TVA_0_US-MS,1.333553
2047,TVA_0_US-NC,1.333553
2047,TVA_0_US-TN,1.333553
2047,TVA_0_US-VA,1.333553
2047,WACM_0_US-AZ,2.000372
2047,WACM_0_US-CO,2.000372
2047,WACM_0_US-MT,2.000372
2047,WACM_0_US-NE,2.000372
2047,WACM_0_US-NM,2.000372
2047,WACM_0_US-SD,2.000372
2047,WACM_0_US-UT,2.000372
2047,WACM_0_US-WY,2.000372
2047,WALC_0_US-AZ,1.680672
2047,WALC_0_US-CA,1.680672
2047,WALC_0_US-NV,1.680672
2047,WAUW_0_US-MT,1.989362
2047,WWA_0_US-MT,1
2047,YAD_0_US-NC,1
2048,AEC_0_US-AL,0
2048,AEC_0_US-FL,0
2048,AECI_0_US-AR,0
2048,AECI_0_US-IA,0
2048,AECI_0_US-MO,0
2048,AECI_0_US-OK,0
2048,AESO_CENT_CA-AB,0
2048,AESO_CGY_CA-AB,0
2048,AESO_EDM_CA-AB,0
2048,AESO_NE_CA-AB,0
2048,AESO_NW_CA-AB,0
2048,AESO_NW_CA-BC,0
2048,AESO_SOUT_CA-AB,0
2048,AVA_0_US-ID,1.397813
2048,AVA_0_US-MT,1.397813
2048,AVA_0_US-OR,1.397813
2048,AVA_0_US-WA,1.397813
2048,AVRN_0_US-OR,1
2048,AVRN_0_US-WA,1
2048,AZPS_0_US-AZ,1.58954
2048,AZPS_0_US-CA,1.58954
2048,AZPS_0_US-NM,1.58954
2048,AZPS_0_US-NV,1.58954
2048,BANC_0_US-CA,1.359029
2048,BCHA_0_CA-BC,0
2048,BPAT_0_CA-BC,1.500543
2048,BPAT_0_US-CA,1.500543
2048,BPAT_0_US-ID,1.500543
2048,BPAT_0_US-MT,1.500543
2048,BPAT_0_US-OR,1.500543
2048,BPAT_0_US-WA,1.500543
2048,CEN_0_MX-COA,0
2048,CEN_0_MX-NLE,0
2048,CENB_0_MX-BCN,0
2048,CENB_0_MX-SON,0
2048,CHPD_0_US-WA,1.514286
2048,CISO_PGAE_US-CA,2.07556
2048,CISO_PGAE_US-OR,2.07556
2048,CISO_SCE_US-AZ,1.731389
2048,CISO_SCE_US-CA,1.731389
2048,CISO_SCE_US-NV,1.731389
2048,CISO_SDGE_MX-BCN,1.865099
2048,CISO_SDGE_US-AZ,1.865099
2048,CISO_SDGE_US-CA,1.865099
2048,CISO_VEA_US-NV,1.311258
2048,CPLE_0_US-NC,1.393977
2048,CPLE_0_US-SC,1.393977
2048,CPLW_0_US-NC,1.005976
2048,DEAA_0_US-AZ,1
2048,DOPD_0_US-WA,1.524625
2048,DUK_0_US-NC,1.358493
2048,DUK_0_US-SC,1.358493
2048,DUK_0_US-VA,1.358493
2048,EPE_0_US-NM,1.486842
2048,EPE_0_US-TX,1.486842
2048,ERCO_COAS_US-TX,1.439465
2048,ERCO_EAST_US-TX,2.0925
2048,ERCO_FWES_US-TX,1.397037
2048,ERCO_NCEN_US-TX,1.446596
2048,ERCO_NRTH_US-OK,1.587103
2048,ERCO_NRTH_US-TX,1.587103
2048,ERCO_SCEN_US-TX,1.519865
2048,ERCO_SOUT_US-TX,1.465063
2048,ERCO_WEST_US-TX,2.39025
2048,FMPP_0_US-FL,1.17895
2048,FPC_0_US-FL,1.128409
2048,FPL_0_US-FL,1.337173
2048,GCPD_0_US-WA,1.555438
2048,GLHB_0_US-IL,1
2048,GRID_0_US-NM,1
2048,GRID_0_US-OR,1
2048,GRID_0_US-WA,1
2048,GRIF_0_US-AZ,1
2048,GVL_0_US-FL,1.284956
2048,GWA_0_US-MT,1
2048,HGMA_0_US-AZ,1
2048,HQT_0_CA-NL,1
2048,HQT_0_CA-QC,1
2048,HST_0_US-FL,1.448276
2048,IESO_0_CA-ON,0
2048,IID_0_US-AZ,1.400706
2048,IID_0_US-CA,1.400706
2048,IPCO_0_US-ID,1.353332
2048,IPCO_0_US-NV,1.353332
2048,IPCO_0_US-OR,1.353332
2048,IPCO_0_US-UT,1.353332
2048,ISNE_4001_US-ME,1.506879
2048,ISNE_4002_US-ME,1.508123
2048,ISNE_4002_US-NH,1.508123
2048,ISNE_4002_US-VT,1.508123
2048,ISNE_4003_US-NH,1.897291
2048,ISNE_4003_US-NY,1.897291
2048,ISNE_4003_US-VT,1.897291
2048,ISNE_4004_US-CT,1.518319
2048,ISNE_4005_US-MA,1.503542
2048,ISNE_4005_US-RI,1.503542
2048,ISNE_4006_US-MA,1.691662
2048,ISNE_4006_US-RI,1.691662
2048,ISNE_4007_US-MA,1.68456
2048,ISNE_4007_US-NY,1.68456
2048,ISNE_4007_US-VT,1.68456
2048,ISNE_4008_US-MA,1.666667
2048,ISNE_4008_US-NH,1.666667
2048,JEA_0_US-FL,1.426801
2048,LDWP_0_US-AZ,1.347991
2048,LDWP_0_US-CA,1.347991
2048,LDWP_0_US-NV,1.347991
2048,LDWP_0_US-UT,1.347991
2048,LGEE_0_US-IN,1.208304
2048,LGEE_0_US-KY,1.208304
2048,LGEE_0_US-VA,1.208304
2048,MHEB_0_CA-MB,0
2048,MISO_01_US-IA,1.612848
2048,MISO_01_US-IL,1.612848
2048,MISO_01_US-MI,1.612848
2048,MISO_01_US-MN,1.612848
2048,MISO_01_US-MT,1.612848
2048,MISO_01_US-ND,1.612848
2048,MISO_01_US-SD,1.612848
2048,MISO_01_US-WI,1.612848
2048,MISO_02_US-IA,1.490286
2048,MISO_02_US-IL,1.490286
2048,MISO_02_US-MI,1.490286
2048,MISO_02_US-MN,1.490286
2048,MISO_02_US-WI,1.490286
2048,MISO_03_US-IA,1.629058
2048,MISO_03_US-IL,1.629058
2048,MISO_03_US-MN,1.629058
2048,MISO_03_US-MO,1.629058
2048,MISO_03_US-SD,1.629058
2048,MISO_04_US-IL,1.356998
2048,MISO_04_US-KY,1.356998
2048,MISO_04_US-MO,1.356998
2048,MISO_05_US-IA,1.325833
2048,MISO_05_US-IL,1.325833
2048,MISO_05_US-MO,1.325833
2048,MISO_06_US-IL,1.359121
2048,MISO_06_US-IN,1.359121
2048,MISO_06_US-KY,1.359121
2048,MISO_06_US-OH,1.359121
2048,MISO_07_US-MI,1.407081
2048,MISO_08_US-AR,1.30076
2048,MISO_08_US-MO,1.30076
2048,MISO_09_US-LA,1.305587
2048,MISO_09_US-TX,1.305587
2048,MISO_10_US-MS,1.350432
2048,MISO_10_US-TN,1.350432
2048,NBSO_0_CA-NB,6.028325
2048,NBSO_0_CA-PE,6.028325
2048,NBSO_0_US-ME,6.028325
2048,NEVP_0_US-CA,1.515229
2048,NEVP_0_US-NV,1.515229
2048,NEVP_0_US-OR,1.515229
2048,NSPI_0_CA-NS,6.028325
2048,NWMT_0_US-ID,1.530077
2048,NWMT_0_US-MT,1.530077
2048,NWMT_0_US-WY,1.530077
2048,NYIS_A_US-NY,1.417516
2048,NYIS_A_US-PA,1.417516
2048,NYIS_B_US-NY,1.400599
2048,NYIS_C_US-NY,1.401499
2048,NYIS_D_US-NY,1.377193
2048,NYIS_E_US-NY,1.394265
2048,NYIS_F_US-NY,1.387704
2048,NYIS_G_US-NJ,1.430959
2048,NYIS_G_US-NY,1.430959
2048,NYIS_G_US-PA,1.430959
2048,NYIS_H_US-NY,1.410219
2048,NYIS_I_US-NY,1.399718
2048,NYIS_J_US-NJ,1.334171
2048,NYIS_J_US-NY,1.334171
2048,NYIS_K_US-NY,1.334831
2048,PACE_0_US-AZ,1.532946
2048,PACE_0_US-CO,1.532946
2048,PACE_0_US-ID,1.532946
2048,PACE_0_US-MT,1.532946
2048,PACE_0_US-NV,1.532946
2048,PACE_0_US-UT,1.532946
2048,PACE_0_US-WY,1.532946
2048,PACW_0_US-CA,1.39552
2048,PACW_0_US-OR,1.39552
2048,PACW_0_US-WA,1.39552
2048,PGE_0_US-OR,1.475956
2048,PGE_0_US-WA,1.475956
2048,PJM_AE_US-NJ,1.619813
2048,PJM_AEP_US-IN,1.295354
2048,PJM_AEP_US-KY,1.295354
2048,PJM_AEP_US-MI,1.295354
2048,PJM_AEP_US-OH,1.295354
2048,PJM_AEP_US-TN,1.295354
2048,PJM_AEP_US-VA,1.295354
2048,PJM_AEP_US-WV,1.295354
2048,PJM_AP_US-MD,1.408496
2048,PJM_AP_US-OH,1.408496
2048,PJM_AP_US-PA,1.408496
2048,PJM_AP_US-VA,1.408496
2048,PJM_AP_US-WV,1.408496
2048,PJM_ATSI_US-OH,1.30139
2048,PJM_ATSI_US-PA,1.30139
2048,PJM_BC_US-MD,1.710011
2048,PJM_CE_US-IL,1.370543
2048,PJM_CE_US-IN,1.370543
2048,PJM_DAY_US-OH,1.271723
2048,PJM_DEOK_US-KY,1.315293
2048,PJM_DEOK_US-OH,1.315293
2048,PJM_DOM_US-NC,1.518567
2048,PJM_DOM_US-VA,1.518567
2048,PJM_DOM_US-WV,1.518567
2048,PJM_DPL_US-DE,1.754912
2048,PJM_DPL_US-MD,1.754912
2048,PJM_DPL_US-NJ,1.754912
2048,PJM_DPL_US-PA,1.754912
2048,PJM_DPL_US-VA,1.754912
2048,PJM_DUQ_US-PA,1.291107
2048,PJM_EKPC_US-KY,1.282303
2048,PJM_JC_US-NJ,1.564785
2048,PJM_JC_US-NY,1.564785
2048,PJM_ME_US-PA,1.268014
2048,PJM_PE_US-DE,1.262227
2048,PJM_PE_US-MD,1.262227
2048,PJM_PE_US-NJ,1.262227
2048,PJM_PE_US-PA,1.262227
2048,PJM_PEP_US-DC,0.860657
2048,PJM_PEP_US-MD,0.860657
2048,PJM_PEP_US-VA,0.860657
2048,PJM_PL_US-MD,1.249283
2048,PJM_PL_US-PA,1.249283
2048,PJM_PN_US-MD,1.210634
2048,PJM_PN_US-PA,1.210634
2048,PJM_PS_US-NJ,1.661268
2048,PJM_PS_US-PA,1.661268
2048,PJM_RECO_US-NJ,3.162162
2048,PNM_ACMA_US-NM,1
2048,PNM_CYGA_US-NM,1
2048,PNM_Frep_US-NM,1.261905
2048,PNM_Jica_US-NM,1.25
2048,PNM_KAFB_US-NM,1.211268
2048,PNM_KCEC_US-NM,1.206349
2048,PNM_LAC_US-NM,1.134831
2048,PNM_NTUA_US-NM,0
2048,PNM_PNM_US-NM,1.614821
2048,PNM_TSGT_US-AZ,0.755668
2048,PNM_TSGT_US-NM,0.755668
2048,PSCO_0_US-CO,1.720593
2048,PSCO_0_US-WY,1.720593
2048,PSEI_0_US-WA,1.757739
2048,SC_0_US-SC,1.325998
2048,SCEG_0_US-GA,1.258446
2048,SCEG_0_US-SC,1.258446
2048,SCL_0_US-WA,1.566118
2048,SEC_0_US-FL,1.128409
2048,SEPA_0_US-GA,1
2048,SEPA_0_US-SC,1
2048,SOCO_0_US-AL,1.327232
2048,SOCO_0_US-FL,1.327232
2048,SOCO_0_US-GA,1.327232
2048,SOCO_0_US-MS,1.327232
2048,SOCO_0_US-SC,1.327232
2048,SPA_0_US-AR,3.505556
2048,SPA_0_US-MO,3.505556
2048,SPA_0_US-OK,3.505556
2048,SPA_0_US-TX,3.505556
2048,SPC_0_CA-SK,0
2048,SRP_0_US-AZ,1.466293
2048,SWPP_CSWS_US-AR,1.344469
2048,SWPP_CSWS_US-LA,1.344469
2048,SWPP_CSWS_US-OK,1.344469
2048,SWPP_CSWS_US-TX,1.344469
2048,SWPP_EDE_US-AR,1.479218
2048,SWPP_EDE_US-KS,1.479218
2048,SWPP_EDE_US-MO,1.479218
2048,SWPP_EDE_US-OK,1.479218
2048,SWPP_GRDA_US-AR,0.901147
2048,SWPP_GRDA_US-KS,0.901147
2048,SWPP_GRDA_US-OK,0.901147
2048,SWPP_INDN_US-MO,1.395522
2048,SWPP_KACY_US-KS,1.327044
2048,SWPP_KCPL_US-KS,1.355718
2048,SWPP_KCPL_US-MO,1.355718
2048,SWPP_LES_US-NE,2.490145
2048,SWPP_MPS_US-MO,1.384856
2048,SWPP_NPPD_US-CO,1.712985
2048,SWPP_NPPD_US-NE,1.712985
2048,SWPP_NPPD_US-SD,1.712985
2048,SWPP_OKGE_US-AR,1.265533
2048,SWPP_OKGE_US-OK,1.265533
2048,SWPP_OKGE_US-TX,1.265533
2048,SWPP_OPPD_US-NE,2.490758
2048,SWPP_SECI_US-KS,1.549038
2048,SWPP_SPRM_US-MO,1.382275
2048,SWPP_SPS_US-CO,1.476895
2048,SWPP_SPS_US-KS,1.476895
2048,SWPP_SPS_US-NM,1.476895
2048,SWPP_SPS_US-OK,1.476895
2048,SWPP_SPS_US-TX,1.476895
2048,SWPP_WAUE_US-IA,1.186877
2048,SWPP_WAUE_US-MN,1.186877
2048,SWPP_WAUE_US-MT,1.186877
2048,SWPP_WAUE_US-ND,1.186877
2048,SWPP_WAUE_US-NE,1.186877
2048,SWPP_WAUE_US-SD,1.186877
2048,SWPP_WAUE_US-WY,1.186877
2048,SWPP_WFEC_US-KS,1.202891
2048,SWPP_WFEC_US-OK,1.202891
2048,SWPP_WFEC_US-TX,1.202891
2048,SWPP_WR_US-KS,1.023377
2048,SWPP_WR_US-MO,1.023377
2048,TAL_0_US-FL,1.366086
2048,TEC_0_US-FL,1.344259
2048,TEPC_0_MX-SON,1.421474
2048,TEPC_0_US-AZ,1.421474
2048,TEPC_0_US-NM,1.421474
2048,TIDC_0_US-CA,1.156573
2048,TPWR_0_US-WA,1.569215
2048,TVA_0_US-AL,1.350396
2048,TVA_0_US-GA,1.350396
2048,TVA_0_US-KY,1.350396
2048,TVA_0_US-MS,1.350396
2048,TVA_0_US-NC,1.350396
2048,TVA_0_US-TN,1.350396
2048,TVA_0_US-VA,1.350396
2048,WACM_0_US-AZ,2.035535
2048,WACM_0_US-CO,2.035535
2048,WACM_0_US-MT,2.035535
2048,WACM_0_US-NE,2.035535
2048,WACM_0_US-NM,2.035535
2048,WACM_0_US-SD,2.035535
2048,WACM_0_US-UT,2.035535
2048,WACM_0_US-WY,2.035535
2048,WALC_0_US-AZ,1.706377
2048,WALC_0_US-CA,1.706377
2048,WALC_0_US-NV,1.706377
2048,WAUW_0_US-MT,2.021277
2048,WWA_0_US-MT,1
2048,YAD_0_US-NC,1
2049,AEC_0_US-AL,0
2049,AEC_0_US-FL,0
2049,AECI_0_US-AR,0
2049,AECI_0_US-IA,0
2049,AECI_0_US-MO,0
2049,AECI_0_US-OK,0
2049,AESO_CENT_CA-AB,0
2049,AESO_CGY_CA-AB,0
2049,AESO_EDM_CA-AB,0
2049,AESO_NE_CA-AB,0
2049,AESO_NW_CA-AB,0
2049,AESO_NW_CA-BC,0
2049,AESO_SOUT_CA-AB,0
2049,AVA_0_US-ID,1.418419
2049,AVA_0_US-MT,1.418419
2049,AVA_0_US-OR,1.418419
2049,AVA_0_US-WA,1.418419
2049,AVRN_0_US-OR,1
2049,AVRN_0_US-WA,1
2049,AZPS_0_US-AZ,1.614832
2049,AZPS_0_US-CA,1.614832
2049,AZPS_0_US-NM,1.614832
2049,AZPS_0_US-NV,1.614832
2049,BANC_0_US-CA,1.378564
2049,BCHA_0_CA-BC,0
2049,BPAT_0_CA-BC,1.52277
2049,BPAT_0_US-CA,1.52277
2049,BPAT_0_US-ID,1.52277
2049,BPAT_0_US-MT,1.52277
2049,BPAT_0_US-OR,1.52277
2049,BPAT_0_US-WA,1.52277
2049,CEN_0_MX-COA,0
2049,CEN_0_MX-NLE,0
2049,CENB_0_MX-BCN,0
2049,CENB_0_MX-SON,0
2049,CHPD_0_US-WA,1.536735
2049,CISO_PGAE_US-CA,2.105484
2049,CISO_PGAE_US-OR,2.105484
2049,CISO_SCE_US-AZ,1.756359
2049,CISO_SCE_US-CA,1.756359
2049,CISO_SCE_US-NV,1.756359
2049,CISO_SDGE_MX-BCN,1.891863
2049,CISO_SDGE_US-AZ,1.891863
2049,CISO_SDGE_US-CA,1.891863
2049,CISO_VEA_US-NV,1.331126
2049,CPLE_0_US-NC,1.413209
2049,CPLE_0_US-SC,1.413209
2049,CPLW_0_US-NC,1.01992
2049,DEAA_0_US-AZ,1
2049,DOPD_0_US-WA,1.546039
2049,DUK_0_US-NC,1.377056
2049,DUK_0_US-SC,1.377056
2049,DUK_0_US-VA,1.377056
2049,EPE_0_US-NM,1.510721
2049,EPE_0_US-TX,1.510721
2049,ERCO_COAS_US-TX,1.463534
2049,ERCO_EAST_US-TX,2.1275
2049,ERCO_FWES_US-TX,1.420529
2049,ERCO_NCEN_US-TX,1.470814
2049,ERCO_NRTH_US-OK,1.613571
2049,ERCO_NRTH_US-TX,1.613571
2049,ERCO_SCEN_US-TX,1.545297
2049,ERCO_SOUT_US-TX,1.489618
2049,ERCO_WEST_US-TX,2.43025
2049,FMPP_0_US-FL,1.194724
2049,FPC_0_US-FL,1.143389
2049,FPL_0_US-FL,1.354936
2049,GCPD_0_US-WA,1.578669
2049,GLHB_0_US-IL,1
2049,GRID_0_US-NM,1
2049,GRID_0_US-OR,1
2049,GRID_0_US-WA,1
2049,GRIF_0_US-AZ,1
2049,GVL_0_US-FL,1.302655
2049,GWA_0_US-MT,1
2049,HGMA_0_US-AZ,1
2049,HQT_0_CA-NL,1
2049,HQT_0_CA-QC,1
2049,HST_0_US-FL,1.465517
2049,IESO_0_CA-ON,0
2049,IID_0_US-AZ,1.421006
2049,IID_0_US-CA,1.421006
2049,IPCO_0_US-ID,1.372756
2049,IPCO_0_US-NV,1.372756
2049,IPCO_0_US-OR,1.372756
2049,IPCO_0_US-UT,1.372756
2049,ISNE_4001_US-ME,1.525795
2049,ISNE_4002_US-ME,1.527214
2049,ISNE_4002_US-NH,1.527214
2049,ISNE_4002_US-VT,1.527214
2049,ISNE_4003_US-NH,1.920993
2049,ISNE_4003_US-NY,1.920993
2049,ISNE_4003_US-VT,1.920993
2049,ISNE_4004_US-CT,1.535252
2049,ISNE_4005_US-MA,1.520981
2049,ISNE_4005_US-RI,1.520981
2049,ISNE_4006_US-MA,1.713955
2049,ISNE_4006_US-RI,1.713955
2049,ISNE_4007_US-MA,1.706876
2049,ISNE_4007_US-NY,1.706876
2049,ISNE_4007_US-VT,1.706876
2049,ISNE_4008_US-MA,1.688506
2049,ISNE_4008_US-NH,1.688506
2049,JEA_0_US-FL,1.445778
2049,LDWP_0_US-AZ,1.367535
2049,LDWP_0_US-CA,1.367535
2049,LDWP_0_US-NV,1.367535
2049,LDWP_0_US-UT,1.367535
2049,LGEE_0_US-IN,1.223123
2049,LGEE_0_US-KY,1.223123
2049,LGEE_0_US-VA,1.223123
2049,MHEB_0_CA-MB,0
2049,MISO_01_US-IA,1.641419
2049,MISO_01_US-IL,1.641419
2049,MISO_01_US-MI,1.641419
2049,MISO_01_US-MN,1.641419
2049,MISO_01_US-MT,1.641419
2049,MISO_01_US-ND,1.641419
2049,MISO_01_US-SD,1.641419
2049,MISO_01_US-WI,1.641419
2049,MISO_02_US-IA,1.506939
2049,MISO_02_US-IL,1.506939
2049,MISO_02_US-MI,1.506939
2049,MISO_02_US-MN,1.506939
2049,MISO_02_US-WI,1.506939
2049,MISO_03_US-IA,1.660671
2049,MISO_03_US-IL,1.660671
2049,MISO_03_US-MN,1.660671
2049,MISO_03_US-MO,1.660671
2049,MISO_03_US-SD,1.660671
2049,MISO_04_US-IL,1.371558
2049,MISO_04_US-KY,1.371558
2049,MISO_04_US-MO,1.371558
2049,MISO_05_US-IA,1.34242
2049,MISO_05_US-IL,1.34242
2049,MISO_05_US-MO,1.34242
2049,MISO_06_US-IL,1.373811
2049,MISO_06_US-IN,1.373811
2049,MISO_06_US-KY,1.373811
2049,MISO_06_US-OH,1.373811
2049,MISO_07_US-MI,1.421189
2049,MISO_08_US-AR,1.316535
2049,MISO_08_US-MO,1.316535
2049,MISO_09_US-LA,1.321943
2049,MISO_09_US-TX,1.321943
2049,MISO_10_US-MS,1.36643
2049,MISO_10_US-TN,1.36643
2049,NBSO_0_CA-NB,6.10468
2049,NBSO_0_CA-PE,6.10468
2049,NBSO_0_US-ME,6.10468
2049,NEVP_0_US-CA,1.538527
2049,NEVP_0_US-NV,1.538527
2049,NEVP_0_US-OR,1.538527
2049,NSPI_0_CA-NS,6.10468
2049,NWMT_0_US-ID,1.554138
2049,NWMT_0_US-MT,1.554138
2049,NWMT_0_US-WY,1.554138
2049,NYIS_A_US-NY,1.434504
2049,NYIS_A_US-PA,1.434504
2049,NYIS_B_US-NY,1.417582
2049,NYIS_C_US-NY,1.418273
2049,NYIS_D_US-NY,1.393484
2049,NYIS_E_US-NY,1.410753
2049,NYIS_F_US-NY,1.404433
2049,NYIS_G_US-NJ,1.448109
2049,NYIS_G_US-NY,1.448109
2049,NYIS_G_US-PA,1.448109
2049,NYIS_H_US-NY,1.426277
2049,NYIS_I_US-NY,1.416667
2049,NYIS_J_US-NJ,1.350304
2049,NYIS_J_US-NY,1.350304
2049,NYIS_K_US-NY,1.35085
2049,PACE_0_US-AZ,1.558093
2049,PACE_0_US-CO,1.558093
2049,PACE_0_US-ID,1.558093
2049,PACE_0_US-MT,1.558093
2049,PACE_0_US-NV,1.558093
2049,PACE_0_US-UT,1.558093
2049,PACE_0_US-WY,1.558093
2049,PACW_0_US-CA,1.416085
2049,PACW_0_US-OR,1.416085
2049,PACW_0_US-WA,1.416085
2049,PGE_0_US-OR,1.497652
2049,PGE_0_US-WA,1.497652
2049,PJM_AE_US-NJ,1.641495
2049,PJM_AEP_US-IN,1.311248
2049,PJM_AEP_US-KY,1.311248
2049,PJM_AEP_US-MI,1.311248
2049,PJM_AEP_US-OH,1.311248
2049,PJM_AEP_US-TN,1.311248
2049,PJM_AEP_US-VA,1.311248
2049,PJM_AEP_US-WV,1.311248
2049,PJM_AP_US-MD,1.425799
2049,PJM_AP_US-OH,1.425799
2049,PJM_AP_US-PA,1.425799
2049,PJM_AP_US-VA,1.425799
2049,PJM_AP_US-WV,1.425799
2049,PJM_ATSI_US-OH,1.315769
2049,PJM_ATSI_US-PA,1.315769
2049,PJM_BC_US-MD,1.732189
2049,PJM_CE_US-IL,1.385305
2049,PJM_CE_US-IN,1.385305
2049,PJM_DAY_US-OH,1.285757
2049,PJM_DEOK_US-KY,1.330002
2049,PJM_DEOK_US-OH,1.330002
2049,PJM_DOM_US-NC,1.548773
2049,PJM_DOM_US-VA,1.548773
2049,PJM_DOM_US-WV,1.548773
2049,PJM_DPL_US-DE,1.77733
2049,PJM_DPL_US-MD,1.77733
2049,PJM_DPL_US-NJ,1.77733
2049,PJM_DPL_US-PA,1.77733
2049,PJM_DPL_US-VA,1.77733
2049,PJM_DUQ_US-PA,1.305626
2049,PJM_EKPC_US-KY,1.297753
2049,PJM_JC_US-NJ,1.585672
2049,PJM_JC_US-NY,1.585672
2049,PJM_ME_US-PA,1.282035
2049,PJM_PE_US-DE,1.276235
2049,PJM_PE_US-MD,1.276235
2049,PJM_PE_US-NJ,1.276235
2049,PJM_PE_US-PA,1.276235
2049,PJM_PEP_US-DC,0.871778
2049,PJM_PEP_US-MD,0.871778
2049,PJM_PEP_US-VA,0.871778
2049,PJM_PL_US-MD,1.26311
2049,PJM_PL_US-PA,1.26311
2049,PJM_PN_US-MD,1.223926
2049,PJM_PN_US-PA,1.223926
2049,PJM_PS_US-NJ,1.683327
2049,PJM_PS_US-PA,1.683327
2049,PJM_RECO_US-NJ,3.209459
2049,PNM_ACMA_US-NM,1
2049,PNM_CYGA_US-NM,1
2049,PNM_Frep_US-NM,1.285714
2049,PNM_Jica_US-NM,1.25
2049,PNM_KAFB_US-NM,1.225352
2049,PNM_KCEC_US-NM,1.222222
2049,PNM_LAC_US-NM,1.157303
2049,PNM_NTUA_US-NM,0
2049,PNM_PNM_US-NM,1.635662
2049,PNM_TSGT_US-AZ,0.765743
2049,PNM_TSGT_US-NM,0.765743
2049,PSCO_0_US-CO,1.746473
2049,PSCO_0_US-WY,1.746473
2049,PSEI_0_US-WA,1.783903
2049,SC_0_US-SC,1.343042
2049,SCEG_0_US-GA,1.274586
2049,SCEG_0_US-SC,1.274586
2049,SCL_0_US-WA,1.589485
2049,SEC_0_US-FL,1.143389
2049,SEPA_0_US-GA,1
2049,SEPA_0_US-SC,1
2049,SOCO_0_US-AL,1.344826
2049,SOCO_0_US-FL,1.344826
2049,SOCO_0_US-GA,1.344826
2049,SOCO_0_US-MS,1.344826
2049,SOCO_0_US-SC,1.344826
2049,SPA_0_US-AR,3.544444
2049,SPA_0_US-MO,3.544444
2049,SPA_0_US-OK,3.544444
2049,SPA_0_US-TX,3.544444
2049,SPC_0_CA-SK,0
2049,SRP_0_US-AZ,1.489634
2049,SWPP_CSWS_US-AR,1.363063
2049,SWPP_CSWS_US-LA,1.363063
2049,SWPP_CSWS_US-OK,1.363063
2049,SWPP_CSWS_US-TX,1.363063
2049,SWPP_EDE_US-AR,1.497148
2049,SWPP_EDE_US-KS,1.497148
2049,SWPP_EDE_US-MO,1.497148
2049,SWPP_EDE_US-OK,1.497148
2049,SWPP_GRDA_US-AR,0.913504
2049,SWPP_GRDA_US-KS,0.913504
2049,SWPP_GRDA_US-OK,0.913504
2049,SWPP_INDN_US-MO,1.410448
2049,SWPP_KACY_US-KS,1.341719
2049,SWPP_KCPL_US-KS,1.372015
2049,SWPP_KCPL_US-MO,1.372015
2049,SWPP_LES_US-NE,2.575558
2049,SWPP_MPS_US-MO,1.402089
2049,SWPP_NPPD_US-CO,1.771084
2049,SWPP_NPPD_US-NE,1.771084
2049,SWPP_NPPD_US-SD,1.771084
2049,SWPP_OKGE_US-AR,1.282692
2049,SWPP_OKGE_US-OK,1.282692
2049,SWPP_OKGE_US-TX,1.282692
2049,SWPP_OPPD_US-NE,2.575255
2049,SWPP_SECI_US-KS,1.566453
2049,SWPP_SPRM_US-MO,1.399471
2049,SWPP_SPS_US-CO,1.499726
2049,SWPP_SPS_US-KS,1.499726
2049,SWPP_SPS_US-NM,1.499726
2049,SWPP_SPS_US-OK,1.499726
2049,SWPP_SPS_US-TX,1.499726
2049,SWPP_WAUE_US-IA,1.212804
2049,SWPP_WAUE_US-MN,1.212804
2049,SWPP_WAUE_US-MT,1.212804
2049,SWPP_WAUE_US-ND,1.212804
2049,SWPP_WAUE_US-NE,1.212804
2049,SWPP_WAUE_US-SD,1.212804
2049,SWPP_WAUE_US-WY,1.212804
2049,SWPP_WFEC_US-KS,1.219486
2049,SWPP_WFEC_US-OK,1.219486
2049,SWPP_WFEC_US-TX,1.219486
2049,SWPP_WR_US-KS,1.034842
2049,SWPP_WR_US-MO,1.034842
2049,TAL_0_US-FL,1.383518
2049,TEC_0_US-FL,1.362096
2049,TEPC_0_MX-SON,1.444014
2049,TEPC_0_US-AZ,1.444014
2049,TEPC_0_US-NM,1.444014
2049,TIDC_0_US-CA,1.172821
2049,TPWR_0_US-WA,1.591942
2049,TVA_0_US-AL,1.367469
2049,TVA_0_US-GA,1.367469
2049,TVA_0_US-KY,1.367469
2049,TVA_0_US-MS,1.367469
2049,TVA_0_US-NC,1.367469
2049,TVA_0_US-TN,1.367469
2049,TVA_0_US-VA,1.367469
2049,WACM_0_US-AZ,2.071256
2049,WACM_0_US-CO,2.071256
2049,WACM_0_US-MT,2.071256
2049,WACM_0_US-NE,2.071256
2049,WACM_0_US-NM,2.071256
2049,WACM_0_US-SD,2.071256
2049,WACM_0_US-UT,2.071256
2049,WACM_0_US-WY,2.071256
2049,WALC_0_US-AZ,1.732575
2049,WALC_0_US-CA,1.732575
2049,WALC_0_US-NV,1.732575
2049,WAUW_0_US-MT,2.047872
2049,WWA_0_US-MT,1
2049,YAD_0_US-NC,1
2050,AEC_0_US-AL,0
2050,AEC_0_US-FL,0
2050,AECI_0_US-AR,0
2050,AECI_0_US-IA,0
2050,AECI_0_US-MO,0
2050,AECI_0_US-OK,0
2050,AESO_CENT_CA-AB,0
2050,AESO_CGY_CA-AB,0
2050,AESO_EDM_CA-AB,0
2050,AESO_NE_CA-AB,0
2050,AESO_NW_CA-AB,0
2050,AESO_NW_CA-BC,0
2050,AESO_SOUT_CA-AB,0
2050,AVA_0_US-ID,1.439445
2050,AVA_0_US-MT,1.439445
2050,AVA_0_US-OR,1.439445
2050,AVA_0_US-WA,1.439445
2050,AVRN_0_US-OR,1
2050,AVRN_0_US-WA,1
2050,AZPS_0_US-AZ,1.640446
2050,AZPS_0_US-CA,1.640446
2050,AZPS_0_US-NM,1.640446
2050,AZPS_0_US-NV,1.640446
2050,BANC_0_US-CA,1.398451
2050,BCHA_0_CA-BC,0
2050,BPAT_0_CA-BC,1.545392
2050,BPAT_0_US-CA,1.545392
2050,BPAT_0_US-ID,1.545392
2050,BPAT_0_US-MT,1.545392
2050,BPAT_0_US-OR,1.545392
2050,BPAT_0_US-WA,1.545392
2050,CEN_0_MX-COA,0
2050,CEN_0_MX-NLE,0
2050,CENB_0_MX-BCN,0
2050,CENB_0_MX-SON,0
2050,CHPD_0_US-WA,1.559184
2050,CISO_PGAE_US-CA,2.135859
2050,CISO_PGAE_US-OR,2.135859
2050,CISO_SCE_US-AZ,1.781701
2050,CISO_SCE_US-CA,1.781701
2050,CISO_SCE_US-NV,1.781701
2050,CISO_SDGE_MX-BCN,1.919167
2050,CISO_SDGE_US-AZ,1.919167
2050,CISO_SDGE_US-CA,1.919167
2050,CISO_VEA_US-NV,1.350993
2050,CPLE_0_US-NC,1.432769
2050,CPLE_0_US-SC,1.432769
2050,CPLW_0_US-NC,1.033865
2050,DEAA_0_US-AZ,1
2050,DOPD_0_US-WA,1.569593
2050,DUK_0_US-NC,1.395864
2050,DUK_0_US-SC,1.395864
2050,DUK_0_US-VA,1.395864
2050,EPE_0_US-NM,1.5346
2050,EPE_0_US-TX,1.5346
2050,ERCO_COAS_US-TX,1.488037
2050,ERCO_EAST_US-TX,2.163125
2050,ERCO_FWES_US-TX,1.444233
2050,ERCO_NCEN_US-TX,1.49542
2050,ERCO_NRTH_US-OK,1.64052
2050,ERCO_NRTH_US-TX,1.64052
2050,ERCO_SCEN_US-TX,1.571181
2050,ERCO_SOUT_US-TX,1.514502
2050,ERCO_WEST_US-TX,2.471
2050,FMPP_0_US-FL,1.210498
2050,FPC_0_US-FL,1.158542
2050,FPL_0_US-FL,1.372924
2050,GCPD_0_US-WA,1.601901
2050,GLHB_0_US-IL,1
2050,GRID_0_US-NM,1
2050,GRID_0_US-OR,1
2050,GRID_0_US-WA,1
2050,GRIF_0_US-AZ,1
2050,GVL_0_US-FL,1.320354
2050,GWA_0_US-MT,1
2050,HGMA_0_US-AZ,1
2050,HQT_0_CA-NL,1
2050,HQT_0_CA-QC,1
2050,HST_0_US-FL,1.482759
2050,IESO_0_CA-ON,0
2050,IID_0_US-AZ,1.441306
2050,IID_0_US-CA,1.441306
2050,IPCO_0_US-ID,1.392427
2050,IPCO_0_US-NV,1.392427
2050,IPCO_0_US-OR,1.392427
2050,IPCO_0_US-UT,1.392427
2050,ISNE_4001_US-ME,1.545142
2050,ISNE_4002_US-ME,1.546304
2050,ISNE_4002_US-NH,1.546304
2050,ISNE_4002_US-VT,1.546304
2050,ISNE_4003_US-NH,1.944695
2050,ISNE_4003_US-NY,1.944695
2050,ISNE_4003_US-VT,1.944695
2050,ISNE_4004_US-CT,1.55234
2050,ISNE_4005_US-MA,1.537875
2050,ISNE_4005_US-RI,1.537875
2050,ISNE_4006_US-MA,1.736537
2050,ISNE_4006_US-RI,1.736537
2050,ISNE_4007_US-MA,1.729192
2050,ISNE_4007_US-NY,1.729192
2050,ISNE_4007_US-VT,1.729192
2050,ISNE_4008_US-MA,1.710728
2050,ISNE_4008_US-NH,1.710728
2050,JEA_0_US-FL,1.464756
2050,LDWP_0_US-AZ,1.38726
2050,LDWP_0_US-CA,1.38726
2050,LDWP_0_US-NV,1.38726
2050,LDWP_0_US-UT,1.38726
2050,LGEE_0_US-IN,1.238082
2050,LGEE_0_US-KY,1.238082
2050,LGEE_0_US-VA,1.238082
2050,MHEB_0_CA-MB,0
2050,MISO_01_US-IA,1.67048
2050,MISO_01_US-IL,1.67048
2050,MISO_01_US-MI,1.67048
2050,MISO_01_US-MN,1.67048
2050,MISO_01_US-MT,1.67048
2050,MISO_01_US-ND,1.67048
2050,MISO_01_US-SD,1.67048
2050,MISO_01_US-WI,1.67048
2050,MISO_02_US-IA,1.523673
2050,MISO_02_US-IL,1.523673
2050,MISO_02_US-MI,1.523673
2050,MISO_02_US-MN,1.523673
2050,MISO_02_US-WI,1.523673
2050,MISO_03_US-IA,1.692922
2050,MISO_03_US-IL,1.692922
2050,MISO_03_US-MN,1.692922
2050,MISO_03_US-MO,1.692922
2050,MISO_03_US-SD,1.692922
2050,MISO_04_US-IL,1.386343
2050,MISO_04_US-KY,1.386343
2050,MISO_04_US-MO,1.386343
2050,MISO_05_US-IA,1.359152
2050,MISO_05_US-IL,1.359152
2050,MISO_05_US-MO,1.359152
2050,MISO_06_US-IL,1.388682
2050,MISO_06_US-IN,1.388682
2050,MISO_06_US-KY,1.388682
2050,MISO_06_US-OH,1.388682
2050,MISO_07_US-MI,1.435459
2050,MISO_08_US-AR,1.332603
2050,MISO_08_US-MO,1.332603
2050,MISO_09_US-LA,1.338494
2050,MISO_09_US-TX,1.338494
2050,MISO_10_US-MS,1.382936
2050,MISO_10_US-TN,1.382936
2050,NBSO_0_CA-NB,6.181034
2050,NBSO_0_CA-PE,6.181034
2050,NBSO_0_US-ME,6.181034
2050,NEVP_0_US-CA,1.562146
2050,NEVP_0_US-NV,1.562146
2050,NEVP_0_US-OR,1.562146
2050,NSPI_0_CA-NS,6.181034
2050,NWMT_0_US-ID,1.578199
2050,NWMT_0_US-MT,1.578199
2050,NWMT_0_US-WY,1.578199
2050,NYIS_A_US-NY,1.451869
2050,NYIS_A_US-PA,1.451869
2050,NYIS_B_US-NY,1.434565
2050,NYIS_C_US-NY,1.435403
2050,NYIS_D_US-NY,1.411028
2050,NYIS_E_US-NY,1.427957
2050,NYIS_F_US-NY,1.421581
2050,NYIS_G_US-NJ,1.465699
2050,NYIS_G_US-NY,1.465699
2050,NYIS_G_US-PA,1.465699
2050,NYIS_H_US-NY,1.443796
2050,NYIS_I_US-NY,1.433616
2050,NYIS_J_US-NJ,1.366631
2050,NYIS_J_US-NY,1.366631
2050,NYIS_K_US-NY,1.367259
2050,PACE_0_US-AZ,1.583718
2050,PACE_0_US-CO,1.583718
2050,PACE_0_US-ID,1.583718
2050,PACE_0_US-MT,1.583718
2050,PACE_0_US-NV,1.583718
2050,PACE_0_US-UT,1.583718
2050,PACE_0_US-WY,1.583718
2050,PACW_0_US-CA,1.437018
2050,PACW_0_US-OR,1.437018
2050,PACW_0_US-WA,1.437018
2050,PGE_0_US-OR,1.519794
2050,PGE_0_US-WA,1.519794
2050,PJM_AE_US-NJ,1.663178
2050,PJM_AEP_US-IN,1.327324
2050,PJM_AEP_US-KY,1.327324
2050,PJM_AEP_US-MI,1.327324
2050,PJM_AEP_US-OH,1.327324
2050,PJM_AEP_US-TN,1.327324
2050,PJM_AEP_US-VA,1.327324
2050,PJM_AEP_US-WV,1.327324
2050,PJM_AP_US-MD,1.443323
2050,PJM_AP_US-OH,1.443323
2050,PJM_AP_US-PA,1.443323
2050,PJM_AP_US-VA,1.443323
2050,PJM_AP_US-WV,1.443323
2050,PJM_ATSI_US-OH,1.330226
2050,PJM_ATSI_US-PA,1.330226
2050,PJM_BC_US-MD,1.754671
2050,PJM_CE_US-IL,1.40016
2050,PJM_CE_US-IN,1.40016
2050,PJM_DAY_US-OH,1.299791
2050,PJM_DEOK_US-KY,1.344899
2050,PJM_DEOK_US-OH,1.344899
2050,PJM_DOM_US-NC,1.579564
2050,PJM_DOM_US-VA,1.579564
2050,PJM_DOM_US-WV,1.579564
2050,PJM_DPL_US-DE,1.799748
2050,PJM_DPL_US-MD,1.799748
2050,PJM_DPL_US-NJ,1.799748
2050,PJM_DPL_US-PA,1.799748
2050,PJM_DPL_US-VA,1.799748
2050,PJM_DUQ_US-PA,1.320145
2050,PJM_EKPC_US-KY,1.313202
2050,PJM_JC_US-NJ,1.606723
2050,PJM_JC_US-NY,1.606723
2050,PJM_ME_US-PA,1.296381
2050,PJM_PE_US-DE,1.29048
2050,PJM_PE_US-MD,1.29048
2050,PJM_PE_US-NJ,1.29048
2050,PJM_PE_US-PA,1.29048
2050,PJM_PEP_US-DC,0.883067
2050,PJM_PEP_US-MD,0.883067
2050,PJM_PEP_US-VA,0.883067
2050,PJM_PL_US-MD,1.277198
2050,PJM_PL_US-PA,1.277198
2050,PJM_PN_US-MD,1.23756
2050,PJM_PN_US-PA,1.23756
2050,PJM_PS_US-NJ,1.705684
2050,PJM_PS_US-PA,1.705684
2050,PJM_RECO_US-NJ,3.25
2050,PNM_ACMA_US-NM,1
2050,PNM_CYGA_US-NM,1
2050,PNM_Frep_US-NM,1.297619
2050,PNM_Jica_US-NM,1.25
2050,PNM_KAFB_US-NM,1.239437
2050,PNM_KCEC_US-NM,1.238095
2050,PNM_LAC_US-NM,1.168539
2050,PNM_NTUA_US-NM,0
2050,PNM_PNM_US-NM,1.656889
2050,PNM_TSGT_US-AZ,0.775819
2050,PNM_TSGT_US-NM,0.775819
2050,PSCO_0_US-CO,1.77276
2050,PSCO_0_US-WY,1.77276
2050,PSEI_0_US-WA,1.810465
2050,SC_0_US-SC,1.360518
2050,SCEG_0_US-GA,1.291156
2050,SCEG_0_US-SC,1.291156
2050,SCL_0_US-WA,1.612852
2050,SEC_0_US-FL,1.158542
2050,SEPA_0_US-GA,1
2050,SEPA_0_US-SC,1
2050,SOCO_0_US-AL,1.362664
2050,SOCO_0_US-FL,1.362664
2050,SOCO_0_US-GA,1.362664
2050,SOCO_0_US-MS,1.362664
2050,SOCO_0_US-SC,1.362664
2050,SPA_0_US-AR,3.588889
2050,SPA_0_US-MO,3.588889
2050,SPA_0_US-OK,3.588889
2050,SPA_0_US-TX,3.588889
2050,SPC_0_CA-SK,0
2050,SRP_0_US-AZ,1.513235
2050,SWPP_CSWS_US-AR,1.381868
2050,SWPP_CSWS_US-LA,1.381868
2050,SWPP_CSWS_US-OK,1.381868
2050,SWPP_CSWS_US-TX,1.381868
2050,SWPP_EDE_US-AR,1.515892
2050,SWPP_EDE_US-KS,1.515892
2050,SWPP_EDE_US-MO,1.515892
2050,SWPP_EDE_US-OK,1.515892
2050,SWPP_GRDA_US-AR,0.925861
2050,SWPP_GRDA_US-KS,0.925861
2050,SWPP_GRDA_US-OK,0.925861
2050,SWPP_INDN_US-MO,1.429104
2050,SWPP_KACY_US-KS,1.356394
2050,SWPP_KCPL_US-KS,1.388311
2050,SWPP_KCPL_US-MO,1.388311
2050,SWPP_LES_US-NE,2.662286
2050,SWPP_MPS_US-MO,1.419843
2050,SWPP_NPPD_US-CO,1.831058
2050,SWPP_NPPD_US-NE,1.831058
2050,SWPP_NPPD_US-SD,1.831058
2050,SWPP_OKGE_US-AR,1.3
2050,SWPP_OKGE_US-OK,1.3
2050,SWPP_OKGE_US-TX,1.3
2050,SWPP_OPPD_US-NE,2.662392
2050,SWPP_SECI_US-KS,1.583868
2050,SWPP_SPRM_US-MO,1.416667
2050,SWPP_SPS_US-CO,1.52274
2050,SWPP_SPS_US-KS,1.52274
2050,SWPP_SPS_US-NM,1.52274
2050,SWPP_SPS_US-OK,1.52274
2050,SWPP_SPS_US-TX,1.52274
2050,SWPP_WAUE_US-IA,1.23933
2050,SWPP_WAUE_US-MN,1.23933
2050,SWPP_WAUE_US-MT,1.23933
2050,SWPP_WAUE_US-ND,1.23933
2050,SWPP_WAUE_US-NE,1.23933
2050,SWPP_WAUE_US-SD,1.23933
2050,SWPP_WAUE_US-WY,1.23933
2050,SWPP_WFEC_US-KS,1.236081
2050,SWPP_WFEC_US-OK,1.236081
2050,SWPP_WFEC_US-TX,1.236081
2050,SWPP_WR_US-KS,1.046456
2050,SWPP_WR_US-MO,1.046456
2050,TAL_0_US-FL,1.402536
2050,TEC_0_US-FL,1.380156
2050,TEPC_0_MX-SON,1.467038
2050,TEPC_0_US-AZ,1.467038
2050,TEPC_0_US-NM,1.467038
2050,TIDC_0_US-CA,1.189069
2050,TPWR_0_US-WA,1.615702
2050,TVA_0_US-AL,1.384773
2050,TVA_0_US-GA,1.384773
2050,TVA_0_US-KY,1.384773
2050,TVA_0_US-MS,1.384773
2050,TVA_0_US-NC,1.384773
2050,TVA_0_US-TN,1.384773
2050,TVA_0_US-VA,1.384773
2050,WACM_0_US-AZ,2.107535
2050,WACM_0_US-CO,2.107535
2050,WACM_0_US-MT,2.107535
2050,WACM_0_US-NE,2.107535
2050,WACM_0_US-NM,2.107535
2050,WACM_0_US-SD,2.107535
2050,WACM_0_US-UT,2.107535
2050,WACM_0_US-WY,2.107535
2050,WALC_0_US-AZ,1.759268
2050,WALC_0_US-CA,1.759268
2050,WALC_0_US-NV,1.759268
2050,WAUW_0_US-MT,2.079787
2050,WWA_0_US-MT,1
2050,YAD_0_US-NC,1
