Year,Region,Load Growth Factor
2021,AEC_0_US-AL,1
2021,AEC_0_US-FL,1
2021,AECI_0_US-AR,1
2021,AECI_0_US-IA,1
2021,AECI_0_US-MO,1
2021,AECI_0_US-OK,1
2021,AESO_CENT_CA-AB,1
2021,AESO_CGY_CA-AB,1
2021,AESO_EDM_CA-AB,1
2021,AESO_NE_CA-AB,1
2021,AESO_NW_CA-AB,1
2021,AESO_NW_CA-BC,1
2021,AESO_SOUT_CA-AB,1
2021,AVA_0_US-ID,1
2021,AVA_0_US-MT,1
2021,AVA_0_US-OR,1
2021,AVA_0_US-WA,1
2021,AVRN_0_US-OR,1
2021,AVRN_0_US-WA,1
2021,AZPS_0_US-AZ,1
2021,AZPS_0_US-CA,1
2021,AZPS_0_US-NM,1
2021,AZPS_0_US-NV,1
2021,BANC_0_US-CA,1
2021,BCHA_0_CA-BC,1
2021,BPAT_0_CA-BC,1
2021,BPAT_0_US-CA,1
2021,BPAT_0_US-ID,1
2021,BPAT_0_US-MT,1
2021,BPAT_0_US-OR,1
2021,BPAT_0_US-WA,1
2021,CEN_0_MX-COA,1
2021,CEN_0_MX-NLE,1
2021,CENB_0_MX-BCN,1
2021,CENB_0_MX-SON,1
2021,CHPD_0_US-WA,1
2021,CISO_PGAE_US-CA,1
2021,CISO_PGAE_US-OR,1
2021,CISO_SCE_US-AZ,1
2021,CISO_SCE_US-CA,1
2021,CISO_SCE_US-NV,1
2021,CISO_SDGE_MX-BCN,1
2021,CISO_SDGE_US-AZ,1
2021,CISO_SDGE_US-CA,1
2021,CISO_VEA_US-NV,1
2021,CPLE_0_US-NC,1
2021,CPLE_0_US-SC,1
2021,CPLW_0_US-NC,1
2021,DEAA_0_US-AZ,1
2021,DOPD_0_US-WA,1
2021,DUK_0_US-NC,1
2021,DUK_0_US-SC,1
2021,DUK_0_US-VA,1
2021,EPE_0_US-NM,1
2021,EPE_0_US-TX,1
2021,ERCO_COAS_US-TX,1
2021,ERCO_EAST_US-TX,1
2021,ERCO_FWES_US-TX,1
2021,ERCO_NCEN_US-TX,1
2021,ERCO_NRTH_US-OK,1
2021,ERCO_NRTH_US-TX,1
2021,ERCO_SCEN_US-TX,1
2021,ERCO_SOUT_US-TX,1
2021,ERCO_WEST_US-TX,1
2021,FMPP_0_US-FL,1
2021,FPC_0_US-FL,1
2021,FPL_0_US-FL,1
2021,GCPD_0_US-WA,1
2021,GLHB_0_US-IL,1
2021,GRID_0_US-NM,1
2021,GRID_0_US-OR,1
2021,GRID_0_US-WA,1
2021,GRIF_0_US-AZ,1
2021,GVL_0_US-FL,1
2021,GWA_0_US-MT,1
2021,HGMA_0_US-AZ,1
2021,HQT_0_CA-NL,1
2021,HQT_0_CA-QC,1
2021,HST_0_US-FL,1
2021,IESO_0_CA-ON,1
2021,IID_0_US-AZ,1
2021,IID_0_US-CA,1
2021,IPCO_0_US-ID,1
2021,IPCO_0_US-NV,1
2021,IPCO_0_US-OR,1
2021,IPCO_0_US-UT,1
2021,ISNE_4001_US-ME,1
2021,ISNE_4002_US-ME,1
2021,ISNE_4002_US-NH,1
2021,ISNE_4002_US-VT,1
2021,ISNE_4003_US-NH,1
2021,ISNE_4003_US-NY,1
2021,ISNE_4003_US-VT,1
2021,ISNE_4004_US-CT,1
2021,ISNE_4005_US-MA,1
2021,ISNE_4005_US-RI,1
2021,ISNE_4006_US-MA,1
2021,ISNE_4006_US-RI,1
2021,ISNE_4007_US-MA,1
2021,ISNE_4007_US-NY,1
2021,ISNE_4007_US-VT,1
2021,ISNE_4008_US-MA,1
2021,ISNE_4008_US-NH,1
2021,JEA_0_US-FL,1
2021,LDWP_0_US-AZ,1
2021,LDWP_0_US-CA,1
2021,LDWP_0_US-NV,1
2021,LDWP_0_US-UT,1
2021,LGEE_0_US-IN,1
2021,LGEE_0_US-KY,1
2021,LGEE_0_US-VA,1
2021,MHEB_0_CA-MB,1
2021,MISO_01_US-IA,1
2021,MISO_01_US-IL,1
2021,MISO_01_US-MI,1
2021,MISO_01_US-MN,1
2021,MISO_01_US-MT,1
2021,MISO_01_US-ND,1
2021,MISO_01_US-SD,1
2021,MISO_01_US-WI,1
2021,MISO_02_US-IA,1
2021,MISO_02_US-IL,1
2021,MISO_02_US-MI,1
2021,MISO_02_US-MN,1
2021,MISO_02_US-WI,1
2021,MISO_03_US-IA,1
2021,MISO_03_US-IL,1
2021,MISO_03_US-MN,1
2021,MISO_03_US-MO,1
2021,MISO_03_US-SD,1
2021,MISO_04_US-IL,1
2021,MISO_04_US-KY,1
2021,MISO_04_US-MO,1
2021,MISO_05_US-IA,1
2021,MISO_05_US-IL,1
2021,MISO_05_US-MO,1
2021,MISO_06_US-IL,1
2021,MISO_06_US-IN,1
2021,MISO_06_US-KY,1
2021,MISO_06_US-OH,1
2021,MISO_07_US-MI,1
2021,MISO_08_US-AR,1
2021,MISO_08_US-MO,1
2021,MISO_09_US-LA,1
2021,MISO_09_US-TX,1
2021,MISO_10_US-MS,1
2021,MISO_10_US-TN,1
2021,NBSO_0_CA-NB,1
2021,NBSO_0_CA-PE,1
2021,NBSO_0_US-ME,1
2021,NEVP_0_US-CA,1
2021,NEVP_0_US-NV,1
2021,NEVP_0_US-OR,1
2021,NSPI_0_CA-NS,1
2021,NWMT_0_US-ID,1
2021,NWMT_0_US-MT,1
2021,NWMT_0_US-WY,1
2021,NYIS_A_US-NY,1
2021,NYIS_A_US-PA,1
2021,NYIS_B_US-NY,1
2021,NYIS_C_US-NY,1
2021,NYIS_D_US-NY,1
2021,NYIS_E_US-NY,1
2021,NYIS_F_US-NY,1
2021,NYIS_G_US-NJ,1
2021,NYIS_G_US-NY,1
2021,NYIS_G_US-PA,1
2021,NYIS_H_US-NY,1
2021,NYIS_I_US-NY,1
2021,NYIS_J_US-NJ,1
2021,NYIS_J_US-NY,1
2021,NYIS_K_US-NY,1
2021,PACE_0_US-AZ,1
2021,PACE_0_US-CO,1
2021,PACE_0_US-ID,1
2021,PACE_0_US-MT,1
2021,PACE_0_US-NV,1
2021,PACE_0_US-UT,1
2021,PACE_0_US-WY,1
2021,PACW_0_US-CA,1
2021,PACW_0_US-OR,1
2021,PACW_0_US-WA,1
2021,PGE_0_US-OR,1
2021,PGE_0_US-WA,1
2021,PJM_AE_US-NJ,1
2021,PJM_AEP_US-IN,1
2021,PJM_AEP_US-KY,1
2021,PJM_AEP_US-MI,1
2021,PJM_AEP_US-OH,1
2021,PJM_AEP_US-TN,1
2021,PJM_AEP_US-VA,1
2021,PJM_AEP_US-WV,1
2021,PJM_AP_US-MD,1
2021,PJM_AP_US-OH,1
2021,PJM_AP_US-PA,1
2021,PJM_AP_US-VA,1
2021,PJM_AP_US-WV,1
2021,PJM_ATSI_US-OH,1
2021,PJM_ATSI_US-PA,1
2021,PJM_BC_US-MD,1
2021,PJM_CE_US-IL,1
2021,PJM_CE_US-IN,1
2021,PJM_DAY_US-OH,1
2021,PJM_DEOK_US-KY,1
2021,PJM_DEOK_US-OH,1
2021,PJM_DOM_US-NC,1
2021,PJM_DOM_US-VA,1
2021,PJM_DOM_US-WV,1
2021,PJM_DPL_US-DE,1
2021,PJM_DPL_US-MD,1
2021,PJM_DPL_US-NJ,1
2021,PJM_DPL_US-PA,1
2021,PJM_DPL_US-VA,1
2021,PJM_DUQ_US-PA,1
2021,PJM_EKPC_US-KY,1
2021,PJM_JC_US-NJ,1
2021,PJM_JC_US-NY,1
2021,PJM_ME_US-PA,1
2021,PJM_PE_US-DE,1
2021,PJM_PE_US-MD,1
2021,PJM_PE_US-NJ,1
2021,PJM_PE_US-PA,1
2021,PJM_PEP_US-DC,1
2021,PJM_PEP_US-MD,1
2021,PJM_PEP_US-VA,1
2021,PJM_PL_US-MD,1
2021,PJM_PL_US-PA,1
2021,PJM_PN_US-MD,1
2021,PJM_PN_US-PA,1
2021,PJM_PS_US-NJ,1
2021,PJM_PS_US-PA,1
2021,PJM_RECO_US-NJ,1
2021,PNM_ACMA_US-NM,1
2021,PNM_CYGA_US-NM,1
2021,PNM_Frep_US-NM,1
2021,PNM_Jica_US-NM,1
2021,PNM_KAFB_US-NM,1
2021,PNM_KCEC_US-NM,1
2021,PNM_LAC_US-NM,1
2021,PNM_NTUA_US-NM,1
2021,PNM_PNM_US-NM,1
2021,PNM_TSGT_US-AZ,1
2021,PNM_TSGT_US-NM,1
2021,PSCO_0_US-CO,1
2021,PSCO_0_US-WY,1
2021,PSEI_0_US-WA,1
2021,SC_0_US-SC,1
2021,SCEG_0_US-GA,1
2021,SCEG_0_US-SC,1
2021,SCL_0_US-WA,1
2021,SEC_0_US-FL,1
2021,SEPA_0_US-GA,1
2021,SEPA_0_US-SC,1
2021,SOCO_0_US-AL,1
2021,SOCO_0_US-FL,1
2021,SOCO_0_US-GA,1
2021,SOCO_0_US-MS,1
2021,SOCO_0_US-SC,1
2021,SPA_0_US-AR,1
2021,SPA_0_US-MO,1
2021,SPA_0_US-OK,1
2021,SPA_0_US-TX,1
2021,SPC_0_CA-SK,1
2021,SRP_0_US-AZ,1
2021,SWPP_CSWS_US-AR,1
2021,SWPP_CSWS_US-LA,1
2021,SWPP_CSWS_US-OK,1
2021,SWPP_CSWS_US-TX,1
2021,SWPP_EDE_US-AR,1
2021,SWPP_EDE_US-KS,1
2021,SWPP_EDE_US-MO,1
2021,SWPP_EDE_US-OK,1
2021,SWPP_GRDA_US-AR,1
2021,SWPP_GRDA_US-KS,1
2021,SWPP_GRDA_US-OK,1
2021,SWPP_INDN_US-MO,1
2021,SWPP_KACY_US-KS,1
2021,SWPP_KCPL_US-KS,1
2021,SWPP_KCPL_US-MO,1
2021,SWPP_LES_US-NE,1
2021,SWPP_MPS_US-MO,1
2021,SWPP_NPPD_US-CO,1
2021,SWPP_NPPD_US-NE,1
2021,SWPP_NPPD_US-SD,1
2021,SWPP_OKGE_US-AR,1
2021,SWPP_OKGE_US-OK,1
2021,SWPP_OKGE_US-TX,1
2021,SWPP_OPPD_US-NE,1
2021,SWPP_SECI_US-KS,1
2021,SWPP_SPRM_US-MO,1
2021,SWPP_SPS_US-CO,1
2021,SWPP_SPS_US-KS,1
2021,SWPP_SPS_US-NM,1
2021,SWPP_SPS_US-OK,1
2021,SWPP_SPS_US-TX,1
2021,SWPP_WAUE_US-IA,1
2021,SWPP_WAUE_US-MN,1
2021,SWPP_WAUE_US-MT,1
2021,SWPP_WAUE_US-ND,1
2021,SWPP_WAUE_US-NE,1
2021,SWPP_WAUE_US-SD,1
2021,SWPP_WAUE_US-WY,1
2021,SWPP_WFEC_US-KS,1
2021,SWPP_WFEC_US-OK,1
2021,SWPP_WFEC_US-TX,1
2021,SWPP_WR_US-KS,1
2021,SWPP_WR_US-MO,1
2021,TAL_0_US-FL,1
2021,TEC_0_US-FL,1
2021,TEPC_0_MX-SON,1
2021,TEPC_0_US-AZ,1
2021,TEPC_0_US-NM,1
2021,TIDC_0_US-CA,1
2021,TPWR_0_US-WA,1
2021,TVA_0_US-AL,1
2021,TVA_0_US-GA,1
2021,TVA_0_US-KY,1
2021,TVA_0_US-MS,1
2021,TVA_0_US-NC,1
2021,TVA_0_US-TN,1
2021,TVA_0_US-VA,1
2021,WACM_0_US-AZ,1
2021,WACM_0_US-CO,1
2021,WACM_0_US-MT,1
2021,WACM_0_US-NE,1
2021,WACM_0_US-NM,1
2021,WACM_0_US-SD,1
2021,WACM_0_US-UT,1
2021,WACM_0_US-WY,1
2021,WALC_0_US-AZ,1
2021,WALC_0_US-CA,1
2021,WALC_0_US-NV,1
2021,WAUW_0_US-MT,1
2021,WWA_0_US-MT,1
2021,YAD_0_US-NC,1
2022,AEC_0_US-AL,0
2022,AEC_0_US-FL,0
2022,AECI_0_US-AR,0
2022,AECI_0_US-IA,0
2022,AECI_0_US-MO,0
2022,AECI_0_US-OK,0
2022,AESO_CENT_CA-AB,0
2022,AESO_CGY_CA-AB,0
2022,AESO_EDM_CA-AB,0
2022,AESO_NE_CA-AB,0
2022,AESO_NW_CA-AB,0
2022,AESO_NW_CA-BC,0
2022,AESO_SOUT_CA-AB,0
2022,AVA_0_US-ID,1.013036
2022,AVA_0_US-MT,1.013036
2022,AVA_0_US-OR,1.013036
2022,AVA_0_US-WA,1.013036
2022,AVRN_0_US-OR,1
2022,AVRN_0_US-WA,1
2022,AZPS_0_US-AZ,1.043404
2022,AZPS_0_US-CA,1.043404
2022,AZPS_0_US-NM,1.043404
2022,AZPS_0_US-NV,1.043404
2022,BANC_0_US-CA,0.964801
2022,BCHA_0_CA-BC,0
2022,BPAT_0_CA-BC,1.030031
2022,BPAT_0_US-CA,1.030031
2022,BPAT_0_US-ID,1.030031
2022,BPAT_0_US-MT,1.030031
2022,BPAT_0_US-OR,1.030031
2022,BPAT_0_US-WA,1.030031
2022,CEN_0_MX-COA,0
2022,CEN_0_MX-NLE,0
2022,CENB_0_MX-BCN,0
2022,CENB_0_MX-SON,0
2022,CHPD_0_US-WA,1.034694
2022,CISO_PGAE_US-CA,1.072508
2022,CISO_PGAE_US-OR,1.072508
2022,CISO_SCE_US-AZ,1.02497
2022,CISO_SCE_US-CA,1.02497
2022,CISO_SCE_US-NV,1.02497
2022,CISO_SDGE_MX-BCN,1.044336
2022,CISO_SDGE_US-AZ,1.044336
2022,CISO_SDGE_US-CA,1.044336
2022,CISO_VEA_US-NV,0.993377
2022,CPLE_0_US-NC,1.023652
2022,CPLE_0_US-SC,1.023652
2022,CPLW_0_US-NC,0.943227
2022,DEAA_0_US-AZ,1
2022,DOPD_0_US-WA,1.036403
2022,DUK_0_US-NC,1.017971
2022,DUK_0_US-SC,1.017971
2022,DUK_0_US-VA,1.017971
2022,EPE_0_US-NM,1.022417
2022,EPE_0_US-TX,1.022417
2022,ERCO_COAS_US-TX,1.018582
2022,ERCO_EAST_US-TX,1.118542
2022,ERCO_FWES_US-TX,1.011005
2022,ERCO_NCEN_US-TX,1.019832
2022,ERCO_NRTH_US-OK,1.043792
2022,ERCO_NRTH_US-TX,1.043792
2022,ERCO_SCEN_US-TX,1.032506
2022,ERCO_SOUT_US-TX,1.023072
2022,ERCO_WEST_US-TX,1.15625
2022,FMPP_0_US-FL,0.977155
2022,FPC_0_US-FL,0.966664
2022,FPL_0_US-FL,1.00856
2022,GCPD_0_US-WA,1.042239
2022,GLHB_0_US-IL,1
2022,GRID_0_US-NM,1
2022,GRID_0_US-OR,1
2022,GRID_0_US-WA,1
2022,GRIF_0_US-AZ,1
2022,GVL_0_US-FL,0.99823
2022,GWA_0_US-MT,1
2022,HGMA_0_US-AZ,1
2022,HQT_0_CA-NL,1
2022,HQT_0_CA-QC,1
2022,HST_0_US-FL,1.025862
2022,IESO_0_CA-ON,0
2022,IID_0_US-AZ,0.971756
2022,IID_0_US-CA,0.971756
2022,IPCO_0_US-ID,1.001475
2022,IPCO_0_US-NV,1.001475
2022,IPCO_0_US-OR,1.001475
2022,IPCO_0_US-UT,1.001475
2022,ISNE_4001_US-ME,1.005589
2022,ISNE_4002_US-ME,1.011373
2022,ISNE_4002_US-NH,1.011373
2022,ISNE_4002_US-VT,1.011373
2022,ISNE_4003_US-NH,1.049661
2022,ISNE_4003_US-NY,1.049661
2022,ISNE_4003_US-VT,1.049661
2022,ISNE_4004_US-CT,1.031712
2022,ISNE_4005_US-MA,1.019619
2022,ISNE_4005_US-RI,1.019619
2022,ISNE_4006_US-MA,1.032137
2022,ISNE_4006_US-RI,1.032137
2022,ISNE_4007_US-MA,1.031062
2022,ISNE_4007_US-NY,1.031062
2022,ISNE_4007_US-VT,1.031062
2022,ISNE_4008_US-MA,1.028352
2022,ISNE_4008_US-NH,1.028352
2022,JEA_0_US-FL,1.025174
2022,LDWP_0_US-AZ,0.962903
2022,LDWP_0_US-CA,0.962903
2022,LDWP_0_US-NV,0.962903
2022,LDWP_0_US-UT,0.962903
2022,LGEE_0_US-IN,0.995806
2022,LGEE_0_US-KY,0.995806
2022,LGEE_0_US-VA,0.995806
2022,MHEB_0_CA-MB,0
2022,MISO_01_US-IA,1.024044
2022,MISO_01_US-IL,1.024044
2022,MISO_01_US-MI,1.024044
2022,MISO_01_US-MN,1.024044
2022,MISO_01_US-MT,1.024044
2022,MISO_01_US-ND,1.024044
2022,MISO_01_US-SD,1.024044
2022,MISO_01_US-WI,1.024044
2022,MISO_02_US-IA,1.028571
2022,MISO_02_US-IL,1.028571
2022,MISO_02_US-MI,1.028571
2022,MISO_02_US-MN,1.028571
2022,MISO_02_US-WI,1.028571
2022,MISO_03_US-IA,1.028952
2022,MISO_03_US-IL,1.028952
2022,MISO_03_US-MN,1.028952
2022,MISO_03_US-MO,1.028952
2022,MISO_03_US-SD,1.028952
2022,MISO_04_US-IL,1.015914
2022,MISO_04_US-KY,1.015914
2022,MISO_04_US-MO,1.015914
2022,MISO_05_US-IA,1.007645
2022,MISO_05_US-IL,1.007645
2022,MISO_05_US-MO,1.007645
2022,MISO_06_US-IL,1.021192
2022,MISO_06_US-IN,1.021192
2022,MISO_06_US-KY,1.021192
2022,MISO_06_US-OH,1.021192
2022,MISO_07_US-MI,1.013243
2022,MISO_08_US-AR,1.017382
2022,MISO_08_US-MO,1.017382
2022,MISO_09_US-LA,1.023249
2022,MISO_09_US-TX,1.023249
2022,MISO_10_US-MS,1.02387
2022,MISO_10_US-TN,1.02387
2022,NBSO_0_CA-NB,1.422414
2022,NBSO_0_CA-PE,1.422414
2022,NBSO_0_US-ME,1.422414
2022,NEVP_0_US-CA,1.034733
2022,NEVP_0_US-NV,1.034733
2022,NEVP_0_US-OR,1.034733
2022,NSPI_0_CA-NS,1.422414
2022,NWMT_0_US-ID,1.014583
2022,NWMT_0_US-MT,1.014583
2022,NWMT_0_US-WY,1.014583
2022,NYIS_A_US-NY,1.0151
2022,NYIS_A_US-PA,1.0151
2022,NYIS_B_US-NY,1.011988
2022,NYIS_C_US-NY,1.012134
2022,NYIS_D_US-NY,1.007519
2022,NYIS_E_US-NY,1.010753
2022,NYIS_F_US-NY,1.009619
2022,NYIS_G_US-NJ,1.01759
2022,NYIS_G_US-NY,1.01759
2022,NYIS_G_US-PA,1.01759
2022,NYIS_H_US-NY,1.014599
2022,NYIS_I_US-NY,1.012006
2022,NYIS_J_US-NJ,0.999903
2022,NYIS_J_US-NY,0.999903
2022,NYIS_K_US-NY,1
2022,PACE_0_US-AZ,1.011857
2022,PACE_0_US-CO,1.011857
2022,PACE_0_US-ID,1.011857
2022,PACE_0_US-MT,1.011857
2022,PACE_0_US-NV,1.011857
2022,PACE_0_US-UT,1.011857
2022,PACE_0_US-WY,1.011857
2022,PACW_0_US-CA,1.007345
2022,PACW_0_US-OR,1.007345
2022,PACW_0_US-WA,1.007345
2022,PGE_0_US-OR,1.021472
2022,PGE_0_US-WA,1.021472
2022,PJM_AE_US-NJ,1.022056
2022,PJM_AEP_US-IN,1.012352
2022,PJM_AEP_US-KY,1.012352
2022,PJM_AEP_US-MI,1.012352
2022,PJM_AEP_US-OH,1.012352
2022,PJM_AEP_US-TN,1.012352
2022,PJM_AEP_US-VA,1.012352
2022,PJM_AEP_US-WV,1.012352
2022,PJM_AP_US-MD,1.040594
2022,PJM_AP_US-OH,1.040594
2022,PJM_AP_US-PA,1.040594
2022,PJM_AP_US-VA,1.040594
2022,PJM_AP_US-WV,1.040594
2022,PJM_ATSI_US-OH,1.013272
2022,PJM_ATSI_US-PA,1.013272
2022,PJM_BC_US-MD,1.060611
2022,PJM_CE_US-IL,1.01844
2022,PJM_CE_US-IN,1.01844
2022,PJM_DAY_US-OH,1.006569
2022,PJM_DEOK_US-KY,1.015652
2022,PJM_DEOK_US-OH,1.015652
2022,PJM_DOM_US-NC,1.041917
2022,PJM_DOM_US-VA,1.041917
2022,PJM_DOM_US-WV,1.041917
2022,PJM_DPL_US-DE,1.071033
2022,PJM_DPL_US-MD,1.071033
2022,PJM_DPL_US-NJ,1.071033
2022,PJM_DPL_US-PA,1.071033
2022,PJM_DPL_US-VA,1.071033
2022,PJM_DUQ_US-PA,1.021779
2022,PJM_EKPC_US-KY,1.010885
2022,PJM_JC_US-NJ,1.013055
2022,PJM_JC_US-NY,1.013055
2022,PJM_ME_US-PA,1.016955
2022,PJM_PE_US-DE,1.015907
2022,PJM_PE_US-MD,1.015907
2022,PJM_PE_US-NJ,1.015907
2022,PJM_PE_US-PA,1.015907
2022,PJM_PEP_US-DC,0.893345
2022,PJM_PEP_US-MD,0.893345
2022,PJM_PEP_US-VA,0.893345
2022,PJM_PL_US-MD,1.013306
2022,PJM_PL_US-PA,1.013306
2022,PJM_PN_US-MD,1.005112
2022,PJM_PN_US-PA,1.005112
2022,PJM_PS_US-NJ,1.028319
2022,PJM_PS_US-PA,1.028319
2022,PJM_RECO_US-NJ,1.209459
2022,PNM_ACMA_US-NM,1
2022,PNM_CYGA_US-NM,1
2022,PNM_Frep_US-NM,0.964286
2022,PNM_Jica_US-NM,1
2022,PNM_KAFB_US-NM,0.957746
2022,PNM_KCEC_US-NM,0.952381
2022,PNM_LAC_US-NM,0.94382
2022,PNM_NTUA_US-NM,0
2022,PNM_PNM_US-NM,1.025473
2022,PNM_TSGT_US-AZ,0.848866
2022,PNM_TSGT_US-NM,0.848866
2022,PSCO_0_US-CO,1.03197
2022,PSCO_0_US-WY,1.03197
2022,PSEI_0_US-WA,1.074695
2022,SC_0_US-SC,1.01575
2022,SCEG_0_US-GA,1.002582
2022,SCEG_0_US-SC,1.002582
2022,SCL_0_US-WA,1.044079
2022,SEC_0_US-FL,0.966664
2022,SEPA_0_US-GA,1
2022,SEPA_0_US-SC,1
2022,SOCO_0_US-AL,1.010738
2022,SOCO_0_US-FL,1.010738
2022,SOCO_0_US-GA,1.010738
2022,SOCO_0_US-MS,1.010738
2022,SOCO_0_US-SC,1.010738
2022,SPA_0_US-AR,1.294444
2022,SPA_0_US-MO,1.294444
2022,SPA_0_US-OK,1.294444
2022,SPA_0_US-TX,1.294444
2022,SPC_0_CA-SK,0
2022,SRP_0_US-AZ,1.022558
2022,SWPP_CSWS_US-AR,1.018699
2022,SWPP_CSWS_US-LA,1.018699
2022,SWPP_CSWS_US-OK,1.018699
2022,SWPP_CSWS_US-TX,1.018699
2022,SWPP_EDE_US-AR,1.036675
2022,SWPP_EDE_US-KS,1.036675
2022,SWPP_EDE_US-MO,1.036675
2022,SWPP_EDE_US-OK,1.036675
2022,SWPP_GRDA_US-AR,0.921447
2022,SWPP_GRDA_US-KS,0.921447
2022,SWPP_GRDA_US-OK,0.921447
2022,SWPP_INDN_US-MO,1.018657
2022,SWPP_KACY_US-KS,1.016771
2022,SWPP_KCPL_US-KS,1.016859
2022,SWPP_KCPL_US-MO,1.016859
2022,SWPP_LES_US-NE,1.065703
2022,SWPP_MPS_US-MO,1.018799
2022,SWPP_NPPD_US-CO,0.970281
2022,SWPP_NPPD_US-NE,0.970281
2022,SWPP_NPPD_US-SD,0.970281
2022,SWPP_OKGE_US-AR,1.003994
2022,SWPP_OKGE_US-OK,1.003994
2022,SWPP_OKGE_US-TX,1.003994
2022,SWPP_OPPD_US-NE,1.065258
2022,SWPP_SECI_US-KS,1.055912
2022,SWPP_SPRM_US-MO,1.018519
2022,SWPP_SPS_US-CO,1.018447
2022,SWPP_SPS_US-KS,1.018447
2022,SWPP_SPS_US-NM,1.018447
2022,SWPP_SPS_US-OK,1.018447
2022,SWPP_SPS_US-TX,1.018447
2022,SWPP_WAUE_US-IA,0.942361
2022,SWPP_WAUE_US-MN,0.942361
2022,SWPP_WAUE_US-MT,0.942361
2022,SWPP_WAUE_US-ND,0.942361
2022,SWPP_WAUE_US-NE,0.942361
2022,SWPP_WAUE_US-SD,0.942361
2022,SWPP_WAUE_US-WY,0.942361
2022,SWPP_WFEC_US-KS,0.990899
2022,SWPP_WFEC_US-OK,0.990899
2022,SWPP_WFEC_US-TX,0.990899
2022,SWPP_WR_US-KS,0.952204
2022,SWPP_WR_US-MO,0.952204
2022,TAL_0_US-FL,1.014263
2022,TEC_0_US-FL,1.00981
2022,TEPC_0_MX-SON,1.014542
2022,TEPC_0_US-AZ,1.014542
2022,TEPC_0_US-NM,1.014542
2022,TIDC_0_US-CA,0.926145
2022,TPWR_0_US-WA,1.044421
2022,TVA_0_US-AL,1.017106
2022,TVA_0_US-GA,1.017106
2022,TVA_0_US-KY,1.017106
2022,TVA_0_US-MS,1.017106
2022,TVA_0_US-NC,1.017106
2022,TVA_0_US-TN,1.017106
2022,TVA_0_US-VA,1.017106
2022,WACM_0_US-AZ,1.07907
2022,WACM_0_US-CO,1.07907
2022,WACM_0_US-MT,1.07907
2022,WACM_0_US-NE,1.07907
2022,WACM_0_US-NM,1.07907
2022,WACM_0_US-SD,1.07907
2022,WACM_0_US-UT,1.07907
2022,WACM_0_US-WY,1.07907
2022,WALC_0_US-AZ,1.049926
2022,WALC_0_US-CA,1.049926
2022,WALC_0_US-NV,1.049926
2022,WAUW_0_US-MT,1.095745
2022,WWA_0_US-MT,1
2022,YAD_0_US-NC,1
2023,AEC_0_US-AL,0
2023,AEC_0_US-FL,0
2023,AECI_0_US-AR,0
2023,AECI_0_US-IA,0
2023,AECI_0_US-MO,0
2023,AECI_0_US-OK,0
2023,AESO_CENT_CA-AB,0
2023,AESO_CGY_CA-AB,0
2023,AESO_EDM_CA-AB,0
2023,AESO_NE_CA-AB,0
2023,AESO_NW_CA-AB,0
2023,AESO_NW_CA-BC,0
2023,AESO_SOUT_CA-AB,0
2023,AVA_0_US-ID,1.026072
2023,AVA_0_US-MT,1.026072
2023,AVA_0_US-OR,1.026072
2023,AVA_0_US-WA,1.026072
2023,AVRN_0_US-OR,1
2023,AVRN_0_US-WA,1
2023,AZPS_0_US-AZ,1.088629
2023,AZPS_0_US-CA,1.088629
2023,AZPS_0_US-NM,1.088629
2023,AZPS_0_US-NV,1.088629
2023,BANC_0_US-CA,0.930658
2023,BCHA_0_CA-BC,0
2023,BPAT_0_CA-BC,1.06095
2023,BPAT_0_US-CA,1.06095
2023,BPAT_0_US-ID,1.06095
2023,BPAT_0_US-MT,1.06095
2023,BPAT_0_US-OR,1.06095
2023,BPAT_0_US-WA,1.06095
2023,CEN_0_MX-COA,0
2023,CEN_0_MX-NLE,0
2023,CENB_0_MX-BCN,0
2023,CENB_0_MX-SON,0
2023,CHPD_0_US-WA,1.071429
2023,CISO_PGAE_US-CA,1.15022
2023,CISO_PGAE_US-OR,1.15022
2023,CISO_SCE_US-AZ,1.050592
2023,CISO_SCE_US-CA,1.050592
2023,CISO_SCE_US-NV,1.050592
2023,CISO_SDGE_MX-BCN,1.090295
2023,CISO_SDGE_US-AZ,1.090295
2023,CISO_SDGE_US-CA,1.090295
2023,CISO_VEA_US-NV,0.993377
2023,CPLE_0_US-NC,1.047876
2023,CPLE_0_US-SC,1.047876
2023,CPLW_0_US-NC,0.889442
2023,DEAA_0_US-AZ,1
2023,DOPD_0_US-WA,1.074946
2023,DUK_0_US-NC,1.036288
2023,DUK_0_US-SC,1.036288
2023,DUK_0_US-VA,1.036288
2023,EPE_0_US-NM,1.044834
2023,EPE_0_US-TX,1.044834
2023,ERCO_COAS_US-TX,1.037501
2023,ERCO_EAST_US-TX,1.250833
2023,ERCO_FWES_US-TX,1.022011
2023,ERCO_NCEN_US-TX,1.040092
2023,ERCO_NRTH_US-OK,1.089509
2023,ERCO_NRTH_US-TX,1.089509
2023,ERCO_SCEN_US-TX,1.066065
2023,ERCO_SOUT_US-TX,1.046638
2023,ERCO_WEST_US-TX,1.337
2023,FMPP_0_US-FL,0.955126
2023,FPC_0_US-FL,0.934453
2023,FPL_0_US-FL,1.017184
2023,GCPD_0_US-WA,1.086589
2023,GLHB_0_US-IL,1
2023,GRID_0_US-NM,1
2023,GRID_0_US-OR,1
2023,GRID_0_US-WA,1
2023,GRIF_0_US-AZ,1
2023,GVL_0_US-FL,0.99646
2023,GWA_0_US-MT,1
2023,HGMA_0_US-AZ,1
2023,HQT_0_CA-NL,1
2023,HQT_0_CA-QC,1
2023,HST_0_US-FL,1.060345
2023,IESO_0_CA-ON,0
2023,IID_0_US-AZ,0.944395
2023,IID_0_US-CA,0.944395
2023,IPCO_0_US-ID,1.002951
2023,IPCO_0_US-NV,1.002951
2023,IPCO_0_US-OR,1.002951
2023,IPCO_0_US-UT,1.002951
2023,ISNE_4001_US-ME,1.011608
2023,ISNE_4002_US-ME,1.023152
2023,ISNE_4002_US-NH,1.023152
2023,ISNE_4002_US-VT,1.023152
2023,ISNE_4003_US-NH,1.10158
2023,ISNE_4003_US-NY,1.10158
2023,ISNE_4003_US-VT,1.10158
2023,ISNE_4004_US-CT,1.064347
2023,ISNE_4005_US-MA,1.039782
2023,ISNE_4005_US-RI,1.039782
2023,ISNE_4006_US-MA,1.065431
2023,ISNE_4006_US-RI,1.065431
2023,ISNE_4007_US-MA,1.063028
2023,ISNE_4007_US-NY,1.063028
2023,ISNE_4007_US-VT,1.063028
2023,ISNE_4008_US-MA,1.05728
2023,ISNE_4008_US-NH,1.05728
2023,JEA_0_US-FL,1.050736
2023,LDWP_0_US-AZ,0.927072
2023,LDWP_0_US-CA,0.927072
2023,LDWP_0_US-NV,0.927072
2023,LDWP_0_US-UT,0.927072
2023,LGEE_0_US-IN,0.991612
2023,LGEE_0_US-KY,0.991612
2023,LGEE_0_US-VA,0.991612
2023,MHEB_0_CA-MB,0
2023,MISO_01_US-IA,1.048639
2023,MISO_01_US-IL,1.048639
2023,MISO_01_US-MI,1.048639
2023,MISO_01_US-MN,1.048639
2023,MISO_01_US-MT,1.048639
2023,MISO_01_US-ND,1.048639
2023,MISO_01_US-SD,1.048639
2023,MISO_01_US-WI,1.048639
2023,MISO_02_US-IA,1.057959
2023,MISO_02_US-IL,1.057959
2023,MISO_02_US-MI,1.057959
2023,MISO_02_US-MN,1.057959
2023,MISO_02_US-WI,1.057959
2023,MISO_03_US-IA,1.058861
2023,MISO_03_US-IL,1.058861
2023,MISO_03_US-MN,1.058861
2023,MISO_03_US-MO,1.058861
2023,MISO_03_US-SD,1.058861
2023,MISO_04_US-IL,1.032054
2023,MISO_04_US-KY,1.032054
2023,MISO_04_US-MO,1.032054
2023,MISO_05_US-IA,1.015433
2023,MISO_05_US-IL,1.015433
2023,MISO_05_US-MO,1.015433
2023,MISO_06_US-IL,1.042806
2023,MISO_06_US-IN,1.042806
2023,MISO_06_US-KY,1.042806
2023,MISO_06_US-OH,1.042806
2023,MISO_07_US-MI,1.026649
2023,MISO_08_US-AR,1.034911
2023,MISO_08_US-MO,1.034911
2023,MISO_09_US-LA,1.047032
2023,MISO_09_US-TX,1.047032
2023,MISO_10_US-MS,1.048248
2023,MISO_10_US-TN,1.048248
2023,NBSO_0_CA-NB,2.023399
2023,NBSO_0_CA-PE,2.023399
2023,NBSO_0_US-ME,2.023399
2023,NEVP_0_US-CA,1.070749
2023,NEVP_0_US-NV,1.070749
2023,NEVP_0_US-OR,1.070749
2023,NSPI_0_CA-NS,2.023399
2023,NWMT_0_US-ID,1.029165
2023,NWMT_0_US-MT,1.029165
2023,NWMT_0_US-WY,1.029165
2023,NYIS_A_US-NY,1.030578
2023,NYIS_A_US-PA,1.030578
2023,NYIS_B_US-NY,1.024476
2023,NYIS_C_US-NY,1.024625
2023,NYIS_D_US-NY,1.015038
2023,NYIS_E_US-NY,1.022222
2023,NYIS_F_US-NY,1.019657
2023,NYIS_G_US-NJ,1.03562
2023,NYIS_G_US-NY,1.03562
2023,NYIS_G_US-PA,1.03562
2023,NYIS_H_US-NY,1.027737
2023,NYIS_I_US-NY,1.024011
2023,NYIS_J_US-NJ,0.999807
2023,NYIS_J_US-NY,0.999807
2023,NYIS_K_US-NY,1
2023,PACE_0_US-AZ,1.023874
2023,PACE_0_US-CO,1.023874
2023,PACE_0_US-ID,1.023874
2023,PACE_0_US-MT,1.023874
2023,PACE_0_US-NV,1.023874
2023,PACE_0_US-UT,1.023874
2023,PACE_0_US-WY,1.023874
2023,PACW_0_US-CA,1.014506
2023,PACW_0_US-OR,1.014506
2023,PACW_0_US-WA,1.014506
2023,PGE_0_US-OR,1.043167
2023,PGE_0_US-WA,1.043167
2023,PJM_AE_US-NJ,1.044112
2023,PJM_AEP_US-IN,1.02484
2023,PJM_AEP_US-KY,1.02484
2023,PJM_AEP_US-MI,1.02484
2023,PJM_AEP_US-OH,1.02484
2023,PJM_AEP_US-TN,1.02484
2023,PJM_AEP_US-VA,1.02484
2023,PJM_AEP_US-WV,1.02484
2023,PJM_AP_US-MD,1.082742
2023,PJM_AP_US-OH,1.082742
2023,PJM_AP_US-PA,1.082742
2023,PJM_AP_US-VA,1.082742
2023,PJM_AP_US-WV,1.082742
2023,PJM_ATSI_US-OH,1.026781
2023,PJM_ATSI_US-PA,1.026781
2023,PJM_BC_US-MD,1.125019
2023,PJM_CE_US-IL,1.03721
2023,PJM_CE_US-IN,1.03721
2023,PJM_DAY_US-OH,1.013437
2023,PJM_DEOK_US-KY,1.031303
2023,PJM_DEOK_US-OH,1.031303
2023,PJM_DOM_US-NC,1.085639
2023,PJM_DOM_US-VA,1.085639
2023,PJM_DOM_US-WV,1.085639
2023,PJM_DPL_US-DE,1.147103
2023,PJM_DPL_US-MD,1.147103
2023,PJM_DPL_US-NJ,1.147103
2023,PJM_DPL_US-PA,1.147103
2023,PJM_DPL_US-VA,1.147103
2023,PJM_DUQ_US-PA,1.04392
2023,PJM_EKPC_US-KY,1.022121
2023,PJM_JC_US-NJ,1.026273
2023,PJM_JC_US-NY,1.026273
2023,PJM_ME_US-PA,1.034561
2023,PJM_PE_US-DE,1.03217
2023,PJM_PE_US-MD,1.03217
2023,PJM_PE_US-NJ,1.03217
2023,PJM_PE_US-PA,1.03217
2023,PJM_PEP_US-DC,0.797978
2023,PJM_PEP_US-MD,0.797978
2023,PJM_PEP_US-VA,0.797978
2023,PJM_PL_US-MD,1.026872
2023,PJM_PL_US-PA,1.026872
2023,PJM_PN_US-MD,1.010225
2023,PJM_PN_US-PA,1.010225
2023,PJM_PS_US-NJ,1.057432
2023,PJM_PS_US-PA,1.057432
2023,PJM_RECO_US-NJ,1.459459
2023,PNM_ACMA_US-NM,1
2023,PNM_CYGA_US-NM,1
2023,PNM_Frep_US-NM,0.928571
2023,PNM_Jica_US-NM,1
2023,PNM_KAFB_US-NM,0.915493
2023,PNM_KCEC_US-NM,0.904762
2023,PNM_LAC_US-NM,0.876404
2023,PNM_NTUA_US-NM,0
2023,PNM_PNM_US-NM,1.051717
2023,PNM_TSGT_US-AZ,0.720403
2023,PNM_TSGT_US-NM,0.720403
2023,PSCO_0_US-CO,1.064955
2023,PSCO_0_US-WY,1.064955
2023,PSEI_0_US-WA,1.154783
2023,SC_0_US-SC,1.031931
2023,SCEG_0_US-GA,1.005165
2023,SCEG_0_US-SC,1.005165
2023,SCL_0_US-WA,1.08975
2023,SEC_0_US-FL,0.934453
2023,SEPA_0_US-GA,1
2023,SEPA_0_US-SC,1
2023,SOCO_0_US-AL,1.021588
2023,SOCO_0_US-FL,1.021588
2023,SOCO_0_US-GA,1.021588
2023,SOCO_0_US-MS,1.021588
2023,SOCO_0_US-SC,1.021588
2023,SPA_0_US-AR,1.672222
2023,SPA_0_US-MO,1.672222
2023,SPA_0_US-OK,1.672222
2023,SPA_0_US-TX,1.672222
2023,SPC_0_CA-SK,0
2023,SRP_0_US-AZ,1.045638
2023,SWPP_CSWS_US-AR,1.037819
2023,SWPP_CSWS_US-LA,1.037819
2023,SWPP_CSWS_US-OK,1.037819
2023,SWPP_CSWS_US-TX,1.037819
2023,SWPP_EDE_US-AR,1.07498
2023,SWPP_EDE_US-KS,1.07498
2023,SWPP_EDE_US-MO,1.07498
2023,SWPP_EDE_US-OK,1.07498
2023,SWPP_GRDA_US-AR,0.849956
2023,SWPP_GRDA_US-KS,0.849956
2023,SWPP_GRDA_US-OK,0.849956
2023,SWPP_INDN_US-MO,1.041045
2023,SWPP_KACY_US-KS,1.031447
2023,SWPP_KCPL_US-KS,1.033998
2023,SWPP_KCPL_US-MO,1.033998
2023,SWPP_LES_US-NE,1.135348
2023,SWPP_MPS_US-MO,1.03812
2023,SWPP_NPPD_US-CO,0.941365
2023,SWPP_NPPD_US-NE,0.941365
2023,SWPP_NPPD_US-SD,0.941365
2023,SWPP_OKGE_US-AR,1.008136
2023,SWPP_OKGE_US-OK,1.008136
2023,SWPP_OKGE_US-TX,1.008136
2023,SWPP_OPPD_US-NE,1.134666
2023,SWPP_SECI_US-KS,1.11549
2023,SWPP_SPRM_US-MO,1.035714
2023,SWPP_SPS_US-CO,1.03726
2023,SWPP_SPS_US-KS,1.03726
2023,SWPP_SPS_US-NM,1.03726
2023,SWPP_SPS_US-OK,1.03726
2023,SWPP_SPS_US-TX,1.03726
2023,SWPP_WAUE_US-IA,0.887914
2023,SWPP_WAUE_US-MN,0.887914
2023,SWPP_WAUE_US-MT,0.887914
2023,SWPP_WAUE_US-ND,0.887914
2023,SWPP_WAUE_US-NE,0.887914
2023,SWPP_WAUE_US-SD,0.887914
2023,SWPP_WAUE_US-WY,0.887914
2023,SWPP_WFEC_US-KS,0.981799
2023,SWPP_WFEC_US-OK,0.981799
2023,SWPP_WFEC_US-TX,0.981799
2023,SWPP_WR_US-KS,0.906641
2023,SWPP_WR_US-MO,0.906641
2023,TAL_0_US-FL,1.028526
2023,TEC_0_US-FL,1.019844
2023,TEPC_0_MX-SON,1.029569
2023,TEPC_0_US-AZ,1.029569
2023,TEPC_0_US-NM,1.029569
2023,TIDC_0_US-CA,0.858198
2023,TPWR_0_US-WA,1.090909
2023,TVA_0_US-AL,1.034509
2023,TVA_0_US-GA,1.034509
2023,TVA_0_US-KY,1.034509
2023,TVA_0_US-MS,1.034509
2023,TVA_0_US-NC,1.034509
2023,TVA_0_US-TN,1.034509
2023,TVA_0_US-VA,1.034509
2023,WACM_0_US-AZ,1.164465
2023,WACM_0_US-CO,1.164465
2023,WACM_0_US-MT,1.164465
2023,WACM_0_US-NE,1.164465
2023,WACM_0_US-NM,1.164465
2023,WACM_0_US-SD,1.164465
2023,WACM_0_US-UT,1.164465
2023,WACM_0_US-WY,1.164465
2023,WALC_0_US-AZ,1.102323
2023,WALC_0_US-CA,1.102323
2023,WALC_0_US-NV,1.102323
2023,WAUW_0_US-MT,1.202128
2023,WWA_0_US-MT,1
2023,YAD_0_US-NC,1
2024,AEC_0_US-AL,0
2024,AEC_0_US-FL,0
2024,AECI_0_US-AR,0
2024,AECI_0_US-IA,0
2024,AECI_0_US-MO,0
2024,AECI_0_US-OK,0
2024,AESO_CENT_CA-AB,0
2024,AESO_CGY_CA-AB,0
2024,AESO_EDM_CA-AB,0
2024,AESO_NE_CA-AB,0
2024,AESO_NW_CA-AB,0
2024,AESO_NW_CA-BC,0
2024,AESO_SOUT_CA-AB,0
2024,AVA_0_US-ID,1.039108
2024,AVA_0_US-MT,1.039108
2024,AVA_0_US-OR,1.039108
2024,AVA_0_US-WA,1.039108
2024,AVRN_0_US-OR,1
2024,AVRN_0_US-WA,1
2024,AZPS_0_US-AZ,1.135891
2024,AZPS_0_US-CA,1.135891
2024,AZPS_0_US-NM,1.135891
2024,AZPS_0_US-NV,1.135891
2024,BANC_0_US-CA,0.897923
2024,BCHA_0_CA-BC,0
2024,BPAT_0_CA-BC,1.092858
2024,BPAT_0_US-CA,1.092858
2024,BPAT_0_US-ID,1.092858
2024,BPAT_0_US-MT,1.092858
2024,BPAT_0_US-OR,1.092858
2024,BPAT_0_US-WA,1.092858
2024,CEN_0_MX-COA,0
2024,CEN_0_MX-NLE,0
2024,CENB_0_MX-BCN,0
2024,CENB_0_MX-SON,0
2024,CHPD_0_US-WA,1.110204
2024,CISO_PGAE_US-CA,1.233637
2024,CISO_PGAE_US-OR,1.233637
2024,CISO_SCE_US-AZ,1.076819
2024,CISO_SCE_US-CA,1.076819
2024,CISO_SCE_US-NV,1.076819
2024,CISO_SDGE_MX-BCN,1.138686
2024,CISO_SDGE_US-AZ,1.138686
2024,CISO_SDGE_US-CA,1.138686
2024,CISO_VEA_US-NV,0.986755
2024,CPLE_0_US-NC,1.072592
2024,CPLE_0_US-SC,1.072592
2024,CPLW_0_US-NC,0.838645
2024,DEAA_0_US-AZ,1
2024,DOPD_0_US-WA,1.115632
2024,DUK_0_US-NC,1.054948
2024,DUK_0_US-SC,1.054948
2024,DUK_0_US-VA,1.054948
2024,EPE_0_US-NM,1.068226
2024,EPE_0_US-TX,1.068226
2024,ERCO_COAS_US-TX,1.056805
2024,ERCO_EAST_US-TX,1.399167
2024,ERCO_FWES_US-TX,1.033228
2024,ERCO_NCEN_US-TX,1.060739
2024,ERCO_NRTH_US-OK,1.137151
2024,ERCO_NRTH_US-TX,1.137151
2024,ERCO_SCEN_US-TX,1.100752
2024,ERCO_SOUT_US-TX,1.070864
2024,ERCO_WEST_US-TX,1.546
2024,FMPP_0_US-FL,0.93337
2024,FPC_0_US-FL,0.903282
2024,FPL_0_US-FL,1.025904
2024,GCPD_0_US-WA,1.133052
2024,GLHB_0_US-IL,1
2024,GRID_0_US-NM,1
2024,GRID_0_US-OR,1
2024,GRID_0_US-WA,1
2024,GRIF_0_US-AZ,1
2024,GVL_0_US-FL,0.99646
2024,GWA_0_US-MT,1
2024,HGMA_0_US-AZ,1
2024,HQT_0_CA-NL,1
2024,HQT_0_CA-QC,1
2024,HST_0_US-FL,1.086207
2024,IESO_0_CA-ON,0
2024,IID_0_US-AZ,0.917917
2024,IID_0_US-CA,0.917917
2024,IPCO_0_US-ID,1.004672
2024,IPCO_0_US-NV,1.004672
2024,IPCO_0_US-OR,1.004672
2024,IPCO_0_US-UT,1.004672
2024,ISNE_4001_US-ME,1.017197
2024,ISNE_4002_US-ME,1.034931
2024,ISNE_4002_US-NH,1.034931
2024,ISNE_4002_US-VT,1.034931
2024,ISNE_4003_US-NH,1.156885
2024,ISNE_4003_US-NY,1.156885
2024,ISNE_4003_US-VT,1.156885
2024,ISNE_4004_US-CT,1.09806
2024,ISNE_4005_US-MA,1.059946
2024,ISNE_4005_US-RI,1.059946
2024,ISNE_4006_US-MA,1.099595
2024,ISNE_4006_US-RI,1.099595
2024,ISNE_4007_US-MA,1.095899
2024,ISNE_4007_US-NY,1.095899
2024,ISNE_4007_US-VT,1.095899
2024,ISNE_4008_US-MA,1.087165
2024,ISNE_4008_US-NH,1.087165
2024,JEA_0_US-FL,1.076685
2024,LDWP_0_US-AZ,0.892508
2024,LDWP_0_US-CA,0.892508
2024,LDWP_0_US-NV,0.892508
2024,LDWP_0_US-UT,0.892508
2024,LGEE_0_US-IN,0.987418
2024,LGEE_0_US-KY,0.987418
2024,LGEE_0_US-VA,0.987418
2024,MHEB_0_CA-MB,0
2024,MISO_01_US-IA,1.073845
2024,MISO_01_US-IL,1.073845
2024,MISO_01_US-MI,1.073845
2024,MISO_01_US-MN,1.073845
2024,MISO_01_US-MT,1.073845
2024,MISO_01_US-ND,1.073845
2024,MISO_01_US-SD,1.073845
2024,MISO_01_US-WI,1.073845
2024,MISO_02_US-IA,1.088163
2024,MISO_02_US-IL,1.088163
2024,MISO_02_US-MI,1.088163
2024,MISO_02_US-MN,1.088163
2024,MISO_02_US-WI,1.088163
2024,MISO_03_US-IA,1.089516
2024,MISO_03_US-IL,1.089516
2024,MISO_03_US-MN,1.089516
2024,MISO_03_US-MO,1.089516
2024,MISO_03_US-SD,1.089516
2024,MISO_04_US-IL,1.04842
2024,MISO_04_US-KY,1.04842
2024,MISO_04_US-MO,1.04842
2024,MISO_05_US-IA,1.023222
2024,MISO_05_US-IL,1.023222
2024,MISO_05_US-MO,1.023222
2024,MISO_06_US-IL,1.064901
2024,MISO_06_US-IN,1.064901
2024,MISO_06_US-KY,1.064901
2024,MISO_06_US-OH,1.064901
2024,MISO_07_US-MI,1.040216
2024,MISO_08_US-AR,1.052878
2024,MISO_08_US-MO,1.052878
2024,MISO_09_US-LA,1.071397
2024,MISO_09_US-TX,1.071397
2024,MISO_10_US-MS,1.073134
2024,MISO_10_US-TN,1.073134
2024,NBSO_0_CA-NB,2.876847
2024,NBSO_0_CA-PE,2.876847
2024,NBSO_0_US-ME,2.876847
2024,NEVP_0_US-CA,1.107941
2024,NEVP_0_US-NV,1.107941
2024,NEVP_0_US-OR,1.107941
2024,NSPI_0_CA-NS,2.876847
2024,NWMT_0_US-ID,1.044112
2024,NWMT_0_US-MT,1.044112
2024,NWMT_0_US-WY,1.044112
2024,NYIS_A_US-NY,1.046055
2024,NYIS_A_US-PA,1.046055
2024,NYIS_B_US-NY,1.036963
2024,NYIS_C_US-NY,1.037116
2024,NYIS_D_US-NY,1.02381
2024,NYIS_E_US-NY,1.032975
2024,NYIS_F_US-NY,1.029695
2024,NYIS_G_US-NJ,1.05365
2024,NYIS_G_US-NY,1.05365
2024,NYIS_G_US-PA,1.05365
2024,NYIS_H_US-NY,1.042336
2024,NYIS_I_US-NY,1.036017
2024,NYIS_J_US-NJ,0.999807
2024,NYIS_J_US-NY,0.999807
2024,NYIS_K_US-NY,1.000195
2024,PACE_0_US-AZ,1.03605
2024,PACE_0_US-CO,1.03605
2024,PACE_0_US-ID,1.03605
2024,PACE_0_US-MT,1.03605
2024,PACE_0_US-NV,1.03605
2024,PACE_0_US-UT,1.03605
2024,PACE_0_US-WY,1.03605
2024,PACW_0_US-CA,1.022035
2024,PACW_0_US-OR,1.022035
2024,PACW_0_US-WA,1.022035
2024,PGE_0_US-OR,1.065533
2024,PGE_0_US-WA,1.065533
2024,PJM_AE_US-NJ,1.06729
2024,PJM_AEP_US-IN,1.03751
2024,PJM_AEP_US-KY,1.03751
2024,PJM_AEP_US-MI,1.03751
2024,PJM_AEP_US-OH,1.03751
2024,PJM_AEP_US-TN,1.03751
2024,PJM_AEP_US-VA,1.03751
2024,PJM_AEP_US-WV,1.03751
2024,PJM_AP_US-MD,1.126664
2024,PJM_AP_US-OH,1.126664
2024,PJM_AP_US-PA,1.126664
2024,PJM_AP_US-VA,1.126664
2024,PJM_AP_US-WV,1.126664
2024,PJM_ATSI_US-OH,1.040449
2024,PJM_ATSI_US-PA,1.040449
2024,PJM_BC_US-MD,1.193225
2024,PJM_CE_US-IL,1.05631
2024,PJM_CE_US-IN,1.05631
2024,PJM_DAY_US-OH,1.020006
2024,PJM_DEOK_US-KY,1.04752
2024,PJM_DEOK_US-OH,1.04752
2024,PJM_DOM_US-NC,1.131167
2024,PJM_DOM_US-VA,1.131167
2024,PJM_DOM_US-WV,1.131167
2024,PJM_DPL_US-DE,1.228715
2024,PJM_DPL_US-MD,1.228715
2024,PJM_DPL_US-NJ,1.228715
2024,PJM_DPL_US-PA,1.228715
2024,PJM_DPL_US-VA,1.228715
2024,PJM_DUQ_US-PA,1.066425
2024,PJM_EKPC_US-KY,1.033357
2024,PJM_JC_US-NJ,1.039817
2024,PJM_JC_US-NY,1.039817
2024,PJM_ME_US-PA,1.052168
2024,PJM_PE_US-DE,1.04867
2024,PJM_PE_US-MD,1.04867
2024,PJM_PE_US-NJ,1.04867
2024,PJM_PE_US-PA,1.04867
2024,PJM_PEP_US-DC,0.71289
2024,PJM_PEP_US-MD,0.71289
2024,PJM_PEP_US-VA,0.71289
2024,PJM_PL_US-MD,1.040569
2024,PJM_PL_US-PA,1.040569
2024,PJM_PN_US-MD,1.015337
2024,PJM_PN_US-PA,1.015337
2024,PJM_PS_US-NJ,1.08744
2024,PJM_PS_US-PA,1.08744
2024,PJM_RECO_US-NJ,1.763514
2024,PNM_ACMA_US-NM,1
2024,PNM_CYGA_US-NM,1
2024,PNM_Frep_US-NM,0.904762
2024,PNM_Jica_US-NM,1
2024,PNM_KAFB_US-NM,0.873239
2024,PNM_KCEC_US-NM,0.873016
2024,PNM_LAC_US-NM,0.831461
2024,PNM_NTUA_US-NM,0
2024,PNM_PNM_US-NM,1.078348
2024,PNM_TSGT_US-AZ,0.612091
2024,PNM_TSGT_US-NM,0.612091
2024,PSCO_0_US-CO,1.099056
2024,PSCO_0_US-WY,1.099056
2024,PSEI_0_US-WA,1.241063
2024,SC_0_US-SC,1.048112
2024,SCEG_0_US-GA,1.007962
2024,SCEG_0_US-SC,1.007962
2024,SCL_0_US-WA,1.138078
2024,SEC_0_US-FL,0.903282
2024,SEPA_0_US-GA,1
2024,SEPA_0_US-SC,1
2024,SOCO_0_US-AL,1.03257
2024,SOCO_0_US-FL,1.03257
2024,SOCO_0_US-GA,1.03257
2024,SOCO_0_US-MS,1.03257
2024,SOCO_0_US-SC,1.03257
2024,SPA_0_US-AR,2.166667
2024,SPA_0_US-MO,2.166667
2024,SPA_0_US-OK,2.166667
2024,SPA_0_US-TX,2.166667
2024,SPC_0_CA-SK,0
2024,SRP_0_US-AZ,1.069109
2024,SWPP_CSWS_US-AR,1.057254
2024,SWPP_CSWS_US-LA,1.057254
2024,SWPP_CSWS_US-OK,1.057254
2024,SWPP_CSWS_US-TX,1.057254
2024,SWPP_EDE_US-AR,1.114099
2024,SWPP_EDE_US-KS,1.114099
2024,SWPP_EDE_US-MO,1.114099
2024,SWPP_EDE_US-OK,1.114099
2024,SWPP_GRDA_US-AR,0.782877
2024,SWPP_GRDA_US-KS,0.782877
2024,SWPP_GRDA_US-OK,0.782877
2024,SWPP_INDN_US-MO,1.059701
2024,SWPP_KACY_US-KS,1.048218
2024,SWPP_KCPL_US-KS,1.0517
2024,SWPP_KCPL_US-MO,1.0517
2024,SWPP_LES_US-NE,1.208936
2024,SWPP_MPS_US-MO,1.057441
2024,SWPP_NPPD_US-CO,0.913253
2024,SWPP_NPPD_US-NE,0.913253
2024,SWPP_NPPD_US-SD,0.913253
2024,SWPP_OKGE_US-AR,1.01213
2024,SWPP_OKGE_US-OK,1.01213
2024,SWPP_OKGE_US-TX,1.01213
2024,SWPP_OPPD_US-NE,1.208601
2024,SWPP_SECI_US-KS,1.177819
2024,SWPP_SPRM_US-MO,1.055556
2024,SWPP_SPS_US-CO,1.056256
2024,SWPP_SPS_US-KS,1.056256
2024,SWPP_SPS_US-NM,1.056256
2024,SWPP_SPS_US-OK,1.056256
2024,SWPP_SPS_US-TX,1.056256
2024,SWPP_WAUE_US-IA,0.836657
2024,SWPP_WAUE_US-MN,0.836657
2024,SWPP_WAUE_US-MT,0.836657
2024,SWPP_WAUE_US-ND,0.836657
2024,SWPP_WAUE_US-NE,0.836657
2024,SWPP_WAUE_US-SD,0.836657
2024,SWPP_WAUE_US-WY,0.836657
2024,SWPP_WFEC_US-KS,0.973233
2024,SWPP_WFEC_US-OK,0.973233
2024,SWPP_WFEC_US-TX,0.973233
2024,SWPP_WR_US-KS,0.863311
2024,SWPP_WR_US-MO,0.863311
2024,TAL_0_US-FL,1.042789
2024,TEC_0_US-FL,1.029877
2024,TEPC_0_MX-SON,1.044595
2024,TEPC_0_US-AZ,1.044595
2024,TEPC_0_US-NM,1.044595
2024,TIDC_0_US-CA,0.79616
2024,TPWR_0_US-WA,1.139463
2024,TVA_0_US-AL,1.052241
2024,TVA_0_US-GA,1.052241
2024,TVA_0_US-KY,1.052241
2024,TVA_0_US-MS,1.052241
2024,TVA_0_US-NC,1.052241
2024,TVA_0_US-TN,1.052241
2024,TVA_0_US-VA,1.052241
2024,WACM_0_US-AZ,1.256744
2024,WACM_0_US-CO,1.256744
2024,WACM_0_US-MT,1.256744
2024,WACM_0_US-NE,1.256744
2024,WACM_0_US-NM,1.256744
2024,WACM_0_US-SD,1.256744
2024,WACM_0_US-UT,1.256744
2024,WACM_0_US-WY,1.256744
2024,WALC_0_US-AZ,1.157687
2024,WALC_0_US-CA,1.157687
2024,WALC_0_US-NV,1.157687
2024,WAUW_0_US-MT,1.319149
2024,WWA_0_US-MT,1
2024,YAD_0_US-NC,1
2025,AEC_0_US-AL,0
2025,AEC_0_US-FL,0
2025,AECI_0_US-AR,0
2025,AECI_0_US-IA,0
2025,AECI_0_US-MO,0
2025,AECI_0_US-OK,0
2025,AESO_CENT_CA-AB,0
2025,AESO_CGY_CA-AB,0
2025,AESO_EDM_CA-AB,0
2025,AESO_NE_CA-AB,0
2025,AESO_NW_CA-AB,0
2025,AESO_NW_CA-BC,0
2025,AESO_SOUT_CA-AB,0
2025,AVA_0_US-ID,1.052565
2025,AVA_0_US-MT,1.052565
2025,AVA_0_US-OR,1.052565
2025,AVA_0_US-WA,1.052565
2025,AVRN_0_US-OR,1
2025,AVRN_0_US-WA,1
2025,AZPS_0_US-AZ,1.185189
2025,AZPS_0_US-CA,1.185189
2025,AZPS_0_US-NM,1.185189
2025,AZPS_0_US-NV,1.185189
2025,BANC_0_US-CA,0.866244
2025,BCHA_0_CA-BC,0
2025,BPAT_0_CA-BC,1.125654
2025,BPAT_0_US-CA,1.125654
2025,BPAT_0_US-ID,1.125654
2025,BPAT_0_US-MT,1.125654
2025,BPAT_0_US-OR,1.125654
2025,BPAT_0_US-WA,1.125654
2025,CEN_0_MX-COA,0
2025,CEN_0_MX-NLE,0
2025,CENB_0_MX-BCN,0
2025,CENB_0_MX-SON,0
2025,CHPD_0_US-WA,1.14898
2025,CISO_PGAE_US-CA,1.323058
2025,CISO_PGAE_US-OR,1.323058
2025,CISO_SCE_US-AZ,1.103699
2025,CISO_SCE_US-CA,1.103699
2025,CISO_SCE_US-NV,1.103699
2025,CISO_SDGE_MX-BCN,1.18897
2025,CISO_SDGE_US-AZ,1.18897
2025,CISO_SDGE_US-CA,1.18897
2025,CISO_VEA_US-NV,0.986755
2025,CPLE_0_US-NC,1.097962
2025,CPLE_0_US-SC,1.097962
2025,CPLW_0_US-NC,0.790837
2025,DEAA_0_US-AZ,1
2025,DOPD_0_US-WA,1.156317
2025,DUK_0_US-NC,1.073904
2025,DUK_0_US-SC,1.073904
2025,DUK_0_US-VA,1.073904
2025,EPE_0_US-NM,1.092105
2025,EPE_0_US-TX,1.092105
2025,ERCO_COAS_US-TX,1.076445
2025,ERCO_EAST_US-TX,1.564792
2025,ERCO_FWES_US-TX,1.044656
2025,ERCO_NCEN_US-TX,1.081774
2025,ERCO_NRTH_US-OK,1.186718
2025,ERCO_NRTH_US-TX,1.186718
2025,ERCO_SCEN_US-TX,1.136569
2025,ERCO_SOUT_US-TX,1.095583
2025,ERCO_WEST_US-TX,1.7875
2025,FMPP_0_US-FL,0.912157
2025,FPC_0_US-FL,0.873149
2025,FPL_0_US-FL,1.034689
2025,GCPD_0_US-WA,1.18057
2025,GLHB_0_US-IL,1
2025,GRID_0_US-NM,1
2025,GRID_0_US-OR,1
2025,GRID_0_US-WA,1
2025,GRIF_0_US-AZ,1
2025,GVL_0_US-FL,0.99469
2025,GWA_0_US-MT,1
2025,HGMA_0_US-AZ,1
2025,HQT_0_CA-NL,1
2025,HQT_0_CA-QC,1
2025,HST_0_US-FL,1.12069
2025,IESO_0_CA-ON,0
2025,IID_0_US-AZ,0.892321
2025,IID_0_US-CA,0.892321
2025,IPCO_0_US-ID,1.006147
2025,IPCO_0_US-NV,1.006147
2025,IPCO_0_US-OR,1.006147
2025,IPCO_0_US-UT,1.006147
2025,ISNE_4001_US-ME,1.023216
2025,ISNE_4002_US-ME,1.04671
2025,ISNE_4002_US-NH,1.04671
2025,ISNE_4002_US-VT,1.04671
2025,ISNE_4003_US-NH,1.214447
2025,ISNE_4003_US-NY,1.214447
2025,ISNE_4003_US-VT,1.214447
2025,ISNE_4004_US-CT,1.132851
2025,ISNE_4005_US-MA,1.080654
2025,ISNE_4005_US-RI,1.080654
2025,ISNE_4006_US-MA,1.134916
2025,ISNE_4006_US-RI,1.134916
2025,ISNE_4007_US-MA,1.129976
2025,ISNE_4007_US-NY,1.129976
2025,ISNE_4007_US-VT,1.129976
2025,ISNE_4008_US-MA,1.118008
2025,ISNE_4008_US-NH,1.118008
2025,JEA_0_US-FL,1.103796
2025,LDWP_0_US-AZ,0.859392
2025,LDWP_0_US-CA,0.859392
2025,LDWP_0_US-NV,0.859392
2025,LDWP_0_US-UT,0.859392
2025,LGEE_0_US-IN,0.983224
2025,LGEE_0_US-KY,0.983224
2025,LGEE_0_US-VA,0.983224
2025,MHEB_0_CA-MB,0
2025,MISO_01_US-IA,1.099664
2025,MISO_01_US-IL,1.099664
2025,MISO_01_US-MI,1.099664
2025,MISO_01_US-MN,1.099664
2025,MISO_01_US-MT,1.099664
2025,MISO_01_US-ND,1.099664
2025,MISO_01_US-SD,1.099664
2025,MISO_01_US-WI,1.099664
2025,MISO_02_US-IA,1.119265
2025,MISO_02_US-IL,1.119265
2025,MISO_02_US-MI,1.119265
2025,MISO_02_US-MN,1.119265
2025,MISO_02_US-WI,1.119265
2025,MISO_03_US-IA,1.121128
2025,MISO_03_US-IL,1.121128
2025,MISO_03_US-MN,1.121128
2025,MISO_03_US-MO,1.121128
2025,MISO_03_US-SD,1.121128
2025,MISO_04_US-IL,1.065124
2025,MISO_04_US-KY,1.065124
2025,MISO_04_US-MO,1.065124
2025,MISO_05_US-IA,1.031155
2025,MISO_05_US-IL,1.031155
2025,MISO_05_US-MO,1.031155
2025,MISO_06_US-IL,1.087417
2025,MISO_06_US-IN,1.087417
2025,MISO_06_US-KY,1.087417
2025,MISO_06_US-OH,1.087417
2025,MISO_07_US-MI,1.054
2025,MISO_08_US-AR,1.071136
2025,MISO_08_US-MO,1.071136
2025,MISO_09_US-LA,1.096297
2025,MISO_09_US-TX,1.096297
2025,MISO_10_US-MS,1.098781
2025,MISO_10_US-TN,1.098781
2025,NBSO_0_CA-NB,4.092365
2025,NBSO_0_CA-PE,4.092365
2025,NBSO_0_US-ME,4.092365
2025,NEVP_0_US-CA,1.146414
2025,NEVP_0_US-NV,1.146414
2025,NEVP_0_US-OR,1.146414
2025,NSPI_0_CA-NS,4.092365
2025,NWMT_0_US-ID,1.059424
2025,NWMT_0_US-MT,1.059424
2025,NWMT_0_US-WY,1.059424
2025,NYIS_A_US-NY,1.06191
2025,NYIS_A_US-PA,1.06191
2025,NYIS_B_US-NY,1.049451
2025,NYIS_C_US-NY,1.049964
2025,NYIS_D_US-NY,1.031328
2025,NYIS_E_US-NY,1.044444
2025,NYIS_F_US-NY,1.039732
2025,NYIS_G_US-NJ,1.07212
2025,NYIS_G_US-NY,1.07212
2025,NYIS_G_US-PA,1.07212
2025,NYIS_H_US-NY,1.056934
2025,NYIS_I_US-NY,1.048729
2025,NYIS_J_US-NJ,0.99971
2025,NYIS_J_US-NY,0.99971
2025,NYIS_K_US-NY,1.000195
2025,PACE_0_US-AZ,1.048385
2025,PACE_0_US-CO,1.048385
2025,PACE_0_US-ID,1.048385
2025,PACE_0_US-MT,1.048385
2025,PACE_0_US-NV,1.048385
2025,PACE_0_US-UT,1.048385
2025,PACE_0_US-WY,1.048385
2025,PACW_0_US-CA,1.029379
2025,PACW_0_US-OR,1.029379
2025,PACW_0_US-WA,1.029379
2025,PGE_0_US-OR,1.088347
2025,PGE_0_US-WA,1.088347
2025,PJM_AE_US-NJ,1.090467
2025,PJM_AEP_US-IN,1.050316
2025,PJM_AEP_US-KY,1.050316
2025,PJM_AEP_US-MI,1.050316
2025,PJM_AEP_US-OH,1.050316
2025,PJM_AEP_US-TN,1.050316
2025,PJM_AEP_US-VA,1.050316
2025,PJM_AEP_US-WV,1.050316
2025,PJM_AP_US-MD,1.17236
2025,PJM_AP_US-OH,1.17236
2025,PJM_AP_US-PA,1.17236
2025,PJM_AP_US-VA,1.17236
2025,PJM_AP_US-WV,1.17236
2025,PJM_ATSI_US-OH,1.054274
2025,PJM_ATSI_US-PA,1.054274
2025,PJM_BC_US-MD,1.265532
2025,PJM_CE_US-IL,1.075788
2025,PJM_CE_US-IN,1.075788
2025,PJM_DAY_US-OH,1.026874
2025,PJM_DEOK_US-KY,1.063738
2025,PJM_DEOK_US-OH,1.063738
2025,PJM_DOM_US-NC,1.178598
2025,PJM_DOM_US-VA,1.178598
2025,PJM_DOM_US-WV,1.178598
2025,PJM_DPL_US-DE,1.315869
2025,PJM_DPL_US-MD,1.315869
2025,PJM_DPL_US-NJ,1.315869
2025,PJM_DPL_US-PA,1.315869
2025,PJM_DPL_US-VA,1.315869
2025,PJM_DUQ_US-PA,1.089655
2025,PJM_EKPC_US-KY,1.044593
2025,PJM_JC_US-NJ,1.053362
2025,PJM_JC_US-NY,1.053362
2025,PJM_ME_US-PA,1.070101
2025,PJM_PE_US-DE,1.065408
2025,PJM_PE_US-MD,1.065408
2025,PJM_PE_US-NJ,1.065408
2025,PJM_PE_US-PA,1.065408
2025,PJM_PEP_US-DC,0.6369
2025,PJM_PEP_US-MD,0.6369
2025,PJM_PEP_US-VA,0.6369
2025,PJM_PL_US-MD,1.054396
2025,PJM_PL_US-PA,1.054396
2025,PJM_PN_US-MD,1.02045
2025,PJM_PN_US-PA,1.02045
2025,PJM_PS_US-NJ,1.118243
2025,PJM_PS_US-PA,1.118243
2025,PJM_RECO_US-NJ,2.128378
2025,PNM_ACMA_US-NM,1
2025,PNM_CYGA_US-NM,1
2025,PNM_Frep_US-NM,0.869048
2025,PNM_Jica_US-NM,1
2025,PNM_KAFB_US-NM,0.830986
2025,PNM_KCEC_US-NM,0.825397
2025,PNM_LAC_US-NM,0.775281
2025,PNM_NTUA_US-NM,0
2025,PNM_PNM_US-NM,1.105751
2025,PNM_TSGT_US-AZ,0.518892
2025,PNM_TSGT_US-NM,0.518892
2025,PSCO_0_US-CO,1.134172
2025,PSCO_0_US-WY,1.134172
2025,PSEI_0_US-WA,1.333733
2025,SC_0_US-SC,1.064725
2025,SCEG_0_US-GA,1.010544
2025,SCEG_0_US-SC,1.010544
2025,SCL_0_US-WA,1.187998
2025,SEC_0_US-FL,0.873149
2025,SEPA_0_US-GA,1
2025,SEPA_0_US-SC,1
2025,SOCO_0_US-AL,1.043663
2025,SOCO_0_US-FL,1.043663
2025,SOCO_0_US-GA,1.043663
2025,SOCO_0_US-MS,1.043663
2025,SOCO_0_US-SC,1.043663
2025,SPA_0_US-AR,2.8
2025,SPA_0_US-MO,2.8
2025,SPA_0_US-OK,2.8
2025,SPA_0_US-TX,2.8
2025,SPC_0_CA-SK,0
2025,SRP_0_US-AZ,1.093232
2025,SWPP_CSWS_US-AR,1.077109
2025,SWPP_CSWS_US-LA,1.077109
2025,SWPP_CSWS_US-OK,1.077109
2025,SWPP_CSWS_US-TX,1.077109
2025,SWPP_EDE_US-AR,1.154849
2025,SWPP_EDE_US-KS,1.154849
2025,SWPP_EDE_US-MO,1.154849
2025,SWPP_EDE_US-OK,1.154849
2025,SWPP_GRDA_US-AR,0.721977
2025,SWPP_GRDA_US-KS,0.721977
2025,SWPP_GRDA_US-OK,0.721977
2025,SWPP_INDN_US-MO,1.08209
2025,SWPP_KACY_US-KS,1.06499
2025,SWPP_KCPL_US-KS,1.069402
2025,SWPP_KCPL_US-MO,1.069402
2025,SWPP_LES_US-NE,1.287779
2025,SWPP_MPS_US-MO,1.077285
2025,SWPP_NPPD_US-CO,0.885944
2025,SWPP_NPPD_US-NE,0.885944
2025,SWPP_NPPD_US-SD,0.885944
2025,SWPP_OKGE_US-AR,1.016272
2025,SWPP_OKGE_US-OK,1.016272
2025,SWPP_OKGE_US-TX,1.016272
2025,SWPP_OPPD_US-NE,1.287439
2025,SWPP_SECI_US-KS,1.243813
2025,SWPP_SPRM_US-MO,1.074074
2025,SWPP_SPS_US-CO,1.075799
2025,SWPP_SPS_US-KS,1.075799
2025,SWPP_SPS_US-NM,1.075799
2025,SWPP_SPS_US-OK,1.075799
2025,SWPP_SPS_US-TX,1.075799
2025,SWPP_WAUE_US-IA,0.788393
2025,SWPP_WAUE_US-MN,0.788393
2025,SWPP_WAUE_US-MT,0.788393
2025,SWPP_WAUE_US-ND,0.788393
2025,SWPP_WAUE_US-NE,0.788393
2025,SWPP_WAUE_US-SD,0.788393
2025,SWPP_WAUE_US-WY,0.788393
2025,SWPP_WFEC_US-KS,0.964133
2025,SWPP_WFEC_US-OK,0.964133
2025,SWPP_WFEC_US-TX,0.964133
2025,SWPP_WR_US-KS,0.822067
2025,SWPP_WR_US-MO,0.822067
2025,TAL_0_US-FL,1.057052
2025,TEC_0_US-FL,1.040134
2025,TEPC_0_MX-SON,1.059864
2025,TEPC_0_US-AZ,1.059864
2025,TEPC_0_US-NM,1.059864
2025,TIDC_0_US-CA,0.737075
2025,TPWR_0_US-WA,1.190083
2025,TVA_0_US-AL,1.070237
2025,TVA_0_US-GA,1.070237
2025,TVA_0_US-KY,1.070237
2025,TVA_0_US-MS,1.070237
2025,TVA_0_US-NC,1.070237
2025,TVA_0_US-TN,1.070237
2025,TVA_0_US-VA,1.070237
2025,WACM_0_US-AZ,1.356093
2025,WACM_0_US-CO,1.356093
2025,WACM_0_US-MT,1.356093
2025,WACM_0_US-NE,1.356093
2025,WACM_0_US-NM,1.356093
2025,WACM_0_US-SD,1.356093
2025,WACM_0_US-UT,1.356093
2025,WACM_0_US-WY,1.356093
2025,WALC_0_US-AZ,1.215522
2025,WALC_0_US-CA,1.215522
2025,WALC_0_US-NV,1.215522
2025,WAUW_0_US-MT,1.446809
2025,WWA_0_US-MT,1
2025,YAD_0_US-NC,1
2026,AEC_0_US-AL,0
2026,AEC_0_US-FL,0
2026,AECI_0_US-AR,0
2026,AECI_0_US-IA,0
2026,AECI_0_US-MO,0
2026,AECI_0_US-OK,0
2026,AESO_CENT_CA-AB,0
2026,AESO_CGY_CA-AB,0
2026,AESO_EDM_CA-AB,0
2026,AESO_NE_CA-AB,0
2026,AESO_NW_CA-AB,0
2026,AESO_NW_CA-BC,0
2026,AESO_SOUT_CA-AB,0
2026,AVA_0_US-ID,1.086627
2026,AVA_0_US-MT,1.086627
2026,AVA_0_US-OR,1.086627
2026,AVA_0_US-WA,1.086627
2026,AVRN_0_US-OR,1
2026,AVRN_0_US-WA,1
2026,AZPS_0_US-AZ,1.213911
2026,AZPS_0_US-CA,1.213911
2026,AZPS_0_US-NM,1.213911
2026,AZPS_0_US-NV,1.213911
2026,BANC_0_US-CA,0.892291
2026,BCHA_0_CA-BC,0
2026,BPAT_0_CA-BC,1.164773
2026,BPAT_0_US-CA,1.164773
2026,BPAT_0_US-ID,1.164773
2026,BPAT_0_US-MT,1.164773
2026,BPAT_0_US-OR,1.164773
2026,BPAT_0_US-WA,1.164773
2026,CEN_0_MX-COA,0
2026,CEN_0_MX-NLE,0
2026,CENB_0_MX-BCN,0
2026,CENB_0_MX-SON,0
2026,CHPD_0_US-WA,1.193878
2026,CISO_PGAE_US-CA,1.36284
2026,CISO_PGAE_US-OR,1.36284
2026,CISO_SCE_US-AZ,1.136868
2026,CISO_SCE_US-CA,1.136868
2026,CISO_SCE_US-NV,1.136868
2026,CISO_SDGE_MX-BCN,1.224655
2026,CISO_SDGE_US-AZ,1.224655
2026,CISO_SDGE_US-CA,1.224655
2026,CISO_VEA_US-NV,1.013245
2026,CPLE_0_US-NC,1.117195
2026,CPLE_0_US-SC,1.117195
2026,CPLW_0_US-NC,0.804781
2026,DEAA_0_US-AZ,1
2026,DOPD_0_US-WA,1.201285
2026,DUK_0_US-NC,1.091285
2026,DUK_0_US-SC,1.091285
2026,DUK_0_US-VA,1.091285
2026,EPE_0_US-NM,1.121345
2026,EPE_0_US-TX,1.121345
2026,ERCO_COAS_US-TX,1.107303
2026,ERCO_EAST_US-TX,1.609583
2026,ERCO_FWES_US-TX,1.074709
2026,ERCO_NCEN_US-TX,1.112784
2026,ERCO_NRTH_US-OK,1.220885
2026,ERCO_NRTH_US-TX,1.220885
2026,ERCO_SCEN_US-TX,1.16915
2026,ERCO_SOUT_US-TX,1.12706
2026,ERCO_WEST_US-TX,1.83875
2026,FMPP_0_US-FL,0.922763
2026,FPC_0_US-FL,0.883367
2026,FPL_0_US-FL,1.046789
2026,GCPD_0_US-WA,1.225977
2026,GLHB_0_US-IL,1
2026,GRID_0_US-NM,1
2026,GRID_0_US-OR,1
2026,GRID_0_US-WA,1
2026,GRIF_0_US-AZ,1
2026,GVL_0_US-FL,1.00708
2026,GWA_0_US-MT,1
2026,HGMA_0_US-AZ,1
2026,HQT_0_CA-NL,1
2026,HQT_0_CA-QC,1
2026,HST_0_US-FL,1.137931
2026,IESO_0_CA-ON,0
2026,IID_0_US-AZ,0.919682
2026,IID_0_US-CA,0.919682
2026,IPCO_0_US-ID,1.028276
2026,IPCO_0_US-NV,1.028276
2026,IPCO_0_US-OR,1.028276
2026,IPCO_0_US-UT,1.028276
2026,ISNE_4001_US-ME,1.040413
2026,ISNE_4002_US-ME,1.065394
2026,ISNE_4002_US-NH,1.065394
2026,ISNE_4002_US-VT,1.065394
2026,ISNE_4003_US-NH,1.239278
2026,ISNE_4003_US-NY,1.239278
2026,ISNE_4003_US-VT,1.239278
2026,ISNE_4004_US-CT,1.153325
2026,ISNE_4005_US-MA,1.096458
2026,ISNE_4005_US-RI,1.096458
2026,ISNE_4006_US-MA,1.162131
2026,ISNE_4006_US-RI,1.162131
2026,ISNE_4007_US-MA,1.157117
2026,ISNE_4007_US-NY,1.157117
2026,ISNE_4007_US-VT,1.157117
2026,ISNE_4008_US-MA,1.144828
2026,ISNE_4008_US-NH,1.144828
2026,JEA_0_US-FL,1.116576
2026,LDWP_0_US-AZ,0.88527
2026,LDWP_0_US-CA,0.88527
2026,LDWP_0_US-NV,0.88527
2026,LDWP_0_US-UT,0.88527
2026,LGEE_0_US-IN,0.993989
2026,LGEE_0_US-KY,0.993989
2026,LGEE_0_US-VA,0.993989
2026,MHEB_0_CA-MB,0
2026,MISO_01_US-IA,1.122545
2026,MISO_01_US-IL,1.122545
2026,MISO_01_US-MI,1.122545
2026,MISO_01_US-MN,1.122545
2026,MISO_01_US-MT,1.122545
2026,MISO_01_US-ND,1.122545
2026,MISO_01_US-SD,1.122545
2026,MISO_01_US-WI,1.122545
2026,MISO_02_US-IA,1.138286
2026,MISO_02_US-IL,1.138286
2026,MISO_02_US-MI,1.138286
2026,MISO_02_US-MN,1.138286
2026,MISO_02_US-WI,1.138286
2026,MISO_03_US-IA,1.142523
2026,MISO_03_US-IL,1.142523
2026,MISO_03_US-MN,1.142523
2026,MISO_03_US-MO,1.142523
2026,MISO_03_US-SD,1.142523
2026,MISO_04_US-IL,1.092664
2026,MISO_04_US-KY,1.092664
2026,MISO_04_US-MO,1.092664
2026,MISO_05_US-IA,1.040531
2026,MISO_05_US-IL,1.040531
2026,MISO_05_US-MO,1.040531
2026,MISO_06_US-IL,1.097471
2026,MISO_06_US-IN,1.097471
2026,MISO_06_US-KY,1.097471
2026,MISO_06_US-OH,1.097471
2026,MISO_07_US-MI,1.069946
2026,MISO_08_US-AR,1.077125
2026,MISO_08_US-MO,1.077125
2026,MISO_09_US-LA,1.106635
2026,MISO_09_US-TX,1.106635
2026,MISO_10_US-MS,1.106145
2026,MISO_10_US-TN,1.106145
2026,NBSO_0_CA-NB,4.16133
2026,NBSO_0_CA-PE,4.16133
2026,NBSO_0_US-ME,4.16133
2026,NEVP_0_US-CA,1.176873
2026,NEVP_0_US-NV,1.176873
2026,NEVP_0_US-OR,1.176873
2026,NSPI_0_CA-NS,4.16133
2026,NWMT_0_US-ID,1.080933
2026,NWMT_0_US-MT,1.080933
2026,NWMT_0_US-WY,1.080933
2026,NYIS_A_US-NY,1.081163
2026,NYIS_A_US-PA,1.081163
2026,NYIS_B_US-NY,1.068432
2026,NYIS_C_US-NY,1.069236
2026,NYIS_D_US-NY,1.050125
2026,NYIS_E_US-NY,1.063799
2026,NYIS_F_US-NY,1.058971
2026,NYIS_G_US-NJ,1.091909
2026,NYIS_G_US-NY,1.091909
2026,NYIS_G_US-PA,1.091909
2026,NYIS_H_US-NY,1.075912
2026,NYIS_I_US-NY,1.067797
2026,NYIS_J_US-NJ,1.017969
2026,NYIS_J_US-NY,1.017969
2026,NYIS_K_US-NY,1.018558
2026,PACE_0_US-AZ,1.080296
2026,PACE_0_US-CO,1.080296
2026,PACE_0_US-ID,1.080296
2026,PACE_0_US-MT,1.080296
2026,PACE_0_US-NV,1.080296
2026,PACE_0_US-UT,1.080296
2026,PACE_0_US-WY,1.080296
2026,PACW_0_US-CA,1.062064
2026,PACW_0_US-OR,1.062064
2026,PACW_0_US-WA,1.062064
2026,PGE_0_US-OR,1.120331
2026,PGE_0_US-WA,1.120331
2026,PJM_AE_US-NJ,1.114766
2026,PJM_AEP_US-IN,1.070978
2026,PJM_AEP_US-KY,1.070978
2026,PJM_AEP_US-MI,1.070978
2026,PJM_AEP_US-OH,1.070978
2026,PJM_AEP_US-TN,1.070978
2026,PJM_AEP_US-VA,1.070978
2026,PJM_AEP_US-WV,1.070978
2026,PJM_AP_US-MD,1.192879
2026,PJM_AP_US-OH,1.192879
2026,PJM_AP_US-PA,1.192879
2026,PJM_AP_US-VA,1.192879
2026,PJM_AP_US-WV,1.192879
2026,PJM_ATSI_US-OH,1.071891
2026,PJM_ATSI_US-PA,1.071891
2026,PJM_BC_US-MD,1.289382
2026,PJM_CE_US-IL,1.10366
2026,PJM_CE_US-IN,1.10366
2026,PJM_DAY_US-OH,1.044192
2026,PJM_DEOK_US-KY,1.08052
2026,PJM_DEOK_US-OH,1.08052
2026,PJM_DOM_US-NC,1.24096
2026,PJM_DOM_US-VA,1.24096
2026,PJM_DOM_US-WV,1.24096
2026,PJM_DPL_US-DE,1.335264
2026,PJM_DPL_US-MD,1.335264
2026,PJM_DPL_US-NJ,1.335264
2026,PJM_DPL_US-PA,1.335264
2026,PJM_DPL_US-VA,1.335264
2026,PJM_DUQ_US-PA,1.1049
2026,PJM_EKPC_US-KY,1.054775
2026,PJM_JC_US-NJ,1.07686
2026,PJM_JC_US-NY,1.07686
2026,PJM_ME_US-PA,1.085099
2026,PJM_PE_US-DE,1.080484
2026,PJM_PE_US-MD,1.080484
2026,PJM_PE_US-NJ,1.080484
2026,PJM_PE_US-PA,1.080484
2026,PJM_PEP_US-DC,0.648863
2026,PJM_PEP_US-MD,0.648863
2026,PJM_PEP_US-VA,0.648863
2026,PJM_PL_US-MD,1.069267
2026,PJM_PL_US-PA,1.069267
2026,PJM_PN_US-MD,1.034765
2026,PJM_PN_US-PA,1.034765
2026,PJM_PS_US-NJ,1.143283
2026,PJM_PS_US-PA,1.143283
2026,PJM_RECO_US-NJ,2.175676
2026,PNM_ACMA_US-NM,1
2026,PNM_CYGA_US-NM,1
2026,PNM_Frep_US-NM,0.880952
2026,PNM_Jica_US-NM,1
2026,PNM_KAFB_US-NM,0.84507
2026,PNM_KCEC_US-NM,0.84127
2026,PNM_LAC_US-NM,0.786517
2026,PNM_NTUA_US-NM,0
2026,PNM_PNM_US-NM,1.125048
2026,PNM_TSGT_US-AZ,0.528967
2026,PNM_TSGT_US-NM,0.528967
2026,PSCO_0_US-CO,1.171724
2026,PSCO_0_US-WY,1.171724
2026,PSEI_0_US-WA,1.38566
2026,SC_0_US-SC,1.075944
2026,SCEG_0_US-GA,1.021089
2026,SCEG_0_US-SC,1.021089
2026,SCL_0_US-WA,1.234201
2026,SEC_0_US-FL,0.883367
2026,SEPA_0_US-GA,1
2026,SEPA_0_US-SC,1
2026,SOCO_0_US-AL,1.059327
2026,SOCO_0_US-FL,1.059327
2026,SOCO_0_US-GA,1.059327
2026,SOCO_0_US-MS,1.059327
2026,SOCO_0_US-SC,1.059327
2026,SPA_0_US-AR,2.822222
2026,SPA_0_US-MO,2.822222
2026,SPA_0_US-OK,2.822222
2026,SPA_0_US-TX,2.822222
2026,SPC_0_CA-SK,0
2026,SRP_0_US-AZ,1.119703
2026,SWPP_CSWS_US-AR,1.08982
2026,SWPP_CSWS_US-LA,1.08982
2026,SWPP_CSWS_US-OK,1.08982
2026,SWPP_CSWS_US-TX,1.08982
2026,SWPP_EDE_US-AR,1.165444
2026,SWPP_EDE_US-KS,1.165444
2026,SWPP_EDE_US-MO,1.165444
2026,SWPP_EDE_US-OK,1.165444
2026,SWPP_GRDA_US-AR,0.727273
2026,SWPP_GRDA_US-KS,0.727273
2026,SWPP_GRDA_US-OK,0.727273
2026,SWPP_INDN_US-MO,1.093284
2026,SWPP_KACY_US-KS,1.075472
2026,SWPP_KCPL_US-KS,1.078955
2026,SWPP_KCPL_US-MO,1.078955
2026,SWPP_LES_US-NE,1.329829
2026,SWPP_MPS_US-MO,1.087206
2026,SWPP_NPPD_US-CO,0.914592
2026,SWPP_NPPD_US-NE,0.914592
2026,SWPP_NPPD_US-SD,0.914592
2026,SWPP_OKGE_US-AR,1.023817
2026,SWPP_OKGE_US-OK,1.023817
2026,SWPP_OKGE_US-TX,1.023817
2026,SWPP_OPPD_US-NE,1.328932
2026,SWPP_SECI_US-KS,1.254812
2026,SWPP_SPRM_US-MO,1.083333
2026,SWPP_SPS_US-CO,1.102466
2026,SWPP_SPS_US-KS,1.102466
2026,SWPP_SPS_US-NM,1.102466
2026,SWPP_SPS_US-OK,1.102466
2026,SWPP_SPS_US-TX,1.102466
2026,SWPP_WAUE_US-IA,0.802353
2026,SWPP_WAUE_US-MN,0.802353
2026,SWPP_WAUE_US-MT,0.802353
2026,SWPP_WAUE_US-ND,0.802353
2026,SWPP_WAUE_US-NE,0.802353
2026,SWPP_WAUE_US-SD,0.802353
2026,SWPP_WAUE_US-WY,0.802353
2026,SWPP_WFEC_US-KS,0.971627
2026,SWPP_WFEC_US-OK,0.971627
2026,SWPP_WFEC_US-TX,0.971627
2026,SWPP_WR_US-KS,0.829214
2026,SWPP_WR_US-MO,0.829214
2026,TAL_0_US-FL,1.069731
2026,TEC_0_US-FL,1.052397
2026,TEPC_0_MX-SON,1.085555
2026,TEPC_0_US-AZ,1.085555
2026,TEPC_0_US-NM,1.085555
2026,TIDC_0_US-CA,0.759232
2026,TPWR_0_US-WA,1.23657
2026,TVA_0_US-AL,1.084047
2026,TVA_0_US-GA,1.084047
2026,TVA_0_US-KY,1.084047
2026,TVA_0_US-MS,1.084047
2026,TVA_0_US-NC,1.084047
2026,TVA_0_US-TN,1.084047
2026,TVA_0_US-VA,1.084047
2026,WACM_0_US-AZ,1.390326
2026,WACM_0_US-CO,1.390326
2026,WACM_0_US-MT,1.390326
2026,WACM_0_US-NE,1.390326
2026,WACM_0_US-NM,1.390326
2026,WACM_0_US-SD,1.390326
2026,WACM_0_US-UT,1.390326
2026,WACM_0_US-WY,1.390326
2026,WALC_0_US-AZ,1.246663
2026,WALC_0_US-CA,1.246663
2026,WALC_0_US-NV,1.246663
2026,WAUW_0_US-MT,1.468085
2026,WWA_0_US-MT,1
2026,YAD_0_US-NC,1
2027,AEC_0_US-AL,0
2027,AEC_0_US-FL,0
2027,AECI_0_US-AR,0
2027,AECI_0_US-IA,0
2027,AECI_0_US-MO,0
2027,AECI_0_US-OK,0
2027,AESO_CENT_CA-AB,0
2027,AESO_CGY_CA-AB,0
2027,AESO_EDM_CA-AB,0
2027,AESO_NE_CA-AB,0
2027,AESO_NW_CA-AB,0
2027,AESO_NW_CA-BC,0
2027,AESO_SOUT_CA-AB,0
2027,AVA_0_US-ID,1.121951
2027,AVA_0_US-MT,1.121951
2027,AVA_0_US-OR,1.121951
2027,AVA_0_US-WA,1.121951
2027,AVRN_0_US-OR,1
2027,AVRN_0_US-WA,1
2027,AZPS_0_US-AZ,1.243275
2027,AZPS_0_US-CA,1.243275
2027,AZPS_0_US-NM,1.243275
2027,AZPS_0_US-NV,1.243275
2027,BANC_0_US-CA,0.919219
2027,BCHA_0_CA-BC,0
2027,BPAT_0_CA-BC,1.205176
2027,BPAT_0_US-CA,1.205176
2027,BPAT_0_US-ID,1.205176
2027,BPAT_0_US-MT,1.205176
2027,BPAT_0_US-OR,1.205176
2027,BPAT_0_US-WA,1.205176
2027,CEN_0_MX-COA,0
2027,CEN_0_MX-NLE,0
2027,CENB_0_MX-BCN,0
2027,CENB_0_MX-SON,0
2027,CHPD_0_US-WA,1.240816
2027,CISO_PGAE_US-CA,1.403773
2027,CISO_PGAE_US-OR,1.403773
2027,CISO_SCE_US-AZ,1.171061
2027,CISO_SCE_US-CA,1.171061
2027,CISO_SCE_US-NV,1.171061
2027,CISO_SDGE_MX-BCN,1.261422
2027,CISO_SDGE_US-AZ,1.261422
2027,CISO_SDGE_US-CA,1.261422
2027,CISO_VEA_US-NV,1.039735
2027,CPLE_0_US-NC,1.136754
2027,CPLE_0_US-SC,1.136754
2027,CPLW_0_US-NC,0.819721
2027,DEAA_0_US-AZ,1
2027,DOPD_0_US-WA,1.248394
2027,DUK_0_US-NC,1.108961
2027,DUK_0_US-SC,1.108961
2027,DUK_0_US-VA,1.108961
2027,EPE_0_US-NM,1.151072
2027,EPE_0_US-TX,1.151072
2027,ERCO_COAS_US-TX,1.139075
2027,ERCO_EAST_US-TX,1.655833
2027,ERCO_FWES_US-TX,1.105397
2027,ERCO_NCEN_US-TX,1.144687
2027,ERCO_NRTH_US-OK,1.256015
2027,ERCO_NRTH_US-TX,1.256015
2027,ERCO_SCEN_US-TX,1.202709
2027,ERCO_SOUT_US-TX,1.159361
2027,ERCO_WEST_US-TX,1.8915
2027,FMPP_0_US-FL,0.933642
2027,FPC_0_US-FL,0.89367
2027,FPL_0_US-FL,1.059017
2027,GCPD_0_US-WA,1.274551
2027,GLHB_0_US-IL,1
2027,GRID_0_US-NM,1
2027,GRID_0_US-OR,1
2027,GRID_0_US-WA,1
2027,GRIF_0_US-AZ,1
2027,GVL_0_US-FL,1.017699
2027,GWA_0_US-MT,1
2027,HGMA_0_US-AZ,1
2027,HQT_0_CA-NL,1
2027,HQT_0_CA-QC,1
2027,HST_0_US-FL,1.146552
2027,IESO_0_CA-ON,0
2027,IID_0_US-AZ,0.947043
2027,IID_0_US-CA,0.947043
2027,IPCO_0_US-ID,1.050897
2027,IPCO_0_US-NV,1.050897
2027,IPCO_0_US-OR,1.050897
2027,IPCO_0_US-UT,1.050897
2027,ISNE_4001_US-ME,1.05804
2027,ISNE_4002_US-ME,1.084078
2027,ISNE_4002_US-NH,1.084078
2027,ISNE_4002_US-VT,1.084078
2027,ISNE_4003_US-NH,1.265237
2027,ISNE_4003_US-NY,1.265237
2027,ISNE_4003_US-VT,1.265237
2027,ISNE_4004_US-CT,1.174261
2027,ISNE_4005_US-MA,1.112262
2027,ISNE_4005_US-RI,1.112262
2027,ISNE_4006_US-MA,1.189925
2027,ISNE_4006_US-RI,1.189925
2027,ISNE_4007_US-MA,1.184861
2027,ISNE_4007_US-NY,1.184861
2027,ISNE_4007_US-VT,1.184861
2027,ISNE_4008_US-MA,1.172222
2027,ISNE_4008_US-NH,1.172222
2027,JEA_0_US-FL,1.129744
2027,LDWP_0_US-AZ,0.911871
2027,LDWP_0_US-CA,0.911871
2027,LDWP_0_US-NV,0.911871
2027,LDWP_0_US-UT,0.911871
2027,LGEE_0_US-IN,1.004893
2027,LGEE_0_US-KY,1.004893
2027,LGEE_0_US-VA,1.004893
2027,MHEB_0_CA-MB,0
2027,MISO_01_US-IA,1.145855
2027,MISO_01_US-IL,1.145855
2027,MISO_01_US-MI,1.145855
2027,MISO_01_US-MN,1.145855
2027,MISO_01_US-MT,1.145855
2027,MISO_01_US-ND,1.145855
2027,MISO_01_US-SD,1.145855
2027,MISO_01_US-WI,1.145855
2027,MISO_02_US-IA,1.157633
2027,MISO_02_US-IL,1.157633
2027,MISO_02_US-MI,1.157633
2027,MISO_02_US-MN,1.157633
2027,MISO_02_US-WI,1.157633
2027,MISO_03_US-IA,1.164343
2027,MISO_03_US-IL,1.164343
2027,MISO_03_US-MN,1.164343
2027,MISO_03_US-MO,1.164343
2027,MISO_03_US-SD,1.164343
2027,MISO_04_US-IL,1.120993
2027,MISO_04_US-KY,1.120993
2027,MISO_04_US-MO,1.120993
2027,MISO_05_US-IA,1.049906
2027,MISO_05_US-IL,1.049906
2027,MISO_05_US-MO,1.049906
2027,MISO_06_US-IL,1.107646
2027,MISO_06_US-IN,1.107646
2027,MISO_06_US-KY,1.107646
2027,MISO_06_US-OH,1.107646
2027,MISO_07_US-MI,1.086108
2027,MISO_08_US-AR,1.083114
2027,MISO_08_US-MO,1.083114
2027,MISO_09_US-LA,1.11707
2027,MISO_09_US-TX,1.11707
2027,MISO_10_US-MS,1.113763
2027,MISO_10_US-TN,1.113763
2027,NBSO_0_CA-NB,4.231527
2027,NBSO_0_CA-PE,4.231527
2027,NBSO_0_US-ME,4.231527
2027,NEVP_0_US-CA,1.20808
2027,NEVP_0_US-NV,1.20808
2027,NEVP_0_US-OR,1.20808
2027,NSPI_0_CA-NS,4.231527
2027,NWMT_0_US-ID,1.102443
2027,NWMT_0_US-MT,1.102443
2027,NWMT_0_US-WY,1.102443
2027,NYIS_A_US-NY,1.10117
2027,NYIS_A_US-PA,1.10117
2027,NYIS_B_US-NY,1.087912
2027,NYIS_C_US-NY,1.088865
2027,NYIS_D_US-NY,1.070175
2027,NYIS_E_US-NY,1.083154
2027,NYIS_F_US-NY,1.07821
2027,NYIS_G_US-NJ,1.111697
2027,NYIS_G_US-NY,1.111697
2027,NYIS_G_US-PA,1.111697
2027,NYIS_H_US-NY,1.094891
2027,NYIS_I_US-NY,1.087571
2027,NYIS_J_US-NJ,1.036615
2027,NYIS_J_US-NY,1.036615
2027,NYIS_K_US-NY,1.037117
2027,PACE_0_US-AZ,1.113163
2027,PACE_0_US-CO,1.113163
2027,PACE_0_US-ID,1.113163
2027,PACE_0_US-MT,1.113163
2027,PACE_0_US-NV,1.113163
2027,PACE_0_US-UT,1.113163
2027,PACE_0_US-WY,1.113163
2027,PACW_0_US-CA,1.095667
2027,PACW_0_US-OR,1.095667
2027,PACW_0_US-WA,1.095667
2027,PGE_0_US-OR,1.15321
2027,PGE_0_US-WA,1.15321
2027,PJM_AE_US-NJ,1.139813
2027,PJM_AEP_US-IN,1.092003
2027,PJM_AEP_US-KY,1.092003
2027,PJM_AEP_US-MI,1.092003
2027,PJM_AEP_US-OH,1.092003
2027,PJM_AEP_US-TN,1.092003
2027,PJM_AEP_US-VA,1.092003
2027,PJM_AEP_US-WV,1.092003
2027,PJM_AP_US-MD,1.21362
2027,PJM_AP_US-OH,1.21362
2027,PJM_AP_US-PA,1.21362
2027,PJM_AP_US-VA,1.21362
2027,PJM_AP_US-WV,1.21362
2027,PJM_ATSI_US-OH,1.089904
2027,PJM_ATSI_US-PA,1.089904
2027,PJM_BC_US-MD,1.313839
2027,PJM_CE_US-IL,1.132239
2027,PJM_CE_US-IN,1.132239
2027,PJM_DAY_US-OH,1.061809
2027,PJM_DEOK_US-KY,1.097681
2027,PJM_DEOK_US-OH,1.097681
2027,PJM_DOM_US-NC,1.30669
2027,PJM_DOM_US-VA,1.30669
2027,PJM_DOM_US-WV,1.30669
2027,PJM_DPL_US-DE,1.354912
2027,PJM_DPL_US-MD,1.354912
2027,PJM_DPL_US-NJ,1.354912
2027,PJM_DPL_US-PA,1.354912
2027,PJM_DPL_US-VA,1.354912
2027,PJM_DUQ_US-PA,1.120508
2027,PJM_EKPC_US-KY,1.065309
2027,PJM_JC_US-NJ,1.101012
2027,PJM_JC_US-NY,1.101012
2027,PJM_ME_US-PA,1.10075
2027,PJM_PE_US-DE,1.095679
2027,PJM_PE_US-MD,1.095679
2027,PJM_PE_US-NJ,1.095679
2027,PJM_PE_US-PA,1.095679
2027,PJM_PEP_US-DC,0.661163
2027,PJM_PEP_US-MD,0.661163
2027,PJM_PEP_US-VA,0.661163
2027,PJM_PL_US-MD,1.084399
2027,PJM_PL_US-PA,1.084399
2027,PJM_PN_US-MD,1.049421
2027,PJM_PN_US-PA,1.049421
2027,PJM_PS_US-NJ,1.16882
2027,PJM_PS_US-PA,1.16882
2027,PJM_RECO_US-NJ,2.222973
2027,PNM_ACMA_US-NM,1
2027,PNM_CYGA_US-NM,1
2027,PNM_Frep_US-NM,0.904762
2027,PNM_Jica_US-NM,1
2027,PNM_KAFB_US-NM,0.859155
2027,PNM_KCEC_US-NM,0.857143
2027,PNM_LAC_US-NM,0.808989
2027,PNM_NTUA_US-NM,0
2027,PNM_PNM_US-NM,1.145118
2027,PNM_TSGT_US-AZ,0.536524
2027,PNM_TSGT_US-NM,0.536524
2027,PSCO_0_US-CO,1.210494
2027,PSCO_0_US-WY,1.210494
2027,PSEI_0_US-WA,1.439784
2027,SC_0_US-SC,1.087163
2027,SCEG_0_US-GA,1.031633
2027,SCEG_0_US-SC,1.031633
2027,SCL_0_US-WA,1.282528
2027,SEC_0_US-FL,0.89367
2027,SEPA_0_US-GA,1
2027,SEPA_0_US-SC,1
2027,SOCO_0_US-AL,1.075235
2027,SOCO_0_US-FL,1.075235
2027,SOCO_0_US-GA,1.075235
2027,SOCO_0_US-MS,1.075235
2027,SOCO_0_US-SC,1.075235
2027,SPA_0_US-AR,2.844444
2027,SPA_0_US-MO,2.844444
2027,SPA_0_US-OK,2.844444
2027,SPA_0_US-TX,2.844444
2027,SPC_0_CA-SK,0
2027,SRP_0_US-AZ,1.146825
2027,SWPP_CSWS_US-AR,1.102532
2027,SWPP_CSWS_US-LA,1.102532
2027,SWPP_CSWS_US-OK,1.102532
2027,SWPP_CSWS_US-TX,1.102532
2027,SWPP_EDE_US-AR,1.175224
2027,SWPP_EDE_US-KS,1.175224
2027,SWPP_EDE_US-MO,1.175224
2027,SWPP_EDE_US-OK,1.175224
2027,SWPP_GRDA_US-AR,0.732568
2027,SWPP_GRDA_US-KS,0.732568
2027,SWPP_GRDA_US-OK,0.732568
2027,SWPP_INDN_US-MO,1.104478
2027,SWPP_KACY_US-KS,1.083857
2027,SWPP_KCPL_US-KS,1.088508
2027,SWPP_KCPL_US-MO,1.088508
2027,SWPP_LES_US-NE,1.371879
2027,SWPP_MPS_US-MO,1.096606
2027,SWPP_NPPD_US-CO,0.944043
2027,SWPP_NPPD_US-NE,0.944043
2027,SWPP_NPPD_US-SD,0.944043
2027,SWPP_OKGE_US-AR,1.031509
2027,SWPP_OKGE_US-OK,1.031509
2027,SWPP_OKGE_US-TX,1.031509
2027,SWPP_OPPD_US-NE,1.371935
2027,SWPP_SECI_US-KS,1.265811
2027,SWPP_SPRM_US-MO,1.093915
2027,SWPP_SPS_US-CO,1.12968
2027,SWPP_SPS_US-KS,1.12968
2027,SWPP_SPS_US-NM,1.12968
2027,SWPP_SPS_US-OK,1.12968
2027,SWPP_SPS_US-TX,1.12968
2027,SWPP_WAUE_US-IA,0.816713
2027,SWPP_WAUE_US-MN,0.816713
2027,SWPP_WAUE_US-MT,0.816713
2027,SWPP_WAUE_US-ND,0.816713
2027,SWPP_WAUE_US-NE,0.816713
2027,SWPP_WAUE_US-SD,0.816713
2027,SWPP_WAUE_US-WY,0.816713
2027,SWPP_WFEC_US-KS,0.979122
2027,SWPP_WFEC_US-OK,0.979122
2027,SWPP_WFEC_US-TX,0.979122
2027,SWPP_WR_US-KS,0.83651
2027,SWPP_WR_US-MO,0.83651
2027,TAL_0_US-FL,1.082409
2027,TEC_0_US-FL,1.06466
2027,TEPC_0_MX-SON,1.11173
2027,TEPC_0_US-AZ,1.11173
2027,TEPC_0_US-NM,1.11173
2027,TIDC_0_US-CA,0.782866
2027,TPWR_0_US-WA,1.285124
2027,TVA_0_US-AL,1.098022
2027,TVA_0_US-GA,1.098022
2027,TVA_0_US-KY,1.098022
2027,TVA_0_US-MS,1.098022
2027,TVA_0_US-NC,1.098022
2027,TVA_0_US-TN,1.098022
2027,TVA_0_US-VA,1.098022
2027,WACM_0_US-AZ,1.425674
2027,WACM_0_US-CO,1.425674
2027,WACM_0_US-MT,1.425674
2027,WACM_0_US-NE,1.425674
2027,WACM_0_US-NM,1.425674
2027,WACM_0_US-SD,1.425674
2027,WACM_0_US-UT,1.425674
2027,WACM_0_US-WY,1.425674
2027,WALC_0_US-AZ,1.2783
2027,WALC_0_US-CA,1.2783
2027,WALC_0_US-NV,1.2783
2027,WAUW_0_US-MT,1.494681
2027,WWA_0_US-MT,1
2027,YAD_0_US-NC,1
2028,AEC_0_US-AL,0
2028,AEC_0_US-FL,0
2028,AECI_0_US-AR,0
2028,AECI_0_US-IA,0
2028,AECI_0_US-MO,0
2028,AECI_0_US-OK,0
2028,AESO_CENT_CA-AB,0
2028,AESO_CGY_CA-AB,0
2028,AESO_EDM_CA-AB,0
2028,AESO_NE_CA-AB,0
2028,AESO_NW_CA-AB,0
2028,AESO_NW_CA-BC,0
2028,AESO_SOUT_CA-AB,0
2028,AVA_0_US-ID,1.158116
2028,AVA_0_US-MT,1.158116
2028,AVA_0_US-OR,1.158116
2028,AVA_0_US-WA,1.158116
2028,AVRN_0_US-OR,1
2028,AVRN_0_US-WA,1
2028,AZPS_0_US-AZ,1.27339
2028,AZPS_0_US-CA,1.27339
2028,AZPS_0_US-NM,1.27339
2028,AZPS_0_US-NV,1.27339
2028,BANC_0_US-CA,0.94685
2028,BCHA_0_CA-BC,0
2028,BPAT_0_CA-BC,1.247061
2028,BPAT_0_US-CA,1.247061
2028,BPAT_0_US-ID,1.247061
2028,BPAT_0_US-MT,1.247061
2028,BPAT_0_US-OR,1.247061
2028,BPAT_0_US-WA,1.247061
2028,CEN_0_MX-COA,0
2028,CEN_0_MX-NLE,0
2028,CENB_0_MX-BCN,0
2028,CENB_0_MX-SON,0
2028,CHPD_0_US-WA,1.289796
2028,CISO_PGAE_US-CA,1.446007
2028,CISO_PGAE_US-OR,1.446007
2028,CISO_SCE_US-AZ,1.206233
2028,CISO_SCE_US-CA,1.206233
2028,CISO_SCE_US-NV,1.206233
2028,CISO_SDGE_MX-BCN,1.29954
2028,CISO_SDGE_US-AZ,1.29954
2028,CISO_SDGE_US-CA,1.29954
2028,CISO_VEA_US-NV,1.066225
2028,CPLE_0_US-NC,1.156641
2028,CPLE_0_US-SC,1.156641
2028,CPLW_0_US-NC,0.834661
2028,DEAA_0_US-AZ,1
2028,DOPD_0_US-WA,1.297645
2028,DUK_0_US-NC,1.126883
2028,DUK_0_US-SC,1.126883
2028,DUK_0_US-VA,1.126883
2028,EPE_0_US-NM,1.181287
2028,EPE_0_US-TX,1.181287
2028,ERCO_COAS_US-TX,1.171713
2028,ERCO_EAST_US-TX,1.703333
2028,ERCO_FWES_US-TX,1.137143
2028,ERCO_NCEN_US-TX,1.177521
2028,ERCO_NRTH_US-OK,1.292108
2028,ERCO_NRTH_US-TX,1.292108
2028,ERCO_SCEN_US-TX,1.237171
2028,ERCO_SOUT_US-TX,1.192485
2028,ERCO_WEST_US-TX,1.94575
2028,FMPP_0_US-FL,0.94452
2028,FPC_0_US-FL,0.904148
2028,FPL_0_US-FL,1.071406
2028,GCPD_0_US-WA,1.324182
2028,GLHB_0_US-IL,1
2028,GRID_0_US-NM,1
2028,GRID_0_US-OR,1
2028,GRID_0_US-WA,1
2028,GRIF_0_US-AZ,1
2028,GVL_0_US-FL,1.030088
2028,GWA_0_US-MT,1
2028,HGMA_0_US-AZ,1
2028,HQT_0_CA-NL,1
2028,HQT_0_CA-QC,1
2028,HST_0_US-FL,1.163793
2028,IESO_0_CA-ON,0
2028,IID_0_US-AZ,0.975287
2028,IID_0_US-CA,0.975287
2028,IPCO_0_US-ID,1.073764
2028,IPCO_0_US-NV,1.073764
2028,IPCO_0_US-OR,1.073764
2028,IPCO_0_US-UT,1.073764
2028,ISNE_4001_US-ME,1.075666
2028,ISNE_4002_US-ME,1.103574
2028,ISNE_4002_US-NH,1.103574
2028,ISNE_4002_US-VT,1.103574
2028,ISNE_4003_US-NH,1.292325
2028,ISNE_4003_US-NY,1.292325
2028,ISNE_4003_US-VT,1.292325
2028,ISNE_4004_US-CT,1.195505
2028,ISNE_4005_US-MA,1.12861
2028,ISNE_4005_US-RI,1.12861
2028,ISNE_4006_US-MA,1.218298
2028,ISNE_4006_US-RI,1.218298
2028,ISNE_4007_US-MA,1.213209
2028,ISNE_4007_US-NY,1.213209
2028,ISNE_4007_US-VT,1.213209
2028,ISNE_4008_US-MA,1.200192
2028,ISNE_4008_US-NH,1.200192
2028,JEA_0_US-FL,1.142912
2028,LDWP_0_US-AZ,0.939197
2028,LDWP_0_US-CA,0.939197
2028,LDWP_0_US-NV,0.939197
2028,LDWP_0_US-UT,0.939197
2028,LGEE_0_US-IN,1.015798
2028,LGEE_0_US-KY,1.015798
2028,LGEE_0_US-VA,1.015798
2028,MHEB_0_CA-MB,0
2028,MISO_01_US-IA,1.169654
2028,MISO_01_US-IL,1.169654
2028,MISO_01_US-MI,1.169654
2028,MISO_01_US-MN,1.169654
2028,MISO_01_US-MT,1.169654
2028,MISO_01_US-ND,1.169654
2028,MISO_01_US-SD,1.169654
2028,MISO_01_US-WI,1.169654
2028,MISO_02_US-IA,1.177306
2028,MISO_02_US-IL,1.177306
2028,MISO_02_US-MI,1.177306
2028,MISO_02_US-MN,1.177306
2028,MISO_02_US-WI,1.177306
2028,MISO_03_US-IA,1.186589
2028,MISO_03_US-IL,1.186589
2028,MISO_03_US-MN,1.186589
2028,MISO_03_US-MO,1.186589
2028,MISO_03_US-SD,1.186589
2028,MISO_04_US-IL,1.15
2028,MISO_04_US-KY,1.15
2028,MISO_04_US-MO,1.15
2028,MISO_05_US-IA,1.059426
2028,MISO_05_US-IL,1.059426
2028,MISO_05_US-MO,1.059426
2028,MISO_06_US-IL,1.117941
2028,MISO_06_US-IN,1.117941
2028,MISO_06_US-KY,1.117941
2028,MISO_06_US-OH,1.117941
2028,MISO_07_US-MI,1.102541
2028,MISO_08_US-AR,1.089249
2028,MISO_08_US-MO,1.089249
2028,MISO_09_US-LA,1.127603
2028,MISO_09_US-TX,1.127603
2028,MISO_10_US-MS,1.121127
2028,MISO_10_US-TN,1.121127
2028,NBSO_0_CA-NB,4.302956
2028,NBSO_0_CA-PE,4.302956
2028,NBSO_0_US-ME,4.302956
2028,NEVP_0_US-CA,1.240141
2028,NEVP_0_US-NV,1.240141
2028,NEVP_0_US-OR,1.240141
2028,NSPI_0_CA-NS,4.302956
2028,NWMT_0_US-ID,1.124681
2028,NWMT_0_US-MT,1.124681
2028,NWMT_0_US-WY,1.124681
2028,NYIS_A_US-NY,1.121178
2028,NYIS_A_US-PA,1.121178
2028,NYIS_B_US-NY,1.107892
2028,NYIS_C_US-NY,1.108494
2028,NYIS_D_US-NY,1.090226
2028,NYIS_E_US-NY,1.102509
2028,NYIS_F_US-NY,1.097867
2028,NYIS_G_US-NJ,1.132366
2028,NYIS_G_US-NY,1.132366
2028,NYIS_G_US-PA,1.132366
2028,NYIS_H_US-NY,1.115328
2028,NYIS_I_US-NY,1.107345
2028,NYIS_J_US-NJ,1.05555
2028,NYIS_J_US-NY,1.05555
2028,NYIS_K_US-NY,1.056066
2028,PACE_0_US-AZ,1.146984
2028,PACE_0_US-CO,1.146984
2028,PACE_0_US-ID,1.146984
2028,PACE_0_US-MT,1.146984
2028,PACE_0_US-NV,1.146984
2028,PACE_0_US-UT,1.146984
2028,PACE_0_US-WY,1.146984
2028,PACW_0_US-CA,1.130371
2028,PACW_0_US-OR,1.130371
2028,PACW_0_US-WA,1.130371
2028,PGE_0_US-OR,1.186983
2028,PGE_0_US-WA,1.186983
2028,PJM_AE_US-NJ,1.165234
2028,PJM_AEP_US-IN,1.113483
2028,PJM_AEP_US-KY,1.113483
2028,PJM_AEP_US-MI,1.113483
2028,PJM_AEP_US-OH,1.113483
2028,PJM_AEP_US-TN,1.113483
2028,PJM_AEP_US-VA,1.113483
2028,PJM_AEP_US-WV,1.113483
2028,PJM_AP_US-MD,1.234916
2028,PJM_AP_US-OH,1.234916
2028,PJM_AP_US-PA,1.234916
2028,PJM_AP_US-VA,1.234916
2028,PJM_AP_US-WV,1.234916
2028,PJM_ATSI_US-OH,1.108074
2028,PJM_ATSI_US-PA,1.108074
2028,PJM_BC_US-MD,1.338599
2028,PJM_CE_US-IL,1.161526
2028,PJM_CE_US-IN,1.161526
2028,PJM_DAY_US-OH,1.080024
2028,PJM_DEOK_US-KY,1.115029
2028,PJM_DEOK_US-OH,1.115029
2028,PJM_DOM_US-NC,1.375836
2028,PJM_DOM_US-VA,1.375836
2028,PJM_DOM_US-WV,1.375836
2028,PJM_DPL_US-DE,1.374811
2028,PJM_DPL_US-MD,1.374811
2028,PJM_DPL_US-NJ,1.374811
2028,PJM_DPL_US-PA,1.374811
2028,PJM_DPL_US-VA,1.374811
2028,PJM_DUQ_US-PA,1.136479
2028,PJM_EKPC_US-KY,1.075843
2028,PJM_JC_US-NJ,1.125653
2028,PJM_JC_US-NY,1.125653
2028,PJM_ME_US-PA,1.116074
2028,PJM_PE_US-DE,1.11123
2028,PJM_PE_US-MD,1.11123
2028,PJM_PE_US-NJ,1.11123
2028,PJM_PE_US-PA,1.11123
2028,PJM_PEP_US-DC,0.673631
2028,PJM_PEP_US-MD,0.673631
2028,PJM_PEP_US-VA,0.673631
2028,PJM_PL_US-MD,1.099791
2028,PJM_PL_US-PA,1.099791
2028,PJM_PN_US-MD,1.064417
2028,PJM_PN_US-PA,1.064417
2028,PJM_PS_US-NJ,1.195052
2028,PJM_PS_US-PA,1.195052
2028,PJM_RECO_US-NJ,2.277027
2028,PNM_ACMA_US-NM,1
2028,PNM_CYGA_US-NM,1
2028,PNM_Frep_US-NM,0.916667
2028,PNM_Jica_US-NM,1
2028,PNM_KAFB_US-NM,0.873239
2028,PNM_KCEC_US-NM,0.873016
2028,PNM_LAC_US-NM,0.820225
2028,PNM_NTUA_US-NM,0
2028,PNM_PNM_US-NM,1.165187
2028,PNM_TSGT_US-AZ,0.546599
2028,PNM_TSGT_US-NM,0.546599
2028,PSCO_0_US-CO,1.250584
2028,PSCO_0_US-WY,1.250584
2028,PSEI_0_US-WA,1.495906
2028,SC_0_US-SC,1.098382
2028,SCEG_0_US-GA,1.042393
2028,SCEG_0_US-SC,1.042393
2028,SCL_0_US-WA,1.332448
2028,SEC_0_US-FL,0.904148
2028,SEPA_0_US-GA,1
2028,SEPA_0_US-SC,1
2028,SOCO_0_US-AL,1.091387
2028,SOCO_0_US-FL,1.091387
2028,SOCO_0_US-GA,1.091387
2028,SOCO_0_US-MS,1.091387
2028,SOCO_0_US-SC,1.091387
2028,SPA_0_US-AR,2.861111
2028,SPA_0_US-MO,2.861111
2028,SPA_0_US-OK,2.861111
2028,SPA_0_US-TX,2.861111
2028,SPC_0_CA-SK,0
2028,SRP_0_US-AZ,1.174599
2028,SWPP_CSWS_US-AR,1.115558
2028,SWPP_CSWS_US-LA,1.115558
2028,SWPP_CSWS_US-OK,1.115558
2028,SWPP_CSWS_US-TX,1.115558
2028,SWPP_EDE_US-AR,1.185819
2028,SWPP_EDE_US-KS,1.185819
2028,SWPP_EDE_US-MO,1.185819
2028,SWPP_EDE_US-OK,1.185819
2028,SWPP_GRDA_US-AR,0.737864
2028,SWPP_GRDA_US-KS,0.737864
2028,SWPP_GRDA_US-OK,0.737864
2028,SWPP_INDN_US-MO,1.11194
2028,SWPP_KACY_US-KS,1.09434
2028,SWPP_KCPL_US-KS,1.098342
2028,SWPP_KCPL_US-MO,1.098342
2028,SWPP_LES_US-NE,1.416557
2028,SWPP_MPS_US-MO,1.106527
2028,SWPP_NPPD_US-CO,0.974565
2028,SWPP_NPPD_US-NE,0.974565
2028,SWPP_NPPD_US-SD,0.974565
2028,SWPP_OKGE_US-AR,1.039201
2028,SWPP_OKGE_US-OK,1.039201
2028,SWPP_OKGE_US-TX,1.039201
2028,SWPP_OPPD_US-NE,1.416447
2028,SWPP_SECI_US-KS,1.27681
2028,SWPP_SPRM_US-MO,1.104497
2028,SWPP_SPS_US-CO,1.157626
2028,SWPP_SPS_US-KS,1.157626
2028,SWPP_SPS_US-NM,1.157626
2028,SWPP_SPS_US-OK,1.157626
2028,SWPP_SPS_US-TX,1.157626
2028,SWPP_WAUE_US-IA,0.831272
2028,SWPP_WAUE_US-MN,0.831272
2028,SWPP_WAUE_US-MT,0.831272
2028,SWPP_WAUE_US-ND,0.831272
2028,SWPP_WAUE_US-NE,0.831272
2028,SWPP_WAUE_US-SD,0.831272
2028,SWPP_WAUE_US-WY,0.831272
2028,SWPP_WFEC_US-KS,0.986617
2028,SWPP_WFEC_US-OK,0.986617
2028,SWPP_WFEC_US-TX,0.986617
2028,SWPP_WR_US-KS,0.843806
2028,SWPP_WR_US-MO,0.843806
2028,TAL_0_US-FL,1.095087
2028,TEC_0_US-FL,1.076923
2028,TEPC_0_MX-SON,1.138875
2028,TEPC_0_US-AZ,1.138875
2028,TEPC_0_US-NM,1.138875
2028,TIDC_0_US-CA,0.806499
2028,TPWR_0_US-WA,1.334711
2028,TVA_0_US-AL,1.112195
2028,TVA_0_US-GA,1.112195
2028,TVA_0_US-KY,1.112195
2028,TVA_0_US-MS,1.112195
2028,TVA_0_US-NC,1.112195
2028,TVA_0_US-TN,1.112195
2028,TVA_0_US-VA,1.112195
2028,WACM_0_US-AZ,1.461581
2028,WACM_0_US-CO,1.461581
2028,WACM_0_US-MT,1.461581
2028,WACM_0_US-NE,1.461581
2028,WACM_0_US-NM,1.461581
2028,WACM_0_US-SD,1.461581
2028,WACM_0_US-UT,1.461581
2028,WACM_0_US-WY,1.461581
2028,WALC_0_US-AZ,1.310924
2028,WALC_0_US-CA,1.310924
2028,WALC_0_US-NV,1.310924
2028,WAUW_0_US-MT,1.521277
2028,WWA_0_US-MT,1
2028,YAD_0_US-NC,1
2029,AEC_0_US-AL,0
2029,AEC_0_US-FL,0
2029,AECI_0_US-AR,0
2029,AECI_0_US-IA,0
2029,AECI_0_US-MO,0
2029,AECI_0_US-OK,0
2029,AESO_CENT_CA-AB,0
2029,AESO_CGY_CA-AB,0
2029,AESO_EDM_CA-AB,0
2029,AESO_NE_CA-AB,0
2029,AESO_NW_CA-AB,0
2029,AESO_NW_CA-BC,0
2029,AESO_SOUT_CA-AB,0
2029,AVA_0_US-ID,1.195542
2029,AVA_0_US-MT,1.195542
2029,AVA_0_US-OR,1.195542
2029,AVA_0_US-WA,1.195542
2029,AVRN_0_US-OR,1
2029,AVRN_0_US-WA,1
2029,AZPS_0_US-AZ,1.304147
2029,AZPS_0_US-CA,1.304147
2029,AZPS_0_US-NM,1.304147
2029,AZPS_0_US-NV,1.304147
2029,BANC_0_US-CA,0.975185
2029,BCHA_0_CA-BC,0
2029,BPAT_0_CA-BC,1.290329
2029,BPAT_0_US-CA,1.290329
2029,BPAT_0_US-ID,1.290329
2029,BPAT_0_US-MT,1.290329
2029,BPAT_0_US-OR,1.290329
2029,BPAT_0_US-WA,1.290329
2029,CEN_0_MX-COA,0
2029,CEN_0_MX-NLE,0
2029,CENB_0_MX-BCN,0
2029,CENB_0_MX-SON,0
2029,CHPD_0_US-WA,1.338776
2029,CISO_PGAE_US-CA,1.489442
2029,CISO_PGAE_US-OR,1.489442
2029,CISO_SCE_US-AZ,1.242476
2029,CISO_SCE_US-CA,1.242476
2029,CISO_SCE_US-NV,1.242476
2029,CISO_SDGE_MX-BCN,1.33847
2029,CISO_SDGE_US-AZ,1.33847
2029,CISO_SDGE_US-CA,1.33847
2029,CISO_VEA_US-NV,1.099338
2029,CPLE_0_US-NC,1.176856
2029,CPLE_0_US-SC,1.176856
2029,CPLW_0_US-NC,0.849602
2029,DEAA_0_US-AZ,1
2029,DOPD_0_US-WA,1.346895
2029,DUK_0_US-NC,1.14515
2029,DUK_0_US-SC,1.14515
2029,DUK_0_US-VA,1.14515
2029,EPE_0_US-NM,1.212963
2029,EPE_0_US-TX,1.212963
2029,ERCO_COAS_US-TX,1.205315
2029,ERCO_EAST_US-TX,1.752083
2029,ERCO_FWES_US-TX,1.169735
2029,ERCO_NCEN_US-TX,1.211286
2029,ERCO_NRTH_US-OK,1.329163
2029,ERCO_NRTH_US-TX,1.329163
2029,ERCO_SCEN_US-TX,1.272611
2029,ERCO_SOUT_US-TX,1.226763
2029,ERCO_WEST_US-TX,2.0015
2029,FMPP_0_US-FL,0.95567
2029,FPC_0_US-FL,0.914711
2029,FPL_0_US-FL,1.083923
2029,GCPD_0_US-WA,1.374868
2029,GLHB_0_US-IL,1
2029,GRID_0_US-NM,1
2029,GRID_0_US-OR,1
2029,GRID_0_US-WA,1
2029,GRIF_0_US-AZ,1
2029,GVL_0_US-FL,1.042478
2029,GWA_0_US-MT,1
2029,HGMA_0_US-AZ,1
2029,HQT_0_CA-NL,1
2029,HQT_0_CA-QC,1
2029,HST_0_US-FL,1.172414
2029,IESO_0_CA-ON,0
2029,IID_0_US-AZ,1.005296
2029,IID_0_US-CA,1.005296
2029,IPCO_0_US-ID,1.097369
2029,IPCO_0_US-NV,1.097369
2029,IPCO_0_US-OR,1.097369
2029,IPCO_0_US-UT,1.097369
2029,ISNE_4001_US-ME,1.093723
2029,ISNE_4002_US-ME,1.123071
2029,ISNE_4002_US-NH,1.123071
2029,ISNE_4002_US-VT,1.123071
2029,ISNE_4003_US-NH,1.319413
2029,ISNE_4003_US-NY,1.319413
2029,ISNE_4003_US-VT,1.319413
2029,ISNE_4004_US-CT,1.217057
2029,ISNE_4005_US-MA,1.144959
2029,ISNE_4005_US-RI,1.144959
2029,ISNE_4006_US-MA,1.247539
2029,ISNE_4006_US-RI,1.247539
2029,ISNE_4007_US-MA,1.242159
2029,ISNE_4007_US-NY,1.242159
2029,ISNE_4007_US-VT,1.242159
2029,ISNE_4008_US-MA,1.228927
2029,ISNE_4008_US-NH,1.228927
2029,JEA_0_US-FL,1.156468
2029,LDWP_0_US-AZ,0.967427
2029,LDWP_0_US-CA,0.967427
2029,LDWP_0_US-NV,0.967427
2029,LDWP_0_US-UT,0.967427
2029,LGEE_0_US-IN,1.026982
2029,LGEE_0_US-KY,1.026982
2029,LGEE_0_US-VA,1.026982
2029,MHEB_0_CA-MB,0
2029,MISO_01_US-IA,1.193943
2029,MISO_01_US-IL,1.193943
2029,MISO_01_US-MI,1.193943
2029,MISO_01_US-MN,1.193943
2029,MISO_01_US-MT,1.193943
2029,MISO_01_US-ND,1.193943
2029,MISO_01_US-SD,1.193943
2029,MISO_01_US-WI,1.193943
2029,MISO_02_US-IA,1.197388
2029,MISO_02_US-IL,1.197388
2029,MISO_02_US-MI,1.197388
2029,MISO_02_US-MN,1.197388
2029,MISO_02_US-WI,1.197388
2029,MISO_03_US-IA,1.209154
2029,MISO_03_US-IL,1.209154
2029,MISO_03_US-MN,1.209154
2029,MISO_03_US-MO,1.209154
2029,MISO_03_US-SD,1.209154
2029,MISO_04_US-IL,1.179797
2029,MISO_04_US-KY,1.179797
2029,MISO_04_US-MO,1.179797
2029,MISO_05_US-IA,1.06909
2029,MISO_05_US-IL,1.06909
2029,MISO_05_US-MO,1.06909
2029,MISO_06_US-IL,1.128296
2029,MISO_06_US-IN,1.128296
2029,MISO_06_US-KY,1.128296
2029,MISO_06_US-OH,1.128296
2029,MISO_07_US-MI,1.119243
2029,MISO_08_US-AR,1.095238
2029,MISO_08_US-MO,1.095238
2029,MISO_09_US-LA,1.138232
2029,MISO_09_US-TX,1.138232
2029,MISO_10_US-MS,1.128746
2029,MISO_10_US-TN,1.128746
2029,NBSO_0_CA-NB,4.375616
2029,NBSO_0_CA-PE,4.375616
2029,NBSO_0_US-ME,4.375616
2029,NEVP_0_US-CA,1.273058
2029,NEVP_0_US-NV,1.273058
2029,NEVP_0_US-OR,1.273058
2029,NSPI_0_CA-NS,4.375616
2029,NWMT_0_US-ID,1.147649
2029,NWMT_0_US-MT,1.147649
2029,NWMT_0_US-WY,1.147649
2029,NYIS_A_US-NY,1.14194
2029,NYIS_A_US-PA,1.14194
2029,NYIS_B_US-NY,1.128372
2029,NYIS_C_US-NY,1.128837
2029,NYIS_D_US-NY,1.110276
2029,NYIS_E_US-NY,1.122581
2029,NYIS_F_US-NY,1.117942
2029,NYIS_G_US-NJ,1.153034
2029,NYIS_G_US-NY,1.153034
2029,NYIS_G_US-PA,1.153034
2029,NYIS_H_US-NY,1.135766
2029,NYIS_I_US-NY,1.127825
2029,NYIS_J_US-NJ,1.074872
2029,NYIS_J_US-NY,1.074872
2029,NYIS_K_US-NY,1.07521
2029,PACE_0_US-AZ,1.18184
2029,PACE_0_US-CO,1.18184
2029,PACE_0_US-ID,1.18184
2029,PACE_0_US-MT,1.18184
2029,PACE_0_US-NV,1.18184
2029,PACE_0_US-UT,1.18184
2029,PACE_0_US-WY,1.18184
2029,PACW_0_US-CA,1.166361
2029,PACW_0_US-OR,1.166361
2029,PACW_0_US-WA,1.166361
2029,PGE_0_US-OR,1.221874
2029,PGE_0_US-WA,1.221874
2029,PJM_AE_US-NJ,1.191402
2029,PJM_AEP_US-IN,1.135371
2029,PJM_AEP_US-KY,1.135371
2029,PJM_AEP_US-MI,1.135371
2029,PJM_AEP_US-OH,1.135371
2029,PJM_AEP_US-TN,1.135371
2029,PJM_AEP_US-VA,1.135371
2029,PJM_AEP_US-WV,1.135371
2029,PJM_AP_US-MD,1.256433
2029,PJM_AP_US-OH,1.256433
2029,PJM_AP_US-PA,1.256433
2029,PJM_AP_US-VA,1.256433
2029,PJM_AP_US-WV,1.256433
2029,PJM_ATSI_US-OH,1.126639
2029,PJM_ATSI_US-PA,1.126639
2029,PJM_BC_US-MD,1.363816
2029,PJM_CE_US-IL,1.191615
2029,PJM_CE_US-IN,1.191615
2029,PJM_DAY_US-OH,1.098238
2029,PJM_DEOK_US-KY,1.132755
2029,PJM_DEOK_US-OH,1.132755
2029,PJM_DOM_US-NC,1.44869
2029,PJM_DOM_US-VA,1.44869
2029,PJM_DOM_US-WV,1.44869
2029,PJM_DPL_US-DE,1.394962
2029,PJM_DPL_US-MD,1.394962
2029,PJM_DPL_US-NJ,1.394962
2029,PJM_DPL_US-PA,1.394962
2029,PJM_DPL_US-VA,1.394962
2029,PJM_DUQ_US-PA,1.15245
2029,PJM_EKPC_US-KY,1.086376
2029,PJM_JC_US-NJ,1.150783
2029,PJM_JC_US-NY,1.150783
2029,PJM_ME_US-PA,1.132051
2029,PJM_PE_US-DE,1.126899
2029,PJM_PE_US-MD,1.126899
2029,PJM_PE_US-NJ,1.126899
2029,PJM_PE_US-PA,1.126899
2029,PJM_PEP_US-DC,0.686436
2029,PJM_PEP_US-MD,0.686436
2029,PJM_PEP_US-VA,0.686436
2029,PJM_PL_US-MD,1.115314
2029,PJM_PL_US-PA,1.115314
2029,PJM_PN_US-MD,1.079414
2029,PJM_PN_US-PA,1.079414
2029,PJM_PS_US-NJ,1.221781
2029,PJM_PS_US-PA,1.221781
2029,PJM_RECO_US-NJ,2.324324
2029,PNM_ACMA_US-NM,1
2029,PNM_CYGA_US-NM,1
2029,PNM_Frep_US-NM,0.940476
2029,PNM_Jica_US-NM,1
2029,PNM_KAFB_US-NM,0.887324
2029,PNM_KCEC_US-NM,0.888889
2029,PNM_LAC_US-NM,0.842697
2029,PNM_NTUA_US-NM,0
2029,PNM_PNM_US-NM,1.185643
2029,PNM_TSGT_US-AZ,0.556675
2029,PNM_TSGT_US-NM,0.556675
2029,PSCO_0_US-CO,1.291992
2029,PSCO_0_US-WY,1.291992
2029,PSEI_0_US-WA,1.554224
2029,SC_0_US-SC,1.109817
2029,SCEG_0_US-GA,1.053368
2029,SCEG_0_US-SC,1.053368
2029,SCL_0_US-WA,1.384493
2029,SEC_0_US-FL,0.914711
2029,SEPA_0_US-GA,1
2029,SEPA_0_US-SC,1
2029,SOCO_0_US-AL,1.107761
2029,SOCO_0_US-FL,1.107761
2029,SOCO_0_US-GA,1.107761
2029,SOCO_0_US-MS,1.107761
2029,SOCO_0_US-SC,1.107761
2029,SPA_0_US-AR,2.883333
2029,SPA_0_US-MO,2.883333
2029,SPA_0_US-OK,2.883333
2029,SPA_0_US-TX,2.883333
2029,SPC_0_CA-SK,0
2029,SRP_0_US-AZ,1.203025
2029,SWPP_CSWS_US-AR,1.12869
2029,SWPP_CSWS_US-LA,1.12869
2029,SWPP_CSWS_US-OK,1.12869
2029,SWPP_CSWS_US-TX,1.12869
2029,SWPP_EDE_US-AR,1.196414
2029,SWPP_EDE_US-KS,1.196414
2029,SWPP_EDE_US-MO,1.196414
2029,SWPP_EDE_US-OK,1.196414
2029,SWPP_GRDA_US-AR,0.744042
2029,SWPP_GRDA_US-KS,0.744042
2029,SWPP_GRDA_US-OK,0.744042
2029,SWPP_INDN_US-MO,1.123134
2029,SWPP_KACY_US-KS,1.102725
2029,SWPP_KCPL_US-KS,1.108176
2029,SWPP_KCPL_US-MO,1.108176
2029,SWPP_LES_US-NE,1.462549
2029,SWPP_MPS_US-MO,1.116971
2029,SWPP_NPPD_US-CO,1.00589
2029,SWPP_NPPD_US-NE,1.00589
2029,SWPP_NPPD_US-SD,1.00589
2029,SWPP_OKGE_US-AR,1.047041
2029,SWPP_OKGE_US-OK,1.047041
2029,SWPP_OKGE_US-TX,1.047041
2029,SWPP_OPPD_US-NE,1.46209
2029,SWPP_SECI_US-KS,1.288726
2029,SWPP_SPRM_US-MO,1.113757
2029,SWPP_SPS_US-CO,1.186301
2029,SWPP_SPS_US-KS,1.186301
2029,SWPP_SPS_US-NM,1.186301
2029,SWPP_SPS_US-OK,1.186301
2029,SWPP_SPS_US-TX,1.186301
2029,SWPP_WAUE_US-IA,0.846031
2029,SWPP_WAUE_US-MN,0.846031
2029,SWPP_WAUE_US-MT,0.846031
2029,SWPP_WAUE_US-ND,0.846031
2029,SWPP_WAUE_US-NE,0.846031
2029,SWPP_WAUE_US-SD,0.846031
2029,SWPP_WAUE_US-WY,0.846031
2029,SWPP_WFEC_US-KS,0.994111
2029,SWPP_WFEC_US-OK,0.994111
2029,SWPP_WFEC_US-TX,0.994111
2029,SWPP_WR_US-KS,0.851102
2029,SWPP_WR_US-MO,0.851102
2029,TAL_0_US-FL,1.107765
2029,TEC_0_US-FL,1.089632
2029,TEPC_0_MX-SON,1.166263
2029,TEPC_0_US-AZ,1.166263
2029,TEPC_0_US-NM,1.166263
2029,TIDC_0_US-CA,0.830133
2029,TPWR_0_US-WA,1.387397
2029,TVA_0_US-AL,1.126533
2029,TVA_0_US-GA,1.126533
2029,TVA_0_US-KY,1.126533
2029,TVA_0_US-MS,1.126533
2029,TVA_0_US-NC,1.126533
2029,TVA_0_US-TN,1.126533
2029,TVA_0_US-VA,1.126533
2029,WACM_0_US-AZ,1.498605
2029,WACM_0_US-CO,1.498605
2029,WACM_0_US-MT,1.498605
2029,WACM_0_US-NE,1.498605
2029,WACM_0_US-NM,1.498605
2029,WACM_0_US-SD,1.498605
2029,WACM_0_US-UT,1.498605
2029,WACM_0_US-WY,1.498605
2029,WALC_0_US-AZ,1.344538
2029,WALC_0_US-CA,1.344538
2029,WALC_0_US-NV,1.344538
2029,WAUW_0_US-MT,1.542553
2029,WWA_0_US-MT,1
2029,YAD_0_US-NC,1
2030,AEC_0_US-AL,0
2030,AEC_0_US-FL,0
2030,AECI_0_US-AR,0
2030,AECI_0_US-IA,0
2030,AECI_0_US-MO,0
2030,AECI_0_US-OK,0
2030,AESO_CENT_CA-AB,0
2030,AESO_CGY_CA-AB,0
2030,AESO_EDM_CA-AB,0
2030,AESO_NE_CA-AB,0
2030,AESO_NW_CA-AB,0
2030,AESO_NW_CA-BC,0
2030,AESO_SOUT_CA-AB,0
2030,AVA_0_US-ID,1.23423
2030,AVA_0_US-MT,1.23423
2030,AVA_0_US-OR,1.23423
2030,AVA_0_US-WA,1.23423
2030,AVRN_0_US-OR,1
2030,AVRN_0_US-WA,1
2030,AZPS_0_US-AZ,1.335763
2030,AZPS_0_US-CA,1.335763
2030,AZPS_0_US-NM,1.335763
2030,AZPS_0_US-NV,1.335763
2030,BANC_0_US-CA,1.004576
2030,BCHA_0_CA-BC,0
2030,BPAT_0_CA-BC,1.335177
2030,BPAT_0_US-CA,1.335177
2030,BPAT_0_US-ID,1.335177
2030,BPAT_0_US-MT,1.335177
2030,BPAT_0_US-OR,1.335177
2030,BPAT_0_US-WA,1.335177
2030,CEN_0_MX-COA,0
2030,CEN_0_MX-NLE,0
2030,CENB_0_MX-BCN,0
2030,CENB_0_MX-SON,0
2030,CHPD_0_US-WA,1.391837
2030,CISO_PGAE_US-CA,1.534227
2030,CISO_PGAE_US-OR,1.534227
2030,CISO_SCE_US-AZ,1.279838
2030,CISO_SCE_US-CA,1.279838
2030,CISO_SCE_US-NV,1.279838
2030,CISO_SDGE_MX-BCN,1.378751
2030,CISO_SDGE_US-AZ,1.378751
2030,CISO_SDGE_US-CA,1.378751
2030,CISO_VEA_US-NV,1.125828
2030,CPLE_0_US-NC,1.197479
2030,CPLE_0_US-SC,1.197479
2030,CPLW_0_US-NC,0.865538
2030,DEAA_0_US-AZ,1
2030,DOPD_0_US-WA,1.400428
2030,DUK_0_US-NC,1.163663
2030,DUK_0_US-SC,1.163663
2030,DUK_0_US-VA,1.163663
2030,EPE_0_US-NM,1.245127
2030,EPE_0_US-TX,1.245127
2030,ERCO_COAS_US-TX,1.239879
2030,ERCO_EAST_US-TX,1.802292
2030,ERCO_FWES_US-TX,1.203386
2030,ERCO_NCEN_US-TX,1.246022
2030,ERCO_NRTH_US-OK,1.36718
2030,ERCO_NRTH_US-TX,1.36718
2030,ERCO_SCEN_US-TX,1.309105
2030,ERCO_SOUT_US-TX,1.261866
2030,ERCO_WEST_US-TX,2.05875
2030,FMPP_0_US-FL,0.966821
2030,FPC_0_US-FL,0.925362
2030,FPL_0_US-FL,1.096602
2030,GCPD_0_US-WA,1.428722
2030,GLHB_0_US-IL,1
2030,GRID_0_US-NM,1
2030,GRID_0_US-OR,1
2030,GRID_0_US-WA,1
2030,GRIF_0_US-AZ,1
2030,GVL_0_US-FL,1.054867
2030,GWA_0_US-MT,1
2030,HGMA_0_US-AZ,1
2030,HQT_0_CA-NL,1
2030,HQT_0_CA-QC,1
2030,HST_0_US-FL,1.189655
2030,IESO_0_CA-ON,0
2030,IID_0_US-AZ,1.035305
2030,IID_0_US-CA,1.035305
2030,IPCO_0_US-ID,1.121465
2030,IPCO_0_US-NV,1.121465
2030,IPCO_0_US-OR,1.121465
2030,IPCO_0_US-UT,1.121465
2030,ISNE_4001_US-ME,1.11221
2030,ISNE_4002_US-ME,1.142973
2030,ISNE_4002_US-NH,1.142973
2030,ISNE_4002_US-VT,1.142973
2030,ISNE_4003_US-NH,1.346501
2030,ISNE_4003_US-NY,1.346501
2030,ISNE_4003_US-VT,1.346501
2030,ISNE_4004_US-CT,1.23907
2030,ISNE_4005_US-MA,1.161853
2030,ISNE_4005_US-RI,1.161853
2030,ISNE_4006_US-MA,1.27736
2030,ISNE_4006_US-RI,1.27736
2030,ISNE_4007_US-MA,1.272014
2030,ISNE_4007_US-NY,1.272014
2030,ISNE_4007_US-VT,1.272014
2030,ISNE_4008_US-MA,1.258429
2030,ISNE_4008_US-NH,1.258429
2030,JEA_0_US-FL,1.170023
2030,LDWP_0_US-AZ,0.996562
2030,LDWP_0_US-CA,0.996562
2030,LDWP_0_US-NV,0.996562
2030,LDWP_0_US-UT,0.996562
2030,LGEE_0_US-IN,1.038166
2030,LGEE_0_US-KY,1.038166
2030,LGEE_0_US-VA,1.038166
2030,MHEB_0_CA-MB,0
2030,MISO_01_US-IA,1.218783
2030,MISO_01_US-IL,1.218783
2030,MISO_01_US-MI,1.218783
2030,MISO_01_US-MN,1.218783
2030,MISO_01_US-MT,1.218783
2030,MISO_01_US-ND,1.218783
2030,MISO_01_US-SD,1.218783
2030,MISO_01_US-WI,1.218783
2030,MISO_02_US-IA,1.217714
2030,MISO_02_US-IL,1.217714
2030,MISO_02_US-MI,1.217714
2030,MISO_02_US-MN,1.217714
2030,MISO_02_US-WI,1.217714
2030,MISO_03_US-IA,1.232251
2030,MISO_03_US-IL,1.232251
2030,MISO_03_US-MN,1.232251
2030,MISO_03_US-MO,1.232251
2030,MISO_03_US-SD,1.232251
2030,MISO_04_US-IL,1.210384
2030,MISO_04_US-KY,1.210384
2030,MISO_04_US-MO,1.210384
2030,MISO_05_US-IA,1.078754
2030,MISO_05_US-IL,1.078754
2030,MISO_05_US-MO,1.078754
2030,MISO_06_US-IL,1.138772
2030,MISO_06_US-IN,1.138772
2030,MISO_06_US-KY,1.138772
2030,MISO_06_US-OH,1.138772
2030,MISO_07_US-MI,1.136162
2030,MISO_08_US-AR,1.101373
2030,MISO_08_US-MO,1.101373
2030,MISO_09_US-LA,1.148959
2030,MISO_09_US-TX,1.148959
2030,MISO_10_US-MS,1.136364
2030,MISO_10_US-TN,1.136364
2030,NBSO_0_CA-NB,4.449507
2030,NBSO_0_CA-PE,4.449507
2030,NBSO_0_US-ME,4.449507
2030,NEVP_0_US-CA,1.306829
2030,NEVP_0_US-NV,1.306829
2030,NEVP_0_US-OR,1.306829
2030,NSPI_0_CA-NS,4.449507
2030,NWMT_0_US-ID,1.170616
2030,NWMT_0_US-MT,1.170616
2030,NWMT_0_US-WY,1.170616
2030,NYIS_A_US-NY,1.162703
2030,NYIS_A_US-PA,1.162703
2030,NYIS_B_US-NY,1.148851
2030,NYIS_C_US-NY,1.149536
2030,NYIS_D_US-NY,1.130326
2030,NYIS_E_US-NY,1.143369
2030,NYIS_F_US-NY,1.138436
2030,NYIS_G_US-NJ,1.174142
2030,NYIS_G_US-NY,1.174142
2030,NYIS_G_US-PA,1.174142
2030,NYIS_H_US-NY,1.156204
2030,NYIS_I_US-NY,1.148305
2030,NYIS_J_US-NJ,1.094484
2030,NYIS_J_US-NY,1.094484
2030,NYIS_K_US-NY,1.09494
2030,PACE_0_US-AZ,1.21781
2030,PACE_0_US-CO,1.21781
2030,PACE_0_US-ID,1.21781
2030,PACE_0_US-MT,1.21781
2030,PACE_0_US-NV,1.21781
2030,PACE_0_US-UT,1.21781
2030,PACE_0_US-WY,1.21781
2030,PACW_0_US-CA,1.203268
2030,PACW_0_US-OR,1.203268
2030,PACW_0_US-WA,1.203268
2030,PGE_0_US-OR,1.25766
2030,PGE_0_US-WA,1.25766
2030,PJM_AE_US-NJ,1.217944
2030,PJM_AEP_US-IN,1.157713
2030,PJM_AEP_US-KY,1.157713
2030,PJM_AEP_US-MI,1.157713
2030,PJM_AEP_US-OH,1.157713
2030,PJM_AEP_US-TN,1.157713
2030,PJM_AEP_US-VA,1.157713
2030,PJM_AEP_US-WV,1.157713
2030,PJM_AP_US-MD,1.278394
2030,PJM_AP_US-OH,1.278394
2030,PJM_AP_US-PA,1.278394
2030,PJM_AP_US-VA,1.278394
2030,PJM_AP_US-WV,1.278394
2030,PJM_ATSI_US-OH,1.145521
2030,PJM_ATSI_US-PA,1.145521
2030,PJM_BC_US-MD,1.38964
2030,PJM_CE_US-IL,1.222458
2030,PJM_CE_US-IN,1.222458
2030,PJM_DAY_US-OH,1.116751
2030,PJM_DEOK_US-KY,1.150669
2030,PJM_DEOK_US-OH,1.150669
2030,PJM_DOM_US-NC,1.52535
2030,PJM_DOM_US-VA,1.52535
2030,PJM_DOM_US-WV,1.52535
2030,PJM_DPL_US-DE,1.415365
2030,PJM_DPL_US-MD,1.415365
2030,PJM_DPL_US-NJ,1.415365
2030,PJM_DPL_US-PA,1.415365
2030,PJM_DPL_US-VA,1.415365
2030,PJM_DUQ_US-PA,1.168784
2030,PJM_EKPC_US-KY,1.097261
2030,PJM_JC_US-NJ,1.176567
2030,PJM_JC_US-NY,1.176567
2030,PJM_ME_US-PA,1.148027
2030,PJM_PE_US-DE,1.142806
2030,PJM_PE_US-MD,1.142806
2030,PJM_PE_US-NJ,1.142806
2030,PJM_PE_US-PA,1.142806
2030,PJM_PEP_US-DC,0.69941
2030,PJM_PEP_US-MD,0.69941
2030,PJM_PEP_US-VA,0.69941
2030,PJM_PL_US-MD,1.131098
2030,PJM_PL_US-PA,1.131098
2030,PJM_PN_US-MD,1.094751
2030,PJM_PN_US-PA,1.094751
2030,PJM_PS_US-NJ,1.249106
2030,PJM_PS_US-PA,1.249106
2030,PJM_RECO_US-NJ,2.378378
2030,PNM_ACMA_US-NM,1
2030,PNM_CYGA_US-NM,1
2030,PNM_Frep_US-NM,0.952381
2030,PNM_Jica_US-NM,1
2030,PNM_KAFB_US-NM,0.901408
2030,PNM_KCEC_US-NM,0.904762
2030,PNM_LAC_US-NM,0.853933
2030,PNM_NTUA_US-NM,0
2030,PNM_PNM_US-NM,1.206484
2030,PNM_TSGT_US-AZ,0.566751
2030,PNM_TSGT_US-NM,0.566751
2030,PSCO_0_US-CO,1.334822
2030,PSCO_0_US-WY,1.334822
2030,PSEI_0_US-WA,1.614939
2030,SC_0_US-SC,1.121467
2030,SCEG_0_US-GA,1.064343
2030,SCEG_0_US-SC,1.064343
2030,SCL_0_US-WA,1.438662
2030,SEC_0_US-FL,0.925362
2030,SEPA_0_US-GA,1
2030,SEPA_0_US-SC,1
2030,SOCO_0_US-AL,1.124401
2030,SOCO_0_US-FL,1.124401
2030,SOCO_0_US-GA,1.124401
2030,SOCO_0_US-MS,1.124401
2030,SOCO_0_US-SC,1.124401
2030,SPA_0_US-AR,2.905556
2030,SPA_0_US-MO,2.905556
2030,SPA_0_US-OK,2.905556
2030,SPA_0_US-TX,2.905556
2030,SPC_0_CA-SK,0
2030,SRP_0_US-AZ,1.232103
2030,SWPP_CSWS_US-AR,1.141927
2030,SWPP_CSWS_US-LA,1.141927
2030,SWPP_CSWS_US-OK,1.141927
2030,SWPP_CSWS_US-TX,1.141927
2030,SWPP_EDE_US-AR,1.207009
2030,SWPP_EDE_US-KS,1.207009
2030,SWPP_EDE_US-MO,1.207009
2030,SWPP_EDE_US-OK,1.207009
2030,SWPP_GRDA_US-AR,0.749338
2030,SWPP_GRDA_US-KS,0.749338
2030,SWPP_GRDA_US-OK,0.749338
2030,SWPP_INDN_US-MO,1.134328
2030,SWPP_KACY_US-KS,1.113208
2030,SWPP_KCPL_US-KS,1.118011
2030,SWPP_KCPL_US-MO,1.118011
2030,SWPP_LES_US-NE,1.509855
2030,SWPP_MPS_US-MO,1.126893
2030,SWPP_NPPD_US-CO,1.038286
2030,SWPP_NPPD_US-NE,1.038286
2030,SWPP_NPPD_US-SD,1.038286
2030,SWPP_OKGE_US-AR,1.054882
2030,SWPP_OKGE_US-OK,1.054882
2030,SWPP_OKGE_US-TX,1.054882
2030,SWPP_OPPD_US-NE,1.509242
2030,SWPP_SECI_US-KS,1.299725
2030,SWPP_SPRM_US-MO,1.124339
2030,SWPP_SPS_US-CO,1.215708
2030,SWPP_SPS_US-KS,1.215708
2030,SWPP_SPS_US-NM,1.215708
2030,SWPP_SPS_US-OK,1.215708
2030,SWPP_SPS_US-TX,1.215708
2030,SWPP_WAUE_US-IA,0.860989
2030,SWPP_WAUE_US-MN,0.860989
2030,SWPP_WAUE_US-MT,0.860989
2030,SWPP_WAUE_US-ND,0.860989
2030,SWPP_WAUE_US-NE,0.860989
2030,SWPP_WAUE_US-SD,0.860989
2030,SWPP_WAUE_US-WY,0.860989
2030,SWPP_WFEC_US-KS,1.001606
2030,SWPP_WFEC_US-OK,1.001606
2030,SWPP_WFEC_US-TX,1.001606
2030,SWPP_WR_US-KS,0.858547
2030,SWPP_WR_US-MO,0.858547
2030,TAL_0_US-FL,1.120444
2030,TEC_0_US-FL,1.102341
2030,TEPC_0_MX-SON,1.194619
2030,TEPC_0_US-AZ,1.194619
2030,TEPC_0_US-NM,1.194619
2030,TIDC_0_US-CA,0.855244
2030,TPWR_0_US-WA,1.441116
2030,TVA_0_US-AL,1.141068
2030,TVA_0_US-GA,1.141068
2030,TVA_0_US-KY,1.141068
2030,TVA_0_US-MS,1.141068
2030,TVA_0_US-NC,1.141068
2030,TVA_0_US-TN,1.141068
2030,TVA_0_US-VA,1.141068
2030,WACM_0_US-AZ,1.536558
2030,WACM_0_US-CO,1.536558
2030,WACM_0_US-MT,1.536558
2030,WACM_0_US-NE,1.536558
2030,WACM_0_US-NM,1.536558
2030,WACM_0_US-SD,1.536558
2030,WACM_0_US-UT,1.536558
2030,WACM_0_US-WY,1.536558
2030,WALC_0_US-AZ,1.378646
2030,WALC_0_US-CA,1.378646
2030,WALC_0_US-NV,1.378646
2030,WAUW_0_US-MT,1.569149
2030,WWA_0_US-MT,1
2030,YAD_0_US-NC,1
2031,AEC_0_US-AL,0
2031,AEC_0_US-FL,0
2031,AECI_0_US-AR,0
2031,AECI_0_US-IA,0
2031,AECI_0_US-MO,0
2031,AECI_0_US-OK,0
2031,AESO_CENT_CA-AB,0
2031,AESO_CGY_CA-AB,0
2031,AESO_EDM_CA-AB,0
2031,AESO_NE_CA-AB,0
2031,AESO_NW_CA-AB,0
2031,AESO_NW_CA-BC,0
2031,AESO_SOUT_CA-AB,0
2031,AVA_0_US-ID,1.253154
2031,AVA_0_US-MT,1.253154
2031,AVA_0_US-OR,1.253154
2031,AVA_0_US-WA,1.253154
2031,AVRN_0_US-OR,1
2031,AVRN_0_US-WA,1
2031,AZPS_0_US-AZ,1.355053
2031,AZPS_0_US-CA,1.355053
2031,AZPS_0_US-NM,1.355053
2031,AZPS_0_US-NV,1.355053
2031,BANC_0_US-CA,1.029215
2031,BCHA_0_CA-BC,0
2031,BPAT_0_CA-BC,1.35691
2031,BPAT_0_US-CA,1.35691
2031,BPAT_0_US-ID,1.35691
2031,BPAT_0_US-MT,1.35691
2031,BPAT_0_US-OR,1.35691
2031,BPAT_0_US-WA,1.35691
2031,CEN_0_MX-COA,0
2031,CEN_0_MX-NLE,0
2031,CENB_0_MX-BCN,0
2031,CENB_0_MX-SON,0
2031,CHPD_0_US-WA,1.414286
2031,CISO_PGAE_US-CA,1.571757
2031,CISO_PGAE_US-OR,1.571757
2031,CISO_SCE_US-AZ,1.311143
2031,CISO_SCE_US-CA,1.311143
2031,CISO_SCE_US-NV,1.311143
2031,CISO_SDGE_MX-BCN,1.412544
2031,CISO_SDGE_US-AZ,1.412544
2031,CISO_SDGE_US-CA,1.412544
2031,CISO_VEA_US-NV,1.139073
2031,CPLE_0_US-NC,1.210574
2031,CPLE_0_US-SC,1.210574
2031,CPLW_0_US-NC,0.875498
2031,DEAA_0_US-AZ,1
2031,DOPD_0_US-WA,1.423983
2031,DUK_0_US-NC,1.175874
2031,DUK_0_US-SC,1.175874
2031,DUK_0_US-VA,1.175874
2031,EPE_0_US-NM,1.272417
2031,EPE_0_US-TX,1.272417
2031,ERCO_COAS_US-TX,1.2678
2031,ERCO_EAST_US-TX,1.842917
2031,ERCO_FWES_US-TX,1.230476
2031,ERCO_NCEN_US-TX,1.274082
2031,ERCO_NRTH_US-OK,1.397979
2031,ERCO_NRTH_US-TX,1.397979
2031,ERCO_SCEN_US-TX,1.3386
2031,ERCO_SOUT_US-TX,1.290211
2031,ERCO_WEST_US-TX,2.105
2031,FMPP_0_US-FL,0.977699
2031,FPC_0_US-FL,0.935665
2031,FPL_0_US-FL,1.108798
2031,GCPD_0_US-WA,1.451954
2031,GLHB_0_US-IL,1
2031,GRID_0_US-NM,1
2031,GRID_0_US-OR,1
2031,GRID_0_US-WA,1
2031,GRIF_0_US-AZ,1
2031,GVL_0_US-FL,1.067257
2031,GWA_0_US-MT,1
2031,HGMA_0_US-AZ,1
2031,HQT_0_CA-NL,1
2031,HQT_0_CA-QC,1
2031,HST_0_US-FL,1.198276
2031,IESO_0_CA-ON,0
2031,IID_0_US-AZ,1.0609
2031,IID_0_US-CA,1.0609
2031,IPCO_0_US-ID,1.136956
2031,IPCO_0_US-NV,1.136956
2031,IPCO_0_US-OR,1.136956
2031,IPCO_0_US-UT,1.136956
2031,ISNE_4001_US-ME,1.134566
2031,ISNE_4002_US-ME,1.163688
2031,ISNE_4002_US-NH,1.163688
2031,ISNE_4002_US-VT,1.163688
2031,ISNE_4003_US-NH,1.378104
2031,ISNE_4003_US-NY,1.378104
2031,ISNE_4003_US-VT,1.378104
2031,ISNE_4004_US-CT,1.257389
2031,ISNE_4005_US-MA,1.181471
2031,ISNE_4005_US-RI,1.181471
2031,ISNE_4006_US-MA,1.305443
2031,ISNE_4006_US-RI,1.305443
2031,ISNE_4007_US-MA,1.299759
2031,ISNE_4007_US-NY,1.299759
2031,ISNE_4007_US-VT,1.299759
2031,ISNE_4008_US-MA,1.286015
2031,ISNE_4008_US-NH,1.286015
2031,JEA_0_US-FL,1.183191
2031,LDWP_0_US-AZ,1.020992
2031,LDWP_0_US-CA,1.020992
2031,LDWP_0_US-NV,1.020992
2031,LDWP_0_US-UT,1.020992
2031,LGEE_0_US-IN,1.047113
2031,LGEE_0_US-KY,1.047113
2031,LGEE_0_US-VA,1.047113
2031,MHEB_0_CA-MB,0
2031,MISO_01_US-IA,1.251331
2031,MISO_01_US-IL,1.251331
2031,MISO_01_US-MI,1.251331
2031,MISO_01_US-MN,1.251331
2031,MISO_01_US-MT,1.251331
2031,MISO_01_US-ND,1.251331
2031,MISO_01_US-SD,1.251331
2031,MISO_01_US-WI,1.251331
2031,MISO_02_US-IA,1.236653
2031,MISO_02_US-IL,1.236653
2031,MISO_02_US-MI,1.236653
2031,MISO_02_US-MN,1.236653
2031,MISO_02_US-WI,1.236653
2031,MISO_03_US-IA,1.268015
2031,MISO_03_US-IL,1.268015
2031,MISO_03_US-MN,1.268015
2031,MISO_03_US-MO,1.268015
2031,MISO_03_US-SD,1.268015
2031,MISO_04_US-IL,1.230474
2031,MISO_04_US-KY,1.230474
2031,MISO_04_US-MO,1.230474
2031,MISO_05_US-IA,1.091158
2031,MISO_05_US-IL,1.091158
2031,MISO_05_US-MO,1.091158
2031,MISO_06_US-IL,1.150452
2031,MISO_06_US-IN,1.150452
2031,MISO_06_US-KY,1.150452
2031,MISO_06_US-OH,1.150452
2031,MISO_07_US-MI,1.152973
2031,MISO_08_US-AR,1.108384
2031,MISO_08_US-MO,1.108384
2031,MISO_09_US-LA,1.158715
2031,MISO_09_US-TX,1.158715
2031,MISO_10_US-MS,1.144744
2031,MISO_10_US-TN,1.144744
2031,NBSO_0_CA-NB,4.539409
2031,NBSO_0_CA-PE,4.539409
2031,NBSO_0_US-ME,4.539409
2031,NEVP_0_US-CA,1.324677
2031,NEVP_0_US-NV,1.324677
2031,NEVP_0_US-OR,1.324677
2031,NSPI_0_CA-NS,4.539409
2031,NWMT_0_US-ID,1.193219
2031,NWMT_0_US-MT,1.193219
2031,NWMT_0_US-WY,1.193219
2031,NYIS_A_US-NY,1.180823
2031,NYIS_A_US-PA,1.180823
2031,NYIS_B_US-NY,1.166334
2031,NYIS_C_US-NY,1.16738
2031,NYIS_D_US-NY,1.14787
2031,NYIS_E_US-NY,1.16129
2031,NYIS_F_US-NY,1.156002
2031,NYIS_G_US-NJ,1.192172
2031,NYIS_G_US-NY,1.192172
2031,NYIS_G_US-PA,1.192172
2031,NYIS_H_US-NY,1.173723
2031,NYIS_I_US-NY,1.16596
2031,NYIS_J_US-NJ,1.11139
2031,NYIS_J_US-NY,1.11139
2031,NYIS_K_US-NY,1.111936
2031,PACE_0_US-AZ,1.241843
2031,PACE_0_US-CO,1.241843
2031,PACE_0_US-ID,1.241843
2031,PACE_0_US-MT,1.241843
2031,PACE_0_US-NV,1.241843
2031,PACE_0_US-UT,1.241843
2031,PACE_0_US-WY,1.241843
2031,PACW_0_US-CA,1.2231
2031,PACW_0_US-OR,1.2231
2031,PACW_0_US-WA,1.2231
2031,PGE_0_US-OR,1.278014
2031,PGE_0_US-WA,1.278014
2031,PJM_AE_US-NJ,1.244486
2031,PJM_AEP_US-IN,1.170519
2031,PJM_AEP_US-KY,1.170519
2031,PJM_AEP_US-MI,1.170519
2031,PJM_AEP_US-OH,1.170519
2031,PJM_AEP_US-TN,1.170519
2031,PJM_AEP_US-VA,1.170519
2031,PJM_AEP_US-WV,1.170519
2031,PJM_AP_US-MD,1.290262
2031,PJM_AP_US-OH,1.290262
2031,PJM_AP_US-PA,1.290262
2031,PJM_AP_US-VA,1.290262
2031,PJM_AP_US-WV,1.290262
2031,PJM_ATSI_US-OH,1.157687
2031,PJM_ATSI_US-PA,1.157687
2031,PJM_BC_US-MD,1.411363
2031,PJM_CE_US-IL,1.24269
2031,PJM_CE_US-IN,1.24269
2031,PJM_DAY_US-OH,1.128994
2031,PJM_DEOK_US-KY,1.162738
2031,PJM_DEOK_US-OH,1.162738
2031,PJM_DOM_US-NC,1.551701
2031,PJM_DOM_US-VA,1.551701
2031,PJM_DOM_US-WV,1.551701
2031,PJM_DPL_US-DE,1.435013
2031,PJM_DPL_US-MD,1.435013
2031,PJM_DPL_US-NJ,1.435013
2031,PJM_DPL_US-PA,1.435013
2031,PJM_DPL_US-VA,1.435013
2031,PJM_DUQ_US-PA,1.177858
2031,PJM_EKPC_US-KY,1.10639
2031,PJM_JC_US-NJ,1.202023
2031,PJM_JC_US-NY,1.202023
2031,PJM_ME_US-PA,1.156831
2031,PJM_PE_US-DE,1.151472
2031,PJM_PE_US-MD,1.151472
2031,PJM_PE_US-NJ,1.151472
2031,PJM_PE_US-PA,1.151472
2031,PJM_PEP_US-DC,0.710362
2031,PJM_PEP_US-MD,0.710362
2031,PJM_PEP_US-VA,0.710362
2031,PJM_PL_US-MD,1.139708
2031,PJM_PL_US-PA,1.139708
2031,PJM_PN_US-MD,1.103272
2031,PJM_PN_US-PA,1.103272
2031,PJM_PS_US-NJ,1.276232
2031,PJM_PS_US-PA,1.276232
2031,PJM_RECO_US-NJ,2.432432
2031,PNM_ACMA_US-NM,1
2031,PNM_CYGA_US-NM,1
2031,PNM_Frep_US-NM,0.97619
2031,PNM_Jica_US-NM,1
2031,PNM_KAFB_US-NM,0.915493
2031,PNM_KCEC_US-NM,0.920635
2031,PNM_LAC_US-NM,0.876404
2031,PNM_NTUA_US-NM,0
2031,PNM_PNM_US-NM,1.230413
2031,PNM_TSGT_US-AZ,0.576826
2031,PNM_TSGT_US-NM,0.576826
2031,PSCO_0_US-CO,1.369329
2031,PSCO_0_US-WY,1.369329
2031,PSEI_0_US-WA,1.641502
2031,SC_0_US-SC,1.13096
2031,SCEG_0_US-GA,1.073165
2031,SCEG_0_US-SC,1.073165
2031,SCL_0_US-WA,1.46256
2031,SEC_0_US-FL,0.935665
2031,SEPA_0_US-GA,1
2031,SEPA_0_US-SC,1
2031,SOCO_0_US-AL,1.136448
2031,SOCO_0_US-FL,1.136448
2031,SOCO_0_US-GA,1.136448
2031,SOCO_0_US-MS,1.136448
2031,SOCO_0_US-SC,1.136448
2031,SPA_0_US-AR,2.933333
2031,SPA_0_US-MO,2.933333
2031,SPA_0_US-OK,2.933333
2031,SPA_0_US-TX,2.933333
2031,SPC_0_CA-SK,0
2031,SRP_0_US-AZ,1.249967
2031,SWPP_CSWS_US-AR,1.155373
2031,SWPP_CSWS_US-LA,1.155373
2031,SWPP_CSWS_US-OK,1.155373
2031,SWPP_CSWS_US-TX,1.155373
2031,SWPP_EDE_US-AR,1.220864
2031,SWPP_EDE_US-KS,1.220864
2031,SWPP_EDE_US-MO,1.220864
2031,SWPP_EDE_US-OK,1.220864
2031,SWPP_GRDA_US-AR,0.757282
2031,SWPP_GRDA_US-KS,0.757282
2031,SWPP_GRDA_US-OK,0.757282
2031,SWPP_INDN_US-MO,1.149254
2031,SWPP_KACY_US-KS,1.12369
2031,SWPP_KCPL_US-KS,1.129812
2031,SWPP_KCPL_US-MO,1.129812
2031,SWPP_LES_US-NE,1.607096
2031,SWPP_MPS_US-MO,1.139948
2031,SWPP_NPPD_US-CO,1.105489
2031,SWPP_NPPD_US-NE,1.105489
2031,SWPP_NPPD_US-SD,1.105489
2031,SWPP_OKGE_US-AR,1.065237
2031,SWPP_OKGE_US-OK,1.065237
2031,SWPP_OKGE_US-TX,1.065237
2031,SWPP_OPPD_US-NE,1.606941
2031,SWPP_SECI_US-KS,1.312557
2031,SWPP_SPRM_US-MO,1.137566
2031,SWPP_SPS_US-CO,1.241826
2031,SWPP_SPS_US-KS,1.241826
2031,SWPP_SPS_US-NM,1.241826
2031,SWPP_SPS_US-OK,1.241826
2031,SWPP_SPS_US-TX,1.241826
2031,SWPP_WAUE_US-IA,0.886917
2031,SWPP_WAUE_US-MN,0.886917
2031,SWPP_WAUE_US-MT,0.886917
2031,SWPP_WAUE_US-ND,0.886917
2031,SWPP_WAUE_US-NE,0.886917
2031,SWPP_WAUE_US-SD,0.886917
2031,SWPP_WAUE_US-WY,0.886917
2031,SWPP_WFEC_US-KS,1.011777
2031,SWPP_WFEC_US-OK,1.011777
2031,SWPP_WFEC_US-TX,1.011777
2031,SWPP_WR_US-KS,0.866885
2031,SWPP_WR_US-MO,0.866885
2031,TAL_0_US-FL,1.133122
2031,TEC_0_US-FL,1.114604
2031,TEPC_0_MX-SON,1.211827
2031,TEPC_0_US-AZ,1.211827
2031,TEPC_0_US-NM,1.211827
2031,TIDC_0_US-CA,0.875923
2031,TPWR_0_US-WA,1.464876
2031,TVA_0_US-AL,1.152703
2031,TVA_0_US-GA,1.152703
2031,TVA_0_US-KY,1.152703
2031,TVA_0_US-MS,1.152703
2031,TVA_0_US-NC,1.152703
2031,TVA_0_US-TN,1.152703
2031,TVA_0_US-VA,1.152703
2031,WACM_0_US-AZ,1.577674
2031,WACM_0_US-CO,1.577674
2031,WACM_0_US-MT,1.577674
2031,WACM_0_US-NE,1.577674
2031,WACM_0_US-NM,1.577674
2031,WACM_0_US-SD,1.577674
2031,WACM_0_US-UT,1.577674
2031,WACM_0_US-WY,1.577674
2031,WALC_0_US-AZ,1.402373
2031,WALC_0_US-CA,1.402373
2031,WALC_0_US-NV,1.402373
2031,WAUW_0_US-MT,1.595745
2031,WWA_0_US-MT,1
2031,YAD_0_US-NC,1
2032,AEC_0_US-AL,0
2032,AEC_0_US-FL,0
2032,AECI_0_US-AR,0
2032,AECI_0_US-IA,0
2032,AECI_0_US-MO,0
2032,AECI_0_US-OK,0
2032,AESO_CENT_CA-AB,0
2032,AESO_CGY_CA-AB,0
2032,AESO_EDM_CA-AB,0
2032,AESO_NE_CA-AB,0
2032,AESO_NW_CA-AB,0
2032,AESO_NW_CA-BC,0
2032,AESO_SOUT_CA-AB,0
2032,AVA_0_US-ID,1.272498
2032,AVA_0_US-MT,1.272498
2032,AVA_0_US-OR,1.272498
2032,AVA_0_US-WA,1.272498
2032,AVRN_0_US-OR,1
2032,AVRN_0_US-WA,1
2032,AZPS_0_US-AZ,1.374558
2032,AZPS_0_US-CA,1.374558
2032,AZPS_0_US-NM,1.374558
2032,AZPS_0_US-NV,1.374558
2032,BANC_0_US-CA,1.054382
2032,BCHA_0_CA-BC,0
2032,BPAT_0_CA-BC,1.378939
2032,BPAT_0_US-CA,1.378939
2032,BPAT_0_US-ID,1.378939
2032,BPAT_0_US-MT,1.378939
2032,BPAT_0_US-OR,1.378939
2032,BPAT_0_US-WA,1.378939
2032,CEN_0_MX-COA,0
2032,CEN_0_MX-NLE,0
2032,CENB_0_MX-BCN,0
2032,CENB_0_MX-SON,0
2032,CHPD_0_US-WA,1.436735
2032,CISO_PGAE_US-CA,1.610238
2032,CISO_PGAE_US-OR,1.610238
2032,CISO_SCE_US-AZ,1.34324
2032,CISO_SCE_US-CA,1.34324
2032,CISO_SCE_US-NV,1.34324
2032,CISO_SDGE_MX-BCN,1.447148
2032,CISO_SDGE_US-AZ,1.447148
2032,CISO_SDGE_US-CA,1.447148
2032,CISO_VEA_US-NV,1.15894
2032,CPLE_0_US-NC,1.223914
2032,CPLE_0_US-SC,1.223914
2032,CPLW_0_US-NC,0.885458
2032,DEAA_0_US-AZ,1
2032,DOPD_0_US-WA,1.445396
2032,DUK_0_US-NC,1.188232
2032,DUK_0_US-SC,1.188232
2032,DUK_0_US-VA,1.188232
2032,EPE_0_US-NM,1.300682
2032,EPE_0_US-TX,1.300682
2032,ERCO_COAS_US-TX,1.296298
2032,ERCO_EAST_US-TX,1.884375
2032,ERCO_FWES_US-TX,1.258201
2032,ERCO_NCEN_US-TX,1.302725
2032,ERCO_NRTH_US-OK,1.429259
2032,ERCO_NRTH_US-TX,1.429259
2032,ERCO_SCEN_US-TX,1.368698
2032,ERCO_SOUT_US-TX,1.319216
2032,ERCO_WEST_US-TX,2.1525
2032,FMPP_0_US-FL,0.988306
2032,FPC_0_US-FL,0.946056
2032,FPL_0_US-FL,1.121122
2032,GCPD_0_US-WA,1.476241
2032,GLHB_0_US-IL,1
2032,GRID_0_US-NM,1
2032,GRID_0_US-OR,1
2032,GRID_0_US-WA,1
2032,GRIF_0_US-AZ,1
2032,GVL_0_US-FL,1.077876
2032,GWA_0_US-MT,1
2032,HGMA_0_US-AZ,1
2032,HQT_0_CA-NL,1
2032,HQT_0_CA-QC,1
2032,HST_0_US-FL,1.215517
2032,IESO_0_CA-ON,0
2032,IID_0_US-AZ,1.086496
2032,IID_0_US-CA,1.086496
2032,IPCO_0_US-ID,1.152692
2032,IPCO_0_US-NV,1.152692
2032,IPCO_0_US-OR,1.152692
2032,IPCO_0_US-UT,1.152692
2032,ISNE_4001_US-ME,1.157782
2032,ISNE_4002_US-ME,1.185215
2032,ISNE_4002_US-NH,1.185215
2032,ISNE_4002_US-VT,1.185215
2032,ISNE_4003_US-NH,1.410835
2032,ISNE_4003_US-NY,1.410835
2032,ISNE_4003_US-VT,1.410835
2032,ISNE_4004_US-CT,1.276016
2032,ISNE_4005_US-MA,1.201635
2032,ISNE_4005_US-RI,1.201635
2032,ISNE_4006_US-MA,1.333816
2032,ISNE_4006_US-RI,1.333816
2032,ISNE_4007_US-MA,1.328408
2032,ISNE_4007_US-NY,1.328408
2032,ISNE_4007_US-VT,1.328408
2032,ISNE_4008_US-MA,1.314176
2032,ISNE_4008_US-NH,1.314176
2032,JEA_0_US-FL,1.196359
2032,LDWP_0_US-AZ,1.045965
2032,LDWP_0_US-CA,1.045965
2032,LDWP_0_US-NV,1.045965
2032,LDWP_0_US-UT,1.045965
2032,LGEE_0_US-IN,1.05606
2032,LGEE_0_US-KY,1.05606
2032,LGEE_0_US-VA,1.05606
2032,MHEB_0_CA-MB,0
2032,MISO_01_US-IA,1.284797
2032,MISO_01_US-IL,1.284797
2032,MISO_01_US-MI,1.284797
2032,MISO_01_US-MN,1.284797
2032,MISO_01_US-MT,1.284797
2032,MISO_01_US-ND,1.284797
2032,MISO_01_US-SD,1.284797
2032,MISO_01_US-WI,1.284797
2032,MISO_02_US-IA,1.255918
2032,MISO_02_US-IL,1.255918
2032,MISO_02_US-MI,1.255918
2032,MISO_02_US-MN,1.255918
2032,MISO_02_US-WI,1.255918
2032,MISO_03_US-IA,1.304737
2032,MISO_03_US-IL,1.304737
2032,MISO_03_US-MN,1.304737
2032,MISO_03_US-MO,1.304737
2032,MISO_03_US-SD,1.304737
2032,MISO_04_US-IL,1.25079
2032,MISO_04_US-KY,1.25079
2032,MISO_04_US-MO,1.25079
2032,MISO_05_US-IA,1.103707
2032,MISO_05_US-IL,1.103707
2032,MISO_05_US-MO,1.103707
2032,MISO_06_US-IL,1.162252
2032,MISO_06_US-IN,1.162252
2032,MISO_06_US-KY,1.162252
2032,MISO_06_US-OH,1.162252
2032,MISO_07_US-MI,1.170054
2032,MISO_08_US-AR,1.115542
2032,MISO_08_US-MO,1.115542
2032,MISO_09_US-LA,1.168568
2032,MISO_09_US-TX,1.168568
2032,MISO_10_US-MS,1.153377
2032,MISO_10_US-TN,1.153377
2032,NBSO_0_CA-NB,4.631773
2032,NBSO_0_CA-PE,4.631773
2032,NBSO_0_US-ME,4.631773
2032,NEVP_0_US-CA,1.342845
2032,NEVP_0_US-NV,1.342845
2032,NEVP_0_US-OR,1.342845
2032,NSPI_0_CA-NS,4.631773
2032,NWMT_0_US-ID,1.215822
2032,NWMT_0_US-MT,1.215822
2032,NWMT_0_US-WY,1.215822
2032,NYIS_A_US-NY,1.198943
2032,NYIS_A_US-PA,1.198943
2032,NYIS_B_US-NY,1.184815
2032,NYIS_C_US-NY,1.185225
2032,NYIS_D_US-NY,1.165414
2032,NYIS_E_US-NY,1.179211
2032,NYIS_F_US-NY,1.173986
2032,NYIS_G_US-NJ,1.210642
2032,NYIS_G_US-NY,1.210642
2032,NYIS_G_US-PA,1.210642
2032,NYIS_H_US-NY,1.192701
2032,NYIS_I_US-NY,1.183616
2032,NYIS_J_US-NJ,1.128587
2032,NYIS_J_US-NY,1.128587
2032,NYIS_K_US-NY,1.129127
2032,PACE_0_US-AZ,1.266274
2032,PACE_0_US-CO,1.266274
2032,PACE_0_US-ID,1.266274
2032,PACE_0_US-MT,1.266274
2032,PACE_0_US-NV,1.266274
2032,PACE_0_US-UT,1.266274
2032,PACE_0_US-WY,1.266274
2032,PACW_0_US-CA,1.243298
2032,PACW_0_US-OR,1.243298
2032,PACW_0_US-WA,1.243298
2032,PGE_0_US-OR,1.298591
2032,PGE_0_US-WA,1.298591
2032,PJM_AE_US-NJ,1.271402
2032,PJM_AEP_US-IN,1.183461
2032,PJM_AEP_US-KY,1.183461
2032,PJM_AEP_US-MI,1.183461
2032,PJM_AEP_US-OH,1.183461
2032,PJM_AEP_US-TN,1.183461
2032,PJM_AEP_US-VA,1.183461
2032,PJM_AEP_US-WV,1.183461
2032,PJM_AP_US-MD,1.30224
2032,PJM_AP_US-OH,1.30224
2032,PJM_AP_US-PA,1.30224
2032,PJM_AP_US-VA,1.30224
2032,PJM_AP_US-WV,1.30224
2032,PJM_ATSI_US-OH,1.169932
2032,PJM_ATSI_US-PA,1.169932
2032,PJM_BC_US-MD,1.433389
2032,PJM_CE_US-IL,1.263252
2032,PJM_CE_US-IN,1.263252
2032,PJM_DAY_US-OH,1.140938
2032,PJM_DEOK_US-KY,1.174807
2032,PJM_DEOK_US-OH,1.174807
2032,PJM_DOM_US-NC,1.57849
2032,PJM_DOM_US-VA,1.57849
2032,PJM_DOM_US-WV,1.57849
2032,PJM_DPL_US-DE,1.454912
2032,PJM_DPL_US-MD,1.454912
2032,PJM_DPL_US-NJ,1.454912
2032,PJM_DPL_US-PA,1.454912
2032,PJM_DPL_US-VA,1.454912
2032,PJM_DUQ_US-PA,1.18657
2032,PJM_EKPC_US-KY,1.11552
2032,PJM_JC_US-NJ,1.228133
2032,PJM_JC_US-NY,1.228133
2032,PJM_ME_US-PA,1.165634
2032,PJM_PE_US-DE,1.160375
2032,PJM_PE_US-MD,1.160375
2032,PJM_PE_US-NJ,1.160375
2032,PJM_PE_US-PA,1.160375
2032,PJM_PEP_US-DC,0.721483
2032,PJM_PEP_US-MD,0.721483
2032,PJM_PEP_US-VA,0.721483
2032,PJM_PL_US-MD,1.148448
2032,PJM_PL_US-PA,1.148448
2032,PJM_PN_US-MD,1.111793
2032,PJM_PN_US-PA,1.111793
2032,PJM_PS_US-NJ,1.303955
2032,PJM_PS_US-PA,1.303955
2032,PJM_RECO_US-NJ,2.47973
2032,PNM_ACMA_US-NM,1
2032,PNM_CYGA_US-NM,1
2032,PNM_Frep_US-NM,0.988095
2032,PNM_Jica_US-NM,1
2032,PNM_KAFB_US-NM,0.943662
2032,PNM_KCEC_US-NM,0.936508
2032,PNM_LAC_US-NM,0.88764
2032,PNM_NTUA_US-NM,0
2032,PNM_PNM_US-NM,1.255114
2032,PNM_TSGT_US-AZ,0.589421
2032,PNM_TSGT_US-NM,0.589421
2032,PSCO_0_US-CO,1.40475
2032,PSCO_0_US-WY,1.40475
2032,PSEI_0_US-WA,1.668264
2032,SC_0_US-SC,1.140453
2032,SCEG_0_US-GA,1.082204
2032,SCEG_0_US-SC,1.082204
2032,SCL_0_US-WA,1.486458
2032,SEC_0_US-FL,0.946056
2032,SEPA_0_US-GA,1
2032,SEPA_0_US-SC,1
2032,SOCO_0_US-AL,1.148629
2032,SOCO_0_US-FL,1.148629
2032,SOCO_0_US-GA,1.148629
2032,SOCO_0_US-MS,1.148629
2032,SOCO_0_US-SC,1.148629
2032,SPA_0_US-AR,2.955556
2032,SPA_0_US-MO,2.955556
2032,SPA_0_US-OK,2.955556
2032,SPA_0_US-TX,2.955556
2032,SPC_0_CA-SK,0
2032,SRP_0_US-AZ,1.267962
2032,SWPP_CSWS_US-AR,1.168925
2032,SWPP_CSWS_US-LA,1.168925
2032,SWPP_CSWS_US-OK,1.168925
2032,SWPP_CSWS_US-TX,1.168925
2032,SWPP_EDE_US-AR,1.233904
2032,SWPP_EDE_US-KS,1.233904
2032,SWPP_EDE_US-MO,1.233904
2032,SWPP_EDE_US-OK,1.233904
2032,SWPP_GRDA_US-AR,0.764342
2032,SWPP_GRDA_US-KS,0.764342
2032,SWPP_GRDA_US-OK,0.764342
2032,SWPP_INDN_US-MO,1.160448
2032,SWPP_KACY_US-KS,1.134172
2032,SWPP_KCPL_US-KS,1.141894
2032,SWPP_KCPL_US-MO,1.141894
2032,SWPP_LES_US-NE,1.710907
2032,SWPP_MPS_US-MO,1.153003
2032,SWPP_NPPD_US-CO,1.176707
2032,SWPP_NPPD_US-NE,1.176707
2032,SWPP_NPPD_US-SD,1.176707
2032,SWPP_OKGE_US-AR,1.07574
2032,SWPP_OKGE_US-OK,1.07574
2032,SWPP_OKGE_US-TX,1.07574
2032,SWPP_OPPD_US-NE,1.710675
2032,SWPP_SECI_US-KS,1.32539
2032,SWPP_SPRM_US-MO,1.150794
2032,SWPP_SPS_US-CO,1.268493
2032,SWPP_SPS_US-KS,1.268493
2032,SWPP_SPS_US-NM,1.268493
2032,SWPP_SPS_US-OK,1.268493
2032,SWPP_SPS_US-TX,1.268493
2032,SWPP_WAUE_US-IA,0.913642
2032,SWPP_WAUE_US-MN,0.913642
2032,SWPP_WAUE_US-MT,0.913642
2032,SWPP_WAUE_US-ND,0.913642
2032,SWPP_WAUE_US-NE,0.913642
2032,SWPP_WAUE_US-SD,0.913642
2032,SWPP_WAUE_US-WY,0.913642
2032,SWPP_WFEC_US-KS,1.021949
2032,SWPP_WFEC_US-OK,1.021949
2032,SWPP_WFEC_US-TX,1.021949
2032,SWPP_WR_US-KS,0.875223
2032,SWPP_WR_US-MO,0.875223
2032,TAL_0_US-FL,1.1458
2032,TEC_0_US-FL,1.12709
2032,TEPC_0_MX-SON,1.229278
2032,TEPC_0_US-AZ,1.229278
2032,TEPC_0_US-NM,1.229278
2032,TIDC_0_US-CA,0.89808
2032,TPWR_0_US-WA,1.488636
2032,TVA_0_US-AL,1.164469
2032,TVA_0_US-GA,1.164469
2032,TVA_0_US-KY,1.164469
2032,TVA_0_US-MS,1.164469
2032,TVA_0_US-NC,1.164469
2032,TVA_0_US-TN,1.164469
2032,TVA_0_US-VA,1.164469
2032,WACM_0_US-AZ,1.619907
2032,WACM_0_US-CO,1.619907
2032,WACM_0_US-MT,1.619907
2032,WACM_0_US-NE,1.619907
2032,WACM_0_US-NM,1.619907
2032,WACM_0_US-SD,1.619907
2032,WACM_0_US-UT,1.619907
2032,WACM_0_US-WY,1.619907
2032,WALC_0_US-AZ,1.426594
2032,WALC_0_US-CA,1.426594
2032,WALC_0_US-NV,1.426594
2032,WAUW_0_US-MT,1.62234
2032,WWA_0_US-MT,1
2032,YAD_0_US-NC,1
2033,AEC_0_US-AL,0
2033,AEC_0_US-FL,0
2033,AECI_0_US-AR,0
2033,AECI_0_US-IA,0
2033,AECI_0_US-MO,0
2033,AECI_0_US-OK,0
2033,AESO_CENT_CA-AB,0
2033,AESO_CGY_CA-AB,0
2033,AESO_EDM_CA-AB,0
2033,AESO_NE_CA-AB,0
2033,AESO_NW_CA-AB,0
2033,AESO_NW_CA-BC,0
2033,AESO_SOUT_CA-AB,0
2033,AVA_0_US-ID,1.292262
2033,AVA_0_US-MT,1.292262
2033,AVA_0_US-OR,1.292262
2033,AVA_0_US-WA,1.292262
2033,AVRN_0_US-OR,1
2033,AVRN_0_US-WA,1
2033,AZPS_0_US-AZ,1.394491
2033,AZPS_0_US-CA,1.394491
2033,AZPS_0_US-NM,1.394491
2033,AZPS_0_US-NV,1.394491
2033,BANC_0_US-CA,1.080077
2033,BCHA_0_CA-BC,0
2033,BPAT_0_CA-BC,1.401264
2033,BPAT_0_US-CA,1.401264
2033,BPAT_0_US-ID,1.401264
2033,BPAT_0_US-MT,1.401264
2033,BPAT_0_US-OR,1.401264
2033,BPAT_0_US-WA,1.401264
2033,CEN_0_MX-COA,0
2033,CEN_0_MX-NLE,0
2033,CENB_0_MX-BCN,0
2033,CENB_0_MX-SON,0
2033,CHPD_0_US-WA,1.461224
2033,CISO_PGAE_US-CA,1.64962
2033,CISO_PGAE_US-OR,1.64962
2033,CISO_SCE_US-AZ,1.376083
2033,CISO_SCE_US-CA,1.376083
2033,CISO_SCE_US-NV,1.376083
2033,CISO_SDGE_MX-BCN,1.482293
2033,CISO_SDGE_US-AZ,1.482293
2033,CISO_SDGE_US-CA,1.482293
2033,CISO_VEA_US-NV,1.172185
2033,CPLE_0_US-NC,1.237335
2033,CPLE_0_US-SC,1.237335
2033,CPLW_0_US-NC,0.895418
2033,DEAA_0_US-AZ,1
2033,DOPD_0_US-WA,1.468951
2033,DUK_0_US-NC,1.200739
2033,DUK_0_US-SC,1.200739
2033,DUK_0_US-VA,1.200739
2033,EPE_0_US-NM,1.329435
2033,EPE_0_US-TX,1.329435
2033,ERCO_COAS_US-TX,1.325519
2033,ERCO_EAST_US-TX,1.926875
2033,ERCO_FWES_US-TX,1.286349
2033,ERCO_NCEN_US-TX,1.332066
2033,ERCO_NRTH_US-OK,1.461501
2033,ERCO_NRTH_US-TX,1.461501
2033,ERCO_SCEN_US-TX,1.399473
2033,ERCO_SOUT_US-TX,1.349044
2033,ERCO_WEST_US-TX,2.201
2033,FMPP_0_US-FL,0.999456
2033,FPC_0_US-FL,0.956533
2033,FPL_0_US-FL,1.133576
2033,GCPD_0_US-WA,1.500528
2033,GLHB_0_US-IL,1
2033,GRID_0_US-NM,1
2033,GRID_0_US-OR,1
2033,GRID_0_US-WA,1
2033,GRIF_0_US-AZ,1
2033,GVL_0_US-FL,1.090265
2033,GWA_0_US-MT,1
2033,HGMA_0_US-AZ,1
2033,HQT_0_CA-NL,1
2033,HQT_0_CA-QC,1
2033,HST_0_US-FL,1.224138
2033,IESO_0_CA-ON,0
2033,IID_0_US-AZ,1.112974
2033,IID_0_US-CA,1.112974
2033,IPCO_0_US-ID,1.168675
2033,IPCO_0_US-NV,1.168675
2033,IPCO_0_US-OR,1.168675
2033,IPCO_0_US-UT,1.168675
2033,ISNE_4001_US-ME,1.181427
2033,ISNE_4002_US-ME,1.206742
2033,ISNE_4002_US-NH,1.206742
2033,ISNE_4002_US-VT,1.206742
2033,ISNE_4003_US-NH,1.443567
2033,ISNE_4003_US-NY,1.443567
2033,ISNE_4003_US-VT,1.443567
2033,ISNE_4004_US-CT,1.294797
2033,ISNE_4005_US-MA,1.222343
2033,ISNE_4005_US-RI,1.222343
2033,ISNE_4006_US-MA,1.363057
2033,ISNE_4006_US-RI,1.363057
2033,ISNE_4007_US-MA,1.357358
2033,ISNE_4007_US-NY,1.357358
2033,ISNE_4007_US-VT,1.357358
2033,ISNE_4008_US-MA,1.343103
2033,ISNE_4008_US-NH,1.343103
2033,JEA_0_US-FL,1.209527
2033,LDWP_0_US-AZ,1.07148
2033,LDWP_0_US-CA,1.07148
2033,LDWP_0_US-NV,1.07148
2033,LDWP_0_US-UT,1.07148
2033,LGEE_0_US-IN,1.065147
2033,LGEE_0_US-KY,1.065147
2033,LGEE_0_US-VA,1.065147
2033,MHEB_0_CA-MB,0
2033,MISO_01_US-IA,1.319119
2033,MISO_01_US-IL,1.319119
2033,MISO_01_US-MI,1.319119
2033,MISO_01_US-MN,1.319119
2033,MISO_01_US-MT,1.319119
2033,MISO_01_US-ND,1.319119
2033,MISO_01_US-SD,1.319119
2033,MISO_01_US-WI,1.319119
2033,MISO_02_US-IA,1.275429
2033,MISO_02_US-IL,1.275429
2033,MISO_02_US-MI,1.275429
2033,MISO_02_US-MN,1.275429
2033,MISO_02_US-WI,1.275429
2033,MISO_03_US-IA,1.342523
2033,MISO_03_US-IL,1.342523
2033,MISO_03_US-MN,1.342523
2033,MISO_03_US-MO,1.342523
2033,MISO_03_US-SD,1.342523
2033,MISO_04_US-IL,1.271558
2033,MISO_04_US-KY,1.271558
2033,MISO_04_US-MO,1.271558
2033,MISO_05_US-IA,1.1164
2033,MISO_05_US-IL,1.1164
2033,MISO_05_US-MO,1.1164
2033,MISO_06_US-IL,1.174112
2033,MISO_06_US-IN,1.174112
2033,MISO_06_US-KY,1.174112
2033,MISO_06_US-OH,1.174112
2033,MISO_07_US-MI,1.187351
2033,MISO_08_US-AR,1.122699
2033,MISO_08_US-MO,1.122699
2033,MISO_09_US-LA,1.178518
2033,MISO_09_US-TX,1.178518
2033,MISO_10_US-MS,1.162011
2033,MISO_10_US-TN,1.162011
2033,NBSO_0_CA-NB,4.725369
2033,NBSO_0_CA-PE,4.725369
2033,NBSO_0_US-ME,4.725369
2033,NEVP_0_US-CA,1.361227
2033,NEVP_0_US-NV,1.361227
2033,NEVP_0_US-OR,1.361227
2033,NSPI_0_CA-NS,4.725369
2033,NWMT_0_US-ID,1.239154
2033,NWMT_0_US-MT,1.239154
2033,NWMT_0_US-WY,1.239154
2033,NYIS_A_US-NY,1.217441
2033,NYIS_A_US-PA,1.217441
2033,NYIS_B_US-NY,1.202797
2033,NYIS_C_US-NY,1.203783
2033,NYIS_D_US-NY,1.182957
2033,NYIS_E_US-NY,1.197133
2033,NYIS_F_US-NY,1.19197
2033,NYIS_G_US-NJ,1.229112
2033,NYIS_G_US-NY,1.229112
2033,NYIS_G_US-PA,1.229112
2033,NYIS_H_US-NY,1.211679
2033,NYIS_I_US-NY,1.201977
2033,NYIS_J_US-NJ,1.146073
2033,NYIS_J_US-NY,1.146073
2033,NYIS_K_US-NY,1.146513
2033,PACE_0_US-AZ,1.291262
2033,PACE_0_US-CO,1.291262
2033,PACE_0_US-ID,1.291262
2033,PACE_0_US-MT,1.291262
2033,PACE_0_US-NV,1.291262
2033,PACE_0_US-UT,1.291262
2033,PACE_0_US-WY,1.291262
2033,PACW_0_US-CA,1.263863
2033,PACW_0_US-OR,1.263863
2033,PACW_0_US-WA,1.263863
2033,PGE_0_US-OR,1.319392
2033,PGE_0_US-WA,1.319392
2033,PJM_AE_US-NJ,1.299065
2033,PJM_AEP_US-IN,1.196585
2033,PJM_AEP_US-KY,1.196585
2033,PJM_AEP_US-MI,1.196585
2033,PJM_AEP_US-OH,1.196585
2033,PJM_AEP_US-TN,1.196585
2033,PJM_AEP_US-VA,1.196585
2033,PJM_AEP_US-WV,1.196585
2033,PJM_AP_US-MD,1.31433
2033,PJM_AP_US-OH,1.31433
2033,PJM_AP_US-PA,1.31433
2033,PJM_AP_US-VA,1.31433
2033,PJM_AP_US-WV,1.31433
2033,PJM_ATSI_US-OH,1.182414
2033,PJM_ATSI_US-PA,1.182414
2033,PJM_BC_US-MD,1.455719
2033,PJM_CE_US-IL,1.284192
2033,PJM_CE_US-IN,1.284192
2033,PJM_DAY_US-OH,1.153479
2033,PJM_DEOK_US-KY,1.187252
2033,PJM_DEOK_US-OH,1.187252
2033,PJM_DOM_US-NC,1.605768
2033,PJM_DOM_US-VA,1.605768
2033,PJM_DOM_US-WV,1.605768
2033,PJM_DPL_US-DE,1.475063
2033,PJM_DPL_US-MD,1.475063
2033,PJM_DPL_US-NJ,1.475063
2033,PJM_DPL_US-PA,1.475063
2033,PJM_DPL_US-VA,1.475063
2033,PJM_DUQ_US-PA,1.195644
2033,PJM_EKPC_US-KY,1.125
2033,PJM_JC_US-NJ,1.254896
2033,PJM_JC_US-NY,1.254896
2033,PJM_ME_US-PA,1.174438
2033,PJM_PE_US-DE,1.16916
2033,PJM_PE_US-MD,1.16916
2033,PJM_PE_US-NJ,1.16916
2033,PJM_PE_US-PA,1.16916
2033,PJM_PEP_US-DC,0.732603
2033,PJM_PEP_US-MD,0.732603
2033,PJM_PEP_US-VA,0.732603
2033,PJM_PL_US-MD,1.157188
2033,PJM_PL_US-PA,1.157188
2033,PJM_PN_US-MD,1.120314
2033,PJM_PN_US-PA,1.120314
2033,PJM_PS_US-NJ,1.332273
2033,PJM_PS_US-PA,1.332273
2033,PJM_RECO_US-NJ,2.533784
2033,PNM_ACMA_US-NM,1
2033,PNM_CYGA_US-NM,1
2033,PNM_Frep_US-NM,1.011905
2033,PNM_Jica_US-NM,1
2033,PNM_KAFB_US-NM,0.957746
2033,PNM_KCEC_US-NM,0.968254
2033,PNM_LAC_US-NM,0.910112
2033,PNM_NTUA_US-NM,0
2033,PNM_PNM_US-NM,1.280201
2033,PNM_TSGT_US-AZ,0.602015
2033,PNM_TSGT_US-NM,0.602015
2033,PSCO_0_US-CO,1.441084
2033,PSCO_0_US-WY,1.441084
2033,PSEI_0_US-WA,1.695626
2033,SC_0_US-SC,1.149946
2033,SCEG_0_US-GA,1.091457
2033,SCEG_0_US-SC,1.091457
2033,SCL_0_US-WA,1.510887
2033,SEC_0_US-FL,0.956533
2033,SEPA_0_US-GA,1
2033,SEPA_0_US-SC,1
2033,SOCO_0_US-AL,1.160942
2033,SOCO_0_US-FL,1.160942
2033,SOCO_0_US-GA,1.160942
2033,SOCO_0_US-MS,1.160942
2033,SOCO_0_US-SC,1.160942
2033,SPA_0_US-AR,2.983333
2033,SPA_0_US-MO,2.983333
2033,SPA_0_US-OK,2.983333
2033,SPA_0_US-TX,2.983333
2033,SPC_0_CA-SK,0
2033,SRP_0_US-AZ,1.286348
2033,SWPP_CSWS_US-AR,1.182687
2033,SWPP_CSWS_US-LA,1.182687
2033,SWPP_CSWS_US-OK,1.182687
2033,SWPP_CSWS_US-TX,1.182687
2033,SWPP_EDE_US-AR,1.247759
2033,SWPP_EDE_US-KS,1.247759
2033,SWPP_EDE_US-MO,1.247759
2033,SWPP_EDE_US-OK,1.247759
2033,SWPP_GRDA_US-AR,0.772286
2033,SWPP_GRDA_US-KS,0.772286
2033,SWPP_GRDA_US-OK,0.772286
2033,SWPP_INDN_US-MO,1.175373
2033,SWPP_KACY_US-KS,1.144654
2033,SWPP_KCPL_US-KS,1.154257
2033,SWPP_KCPL_US-MO,1.154257
2033,SWPP_LES_US-NE,1.822602
2033,SWPP_MPS_US-MO,1.166057
2033,SWPP_NPPD_US-CO,1.253012
2033,SWPP_NPPD_US-NE,1.253012
2033,SWPP_NPPD_US-SD,1.253012
2033,SWPP_OKGE_US-AR,1.086243
2033,SWPP_OKGE_US-OK,1.086243
2033,SWPP_OKGE_US-TX,1.086243
2033,SWPP_OPPD_US-NE,1.821577
2033,SWPP_SECI_US-KS,1.338222
2033,SWPP_SPRM_US-MO,1.164021
2033,SWPP_SPS_US-CO,1.295525
2033,SWPP_SPS_US-KS,1.295525
2033,SWPP_SPS_US-NM,1.295525
2033,SWPP_SPS_US-OK,1.295525
2033,SWPP_SPS_US-TX,1.295525
2033,SWPP_WAUE_US-IA,0.941165
2033,SWPP_WAUE_US-MN,0.941165
2033,SWPP_WAUE_US-MT,0.941165
2033,SWPP_WAUE_US-ND,0.941165
2033,SWPP_WAUE_US-NE,0.941165
2033,SWPP_WAUE_US-SD,0.941165
2033,SWPP_WAUE_US-WY,0.941165
2033,SWPP_WFEC_US-KS,1.03212
2033,SWPP_WFEC_US-OK,1.03212
2033,SWPP_WFEC_US-TX,1.03212
2033,SWPP_WR_US-KS,0.883711
2033,SWPP_WR_US-MO,0.883711
2033,TAL_0_US-FL,1.158479
2033,TEC_0_US-FL,1.139576
2033,TEPC_0_MX-SON,1.24697
2033,TEPC_0_US-AZ,1.24697
2033,TEPC_0_US-NM,1.24697
2033,TIDC_0_US-CA,0.918759
2033,TPWR_0_US-WA,1.51343
2033,TVA_0_US-AL,1.176335
2033,TVA_0_US-GA,1.176335
2033,TVA_0_US-KY,1.176335
2033,TVA_0_US-MS,1.176335
2033,TVA_0_US-NC,1.176335
2033,TVA_0_US-TN,1.176335
2033,TVA_0_US-VA,1.176335
2033,WACM_0_US-AZ,1.663256
2033,WACM_0_US-CO,1.663256
2033,WACM_0_US-MT,1.663256
2033,WACM_0_US-NE,1.663256
2033,WACM_0_US-NM,1.663256
2033,WACM_0_US-SD,1.663256
2033,WACM_0_US-UT,1.663256
2033,WACM_0_US-WY,1.663256
2033,WALC_0_US-AZ,1.45131
2033,WALC_0_US-CA,1.45131
2033,WALC_0_US-NV,1.45131
2033,WAUW_0_US-MT,1.648936
2033,WWA_0_US-MT,1
2033,YAD_0_US-NC,1
2034,AEC_0_US-AL,0
2034,AEC_0_US-FL,0
2034,AECI_0_US-AR,0
2034,AECI_0_US-IA,0
2034,AECI_0_US-MO,0
2034,AECI_0_US-OK,0
2034,AESO_CENT_CA-AB,0
2034,AESO_CGY_CA-AB,0
2034,AESO_EDM_CA-AB,0
2034,AESO_NE_CA-AB,0
2034,AESO_NW_CA-AB,0
2034,AESO_NW_CA-BC,0
2034,AESO_SOUT_CA-AB,0
2034,AVA_0_US-ID,1.312447
2034,AVA_0_US-MT,1.312447
2034,AVA_0_US-OR,1.312447
2034,AVA_0_US-WA,1.312447
2034,AVRN_0_US-OR,1
2034,AVRN_0_US-WA,1
2034,AZPS_0_US-AZ,1.414532
2034,AZPS_0_US-CA,1.414532
2034,AZPS_0_US-NM,1.414532
2034,AZPS_0_US-NV,1.414532
2034,BANC_0_US-CA,1.106477
2034,BCHA_0_CA-BC,0
2034,BPAT_0_CA-BC,1.424084
2034,BPAT_0_US-CA,1.424084
2034,BPAT_0_US-ID,1.424084
2034,BPAT_0_US-MT,1.424084
2034,BPAT_0_US-OR,1.424084
2034,BPAT_0_US-WA,1.424084
2034,CEN_0_MX-COA,0
2034,CEN_0_MX-NLE,0
2034,CENB_0_MX-BCN,0
2034,CENB_0_MX-SON,0
2034,CHPD_0_US-WA,1.483673
2034,CISO_PGAE_US-CA,1.690002
2034,CISO_PGAE_US-OR,1.690002
2034,CISO_SCE_US-AZ,1.409764
2034,CISO_SCE_US-CA,1.409764
2034,CISO_SCE_US-NV,1.409764
2034,CISO_SDGE_MX-BCN,1.518789
2034,CISO_SDGE_US-AZ,1.518789
2034,CISO_SDGE_US-CA,1.518789
2034,CISO_VEA_US-NV,1.192053
2034,CPLE_0_US-NC,1.250839
2034,CPLE_0_US-SC,1.250839
2034,CPLW_0_US-NC,0.905378
2034,DEAA_0_US-AZ,1
2034,DOPD_0_US-WA,1.494647
2034,DUK_0_US-NC,1.213343
2034,DUK_0_US-SC,1.213343
2034,DUK_0_US-VA,1.213343
2034,EPE_0_US-NM,1.358674
2034,EPE_0_US-TX,1.358674
2034,ERCO_COAS_US-TX,1.355317
2034,ERCO_EAST_US-TX,1.970208
2034,ERCO_FWES_US-TX,1.315344
2034,ERCO_NCEN_US-TX,1.362027
2034,ERCO_NRTH_US-OK,1.494225
2034,ERCO_NRTH_US-TX,1.494225
2034,ERCO_SCEN_US-TX,1.431001
2034,ERCO_SOUT_US-TX,1.379367
2034,ERCO_WEST_US-TX,2.2505
2034,FMPP_0_US-FL,1.010606
2034,FPC_0_US-FL,0.967183
2034,FPL_0_US-FL,1.146158
2034,GCPD_0_US-WA,1.524815
2034,GLHB_0_US-IL,1
2034,GRID_0_US-NM,1
2034,GRID_0_US-OR,1
2034,GRID_0_US-WA,1
2034,GRIF_0_US-AZ,1
2034,GVL_0_US-FL,1.102655
2034,GWA_0_US-MT,1
2034,HGMA_0_US-AZ,1
2034,HQT_0_CA-NL,1
2034,HQT_0_CA-QC,1
2034,HST_0_US-FL,1.241379
2034,IESO_0_CA-ON,0
2034,IID_0_US-AZ,1.140335
2034,IID_0_US-CA,1.140335
2034,IPCO_0_US-ID,1.184903
2034,IPCO_0_US-NV,1.184903
2034,IPCO_0_US-OR,1.184903
2034,IPCO_0_US-UT,1.184903
2034,ISNE_4001_US-ME,1.205073
2034,ISNE_4002_US-ME,1.228676
2034,ISNE_4002_US-NH,1.228676
2034,ISNE_4002_US-VT,1.228676
2034,ISNE_4003_US-NH,1.477427
2034,ISNE_4003_US-NY,1.477427
2034,ISNE_4003_US-VT,1.477427
2034,ISNE_4004_US-CT,1.314039
2034,ISNE_4005_US-MA,1.243052
2034,ISNE_4005_US-RI,1.243052
2034,ISNE_4006_US-MA,1.393167
2034,ISNE_4006_US-RI,1.393167
2034,ISNE_4007_US-MA,1.387214
2034,ISNE_4007_US-NY,1.387214
2034,ISNE_4007_US-VT,1.387214
2034,ISNE_4008_US-MA,1.372605
2034,ISNE_4008_US-NH,1.372605
2034,JEA_0_US-FL,1.223083
2034,LDWP_0_US-AZ,1.09772
2034,LDWP_0_US-CA,1.09772
2034,LDWP_0_US-NV,1.09772
2034,LDWP_0_US-UT,1.09772
2034,LGEE_0_US-IN,1.074235
2034,LGEE_0_US-KY,1.074235
2034,LGEE_0_US-VA,1.074235
2034,MHEB_0_CA-MB,0
2034,MISO_01_US-IA,1.354359
2034,MISO_01_US-IL,1.354359
2034,MISO_01_US-MI,1.354359
2034,MISO_01_US-MN,1.354359
2034,MISO_01_US-MT,1.354359
2034,MISO_01_US-ND,1.354359
2034,MISO_01_US-SD,1.354359
2034,MISO_01_US-WI,1.354359
2034,MISO_02_US-IA,1.295265
2034,MISO_02_US-IL,1.295265
2034,MISO_02_US-MI,1.295265
2034,MISO_02_US-MN,1.295265
2034,MISO_02_US-WI,1.295265
2034,MISO_03_US-IA,1.38148
2034,MISO_03_US-IL,1.38148
2034,MISO_03_US-MN,1.38148
2034,MISO_03_US-MO,1.38148
2034,MISO_03_US-SD,1.38148
2034,MISO_04_US-IL,1.292551
2034,MISO_04_US-KY,1.292551
2034,MISO_04_US-MO,1.292551
2034,MISO_05_US-IA,1.129237
2034,MISO_05_US-IL,1.129237
2034,MISO_05_US-MO,1.129237
2034,MISO_06_US-IL,1.186153
2034,MISO_06_US-IN,1.186153
2034,MISO_06_US-KY,1.186153
2034,MISO_06_US-OH,1.186153
2034,MISO_07_US-MI,1.204919
2034,MISO_08_US-AR,1.129857
2034,MISO_08_US-MO,1.129857
2034,MISO_09_US-LA,1.188516
2034,MISO_09_US-TX,1.188516
2034,MISO_10_US-MS,1.170645
2034,MISO_10_US-TN,1.170645
2034,NBSO_0_CA-NB,4.821429
2034,NBSO_0_CA-PE,4.821429
2034,NBSO_0_US-ME,4.821429
2034,NEVP_0_US-CA,1.379823
2034,NEVP_0_US-NV,1.379823
2034,NEVP_0_US-OR,1.379823
2034,NSPI_0_CA-NS,4.821429
2034,NWMT_0_US-ID,1.263215
2034,NWMT_0_US-MT,1.263215
2034,NWMT_0_US-WY,1.263215
2034,NYIS_A_US-NY,1.236316
2034,NYIS_A_US-PA,1.236316
2034,NYIS_B_US-NY,1.221279
2034,NYIS_C_US-NY,1.222341
2034,NYIS_D_US-NY,1.200501
2034,NYIS_E_US-NY,1.215771
2034,NYIS_F_US-NY,1.210372
2034,NYIS_G_US-NJ,1.248021
2034,NYIS_G_US-NY,1.248021
2034,NYIS_G_US-PA,1.248021
2034,NYIS_H_US-NY,1.230657
2034,NYIS_I_US-NY,1.220339
2034,NYIS_J_US-NJ,1.163849
2034,NYIS_J_US-NY,1.163849
2034,NYIS_K_US-NY,1.16429
2034,PACE_0_US-AZ,1.316728
2034,PACE_0_US-CO,1.316728
2034,PACE_0_US-ID,1.316728
2034,PACE_0_US-MT,1.316728
2034,PACE_0_US-NV,1.316728
2034,PACE_0_US-UT,1.316728
2034,PACE_0_US-WY,1.316728
2034,PACW_0_US-CA,1.284796
2034,PACW_0_US-OR,1.284796
2034,PACW_0_US-WA,1.284796
2034,PGE_0_US-OR,1.34064
2034,PGE_0_US-WA,1.34064
2034,PJM_AE_US-NJ,1.327103
2034,PJM_AEP_US-IN,1.2098
2034,PJM_AEP_US-KY,1.2098
2034,PJM_AEP_US-MI,1.2098
2034,PJM_AEP_US-OH,1.2098
2034,PJM_AEP_US-TN,1.2098
2034,PJM_AEP_US-VA,1.2098
2034,PJM_AEP_US-WV,1.2098
2034,PJM_AP_US-MD,1.326531
2034,PJM_AP_US-OH,1.326531
2034,PJM_AP_US-PA,1.326531
2034,PJM_AP_US-VA,1.326531
2034,PJM_AP_US-WV,1.326531
2034,PJM_ATSI_US-OH,1.194897
2034,PJM_ATSI_US-PA,1.194897
2034,PJM_BC_US-MD,1.478353
2034,PJM_CE_US-IL,1.305461
2034,PJM_CE_US-IN,1.305461
2034,PJM_DAY_US-OH,1.16602
2034,PJM_DEOK_US-KY,1.19951
2034,PJM_DEOK_US-OH,1.19951
2034,PJM_DOM_US-NC,1.633485
2034,PJM_DOM_US-VA,1.633485
2034,PJM_DOM_US-WV,1.633485
2034,PJM_DPL_US-DE,1.495718
2034,PJM_DPL_US-MD,1.495718
2034,PJM_DPL_US-NJ,1.495718
2034,PJM_DPL_US-PA,1.495718
2034,PJM_DPL_US-VA,1.495718
2034,PJM_DUQ_US-PA,1.205082
2034,PJM_EKPC_US-KY,1.134129
2034,PJM_JC_US-NJ,1.282148
2034,PJM_JC_US-NY,1.282148
2034,PJM_ME_US-PA,1.183241
2034,PJM_PE_US-DE,1.178063
2034,PJM_PE_US-MD,1.178063
2034,PJM_PE_US-NJ,1.178063
2034,PJM_PE_US-PA,1.178063
2034,PJM_PEP_US-DC,0.744061
2034,PJM_PEP_US-MD,0.744061
2034,PJM_PEP_US-VA,0.744061
2034,PJM_PL_US-MD,1.166058
2034,PJM_PL_US-PA,1.166058
2034,PJM_PN_US-MD,1.128834
2034,PJM_PN_US-PA,1.128834
2034,PJM_PS_US-NJ,1.361188
2034,PJM_PS_US-PA,1.361188
2034,PJM_RECO_US-NJ,2.594595
2034,PNM_ACMA_US-NM,1
2034,PNM_CYGA_US-NM,1
2034,PNM_Frep_US-NM,1.02381
2034,PNM_Jica_US-NM,1
2034,PNM_KAFB_US-NM,0.985915
2034,PNM_KCEC_US-NM,0.984127
2034,PNM_LAC_US-NM,0.921348
2034,PNM_NTUA_US-NM,0
2034,PNM_PNM_US-NM,1.305673
2034,PNM_TSGT_US-AZ,0.612091
2034,PNM_TSGT_US-NM,0.612091
2034,PSCO_0_US-CO,1.478331
2034,PSCO_0_US-WY,1.478331
2034,PSEI_0_US-WA,1.723587
2034,SC_0_US-SC,1.159655
2034,SCEG_0_US-GA,1.100495
2034,SCEG_0_US-SC,1.100495
2034,SCL_0_US-WA,1.535316
2034,SEC_0_US-FL,0.967183
2034,SEPA_0_US-GA,1
2034,SEPA_0_US-SC,1
2034,SOCO_0_US-AL,1.173367
2034,SOCO_0_US-FL,1.173367
2034,SOCO_0_US-GA,1.173367
2034,SOCO_0_US-MS,1.173367
2034,SOCO_0_US-SC,1.173367
2034,SPA_0_US-AR,3.011111
2034,SPA_0_US-MO,3.011111
2034,SPA_0_US-OK,3.011111
2034,SPA_0_US-TX,3.011111
2034,SPC_0_CA-SK,0
2034,SRP_0_US-AZ,1.304864
2034,SWPP_CSWS_US-AR,1.196659
2034,SWPP_CSWS_US-LA,1.196659
2034,SWPP_CSWS_US-OK,1.196659
2034,SWPP_CSWS_US-TX,1.196659
2034,SWPP_EDE_US-AR,1.262429
2034,SWPP_EDE_US-KS,1.262429
2034,SWPP_EDE_US-MO,1.262429
2034,SWPP_EDE_US-OK,1.262429
2034,SWPP_GRDA_US-AR,0.780229
2034,SWPP_GRDA_US-KS,0.780229
2034,SWPP_GRDA_US-OK,0.780229
2034,SWPP_INDN_US-MO,1.186567
2034,SWPP_KACY_US-KS,1.157233
2034,SWPP_KCPL_US-KS,1.16662
2034,SWPP_KCPL_US-MO,1.16662
2034,SWPP_LES_US-NE,1.939553
2034,SWPP_MPS_US-MO,1.179634
2034,SWPP_NPPD_US-CO,1.333869
2034,SWPP_NPPD_US-NE,1.333869
2034,SWPP_NPPD_US-SD,1.333869
2034,SWPP_OKGE_US-AR,1.096893
2034,SWPP_OKGE_US-OK,1.096893
2034,SWPP_OKGE_US-TX,1.096893
2034,SWPP_OPPD_US-NE,1.939268
2034,SWPP_SECI_US-KS,1.351054
2034,SWPP_SPRM_US-MO,1.177249
2034,SWPP_SPS_US-CO,1.32347
2034,SWPP_SPS_US-KS,1.32347
2034,SWPP_SPS_US-NM,1.32347
2034,SWPP_SPS_US-OK,1.32347
2034,SWPP_SPS_US-TX,1.32347
2034,SWPP_WAUE_US-IA,0.969485
2034,SWPP_WAUE_US-MN,0.969485
2034,SWPP_WAUE_US-MT,0.969485
2034,SWPP_WAUE_US-ND,0.969485
2034,SWPP_WAUE_US-NE,0.969485
2034,SWPP_WAUE_US-SD,0.969485
2034,SWPP_WAUE_US-WY,0.969485
2034,SWPP_WFEC_US-KS,1.042291
2034,SWPP_WFEC_US-OK,1.042291
2034,SWPP_WFEC_US-TX,1.042291
2034,SWPP_WR_US-KS,0.892347
2034,SWPP_WR_US-MO,0.892347
2034,TAL_0_US-FL,1.171157
2034,TEC_0_US-FL,1.152285
2034,TEPC_0_MX-SON,1.265148
2034,TEPC_0_US-AZ,1.265148
2034,TEPC_0_US-NM,1.265148
2034,TIDC_0_US-CA,0.940916
2034,TPWR_0_US-WA,1.538223
2034,TVA_0_US-AL,1.188332
2034,TVA_0_US-GA,1.188332
2034,TVA_0_US-KY,1.188332
2034,TVA_0_US-MS,1.188332
2034,TVA_0_US-NC,1.188332
2034,TVA_0_US-TN,1.188332
2034,TVA_0_US-VA,1.188332
2034,WACM_0_US-AZ,1.707721
2034,WACM_0_US-CO,1.707721
2034,WACM_0_US-MT,1.707721
2034,WACM_0_US-NE,1.707721
2034,WACM_0_US-NM,1.707721
2034,WACM_0_US-SD,1.707721
2034,WACM_0_US-UT,1.707721
2034,WACM_0_US-WY,1.707721
2034,WALC_0_US-AZ,1.476026
2034,WALC_0_US-CA,1.476026
2034,WALC_0_US-NV,1.476026
2034,WAUW_0_US-MT,1.680851
2034,WWA_0_US-MT,1
2034,YAD_0_US-NC,1
2035,AEC_0_US-AL,0
2035,AEC_0_US-FL,0
2035,AECI_0_US-AR,0
2035,AECI_0_US-IA,0
2035,AECI_0_US-MO,0
2035,AECI_0_US-OK,0
2035,AESO_CENT_CA-AB,0
2035,AESO_CGY_CA-AB,0
2035,AESO_EDM_CA-AB,0
2035,AESO_NE_CA-AB,0
2035,AESO_NW_CA-AB,0
2035,AESO_NW_CA-BC,0
2035,AESO_SOUT_CA-AB,0
2035,AVA_0_US-ID,1.332632
2035,AVA_0_US-MT,1.332632
2035,AVA_0_US-OR,1.332632
2035,AVA_0_US-WA,1.332632
2035,AVRN_0_US-OR,1
2035,AVRN_0_US-WA,1
2035,AZPS_0_US-AZ,1.435002
2035,AZPS_0_US-CA,1.435002
2035,AZPS_0_US-NM,1.435002
2035,AZPS_0_US-NV,1.435002
2035,BANC_0_US-CA,1.13358
2035,BCHA_0_CA-BC,0
2035,BPAT_0_CA-BC,1.447199
2035,BPAT_0_US-CA,1.447199
2035,BPAT_0_US-ID,1.447199
2035,BPAT_0_US-MT,1.447199
2035,BPAT_0_US-OR,1.447199
2035,BPAT_0_US-WA,1.447199
2035,CEN_0_MX-COA,0
2035,CEN_0_MX-NLE,0
2035,CENB_0_MX-BCN,0
2035,CENB_0_MX-SON,0
2035,CHPD_0_US-WA,1.508163
2035,CISO_PGAE_US-CA,1.731335
2035,CISO_PGAE_US-OR,1.731335
2035,CISO_SCE_US-AZ,1.444237
2035,CISO_SCE_US-CA,1.444237
2035,CISO_SCE_US-NV,1.444237
2035,CISO_SDGE_MX-BCN,1.555826
2035,CISO_SDGE_US-AZ,1.555826
2035,CISO_SDGE_US-CA,1.555826
2035,CISO_VEA_US-NV,1.205298
2035,CPLE_0_US-NC,1.264588
2035,CPLE_0_US-SC,1.264588
2035,CPLW_0_US-NC,0.915339
2035,DEAA_0_US-AZ,1
2035,DOPD_0_US-WA,1.518201
2035,DUK_0_US-NC,1.226096
2035,DUK_0_US-SC,1.226096
2035,DUK_0_US-VA,1.226096
2035,EPE_0_US-NM,1.388402
2035,EPE_0_US-TX,1.388402
2035,ERCO_COAS_US-TX,1.385837
2035,ERCO_EAST_US-TX,2.014583
2035,ERCO_FWES_US-TX,1.344974
2035,ERCO_NCEN_US-TX,1.392688
2035,ERCO_NRTH_US-OK,1.527911
2035,ERCO_NRTH_US-TX,1.527911
2035,ERCO_SCEN_US-TX,1.463205
2035,ERCO_SOUT_US-TX,1.410349
2035,ERCO_WEST_US-TX,2.30125
2035,FMPP_0_US-FL,1.021757
2035,FPC_0_US-FL,0.97792
2035,FPL_0_US-FL,1.158901
2035,GCPD_0_US-WA,1.550158
2035,GLHB_0_US-IL,1
2035,GRID_0_US-NM,1
2035,GRID_0_US-OR,1
2035,GRID_0_US-WA,1
2035,GRIF_0_US-AZ,1
2035,GVL_0_US-FL,1.115044
2035,GWA_0_US-MT,1
2035,HGMA_0_US-AZ,1
2035,HQT_0_CA-NL,1
2035,HQT_0_CA-QC,1
2035,HST_0_US-FL,1.25
2035,IESO_0_CA-ON,0
2035,IID_0_US-AZ,1.167696
2035,IID_0_US-CA,1.167696
2035,IPCO_0_US-ID,1.201377
2035,IPCO_0_US-NV,1.201377
2035,IPCO_0_US-OR,1.201377
2035,IPCO_0_US-UT,1.201377
2035,ISNE_4001_US-ME,1.229579
2035,ISNE_4002_US-ME,1.251015
2035,ISNE_4002_US-NH,1.251015
2035,ISNE_4002_US-VT,1.251015
2035,ISNE_4003_US-NH,1.512415
2035,ISNE_4003_US-NY,1.512415
2035,ISNE_4003_US-VT,1.512415
2035,ISNE_4004_US-CT,1.333436
2035,ISNE_4005_US-MA,1.264305
2035,ISNE_4005_US-RI,1.264305
2035,ISNE_4006_US-MA,1.423567
2035,ISNE_4006_US-RI,1.423567
2035,ISNE_4007_US-MA,1.417672
2035,ISNE_4007_US-NY,1.417672
2035,ISNE_4007_US-VT,1.417672
2035,ISNE_4008_US-MA,1.402682
2035,ISNE_4008_US-NH,1.402682
2035,JEA_0_US-FL,1.236638
2035,LDWP_0_US-AZ,1.124502
2035,LDWP_0_US-CA,1.124502
2035,LDWP_0_US-NV,1.124502
2035,LDWP_0_US-UT,1.124502
2035,LGEE_0_US-IN,1.083461
2035,LGEE_0_US-KY,1.083461
2035,LGEE_0_US-VA,1.083461
2035,MHEB_0_CA-MB,0
2035,MISO_01_US-IA,1.390578
2035,MISO_01_US-IL,1.390578
2035,MISO_01_US-MI,1.390578
2035,MISO_01_US-MN,1.390578
2035,MISO_01_US-MT,1.390578
2035,MISO_01_US-ND,1.390578
2035,MISO_01_US-SD,1.390578
2035,MISO_01_US-WI,1.390578
2035,MISO_02_US-IA,1.315429
2035,MISO_02_US-IL,1.315429
2035,MISO_02_US-MI,1.315429
2035,MISO_02_US-MN,1.315429
2035,MISO_02_US-WI,1.315429
2035,MISO_03_US-IA,1.421501
2035,MISO_03_US-IL,1.421501
2035,MISO_03_US-MN,1.421501
2035,MISO_03_US-MO,1.421501
2035,MISO_03_US-SD,1.421501
2035,MISO_04_US-IL,1.313995
2035,MISO_04_US-KY,1.313995
2035,MISO_04_US-MO,1.313995
2035,MISO_05_US-IA,1.142218
2035,MISO_05_US-IL,1.142218
2035,MISO_05_US-MO,1.142218
2035,MISO_06_US-IL,1.198314
2035,MISO_06_US-IN,1.198314
2035,MISO_06_US-KY,1.198314
2035,MISO_06_US-OH,1.198314
2035,MISO_07_US-MI,1.222757
2035,MISO_08_US-AR,1.13716
2035,MISO_08_US-MO,1.13716
2035,MISO_09_US-LA,1.198612
2035,MISO_09_US-TX,1.198612
2035,MISO_10_US-MS,1.179279
2035,MISO_10_US-TN,1.179279
2035,NBSO_0_CA-NB,4.918719
2035,NBSO_0_CA-PE,4.918719
2035,NBSO_0_US-ME,4.918719
2035,NEVP_0_US-CA,1.398739
2035,NEVP_0_US-NV,1.398739
2035,NEVP_0_US-OR,1.398739
2035,NSPI_0_CA-NS,4.918719
2035,NWMT_0_US-ID,1.287277
2035,NWMT_0_US-MT,1.287277
2035,NWMT_0_US-WY,1.287277
2035,NYIS_A_US-NY,1.255568
2035,NYIS_A_US-PA,1.255568
2035,NYIS_B_US-NY,1.24026
2035,NYIS_C_US-NY,1.241256
2035,NYIS_D_US-NY,1.219298
2035,NYIS_E_US-NY,1.234409
2035,NYIS_F_US-NY,1.229193
2035,NYIS_G_US-NJ,1.26737
2035,NYIS_G_US-NY,1.26737
2035,NYIS_G_US-PA,1.26737
2035,NYIS_H_US-NY,1.249635
2035,NYIS_I_US-NY,1.239407
2035,NYIS_J_US-NJ,1.181818
2035,NYIS_J_US-NY,1.181818
2035,NYIS_K_US-NY,1.182262
2035,PACE_0_US-AZ,1.342671
2035,PACE_0_US-CO,1.342671
2035,PACE_0_US-ID,1.342671
2035,PACE_0_US-MT,1.342671
2035,PACE_0_US-NV,1.342671
2035,PACE_0_US-UT,1.342671
2035,PACE_0_US-WY,1.342671
2035,PACW_0_US-CA,1.305913
2035,PACW_0_US-OR,1.305913
2035,PACW_0_US-WA,1.305913
2035,PGE_0_US-OR,1.362335
2035,PGE_0_US-WA,1.362335
2035,PJM_AE_US-NJ,1.355888
2035,PJM_AEP_US-IN,1.223196
2035,PJM_AEP_US-KY,1.223196
2035,PJM_AEP_US-MI,1.223196
2035,PJM_AEP_US-OH,1.223196
2035,PJM_AEP_US-TN,1.223196
2035,PJM_AEP_US-VA,1.223196
2035,PJM_AEP_US-WV,1.223196
2035,PJM_AP_US-MD,1.338842
2035,PJM_AP_US-OH,1.338842
2035,PJM_AP_US-PA,1.338842
2035,PJM_AP_US-VA,1.338842
2035,PJM_AP_US-WV,1.338842
2035,PJM_ATSI_US-OH,1.207616
2035,PJM_ATSI_US-PA,1.207616
2035,PJM_BC_US-MD,1.501443
2035,PJM_CE_US-IL,1.327061
2035,PJM_CE_US-IN,1.327061
2035,PJM_DAY_US-OH,1.178561
2035,PJM_DEOK_US-KY,1.212144
2035,PJM_DEOK_US-OH,1.212144
2035,PJM_DOM_US-NC,1.661689
2035,PJM_DOM_US-VA,1.661689
2035,PJM_DOM_US-WV,1.661689
2035,PJM_DPL_US-DE,1.516373
2035,PJM_DPL_US-MD,1.516373
2035,PJM_DPL_US-NJ,1.516373
2035,PJM_DPL_US-PA,1.516373
2035,PJM_DPL_US-VA,1.516373
2035,PJM_DUQ_US-PA,1.214156
2035,PJM_EKPC_US-KY,1.14361
2035,PJM_JC_US-NJ,1.309889
2035,PJM_JC_US-NY,1.309889
2035,PJM_ME_US-PA,1.19237
2035,PJM_PE_US-DE,1.187085
2035,PJM_PE_US-MD,1.187085
2035,PJM_PE_US-NJ,1.187085
2035,PJM_PE_US-PA,1.187085
2035,PJM_PEP_US-DC,0.755687
2035,PJM_PEP_US-MD,0.755687
2035,PJM_PEP_US-VA,0.755687
2035,PJM_PL_US-MD,1.174928
2035,PJM_PL_US-PA,1.174928
2035,PJM_PN_US-MD,1.137696
2035,PJM_PN_US-PA,1.137696
2035,PJM_PS_US-NJ,1.3907
2035,PJM_PS_US-PA,1.3907
2035,PJM_RECO_US-NJ,2.648649
2035,PNM_ACMA_US-NM,1
2035,PNM_CYGA_US-NM,1
2035,PNM_Frep_US-NM,1.047619
2035,PNM_Jica_US-NM,1
2035,PNM_KAFB_US-NM,1
2035,PNM_KCEC_US-NM,1
2035,PNM_LAC_US-NM,0.94382
2035,PNM_NTUA_US-NM,0
2035,PNM_PNM_US-NM,1.331918
2035,PNM_TSGT_US-AZ,0.624685
2035,PNM_TSGT_US-NM,0.624685
2035,PSCO_0_US-CO,1.516594
2035,PSCO_0_US-WY,1.516594
2035,PSEI_0_US-WA,1.751748
2035,SC_0_US-SC,1.169364
2035,SCEG_0_US-GA,1.109748
2035,SCEG_0_US-SC,1.109748
2035,SCL_0_US-WA,1.560807
2035,SEC_0_US-FL,0.97792
2035,SEPA_0_US-GA,1
2035,SEPA_0_US-SC,1
2035,SOCO_0_US-AL,1.185947
2035,SOCO_0_US-FL,1.185947
2035,SOCO_0_US-GA,1.185947
2035,SOCO_0_US-MS,1.185947
2035,SOCO_0_US-SC,1.185947
2035,SPA_0_US-AR,3.038889
2035,SPA_0_US-MO,3.038889
2035,SPA_0_US-OK,3.038889
2035,SPA_0_US-TX,3.038889
2035,SPC_0_CA-SK,0
2035,SRP_0_US-AZ,1.323771
2035,SWPP_CSWS_US-AR,1.210736
2035,SWPP_CSWS_US-LA,1.210736
2035,SWPP_CSWS_US-OK,1.210736
2035,SWPP_CSWS_US-TX,1.210736
2035,SWPP_EDE_US-AR,1.276284
2035,SWPP_EDE_US-KS,1.276284
2035,SWPP_EDE_US-MO,1.276284
2035,SWPP_EDE_US-OK,1.276284
2035,SWPP_GRDA_US-AR,0.788173
2035,SWPP_GRDA_US-KS,0.788173
2035,SWPP_GRDA_US-OK,0.788173
2035,SWPP_INDN_US-MO,1.201493
2035,SWPP_KACY_US-KS,1.167715
2035,SWPP_KCPL_US-KS,1.178983
2035,SWPP_KCPL_US-MO,1.178983
2035,SWPP_LES_US-NE,2.065703
2035,SWPP_MPS_US-MO,1.193211
2035,SWPP_NPPD_US-CO,1.42008
2035,SWPP_NPPD_US-NE,1.42008
2035,SWPP_NPPD_US-SD,1.42008
2035,SWPP_OKGE_US-AR,1.107692
2035,SWPP_OKGE_US-OK,1.107692
2035,SWPP_OKGE_US-TX,1.107692
2035,SWPP_OPPD_US-NE,2.064881
2035,SWPP_SECI_US-KS,1.363886
2035,SWPP_SPRM_US-MO,1.190476
2035,SWPP_SPS_US-CO,1.351781
2035,SWPP_SPS_US-KS,1.351781
2035,SWPP_SPS_US-NM,1.351781
2035,SWPP_SPS_US-OK,1.351781
2035,SWPP_SPS_US-TX,1.351781
2035,SWPP_WAUE_US-IA,0.998604
2035,SWPP_WAUE_US-MN,0.998604
2035,SWPP_WAUE_US-MT,0.998604
2035,SWPP_WAUE_US-ND,0.998604
2035,SWPP_WAUE_US-NE,0.998604
2035,SWPP_WAUE_US-SD,0.998604
2035,SWPP_WAUE_US-WY,0.998604
2035,SWPP_WFEC_US-KS,1.052998
2035,SWPP_WFEC_US-OK,1.052998
2035,SWPP_WFEC_US-TX,1.052998
2035,SWPP_WR_US-KS,0.900983
2035,SWPP_WR_US-MO,0.900983
2035,TAL_0_US-FL,1.183835
2035,TEC_0_US-FL,1.164994
2035,TEPC_0_MX-SON,1.283325
2035,TEPC_0_US-AZ,1.283325
2035,TEPC_0_US-NM,1.283325
2035,TIDC_0_US-CA,0.964549
2035,TPWR_0_US-WA,1.56405
2035,TVA_0_US-AL,1.200461
2035,TVA_0_US-GA,1.200461
2035,TVA_0_US-KY,1.200461
2035,TVA_0_US-MS,1.200461
2035,TVA_0_US-NC,1.200461
2035,TVA_0_US-TN,1.200461
2035,TVA_0_US-VA,1.200461
2035,WACM_0_US-AZ,1.753488
2035,WACM_0_US-CO,1.753488
2035,WACM_0_US-MT,1.753488
2035,WACM_0_US-NE,1.753488
2035,WACM_0_US-NM,1.753488
2035,WACM_0_US-SD,1.753488
2035,WACM_0_US-UT,1.753488
2035,WACM_0_US-WY,1.753488
2035,WALC_0_US-AZ,1.50173
2035,WALC_0_US-CA,1.50173
2035,WALC_0_US-NV,1.50173
2035,WAUW_0_US-MT,1.707447
2035,WWA_0_US-MT,1
2035,YAD_0_US-NC,1
2036,AEC_0_US-AL,0
2036,AEC_0_US-FL,0
2036,AECI_0_US-AR,0
2036,AECI_0_US-IA,0
2036,AECI_0_US-MO,0
2036,AECI_0_US-OK,0
2036,AESO_CENT_CA-AB,0
2036,AESO_CGY_CA-AB,0
2036,AESO_EDM_CA-AB,0
2036,AESO_NE_CA-AB,0
2036,AESO_NW_CA-AB,0
2036,AESO_NW_CA-BC,0
2036,AESO_SOUT_CA-AB,0
2036,AVA_0_US-ID,1.351135
2036,AVA_0_US-MT,1.351135
2036,AVA_0_US-OR,1.351135
2036,AVA_0_US-WA,1.351135
2036,AVRN_0_US-OR,1
2036,AVRN_0_US-WA,1
2036,AZPS_0_US-AZ,1.455364
2036,AZPS_0_US-CA,1.455364
2036,AZPS_0_US-NM,1.455364
2036,AZPS_0_US-NV,1.455364
2036,BANC_0_US-CA,1.156107
2036,BCHA_0_CA-BC,0
2036,BPAT_0_CA-BC,1.468142
2036,BPAT_0_US-CA,1.468142
2036,BPAT_0_US-ID,1.468142
2036,BPAT_0_US-MT,1.468142
2036,BPAT_0_US-OR,1.468142
2036,BPAT_0_US-WA,1.468142
2036,CEN_0_MX-COA,0
2036,CEN_0_MX-NLE,0
2036,CENB_0_MX-BCN,0
2036,CENB_0_MX-SON,0
2036,CHPD_0_US-WA,1.528571
2036,CISO_PGAE_US-CA,1.765863
2036,CISO_PGAE_US-OR,1.765863
2036,CISO_SCE_US-AZ,1.473027
2036,CISO_SCE_US-CA,1.473027
2036,CISO_SCE_US-NV,1.473027
2036,CISO_SDGE_MX-BCN,1.586915
2036,CISO_SDGE_US-AZ,1.586915
2036,CISO_SDGE_US-CA,1.586915
2036,CISO_VEA_US-NV,1.225166
2036,CPLE_0_US-NC,1.279565
2036,CPLE_0_US-SC,1.279565
2036,CPLW_0_US-NC,0.926295
2036,DEAA_0_US-AZ,1
2036,DOPD_0_US-WA,1.539615
2036,DUK_0_US-NC,1.240325
2036,DUK_0_US-SC,1.240325
2036,DUK_0_US-VA,1.240325
2036,EPE_0_US-NM,1.409844
2036,EPE_0_US-TX,1.409844
2036,ERCO_COAS_US-TX,1.406056
2036,ERCO_EAST_US-TX,2.043958
2036,ERCO_FWES_US-TX,1.364656
2036,ERCO_NCEN_US-TX,1.413025
2036,ERCO_NRTH_US-OK,1.550048
2036,ERCO_NRTH_US-TX,1.550048
2036,ERCO_SCEN_US-TX,1.484575
2036,ERCO_SOUT_US-TX,1.430949
2036,ERCO_WEST_US-TX,2.33475
2036,FMPP_0_US-FL,1.034811
2036,FPC_0_US-FL,0.990475
2036,FPL_0_US-FL,1.173735
2036,GCPD_0_US-WA,1.571278
2036,GLHB_0_US-IL,1
2036,GRID_0_US-NM,1
2036,GRID_0_US-OR,1
2036,GRID_0_US-WA,1
2036,GRIF_0_US-AZ,1
2036,GVL_0_US-FL,1.129204
2036,GWA_0_US-MT,1
2036,HGMA_0_US-AZ,1
2036,HQT_0_CA-NL,1
2036,HQT_0_CA-QC,1
2036,HST_0_US-FL,1.267241
2036,IESO_0_CA-ON,0
2036,IID_0_US-AZ,1.191527
2036,IID_0_US-CA,1.191527
2036,IPCO_0_US-ID,1.218343
2036,IPCO_0_US-NV,1.218343
2036,IPCO_0_US-OR,1.218343
2036,IPCO_0_US-UT,1.218343
2036,ISNE_4001_US-ME,1.254514
2036,ISNE_4002_US-ME,1.273355
2036,ISNE_4002_US-NH,1.273355
2036,ISNE_4002_US-VT,1.273355
2036,ISNE_4003_US-NH,1.547404
2036,ISNE_4003_US-NY,1.547404
2036,ISNE_4003_US-VT,1.547404
2036,ISNE_4004_US-CT,1.350677
2036,ISNE_4005_US-MA,1.285559
2036,ISNE_4005_US-RI,1.285559
2036,ISNE_4006_US-MA,1.450782
2036,ISNE_4006_US-RI,1.450782
2036,ISNE_4007_US-MA,1.444813
2036,ISNE_4007_US-NY,1.444813
2036,ISNE_4007_US-VT,1.444813
2036,ISNE_4008_US-MA,1.429693
2036,ISNE_4008_US-NH,1.429693
2036,JEA_0_US-FL,1.252517
2036,LDWP_0_US-AZ,1.146942
2036,LDWP_0_US-CA,1.146942
2036,LDWP_0_US-NV,1.146942
2036,LDWP_0_US-UT,1.146942
2036,LGEE_0_US-IN,1.094925
2036,LGEE_0_US-KY,1.094925
2036,LGEE_0_US-VA,1.094925
2036,MHEB_0_CA-MB,0
2036,MISO_01_US-IA,1.423371
2036,MISO_01_US-IL,1.423371
2036,MISO_01_US-MI,1.423371
2036,MISO_01_US-MN,1.423371
2036,MISO_01_US-MT,1.423371
2036,MISO_01_US-ND,1.423371
2036,MISO_01_US-SD,1.423371
2036,MISO_01_US-WI,1.423371
2036,MISO_02_US-IA,1.333633
2036,MISO_02_US-IL,1.333633
2036,MISO_02_US-MI,1.333633
2036,MISO_02_US-MN,1.333633
2036,MISO_02_US-WI,1.333633
2036,MISO_03_US-IA,1.457797
2036,MISO_03_US-IL,1.457797
2036,MISO_03_US-MN,1.457797
2036,MISO_03_US-MO,1.457797
2036,MISO_03_US-SD,1.457797
2036,MISO_04_US-IL,1.327991
2036,MISO_04_US-KY,1.327991
2036,MISO_04_US-MO,1.327991
2036,MISO_05_US-IA,1.157652
2036,MISO_05_US-IL,1.157652
2036,MISO_05_US-MO,1.157652
2036,MISO_06_US-IL,1.2118
2036,MISO_06_US-IN,1.2118
2036,MISO_06_US-KY,1.2118
2036,MISO_06_US-OH,1.2118
2036,MISO_07_US-MI,1.23973
2036,MISO_08_US-AR,1.148408
2036,MISO_08_US-MO,1.148408
2036,MISO_09_US-LA,1.209193
2036,MISO_09_US-TX,1.209193
2036,MISO_10_US-MS,1.192737
2036,MISO_10_US-TN,1.192737
2036,NBSO_0_CA-NB,5.017241
2036,NBSO_0_CA-PE,5.017241
2036,NBSO_0_US-ME,5.017241
2036,NEVP_0_US-CA,1.416907
2036,NEVP_0_US-NV,1.416907
2036,NEVP_0_US-OR,1.416907
2036,NSPI_0_CA-NS,5.017241
2036,NWMT_0_US-ID,1.311338
2036,NWMT_0_US-MT,1.311338
2036,NWMT_0_US-WY,1.311338
2036,NYIS_A_US-NY,1.272178
2036,NYIS_A_US-PA,1.272178
2036,NYIS_B_US-NY,1.256743
2036,NYIS_C_US-NY,1.257673
2036,NYIS_D_US-NY,1.235589
2036,NYIS_E_US-NY,1.250896
2036,NYIS_F_US-NY,1.245504
2036,NYIS_G_US-NJ,1.284081
2036,NYIS_G_US-NY,1.284081
2036,NYIS_G_US-PA,1.284081
2036,NYIS_H_US-NY,1.265693
2036,NYIS_I_US-NY,1.25565
2036,NYIS_J_US-NJ,1.197372
2036,NYIS_J_US-NY,1.197372
2036,NYIS_K_US-NY,1.19789
2036,PACE_0_US-AZ,1.366624
2036,PACE_0_US-CO,1.366624
2036,PACE_0_US-ID,1.366624
2036,PACE_0_US-MT,1.366624
2036,PACE_0_US-NV,1.366624
2036,PACE_0_US-UT,1.366624
2036,PACE_0_US-WY,1.366624
2036,PACW_0_US-CA,1.325927
2036,PACW_0_US-OR,1.325927
2036,PACW_0_US-WA,1.325927
2036,PGE_0_US-OR,1.383359
2036,PGE_0_US-WA,1.383359
2036,PJM_AE_US-NJ,1.381682
2036,PJM_AEP_US-IN,1.235412
2036,PJM_AEP_US-KY,1.235412
2036,PJM_AEP_US-MI,1.235412
2036,PJM_AEP_US-OH,1.235412
2036,PJM_AEP_US-TN,1.235412
2036,PJM_AEP_US-VA,1.235412
2036,PJM_AEP_US-WV,1.235412
2036,PJM_AP_US-MD,1.349823
2036,PJM_AP_US-OH,1.349823
2036,PJM_AP_US-PA,1.349823
2036,PJM_AP_US-VA,1.349823
2036,PJM_AP_US-WV,1.349823
2036,PJM_ATSI_US-OH,1.219545
2036,PJM_ATSI_US-PA,1.219545
2036,PJM_BC_US-MD,1.52347
2036,PJM_CE_US-IL,1.341256
2036,PJM_CE_US-IN,1.341256
2036,PJM_DAY_US-OH,1.190505
2036,PJM_DEOK_US-KY,1.22459
2036,PJM_DEOK_US-OH,1.22459
2036,PJM_DOM_US-NC,1.679598
2036,PJM_DOM_US-VA,1.679598
2036,PJM_DOM_US-WV,1.679598
2036,PJM_DPL_US-DE,1.537531
2036,PJM_DPL_US-MD,1.537531
2036,PJM_DPL_US-NJ,1.537531
2036,PJM_DPL_US-PA,1.537531
2036,PJM_DPL_US-VA,1.537531
2036,PJM_DUQ_US-PA,1.222505
2036,PJM_EKPC_US-KY,1.155899
2036,PJM_JC_US-NJ,1.33453
2036,PJM_JC_US-NY,1.33453
2036,PJM_ME_US-PA,1.200522
2036,PJM_PE_US-DE,1.195038
2036,PJM_PE_US-MD,1.195038
2036,PJM_PE_US-NJ,1.195038
2036,PJM_PE_US-PA,1.195038
2036,PJM_PEP_US-DC,0.766807
2036,PJM_PEP_US-MD,0.766807
2036,PJM_PEP_US-VA,0.766807
2036,PJM_PL_US-MD,1.182885
2036,PJM_PL_US-PA,1.182885
2036,PJM_PN_US-MD,1.145535
2036,PJM_PN_US-PA,1.145535
2036,PJM_PS_US-NJ,1.416932
2036,PJM_PS_US-PA,1.416932
2036,PJM_RECO_US-NJ,2.702703
2036,PNM_ACMA_US-NM,1
2036,PNM_CYGA_US-NM,1
2036,PNM_Frep_US-NM,1.071429
2036,PNM_Jica_US-NM,1
2036,PNM_KAFB_US-NM,1.014085
2036,PNM_KCEC_US-NM,1.015873
2036,PNM_LAC_US-NM,0.966292
2036,PNM_NTUA_US-NM,0
2036,PNM_PNM_US-NM,1.358549
2036,PNM_TSGT_US-AZ,0.63728
2036,PNM_TSGT_US-NM,0.63728
2036,PSCO_0_US-CO,1.543895
2036,PSCO_0_US-WY,1.543895
2036,PSEI_0_US-WA,1.776113
2036,SC_0_US-SC,1.181877
2036,SCEG_0_US-GA,1.121584
2036,SCEG_0_US-SC,1.121584
2036,SCL_0_US-WA,1.582581
2036,SEC_0_US-FL,0.990475
2036,SEPA_0_US-GA,1
2036,SEPA_0_US-SC,1
2036,SOCO_0_US-AL,1.200568
2036,SOCO_0_US-FL,1.200568
2036,SOCO_0_US-GA,1.200568
2036,SOCO_0_US-MS,1.200568
2036,SOCO_0_US-SC,1.200568
2036,SPA_0_US-AR,3.077778
2036,SPA_0_US-MO,3.077778
2036,SPA_0_US-OK,3.077778
2036,SPA_0_US-TX,3.077778
2036,SPC_0_CA-SK,0
2036,SRP_0_US-AZ,1.342548
2036,SWPP_CSWS_US-AR,1.224919
2036,SWPP_CSWS_US-LA,1.224919
2036,SWPP_CSWS_US-OK,1.224919
2036,SWPP_CSWS_US-TX,1.224919
2036,SWPP_EDE_US-AR,1.293399
2036,SWPP_EDE_US-KS,1.293399
2036,SWPP_EDE_US-MO,1.293399
2036,SWPP_EDE_US-OK,1.293399
2036,SWPP_GRDA_US-AR,0.797882
2036,SWPP_GRDA_US-KS,0.797882
2036,SWPP_GRDA_US-OK,0.797882
2036,SWPP_INDN_US-MO,1.216418
2036,SWPP_KACY_US-KS,1.180294
2036,SWPP_KCPL_US-KS,1.193875
2036,SWPP_KCPL_US-MO,1.193875
2036,SWPP_LES_US-NE,2.1682
2036,SWPP_MPS_US-MO,1.209399
2036,SWPP_NPPD_US-CO,1.490495
2036,SWPP_NPPD_US-NE,1.490495
2036,SWPP_NPPD_US-SD,1.490495
2036,SWPP_OKGE_US-AR,1.121154
2036,SWPP_OKGE_US-OK,1.121154
2036,SWPP_OKGE_US-TX,1.121154
2036,SWPP_OPPD_US-NE,2.167484
2036,SWPP_SECI_US-KS,1.379468
2036,SWPP_SPRM_US-MO,1.206349
2036,SWPP_SPS_US-CO,1.373699
2036,SWPP_SPS_US-KS,1.373699
2036,SWPP_SPS_US-NM,1.373699
2036,SWPP_SPS_US-OK,1.373699
2036,SWPP_SPS_US-TX,1.373699
2036,SWPP_WAUE_US-IA,1.026925
2036,SWPP_WAUE_US-MN,1.026925
2036,SWPP_WAUE_US-MT,1.026925
2036,SWPP_WAUE_US-ND,1.026925
2036,SWPP_WAUE_US-NE,1.026925
2036,SWPP_WAUE_US-SD,1.026925
2036,SWPP_WAUE_US-WY,1.026925
2036,SWPP_WFEC_US-KS,1.065846
2036,SWPP_WFEC_US-OK,1.065846
2036,SWPP_WFEC_US-TX,1.065846
2036,SWPP_WR_US-KS,0.911108
2036,SWPP_WR_US-MO,0.911108
2036,TAL_0_US-FL,1.199683
2036,TEC_0_US-FL,1.179933
2036,TEPC_0_MX-SON,1.301503
2036,TEPC_0_US-AZ,1.301503
2036,TEPC_0_US-NM,1.301503
2036,TIDC_0_US-CA,0.983752
2036,TPWR_0_US-WA,1.585744
2036,TVA_0_US-AL,1.215491
2036,TVA_0_US-GA,1.215491
2036,TVA_0_US-KY,1.215491
2036,TVA_0_US-MS,1.215491
2036,TVA_0_US-NC,1.215491
2036,TVA_0_US-TN,1.215491
2036,TVA_0_US-VA,1.215491
2036,WACM_0_US-AZ,1.792186
2036,WACM_0_US-CO,1.792186
2036,WACM_0_US-MT,1.792186
2036,WACM_0_US-NE,1.792186
2036,WACM_0_US-NM,1.792186
2036,WACM_0_US-SD,1.792186
2036,WACM_0_US-UT,1.792186
2036,WACM_0_US-WY,1.792186
2036,WALC_0_US-AZ,1.525952
2036,WALC_0_US-CA,1.525952
2036,WALC_0_US-NV,1.525952
2036,WAUW_0_US-MT,1.734043
2036,WWA_0_US-MT,1
2036,YAD_0_US-NC,1
2037,AEC_0_US-AL,0
2037,AEC_0_US-FL,0
2037,AECI_0_US-AR,0
2037,AECI_0_US-IA,0
2037,AECI_0_US-MO,0
2037,AECI_0_US-OK,0
2037,AESO_CENT_CA-AB,0
2037,AESO_CGY_CA-AB,0
2037,AESO_EDM_CA-AB,0
2037,AESO_NE_CA-AB,0
2037,AESO_NW_CA-AB,0
2037,AESO_NW_CA-BC,0
2037,AESO_SOUT_CA-AB,0
2037,AVA_0_US-ID,1.370059
2037,AVA_0_US-MT,1.370059
2037,AVA_0_US-OR,1.370059
2037,AVA_0_US-WA,1.370059
2037,AVRN_0_US-OR,1
2037,AVRN_0_US-WA,1
2037,AZPS_0_US-AZ,1.47594
2037,AZPS_0_US-CA,1.47594
2037,AZPS_0_US-NM,1.47594
2037,AZPS_0_US-NV,1.47594
2037,BANC_0_US-CA,1.179162
2037,BCHA_0_CA-BC,0
2037,BPAT_0_CA-BC,1.489381
2037,BPAT_0_US-CA,1.489381
2037,BPAT_0_US-ID,1.489381
2037,BPAT_0_US-MT,1.489381
2037,BPAT_0_US-OR,1.489381
2037,BPAT_0_US-WA,1.489381
2037,CEN_0_MX-COA,0
2037,CEN_0_MX-NLE,0
2037,CENB_0_MX-BCN,0
2037,CENB_0_MX-SON,0
2037,CHPD_0_US-WA,1.55102
2037,CISO_PGAE_US-CA,1.801041
2037,CISO_PGAE_US-OR,1.801041
2037,CISO_SCE_US-AZ,1.502376
2037,CISO_SCE_US-CA,1.502376
2037,CISO_SCE_US-NV,1.502376
2037,CISO_SDGE_MX-BCN,1.618546
2037,CISO_SDGE_US-AZ,1.618546
2037,CISO_SDGE_US-CA,1.618546
2037,CISO_VEA_US-NV,1.238411
2037,CPLE_0_US-NC,1.294623
2037,CPLE_0_US-SC,1.294623
2037,CPLW_0_US-NC,0.937251
2037,DEAA_0_US-AZ,1
2037,DOPD_0_US-WA,1.561028
2037,DUK_0_US-NC,1.254751
2037,DUK_0_US-SC,1.254751
2037,DUK_0_US-VA,1.254751
2037,EPE_0_US-NM,1.431774
2037,EPE_0_US-TX,1.431774
2037,ERCO_COAS_US-TX,1.426563
2037,ERCO_EAST_US-TX,2.07375
2037,ERCO_FWES_US-TX,1.38455
2037,ERCO_NCEN_US-TX,1.433633
2037,ERCO_NRTH_US-OK,1.573147
2037,ERCO_NRTH_US-TX,1.573147
2037,ERCO_SCEN_US-TX,1.506245
2037,ERCO_SOUT_US-TX,1.451879
2037,ERCO_WEST_US-TX,2.36875
2037,FMPP_0_US-FL,1.048137
2037,FPC_0_US-FL,1.003117
2037,FPL_0_US-FL,1.188763
2037,GCPD_0_US-WA,1.593453
2037,GLHB_0_US-IL,1
2037,GRID_0_US-NM,1
2037,GRID_0_US-OR,1
2037,GRID_0_US-WA,1
2037,GRIF_0_US-AZ,1
2037,GVL_0_US-FL,1.143363
2037,GWA_0_US-MT,1
2037,HGMA_0_US-AZ,1
2037,HQT_0_CA-NL,1
2037,HQT_0_CA-QC,1
2037,HST_0_US-FL,1.284483
2037,IESO_0_CA-ON,0
2037,IID_0_US-AZ,1.215357
2037,IID_0_US-CA,1.215357
2037,IPCO_0_US-ID,1.235309
2037,IPCO_0_US-NV,1.235309
2037,IPCO_0_US-OR,1.235309
2037,IPCO_0_US-UT,1.235309
2037,ISNE_4001_US-ME,1.27945
2037,ISNE_4002_US-ME,1.296101
2037,ISNE_4002_US-NH,1.296101
2037,ISNE_4002_US-VT,1.296101
2037,ISNE_4003_US-NH,1.582393
2037,ISNE_4003_US-NY,1.582393
2037,ISNE_4003_US-VT,1.582393
2037,ISNE_4004_US-CT,1.368227
2037,ISNE_4005_US-MA,1.306812
2037,ISNE_4005_US-RI,1.306812
2037,ISNE_4006_US-MA,1.478865
2037,ISNE_4006_US-RI,1.478865
2037,ISNE_4007_US-MA,1.472557
2037,ISNE_4007_US-NY,1.472557
2037,ISNE_4007_US-VT,1.472557
2037,ISNE_4008_US-MA,1.457088
2037,ISNE_4008_US-NH,1.457088
2037,JEA_0_US-FL,1.268397
2037,LDWP_0_US-AZ,1.169743
2037,LDWP_0_US-CA,1.169743
2037,LDWP_0_US-NV,1.169743
2037,LDWP_0_US-UT,1.169743
2037,LGEE_0_US-IN,1.106669
2037,LGEE_0_US-KY,1.106669
2037,LGEE_0_US-VA,1.106669
2037,MHEB_0_CA-MB,0
2037,MISO_01_US-IA,1.456959
2037,MISO_01_US-IL,1.456959
2037,MISO_01_US-MI,1.456959
2037,MISO_01_US-MN,1.456959
2037,MISO_01_US-MT,1.456959
2037,MISO_01_US-ND,1.456959
2037,MISO_01_US-SD,1.456959
2037,MISO_01_US-WI,1.456959
2037,MISO_02_US-IA,1.352082
2037,MISO_02_US-IL,1.352082
2037,MISO_02_US-MI,1.352082
2037,MISO_02_US-MN,1.352082
2037,MISO_02_US-WI,1.352082
2037,MISO_03_US-IA,1.495051
2037,MISO_03_US-IL,1.495051
2037,MISO_03_US-MN,1.495051
2037,MISO_03_US-MO,1.495051
2037,MISO_03_US-SD,1.495051
2037,MISO_04_US-IL,1.342212
2037,MISO_04_US-KY,1.342212
2037,MISO_04_US-MO,1.342212
2037,MISO_05_US-IA,1.173374
2037,MISO_05_US-IL,1.173374
2037,MISO_05_US-MO,1.173374
2037,MISO_06_US-IL,1.225467
2037,MISO_06_US-IN,1.225467
2037,MISO_06_US-KY,1.225467
2037,MISO_06_US-OH,1.225467
2037,MISO_07_US-MI,1.256919
2037,MISO_08_US-AR,1.159801
2037,MISO_08_US-MO,1.159801
2037,MISO_09_US-LA,1.219822
2037,MISO_09_US-TX,1.219822
2037,MISO_10_US-MS,1.20645
2037,MISO_10_US-TN,1.20645
2037,NBSO_0_CA-NB,5.119458
2037,NBSO_0_CA-PE,5.119458
2037,NBSO_0_US-ME,5.119458
2037,NEVP_0_US-CA,1.435289
2037,NEVP_0_US-NV,1.435289
2037,NEVP_0_US-OR,1.435289
2037,NSPI_0_CA-NS,5.119458
2037,NWMT_0_US-ID,1.335764
2037,NWMT_0_US-MT,1.335764
2037,NWMT_0_US-WY,1.335764
2037,NYIS_A_US-NY,1.288788
2037,NYIS_A_US-PA,1.288788
2037,NYIS_B_US-NY,1.273227
2037,NYIS_C_US-NY,1.274447
2037,NYIS_D_US-NY,1.25188
2037,NYIS_E_US-NY,1.267384
2037,NYIS_F_US-NY,1.261815
2037,NYIS_G_US-NJ,1.301231
2037,NYIS_G_US-NY,1.301231
2037,NYIS_G_US-PA,1.301231
2037,NYIS_H_US-NY,1.283212
2037,NYIS_I_US-NY,1.272599
2037,NYIS_J_US-NJ,1.213216
2037,NYIS_J_US-NY,1.213216
2037,NYIS_K_US-NY,1.213714
2037,PACE_0_US-AZ,1.390976
2037,PACE_0_US-CO,1.390976
2037,PACE_0_US-ID,1.390976
2037,PACE_0_US-MT,1.390976
2037,PACE_0_US-NV,1.390976
2037,PACE_0_US-UT,1.390976
2037,PACE_0_US-WY,1.390976
2037,PACW_0_US-CA,1.346126
2037,PACW_0_US-OR,1.346126
2037,PACW_0_US-WA,1.346126
2037,PGE_0_US-OR,1.404831
2037,PGE_0_US-WA,1.404831
2037,PJM_AE_US-NJ,1.407477
2037,PJM_AEP_US-IN,1.247763
2037,PJM_AEP_US-KY,1.247763
2037,PJM_AEP_US-MI,1.247763
2037,PJM_AEP_US-OH,1.247763
2037,PJM_AEP_US-TN,1.247763
2037,PJM_AEP_US-VA,1.247763
2037,PJM_AEP_US-WV,1.247763
2037,PJM_AP_US-MD,1.361025
2037,PJM_AP_US-OH,1.361025
2037,PJM_AP_US-PA,1.361025
2037,PJM_AP_US-VA,1.361025
2037,PJM_AP_US-WV,1.361025
2037,PJM_ATSI_US-OH,1.231632
2037,PJM_ATSI_US-PA,1.231632
2037,PJM_BC_US-MD,1.545648
2037,PJM_CE_US-IL,1.355593
2037,PJM_CE_US-IN,1.355593
2037,PJM_DAY_US-OH,1.202747
2037,PJM_DEOK_US-KY,1.237036
2037,PJM_DEOK_US-OH,1.237036
2037,PJM_DOM_US-NC,1.69775
2037,PJM_DOM_US-VA,1.69775
2037,PJM_DOM_US-WV,1.69775
2037,PJM_DPL_US-DE,1.558942
2037,PJM_DPL_US-MD,1.558942
2037,PJM_DPL_US-NJ,1.558942
2037,PJM_DPL_US-PA,1.558942
2037,PJM_DPL_US-VA,1.558942
2037,PJM_DUQ_US-PA,1.230853
2037,PJM_EKPC_US-KY,1.168188
2037,PJM_JC_US-NJ,1.359824
2037,PJM_JC_US-NY,1.359824
2037,PJM_ME_US-PA,1.208347
2037,PJM_PE_US-DE,1.20311
2037,PJM_PE_US-MD,1.20311
2037,PJM_PE_US-NJ,1.20311
2037,PJM_PE_US-PA,1.20311
2037,PJM_PEP_US-DC,0.777928
2037,PJM_PEP_US-MD,0.777928
2037,PJM_PEP_US-VA,0.777928
2037,PJM_PL_US-MD,1.190843
2037,PJM_PL_US-PA,1.190843
2037,PJM_PN_US-MD,1.153374
2037,PJM_PN_US-PA,1.153374
2037,PJM_PS_US-NJ,1.443661
2037,PJM_PS_US-PA,1.443661
2037,PJM_RECO_US-NJ,2.75
2037,PNM_ACMA_US-NM,1
2037,PNM_CYGA_US-NM,1
2037,PNM_Frep_US-NM,1.083333
2037,PNM_Jica_US-NM,1
2037,PNM_KAFB_US-NM,1.042254
2037,PNM_KCEC_US-NM,1.031746
2037,PNM_LAC_US-NM,0.977528
2037,PNM_NTUA_US-NM,0
2037,PNM_PNM_US-NM,1.385951
2037,PNM_TSGT_US-AZ,0.649874
2037,PNM_TSGT_US-NM,0.649874
2037,PSCO_0_US-CO,1.571603
2037,PSCO_0_US-WY,1.571603
2037,PSEI_0_US-WA,1.800679
2037,SC_0_US-SC,1.194606
2037,SCEG_0_US-GA,1.133635
2037,SCEG_0_US-SC,1.133635
2037,SCL_0_US-WA,1.604355
2037,SEC_0_US-FL,1.003117
2037,SEPA_0_US-GA,1
2037,SEPA_0_US-SC,1
2037,SOCO_0_US-AL,1.215344
2037,SOCO_0_US-FL,1.215344
2037,SOCO_0_US-GA,1.215344
2037,SOCO_0_US-MS,1.215344
2037,SOCO_0_US-SC,1.215344
2037,SPA_0_US-AR,3.111111
2037,SPA_0_US-MO,3.111111
2037,SPA_0_US-OK,3.111111
2037,SPA_0_US-TX,3.111111
2037,SPC_0_CA-SK,0
2037,SRP_0_US-AZ,1.361586
2037,SWPP_CSWS_US-AR,1.239311
2037,SWPP_CSWS_US-LA,1.239311
2037,SWPP_CSWS_US-OK,1.239311
2037,SWPP_CSWS_US-TX,1.239311
2037,SWPP_EDE_US-AR,1.310513
2037,SWPP_EDE_US-KS,1.310513
2037,SWPP_EDE_US-MO,1.310513
2037,SWPP_EDE_US-OK,1.310513
2037,SWPP_GRDA_US-AR,0.80759
2037,SWPP_GRDA_US-KS,0.80759
2037,SWPP_GRDA_US-OK,0.80759
2037,SWPP_INDN_US-MO,1.235075
2037,SWPP_KACY_US-KS,1.194969
2037,SWPP_KCPL_US-KS,1.208767
2037,SWPP_KCPL_US-MO,1.208767
2037,SWPP_LES_US-NE,2.275953
2037,SWPP_MPS_US-MO,1.225587
2037,SWPP_NPPD_US-CO,1.564659
2037,SWPP_NPPD_US-NE,1.564659
2037,SWPP_NPPD_US-SD,1.564659
2037,SWPP_OKGE_US-AR,1.134615
2037,SWPP_OKGE_US-OK,1.134615
2037,SWPP_OKGE_US-TX,1.134615
2037,SWPP_OPPD_US-NE,2.275368
2037,SWPP_SECI_US-KS,1.394134
2037,SWPP_SPRM_US-MO,1.223545
2037,SWPP_SPS_US-CO,1.395799
2037,SWPP_SPS_US-KS,1.395799
2037,SWPP_SPS_US-NM,1.395799
2037,SWPP_SPS_US-OK,1.395799
2037,SWPP_SPS_US-TX,1.395799
2037,SWPP_WAUE_US-IA,1.056243
2037,SWPP_WAUE_US-MN,1.056243
2037,SWPP_WAUE_US-MT,1.056243
2037,SWPP_WAUE_US-ND,1.056243
2037,SWPP_WAUE_US-NE,1.056243
2037,SWPP_WAUE_US-SD,1.056243
2037,SWPP_WAUE_US-WY,1.056243
2037,SWPP_WFEC_US-KS,1.079229
2037,SWPP_WFEC_US-OK,1.079229
2037,SWPP_WFEC_US-TX,1.079229
2037,SWPP_WR_US-KS,0.921382
2037,SWPP_WR_US-MO,0.921382
2037,TAL_0_US-FL,1.213946
2037,TEC_0_US-FL,1.195095
2037,TEPC_0_MX-SON,1.319922
2037,TEPC_0_US-AZ,1.319922
2037,TEPC_0_US-NM,1.319922
2037,TIDC_0_US-CA,1.002954
2037,TPWR_0_US-WA,1.607438
2037,TVA_0_US-AL,1.230719
2037,TVA_0_US-GA,1.230719
2037,TVA_0_US-KY,1.230719
2037,TVA_0_US-MS,1.230719
2037,TVA_0_US-NC,1.230719
2037,TVA_0_US-TN,1.230719
2037,TVA_0_US-VA,1.230719
2037,WACM_0_US-AZ,1.831628
2037,WACM_0_US-CO,1.831628
2037,WACM_0_US-MT,1.831628
2037,WACM_0_US-NE,1.831628
2037,WACM_0_US-NM,1.831628
2037,WACM_0_US-SD,1.831628
2037,WACM_0_US-UT,1.831628
2037,WACM_0_US-WY,1.831628
2037,WALC_0_US-AZ,1.550173
2037,WALC_0_US-CA,1.550173
2037,WALC_0_US-NV,1.550173
2037,WAUW_0_US-MT,1.765957
2037,WWA_0_US-MT,1
2037,YAD_0_US-NC,1
2038,AEC_0_US-AL,0
2038,AEC_0_US-FL,0
2038,AECI_0_US-AR,0
2038,AECI_0_US-IA,0
2038,AECI_0_US-MO,0
2038,AECI_0_US-OK,0
2038,AESO_CENT_CA-AB,0
2038,AESO_CGY_CA-AB,0
2038,AESO_EDM_CA-AB,0
2038,AESO_NE_CA-AB,0
2038,AESO_NW_CA-AB,0
2038,AESO_NW_CA-BC,0
2038,AESO_SOUT_CA-AB,0
2038,AVA_0_US-ID,1.388982
2038,AVA_0_US-MT,1.388982
2038,AVA_0_US-OR,1.388982
2038,AVA_0_US-WA,1.388982
2038,AVRN_0_US-OR,1
2038,AVRN_0_US-WA,1
2038,AZPS_0_US-AZ,1.496838
2038,AZPS_0_US-CA,1.496838
2038,AZPS_0_US-NM,1.496838
2038,AZPS_0_US-NV,1.496838
2038,BANC_0_US-CA,1.202746
2038,BCHA_0_CA-BC,0
2038,BPAT_0_CA-BC,1.510916
2038,BPAT_0_US-CA,1.510916
2038,BPAT_0_US-ID,1.510916
2038,BPAT_0_US-MT,1.510916
2038,BPAT_0_US-OR,1.510916
2038,BPAT_0_US-WA,1.510916
2038,CEN_0_MX-COA,0
2038,CEN_0_MX-NLE,0
2038,CENB_0_MX-BCN,0
2038,CENB_0_MX-SON,0
2038,CHPD_0_US-WA,1.571429
2038,CISO_PGAE_US-CA,1.83697
2038,CISO_PGAE_US-OR,1.83697
2038,CISO_SCE_US-AZ,1.53233
2038,CISO_SCE_US-CA,1.53233
2038,CISO_SCE_US-NV,1.53233
2038,CISO_SDGE_MX-BCN,1.650716
2038,CISO_SDGE_US-AZ,1.650716
2038,CISO_SDGE_US-CA,1.650716
2038,CISO_VEA_US-NV,1.258278
2038,CPLE_0_US-NC,1.309927
2038,CPLE_0_US-SC,1.309927
2038,CPLW_0_US-NC,0.948207
2038,DEAA_0_US-AZ,1
2038,DOPD_0_US-WA,1.582441
2038,DUK_0_US-NC,1.269325
2038,DUK_0_US-SC,1.269325
2038,DUK_0_US-VA,1.269325
2038,EPE_0_US-NM,1.454191
2038,EPE_0_US-TX,1.454191
2038,ERCO_COAS_US-TX,1.447408
2038,ERCO_EAST_US-TX,2.103958
2038,ERCO_FWES_US-TX,1.404868
2038,ERCO_NCEN_US-TX,1.454553
2038,ERCO_NRTH_US-OK,1.595765
2038,ERCO_NRTH_US-TX,1.595765
2038,ERCO_SCEN_US-TX,1.528217
2038,ERCO_SOUT_US-TX,1.472973
2038,ERCO_WEST_US-TX,2.4035
2038,FMPP_0_US-FL,1.061463
2038,FPC_0_US-FL,1.016019
2038,FPL_0_US-FL,1.203952
2038,GCPD_0_US-WA,1.615628
2038,GLHB_0_US-IL,1
2038,GRID_0_US-NM,1
2038,GRID_0_US-OR,1
2038,GRID_0_US-WA,1
2038,GRIF_0_US-AZ,1
2038,GVL_0_US-FL,1.157522
2038,GWA_0_US-MT,1
2038,HGMA_0_US-AZ,1
2038,HQT_0_CA-NL,1
2038,HQT_0_CA-QC,1
2038,HST_0_US-FL,1.301724
2038,IESO_0_CA-ON,0
2038,IID_0_US-AZ,1.239188
2038,IID_0_US-CA,1.239188
2038,IPCO_0_US-ID,1.252766
2038,IPCO_0_US-NV,1.252766
2038,IPCO_0_US-OR,1.252766
2038,IPCO_0_US-UT,1.252766
2038,ISNE_4001_US-ME,1.305245
2038,ISNE_4002_US-ME,1.318846
2038,ISNE_4002_US-NH,1.318846
2038,ISNE_4002_US-VT,1.318846
2038,ISNE_4003_US-NH,1.61851
2038,ISNE_4003_US-NY,1.61851
2038,ISNE_4003_US-VT,1.61851
2038,ISNE_4004_US-CT,1.386084
2038,ISNE_4005_US-MA,1.32861
2038,ISNE_4005_US-RI,1.32861
2038,ISNE_4006_US-MA,1.507238
2038,ISNE_4006_US-RI,1.507238
2038,ISNE_4007_US-MA,1.500905
2038,ISNE_4007_US-NY,1.500905
2038,ISNE_4007_US-VT,1.500905
2038,ISNE_4008_US-MA,1.485057
2038,ISNE_4008_US-NH,1.485057
2038,JEA_0_US-FL,1.284663
2038,LDWP_0_US-AZ,1.193087
2038,LDWP_0_US-CA,1.193087
2038,LDWP_0_US-NV,1.193087
2038,LDWP_0_US-UT,1.193087
2038,LGEE_0_US-IN,1.118412
2038,LGEE_0_US-KY,1.118412
2038,LGEE_0_US-VA,1.118412
2038,MHEB_0_CA-MB,0
2038,MISO_01_US-IA,1.491343
2038,MISO_01_US-IL,1.491343
2038,MISO_01_US-MI,1.491343
2038,MISO_01_US-MN,1.491343
2038,MISO_01_US-MT,1.491343
2038,MISO_01_US-ND,1.491343
2038,MISO_01_US-SD,1.491343
2038,MISO_01_US-WI,1.491343
2038,MISO_02_US-IA,1.370776
2038,MISO_02_US-IL,1.370776
2038,MISO_02_US-MI,1.370776
2038,MISO_02_US-MN,1.370776
2038,MISO_02_US-WI,1.370776
2038,MISO_03_US-IA,1.533262
2038,MISO_03_US-IL,1.533262
2038,MISO_03_US-MN,1.533262
2038,MISO_03_US-MO,1.533262
2038,MISO_03_US-SD,1.533262
2038,MISO_04_US-IL,1.356546
2038,MISO_04_US-KY,1.356546
2038,MISO_04_US-MO,1.356546
2038,MISO_05_US-IA,1.18924
2038,MISO_05_US-IL,1.18924
2038,MISO_05_US-MO,1.18924
2038,MISO_06_US-IL,1.239314
2038,MISO_06_US-IN,1.239314
2038,MISO_06_US-KY,1.239314
2038,MISO_06_US-OH,1.239314
2038,MISO_07_US-MI,1.274378
2038,MISO_08_US-AR,1.171195
2038,MISO_08_US-MO,1.171195
2038,MISO_09_US-LA,1.230597
2038,MISO_09_US-TX,1.230597
2038,MISO_10_US-MS,1.220416
2038,MISO_10_US-TN,1.220416
2038,NBSO_0_CA-NB,5.221675
2038,NBSO_0_CA-PE,5.221675
2038,NBSO_0_US-ME,5.221675
2038,NEVP_0_US-CA,1.453885
2038,NEVP_0_US-NV,1.453885
2038,NEVP_0_US-OR,1.453885
2038,NSPI_0_CA-NS,5.221675
2038,NWMT_0_US-ID,1.360554
2038,NWMT_0_US-MT,1.360554
2038,NWMT_0_US-WY,1.360554
2038,NYIS_A_US-NY,1.305776
2038,NYIS_A_US-PA,1.305776
2038,NYIS_B_US-NY,1.29021
2038,NYIS_C_US-NY,1.291221
2038,NYIS_D_US-NY,1.269424
2038,NYIS_E_US-NY,1.283871
2038,NYIS_F_US-NY,1.278545
2038,NYIS_G_US-NJ,1.318382
2038,NYIS_G_US-NY,1.318382
2038,NYIS_G_US-PA,1.318382
2038,NYIS_H_US-NY,1.29927
2038,NYIS_I_US-NY,1.289548
2038,NYIS_J_US-NJ,1.229253
2038,NYIS_J_US-NY,1.229253
2038,NYIS_K_US-NY,1.229732
2038,PACE_0_US-AZ,1.415805
2038,PACE_0_US-CO,1.415805
2038,PACE_0_US-ID,1.415805
2038,PACE_0_US-MT,1.415805
2038,PACE_0_US-NV,1.415805
2038,PACE_0_US-UT,1.415805
2038,PACE_0_US-WY,1.415805
2038,PACW_0_US-CA,1.366691
2038,PACW_0_US-OR,1.366691
2038,PACW_0_US-WA,1.366691
2038,PGE_0_US-OR,1.42675
2038,PGE_0_US-WA,1.42675
2038,PJM_AE_US-NJ,1.434393
2038,PJM_AEP_US-IN,1.260252
2038,PJM_AEP_US-KY,1.260252
2038,PJM_AEP_US-MI,1.260252
2038,PJM_AEP_US-OH,1.260252
2038,PJM_AEP_US-TN,1.260252
2038,PJM_AEP_US-VA,1.260252
2038,PJM_AEP_US-WV,1.260252
2038,PJM_AP_US-MD,1.372227
2038,PJM_AP_US-OH,1.372227
2038,PJM_AP_US-PA,1.372227
2038,PJM_AP_US-VA,1.372227
2038,PJM_AP_US-WV,1.372227
2038,PJM_ATSI_US-OH,1.243877
2038,PJM_ATSI_US-PA,1.243877
2038,PJM_BC_US-MD,1.568282
2038,PJM_CE_US-IL,1.370072
2038,PJM_CE_US-IN,1.370072
2038,PJM_DAY_US-OH,1.21499
2038,PJM_DEOK_US-KY,1.24967
2038,PJM_DEOK_US-OH,1.24967
2038,PJM_DOM_US-NC,1.716049
2038,PJM_DOM_US-VA,1.716049
2038,PJM_DOM_US-WV,1.716049
2038,PJM_DPL_US-DE,1.580856
2038,PJM_DPL_US-MD,1.580856
2038,PJM_DPL_US-NJ,1.580856
2038,PJM_DPL_US-PA,1.580856
2038,PJM_DPL_US-VA,1.580856
2038,PJM_DUQ_US-PA,1.239201
2038,PJM_EKPC_US-KY,1.180478
2038,PJM_JC_US-NJ,1.385444
2038,PJM_JC_US-NY,1.385444
2038,PJM_ME_US-PA,1.216498
2038,PJM_PE_US-DE,1.211301
2038,PJM_PE_US-MD,1.211301
2038,PJM_PE_US-NJ,1.211301
2038,PJM_PE_US-PA,1.211301
2038,PJM_PEP_US-DC,0.789385
2038,PJM_PEP_US-MD,0.789385
2038,PJM_PEP_US-VA,0.789385
2038,PJM_PL_US-MD,1.19893
2038,PJM_PL_US-PA,1.19893
2038,PJM_PN_US-MD,1.161213
2038,PJM_PN_US-PA,1.161213
2038,PJM_PS_US-NJ,1.470886
2038,PJM_PS_US-PA,1.470886
2038,PJM_RECO_US-NJ,2.804054
2038,PNM_ACMA_US-NM,1
2038,PNM_CYGA_US-NM,1
2038,PNM_Frep_US-NM,1.107143
2038,PNM_Jica_US-NM,1.25
2038,PNM_KAFB_US-NM,1.056338
2038,PNM_KCEC_US-NM,1.063492
2038,PNM_LAC_US-NM,1
2038,PNM_NTUA_US-NM,0
2038,PNM_PNM_US-NM,1.41374
2038,PNM_TSGT_US-AZ,0.662469
2038,PNM_TSGT_US-NM,0.662469
2038,PSCO_0_US-CO,1.599817
2038,PSCO_0_US-WY,1.599817
2038,PSEI_0_US-WA,1.825644
2038,SC_0_US-SC,1.207335
2038,SCEG_0_US-GA,1.145685
2038,SCEG_0_US-SC,1.145685
2038,SCL_0_US-WA,1.62666
2038,SEC_0_US-FL,1.016019
2038,SEPA_0_US-GA,1
2038,SEPA_0_US-SC,1
2038,SOCO_0_US-AL,1.23032
2038,SOCO_0_US-FL,1.23032
2038,SOCO_0_US-GA,1.23032
2038,SOCO_0_US-MS,1.23032
2038,SOCO_0_US-SC,1.23032
2038,SPA_0_US-AR,3.15
2038,SPA_0_US-MO,3.15
2038,SPA_0_US-OK,3.15
2038,SPA_0_US-TX,3.15
2038,SPC_0_CA-SK,0
2038,SRP_0_US-AZ,1.380884
2038,SWPP_CSWS_US-AR,1.253913
2038,SWPP_CSWS_US-LA,1.253913
2038,SWPP_CSWS_US-OK,1.253913
2038,SWPP_CSWS_US-TX,1.253913
2038,SWPP_EDE_US-AR,1.327628
2038,SWPP_EDE_US-KS,1.327628
2038,SWPP_EDE_US-MO,1.327628
2038,SWPP_EDE_US-OK,1.327628
2038,SWPP_GRDA_US-AR,0.817299
2038,SWPP_GRDA_US-KS,0.817299
2038,SWPP_GRDA_US-OK,0.817299
2038,SWPP_INDN_US-MO,1.25
2038,SWPP_KACY_US-KS,1.207547
2038,SWPP_KCPL_US-KS,1.223939
2038,SWPP_KCPL_US-MO,1.223939
2038,SWPP_LES_US-NE,2.388962
2038,SWPP_MPS_US-MO,1.242298
2038,SWPP_NPPD_US-CO,1.642303
2038,SWPP_NPPD_US-NE,1.642303
2038,SWPP_NPPD_US-SD,1.642303
2038,SWPP_OKGE_US-AR,1.148373
2038,SWPP_OKGE_US-OK,1.148373
2038,SWPP_OKGE_US-TX,1.148373
2038,SWPP_OPPD_US-NE,2.388533
2038,SWPP_SECI_US-KS,1.409716
2038,SWPP_SPRM_US-MO,1.239418
2038,SWPP_SPS_US-CO,1.418447
2038,SWPP_SPS_US-KS,1.418447
2038,SWPP_SPS_US-NM,1.418447
2038,SWPP_SPS_US-OK,1.418447
2038,SWPP_SPS_US-TX,1.418447
2038,SWPP_WAUE_US-IA,1.086159
2038,SWPP_WAUE_US-MN,1.086159
2038,SWPP_WAUE_US-MT,1.086159
2038,SWPP_WAUE_US-ND,1.086159
2038,SWPP_WAUE_US-NE,1.086159
2038,SWPP_WAUE_US-SD,1.086159
2038,SWPP_WAUE_US-WY,1.086159
2038,SWPP_WFEC_US-KS,1.092077
2038,SWPP_WFEC_US-OK,1.092077
2038,SWPP_WFEC_US-TX,1.092077
2038,SWPP_WR_US-KS,0.931656
2038,SWPP_WR_US-MO,0.931656
2038,TAL_0_US-FL,1.229794
2038,TEC_0_US-FL,1.210256
2038,TEPC_0_MX-SON,1.338585
2038,TEPC_0_US-AZ,1.338585
2038,TEPC_0_US-NM,1.338585
2038,TIDC_0_US-CA,1.023634
2038,TPWR_0_US-WA,1.629132
2038,TVA_0_US-AL,1.246111
2038,TVA_0_US-GA,1.246111
2038,TVA_0_US-KY,1.246111
2038,TVA_0_US-MS,1.246111
2038,TVA_0_US-NC,1.246111
2038,TVA_0_US-TN,1.246111
2038,TVA_0_US-VA,1.246111
2038,WACM_0_US-AZ,1.872
2038,WACM_0_US-CO,1.872
2038,WACM_0_US-MT,1.872
2038,WACM_0_US-NE,1.872
2038,WACM_0_US-NM,1.872
2038,WACM_0_US-SD,1.872
2038,WACM_0_US-UT,1.872
2038,WACM_0_US-WY,1.872
2038,WALC_0_US-AZ,1.574889
2038,WALC_0_US-CA,1.574889
2038,WALC_0_US-NV,1.574889
2038,WAUW_0_US-MT,1.797872
2038,WWA_0_US-MT,1
2038,YAD_0_US-NC,1
2039,AEC_0_US-AL,0
2039,AEC_0_US-FL,0
2039,AECI_0_US-AR,0
2039,AECI_0_US-IA,0
2039,AECI_0_US-MO,0
2039,AECI_0_US-OK,0
2039,AESO_CENT_CA-AB,0
2039,AESO_CGY_CA-AB,0
2039,AESO_EDM_CA-AB,0
2039,AESO_NE_CA-AB,0
2039,AESO_NW_CA-AB,0
2039,AESO_NW_CA-BC,0
2039,AESO_SOUT_CA-AB,0
2039,AVA_0_US-ID,1.408326
2039,AVA_0_US-MT,1.408326
2039,AVA_0_US-OR,1.408326
2039,AVA_0_US-WA,1.408326
2039,AVRN_0_US-OR,1
2039,AVRN_0_US-WA,1
2039,AZPS_0_US-AZ,1.518058
2039,AZPS_0_US-CA,1.518058
2039,AZPS_0_US-NM,1.518058
2039,AZPS_0_US-NV,1.518058
2039,BANC_0_US-CA,1.226681
2039,BCHA_0_CA-BC,0
2039,BPAT_0_CA-BC,1.532747
2039,BPAT_0_US-CA,1.532747
2039,BPAT_0_US-ID,1.532747
2039,BPAT_0_US-MT,1.532747
2039,BPAT_0_US-OR,1.532747
2039,BPAT_0_US-WA,1.532747
2039,CEN_0_MX-COA,0
2039,CEN_0_MX-NLE,0
2039,CENB_0_MX-BCN,0
2039,CENB_0_MX-SON,0
2039,CHPD_0_US-WA,1.593878
2039,CISO_PGAE_US-CA,1.873599
2039,CISO_PGAE_US-OR,1.873599
2039,CISO_SCE_US-AZ,1.56289
2039,CISO_SCE_US-CA,1.56289
2039,CISO_SCE_US-NV,1.56289
2039,CISO_SDGE_MX-BCN,1.683698
2039,CISO_SDGE_US-AZ,1.683698
2039,CISO_SDGE_US-CA,1.683698
2039,CISO_VEA_US-NV,1.271523
2039,CPLE_0_US-NC,1.325477
2039,CPLE_0_US-SC,1.325477
2039,CPLW_0_US-NC,0.960159
2039,DEAA_0_US-AZ,1
2039,DOPD_0_US-WA,1.605996
2039,DUK_0_US-NC,1.284047
2039,DUK_0_US-SC,1.284047
2039,DUK_0_US-VA,1.284047
2039,EPE_0_US-NM,1.477096
2039,EPE_0_US-TX,1.477096
2039,ERCO_COAS_US-TX,1.468541
2039,ERCO_EAST_US-TX,2.134792
2039,ERCO_FWES_US-TX,1.425397
2039,ERCO_NCEN_US-TX,1.475782
2039,ERCO_NRTH_US-OK,1.619346
2039,ERCO_NRTH_US-TX,1.619346
2039,ERCO_SCEN_US-TX,1.550489
2039,ERCO_SOUT_US-TX,1.494562
2039,ERCO_WEST_US-TX,2.4385
2039,FMPP_0_US-FL,1.075061
2039,FPC_0_US-FL,1.029007
2039,FPL_0_US-FL,1.219365
2039,GCPD_0_US-WA,1.637804
2039,GLHB_0_US-IL,1
2039,GRID_0_US-NM,1
2039,GRID_0_US-OR,1
2039,GRID_0_US-WA,1
2039,GRIF_0_US-AZ,1
2039,GVL_0_US-FL,1.173451
2039,GWA_0_US-MT,1
2039,HGMA_0_US-AZ,1
2039,HQT_0_CA-NL,1
2039,HQT_0_CA-QC,1
2039,HST_0_US-FL,1.318966
2039,IESO_0_CA-ON,0
2039,IID_0_US-AZ,1.263901
2039,IID_0_US-CA,1.263901
2039,IPCO_0_US-ID,1.270224
2039,IPCO_0_US-NV,1.270224
2039,IPCO_0_US-OR,1.270224
2039,IPCO_0_US-UT,1.270224
2039,ISNE_4001_US-ME,1.3319
2039,ISNE_4002_US-ME,1.342405
2039,ISNE_4002_US-NH,1.342405
2039,ISNE_4002_US-VT,1.342405
2039,ISNE_4003_US-NH,1.655756
2039,ISNE_4003_US-NY,1.655756
2039,ISNE_4003_US-VT,1.655756
2039,ISNE_4004_US-CT,1.404095
2039,ISNE_4005_US-MA,1.350954
2039,ISNE_4005_US-RI,1.350954
2039,ISNE_4006_US-MA,1.53619
2039,ISNE_4006_US-RI,1.53619
2039,ISNE_4007_US-MA,1.529855
2039,ISNE_4007_US-NY,1.529855
2039,ISNE_4007_US-VT,1.529855
2039,ISNE_4008_US-MA,1.51341
2039,ISNE_4008_US-NH,1.51341
2039,JEA_0_US-FL,1.30093
2039,LDWP_0_US-AZ,1.216974
2039,LDWP_0_US-CA,1.216974
2039,LDWP_0_US-NV,1.216974
2039,LDWP_0_US-UT,1.216974
2039,LGEE_0_US-IN,1.130295
2039,LGEE_0_US-KY,1.130295
2039,LGEE_0_US-VA,1.130295
2039,MHEB_0_CA-MB,0
2039,MISO_01_US-IA,1.526461
2039,MISO_01_US-IL,1.526461
2039,MISO_01_US-MI,1.526461
2039,MISO_01_US-MN,1.526461
2039,MISO_01_US-MT,1.526461
2039,MISO_01_US-ND,1.526461
2039,MISO_01_US-SD,1.526461
2039,MISO_01_US-WI,1.526461
2039,MISO_02_US-IA,1.389714
2039,MISO_02_US-IL,1.389714
2039,MISO_02_US-MI,1.389714
2039,MISO_02_US-MN,1.389714
2039,MISO_02_US-WI,1.389714
2039,MISO_03_US-IA,1.572432
2039,MISO_03_US-IL,1.572432
2039,MISO_03_US-MN,1.572432
2039,MISO_03_US-MO,1.572432
2039,MISO_03_US-SD,1.572432
2039,MISO_04_US-IL,1.370993
2039,MISO_04_US-KY,1.370993
2039,MISO_04_US-MO,1.370993
2039,MISO_05_US-IA,1.205394
2039,MISO_05_US-IL,1.205394
2039,MISO_05_US-MO,1.205394
2039,MISO_06_US-IL,1.253281
2039,MISO_06_US-IN,1.253281
2039,MISO_06_US-KY,1.253281
2039,MISO_06_US-OH,1.253281
2039,MISO_07_US-MI,1.292054
2039,MISO_08_US-AR,1.182881
2039,MISO_08_US-MO,1.182881
2039,MISO_09_US-LA,1.241421
2039,MISO_09_US-TX,1.241421
2039,MISO_10_US-MS,1.234383
2039,MISO_10_US-TN,1.234383
2039,NBSO_0_CA-NB,5.327586
2039,NBSO_0_CA-PE,5.327586
2039,NBSO_0_US-ME,5.327586
2039,NEVP_0_US-CA,1.472801
2039,NEVP_0_US-NV,1.472801
2039,NEVP_0_US-OR,1.472801
2039,NSPI_0_CA-NS,5.327586
2039,NWMT_0_US-ID,1.385709
2039,NWMT_0_US-MT,1.385709
2039,NWMT_0_US-WY,1.385709
2039,NYIS_A_US-NY,1.323141
2039,NYIS_A_US-PA,1.323141
2039,NYIS_B_US-NY,1.307193
2039,NYIS_C_US-NY,1.308351
2039,NYIS_D_US-NY,1.285714
2039,NYIS_E_US-NY,1.301075
2039,NYIS_F_US-NY,1.295274
2039,NYIS_G_US-NJ,1.335972
2039,NYIS_G_US-NY,1.335972
2039,NYIS_G_US-PA,1.335972
2039,NYIS_H_US-NY,1.316788
2039,NYIS_I_US-NY,1.306497
2039,NYIS_J_US-NJ,1.245484
2039,NYIS_J_US-NY,1.245484
2039,NYIS_K_US-NY,1.246142
2039,PACE_0_US-AZ,1.441031
2039,PACE_0_US-CO,1.441031
2039,PACE_0_US-ID,1.441031
2039,PACE_0_US-MT,1.441031
2039,PACE_0_US-NV,1.441031
2039,PACE_0_US-UT,1.441031
2039,PACE_0_US-WY,1.441031
2039,PACW_0_US-CA,1.387624
2039,PACW_0_US-OR,1.387624
2039,PACW_0_US-WA,1.387624
2039,PGE_0_US-OR,1.448893
2039,PGE_0_US-WA,1.448893
2039,PJM_AE_US-NJ,1.461308
2039,PJM_AEP_US-IN,1.27283
2039,PJM_AEP_US-KY,1.27283
2039,PJM_AEP_US-MI,1.27283
2039,PJM_AEP_US-OH,1.27283
2039,PJM_AEP_US-TN,1.27283
2039,PJM_AEP_US-VA,1.27283
2039,PJM_AEP_US-WV,1.27283
2039,PJM_AP_US-MD,1.383429
2039,PJM_AP_US-OH,1.383429
2039,PJM_AP_US-PA,1.383429
2039,PJM_AP_US-VA,1.383429
2039,PJM_AP_US-WV,1.383429
2039,PJM_ATSI_US-OH,1.256202
2039,PJM_ATSI_US-PA,1.256202
2039,PJM_BC_US-MD,1.59122
2039,PJM_CE_US-IL,1.384692
2039,PJM_CE_US-IN,1.384692
2039,PJM_DAY_US-OH,1.227232
2039,PJM_DEOK_US-KY,1.262493
2039,PJM_DEOK_US-OH,1.262493
2039,PJM_DOM_US-NC,1.734592
2039,PJM_DOM_US-VA,1.734592
2039,PJM_DOM_US-WV,1.734592
2039,PJM_DPL_US-DE,1.602771
2039,PJM_DPL_US-MD,1.602771
2039,PJM_DPL_US-NJ,1.602771
2039,PJM_DPL_US-PA,1.602771
2039,PJM_DPL_US-VA,1.602771
2039,PJM_DUQ_US-PA,1.24755
2039,PJM_EKPC_US-KY,1.193118
2039,PJM_JC_US-NJ,1.411554
2039,PJM_JC_US-NY,1.411554
2039,PJM_ME_US-PA,1.224976
2039,PJM_PE_US-DE,1.219492
2039,PJM_PE_US-MD,1.219492
2039,PJM_PE_US-NJ,1.219492
2039,PJM_PE_US-PA,1.219492
2039,PJM_PEP_US-DC,0.800842
2039,PJM_PEP_US-MD,0.800842
2039,PJM_PEP_US-VA,0.800842
2039,PJM_PL_US-MD,1.207018
2039,PJM_PL_US-PA,1.207018
2039,PJM_PN_US-MD,1.169052
2039,PJM_PN_US-PA,1.169052
2039,PJM_PS_US-NJ,1.498609
2039,PJM_PS_US-PA,1.498609
2039,PJM_RECO_US-NJ,2.858108
2039,PNM_ACMA_US-NM,1
2039,PNM_CYGA_US-NM,1
2039,PNM_Frep_US-NM,1.130952
2039,PNM_Jica_US-NM,1.25
2039,PNM_KAFB_US-NM,1.084507
2039,PNM_KCEC_US-NM,1.079365
2039,PNM_LAC_US-NM,1.011236
2039,PNM_NTUA_US-NM,0
2039,PNM_PNM_US-NM,1.441914
2039,PNM_TSGT_US-AZ,0.677582
2039,PNM_TSGT_US-NM,0.677582
2039,PSCO_0_US-CO,1.628641
2039,PSCO_0_US-WY,1.628641
2039,PSEI_0_US-WA,1.851009
2039,SC_0_US-SC,1.22028
2039,SCEG_0_US-GA,1.157951
2039,SCEG_0_US-SC,1.157951
2039,SCL_0_US-WA,1.648964
2039,SEC_0_US-FL,1.029007
2039,SEPA_0_US-GA,1
2039,SEPA_0_US-SC,1
2039,SOCO_0_US-AL,1.245474
2039,SOCO_0_US-FL,1.245474
2039,SOCO_0_US-GA,1.245474
2039,SOCO_0_US-MS,1.245474
2039,SOCO_0_US-SC,1.245474
2039,SPA_0_US-AR,3.188889
2039,SPA_0_US-MO,3.188889
2039,SPA_0_US-OK,3.188889
2039,SPA_0_US-TX,3.188889
2039,SPC_0_CA-SK,0
2039,SRP_0_US-AZ,1.400443
2039,SWPP_CSWS_US-AR,1.268621
2039,SWPP_CSWS_US-LA,1.268621
2039,SWPP_CSWS_US-OK,1.268621
2039,SWPP_CSWS_US-TX,1.268621
2039,SWPP_EDE_US-AR,1.345558
2039,SWPP_EDE_US-KS,1.345558
2039,SWPP_EDE_US-MO,1.345558
2039,SWPP_EDE_US-OK,1.345558
2039,SWPP_GRDA_US-AR,0.827891
2039,SWPP_GRDA_US-KS,0.827891
2039,SWPP_GRDA_US-OK,0.827891
2039,SWPP_INDN_US-MO,1.264925
2039,SWPP_KACY_US-KS,1.220126
2039,SWPP_KCPL_US-KS,1.239393
2039,SWPP_KCPL_US-MO,1.239393
2039,SWPP_LES_US-NE,2.507227
2039,SWPP_MPS_US-MO,1.259008
2039,SWPP_NPPD_US-CO,1.723695
2039,SWPP_NPPD_US-NE,1.723695
2039,SWPP_NPPD_US-SD,1.723695
2039,SWPP_OKGE_US-AR,1.162278
2039,SWPP_OKGE_US-OK,1.162278
2039,SWPP_OKGE_US-TX,1.162278
2039,SWPP_OPPD_US-NE,2.507356
2039,SWPP_SECI_US-KS,1.426214
2039,SWPP_SPRM_US-MO,1.256614
2039,SWPP_SPS_US-CO,1.441279
2039,SWPP_SPS_US-KS,1.441279
2039,SWPP_SPS_US-NM,1.441279
2039,SWPP_SPS_US-OK,1.441279
2039,SWPP_SPS_US-TX,1.441279
2039,SWPP_WAUE_US-IA,1.117072
2039,SWPP_WAUE_US-MN,1.117072
2039,SWPP_WAUE_US-MT,1.117072
2039,SWPP_WAUE_US-ND,1.117072
2039,SWPP_WAUE_US-NE,1.117072
2039,SWPP_WAUE_US-SD,1.117072
2039,SWPP_WAUE_US-WY,1.117072
2039,SWPP_WFEC_US-KS,1.105996
2039,SWPP_WFEC_US-OK,1.105996
2039,SWPP_WFEC_US-TX,1.105996
2039,SWPP_WR_US-KS,0.942228
2039,SWPP_WR_US-MO,0.942228
2039,TAL_0_US-FL,1.245642
2039,TEC_0_US-FL,1.225864
2039,TEPC_0_MX-SON,1.357731
2039,TEPC_0_US-AZ,1.357731
2039,TEPC_0_US-NM,1.357731
2039,TIDC_0_US-CA,1.044313
2039,TPWR_0_US-WA,1.65186
2039,TVA_0_US-AL,1.261734
2039,TVA_0_US-GA,1.261734
2039,TVA_0_US-KY,1.261734
2039,TVA_0_US-MS,1.261734
2039,TVA_0_US-NC,1.261734
2039,TVA_0_US-TN,1.261734
2039,TVA_0_US-VA,1.261734
2039,WACM_0_US-AZ,1.913302
2039,WACM_0_US-CO,1.913302
2039,WACM_0_US-MT,1.913302
2039,WACM_0_US-NE,1.913302
2039,WACM_0_US-NM,1.913302
2039,WACM_0_US-SD,1.913302
2039,WACM_0_US-UT,1.913302
2039,WACM_0_US-WY,1.913302
2039,WALC_0_US-AZ,1.600099
2039,WALC_0_US-CA,1.600099
2039,WALC_0_US-NV,1.600099
2039,WAUW_0_US-MT,1.824468
2039,WWA_0_US-MT,1
2039,YAD_0_US-NC,1
2040,AEC_0_US-AL,0
2040,AEC_0_US-FL,0
2040,AECI_0_US-AR,0
2040,AECI_0_US-IA,0
2040,AECI_0_US-MO,0
2040,AECI_0_US-OK,0
2040,AESO_CENT_CA-AB,0
2040,AESO_CGY_CA-AB,0
2040,AESO_EDM_CA-AB,0
2040,AESO_NE_CA-AB,0
2040,AESO_NW_CA-AB,0
2040,AESO_NW_CA-BC,0
2040,AESO_SOUT_CA-AB,0
2040,AVA_0_US-ID,1.428091
2040,AVA_0_US-MT,1.428091
2040,AVA_0_US-OR,1.428091
2040,AVA_0_US-WA,1.428091
2040,AVRN_0_US-OR,1
2040,AVRN_0_US-WA,1
2040,AZPS_0_US-AZ,1.539599
2040,AZPS_0_US-CA,1.539599
2040,AZPS_0_US-NM,1.539599
2040,AZPS_0_US-NV,1.539599
2040,BANC_0_US-CA,1.251144
2040,BCHA_0_CA-BC,0
2040,BPAT_0_CA-BC,1.554875
2040,BPAT_0_US-CA,1.554875
2040,BPAT_0_US-ID,1.554875
2040,BPAT_0_US-MT,1.554875
2040,BPAT_0_US-OR,1.554875
2040,BPAT_0_US-WA,1.554875
2040,CEN_0_MX-COA,0
2040,CEN_0_MX-NLE,0
2040,CENB_0_MX-BCN,0
2040,CENB_0_MX-SON,0
2040,CHPD_0_US-WA,1.616327
2040,CISO_PGAE_US-CA,1.910929
2040,CISO_PGAE_US-OR,1.910929
2040,CISO_SCE_US-AZ,1.594056
2040,CISO_SCE_US-CA,1.594056
2040,CISO_SCE_US-NV,1.594056
2040,CISO_SDGE_MX-BCN,1.717221
2040,CISO_SDGE_US-AZ,1.717221
2040,CISO_SDGE_US-CA,1.717221
2040,CISO_VEA_US-NV,1.291391
2040,CPLE_0_US-NC,1.341108
2040,CPLE_0_US-SC,1.341108
2040,CPLW_0_US-NC,0.971116
2040,DEAA_0_US-AZ,1
2040,DOPD_0_US-WA,1.627409
2040,DUK_0_US-NC,1.298966
2040,DUK_0_US-SC,1.298966
2040,DUK_0_US-VA,1.298966
2040,EPE_0_US-NM,1.5
2040,EPE_0_US-TX,1.5
2040,ERCO_COAS_US-TX,1.489963
2040,ERCO_EAST_US-TX,2.165833
2040,ERCO_FWES_US-TX,1.446138
2040,ERCO_NCEN_US-TX,1.497322
2040,ERCO_NRTH_US-OK,1.642926
2040,ERCO_NRTH_US-TX,1.642926
2040,ERCO_SCEN_US-TX,1.573138
2040,ERCO_SOUT_US-TX,1.516315
2040,ERCO_WEST_US-TX,2.474
2040,FMPP_0_US-FL,1.088931
2040,FPC_0_US-FL,1.042168
2040,FPL_0_US-FL,1.234972
2040,GCPD_0_US-WA,1.661035
2040,GLHB_0_US-IL,1
2040,GRID_0_US-NM,1
2040,GRID_0_US-OR,1
2040,GRID_0_US-WA,1
2040,GRIF_0_US-AZ,1
2040,GVL_0_US-FL,1.187611
2040,GWA_0_US-MT,1
2040,HGMA_0_US-AZ,1
2040,HQT_0_CA-NL,1
2040,HQT_0_CA-QC,1
2040,HST_0_US-FL,1.336207
2040,IESO_0_CA-ON,0
2040,IID_0_US-AZ,1.289497
2040,IID_0_US-CA,1.289497
2040,IPCO_0_US-ID,1.288173
2040,IPCO_0_US-NV,1.288173
2040,IPCO_0_US-OR,1.288173
2040,IPCO_0_US-UT,1.288173
2040,ISNE_4001_US-ME,1.358555
2040,ISNE_4002_US-ME,1.366369
2040,ISNE_4002_US-NH,1.366369
2040,ISNE_4002_US-VT,1.366369
2040,ISNE_4003_US-NH,1.693002
2040,ISNE_4003_US-NY,1.693002
2040,ISNE_4003_US-VT,1.693002
2040,ISNE_4004_US-CT,1.42226
2040,ISNE_4005_US-MA,1.373297
2040,ISNE_4005_US-RI,1.373297
2040,ISNE_4006_US-MA,1.565721
2040,ISNE_4006_US-RI,1.565721
2040,ISNE_4007_US-MA,1.559107
2040,ISNE_4007_US-NY,1.559107
2040,ISNE_4007_US-VT,1.559107
2040,ISNE_4008_US-MA,1.542529
2040,ISNE_4008_US-NH,1.542529
2040,JEA_0_US-FL,1.317583
2040,LDWP_0_US-AZ,1.241223
2040,LDWP_0_US-CA,1.241223
2040,LDWP_0_US-NV,1.241223
2040,LDWP_0_US-UT,1.241223
2040,LGEE_0_US-IN,1.142318
2040,LGEE_0_US-KY,1.142318
2040,LGEE_0_US-VA,1.142318
2040,MHEB_0_CA-MB,0
2040,MISO_01_US-IA,1.562496
2040,MISO_01_US-IL,1.562496
2040,MISO_01_US-MI,1.562496
2040,MISO_01_US-MN,1.562496
2040,MISO_01_US-MT,1.562496
2040,MISO_01_US-ND,1.562496
2040,MISO_01_US-SD,1.562496
2040,MISO_01_US-WI,1.562496
2040,MISO_02_US-IA,1.408898
2040,MISO_02_US-IL,1.408898
2040,MISO_02_US-MI,1.408898
2040,MISO_02_US-MN,1.408898
2040,MISO_02_US-WI,1.408898
2040,MISO_03_US-IA,1.612666
2040,MISO_03_US-IL,1.612666
2040,MISO_03_US-MN,1.612666
2040,MISO_03_US-MO,1.612666
2040,MISO_03_US-SD,1.612666
2040,MISO_04_US-IL,1.385666
2040,MISO_04_US-KY,1.385666
2040,MISO_04_US-MO,1.385666
2040,MISO_05_US-IA,1.221693
2040,MISO_05_US-IL,1.221693
2040,MISO_05_US-MO,1.221693
2040,MISO_06_US-IL,1.267429
2040,MISO_06_US-IN,1.267429
2040,MISO_06_US-KY,1.267429
2040,MISO_06_US-OH,1.267429
2040,MISO_07_US-MI,1.31
2040,MISO_08_US-AR,1.194566
2040,MISO_08_US-MO,1.194566
2040,MISO_09_US-LA,1.25239
2040,MISO_09_US-TX,1.25239
2040,MISO_10_US-MS,1.248603
2040,MISO_10_US-TN,1.248603
2040,NBSO_0_CA-NB,5.434729
2040,NBSO_0_CA-PE,5.434729
2040,NBSO_0_US-ME,5.434729
2040,NEVP_0_US-CA,1.491931
2040,NEVP_0_US-NV,1.491931
2040,NEVP_0_US-OR,1.491931
2040,NSPI_0_CA-NS,5.434729
2040,NWMT_0_US-ID,1.411593
2040,NWMT_0_US-MT,1.411593
2040,NWMT_0_US-WY,1.411593
2040,NYIS_A_US-NY,1.340506
2040,NYIS_A_US-PA,1.340506
2040,NYIS_B_US-NY,1.324675
2040,NYIS_C_US-NY,1.325482
2040,NYIS_D_US-NY,1.303258
2040,NYIS_E_US-NY,1.31828
2040,NYIS_F_US-NY,1.312422
2040,NYIS_G_US-NJ,1.353562
2040,NYIS_G_US-NY,1.353562
2040,NYIS_G_US-PA,1.353562
2040,NYIS_H_US-NY,1.334307
2040,NYIS_I_US-NY,1.324153
2040,NYIS_J_US-NJ,1.261907
2040,NYIS_J_US-NY,1.261907
2040,NYIS_K_US-NY,1.262551
2040,PACE_0_US-AZ,1.466736
2040,PACE_0_US-CO,1.466736
2040,PACE_0_US-ID,1.466736
2040,PACE_0_US-MT,1.466736
2040,PACE_0_US-NV,1.466736
2040,PACE_0_US-UT,1.466736
2040,PACE_0_US-WY,1.466736
2040,PACW_0_US-CA,1.408924
2040,PACW_0_US-OR,1.408924
2040,PACW_0_US-WA,1.408924
2040,PGE_0_US-OR,1.471259
2040,PGE_0_US-WA,1.471259
2040,PJM_AE_US-NJ,1.488972
2040,PJM_AEP_US-IN,1.285546
2040,PJM_AEP_US-KY,1.285546
2040,PJM_AEP_US-MI,1.285546
2040,PJM_AEP_US-OH,1.285546
2040,PJM_AEP_US-TN,1.285546
2040,PJM_AEP_US-VA,1.285546
2040,PJM_AEP_US-WV,1.285546
2040,PJM_AP_US-MD,1.394854
2040,PJM_AP_US-OH,1.394854
2040,PJM_AP_US-PA,1.394854
2040,PJM_AP_US-VA,1.394854
2040,PJM_AP_US-WV,1.394854
2040,PJM_ATSI_US-OH,1.268605
2040,PJM_ATSI_US-PA,1.268605
2040,PJM_BC_US-MD,1.614461
2040,PJM_CE_US-IL,1.3995
2040,PJM_CE_US-IN,1.3995
2040,PJM_DAY_US-OH,1.239773
2040,PJM_DEOK_US-KY,1.275316
2040,PJM_DEOK_US-OH,1.275316
2040,PJM_DOM_US-NC,1.753282
2040,PJM_DOM_US-VA,1.753282
2040,PJM_DOM_US-WV,1.753282
2040,PJM_DPL_US-DE,1.625189
2040,PJM_DPL_US-MD,1.625189
2040,PJM_DPL_US-NJ,1.625189
2040,PJM_DPL_US-PA,1.625189
2040,PJM_DPL_US-VA,1.625189
2040,PJM_DUQ_US-PA,1.255898
2040,PJM_EKPC_US-KY,1.205758
2040,PJM_JC_US-NJ,1.438153
2040,PJM_JC_US-NY,1.438153
2040,PJM_ME_US-PA,1.233127
2040,PJM_PE_US-DE,1.227683
2040,PJM_PE_US-MD,1.227683
2040,PJM_PE_US-NJ,1.227683
2040,PJM_PE_US-PA,1.227683
2040,PJM_PEP_US-DC,0.812637
2040,PJM_PEP_US-MD,0.812637
2040,PJM_PEP_US-VA,0.812637
2040,PJM_PL_US-MD,1.215106
2040,PJM_PL_US-PA,1.215106
2040,PJM_PN_US-MD,1.176892
2040,PJM_PN_US-PA,1.176892
2040,PJM_PS_US-NJ,1.526828
2040,PJM_PS_US-PA,1.526828
2040,PJM_RECO_US-NJ,2.912162
2040,PNM_ACMA_US-NM,1
2040,PNM_CYGA_US-NM,1
2040,PNM_Frep_US-NM,1.154762
2040,PNM_Jica_US-NM,1.25
2040,PNM_KAFB_US-NM,1.098592
2040,PNM_KCEC_US-NM,1.095238
2040,PNM_LAC_US-NM,1.033708
2040,PNM_NTUA_US-NM,0
2040,PNM_PNM_US-NM,1.470861
2040,PNM_TSGT_US-AZ,0.690176
2040,PNM_TSGT_US-NM,0.690176
2040,PSCO_0_US-CO,1.657871
2040,PSCO_0_US-WY,1.657871
2040,PSEI_0_US-WA,1.876773
2040,SC_0_US-SC,1.233225
2040,SCEG_0_US-GA,1.170433
2040,SCEG_0_US-SC,1.170433
2040,SCL_0_US-WA,1.6718
2040,SEC_0_US-FL,1.042168
2040,SEPA_0_US-GA,1
2040,SEPA_0_US-SC,1
2040,SOCO_0_US-AL,1.260827
2040,SOCO_0_US-FL,1.260827
2040,SOCO_0_US-GA,1.260827
2040,SOCO_0_US-MS,1.260827
2040,SOCO_0_US-SC,1.260827
2040,SPA_0_US-AR,3.227778
2040,SPA_0_US-MO,3.227778
2040,SPA_0_US-OK,3.227778
2040,SPA_0_US-TX,3.227778
2040,SPC_0_CA-SK,0
2040,SRP_0_US-AZ,1.420263
2040,SWPP_CSWS_US-AR,1.283538
2040,SWPP_CSWS_US-LA,1.283538
2040,SWPP_CSWS_US-OK,1.283538
2040,SWPP_CSWS_US-TX,1.283538
2040,SWPP_EDE_US-AR,1.363488
2040,SWPP_EDE_US-KS,1.363488
2040,SWPP_EDE_US-MO,1.363488
2040,SWPP_EDE_US-OK,1.363488
2040,SWPP_GRDA_US-AR,0.837599
2040,SWPP_GRDA_US-KS,0.837599
2040,SWPP_GRDA_US-OK,0.837599
2040,SWPP_INDN_US-MO,1.283582
2040,SWPP_KACY_US-KS,1.234801
2040,SWPP_KCPL_US-KS,1.254847
2040,SWPP_KCPL_US-MO,1.254847
2040,SWPP_LES_US-NE,2.632063
2040,SWPP_MPS_US-MO,1.27624
2040,SWPP_NPPD_US-CO,1.809371
2040,SWPP_NPPD_US-NE,1.809371
2040,SWPP_NPPD_US-SD,1.809371
2040,SWPP_OKGE_US-AR,1.176331
2040,SWPP_OKGE_US-OK,1.176331
2040,SWPP_OKGE_US-TX,1.176331
2040,SWPP_OPPD_US-NE,2.631837
2040,SWPP_SECI_US-KS,1.441797
2040,SWPP_SPRM_US-MO,1.27381
2040,SWPP_SPS_US-CO,1.464658
2040,SWPP_SPS_US-KS,1.464658
2040,SWPP_SPS_US-NM,1.464658
2040,SWPP_SPS_US-OK,1.464658
2040,SWPP_SPS_US-TX,1.464658
2040,SWPP_WAUE_US-IA,1.148783
2040,SWPP_WAUE_US-MN,1.148783
2040,SWPP_WAUE_US-MT,1.148783
2040,SWPP_WAUE_US-ND,1.148783
2040,SWPP_WAUE_US-NE,1.148783
2040,SWPP_WAUE_US-SD,1.148783
2040,SWPP_WAUE_US-WY,1.148783
2040,SWPP_WFEC_US-KS,1.119379
2040,SWPP_WFEC_US-OK,1.119379
2040,SWPP_WFEC_US-TX,1.119379
2040,SWPP_WR_US-KS,0.952799
2040,SWPP_WR_US-MO,0.952799
2040,TAL_0_US-FL,1.26149
2040,TEC_0_US-FL,1.241472
2040,TEPC_0_MX-SON,1.376878
2040,TEPC_0_US-AZ,1.376878
2040,TEPC_0_US-NM,1.376878
2040,TIDC_0_US-CA,1.064993
2040,TPWR_0_US-WA,1.674587
2040,TVA_0_US-AL,1.277521
2040,TVA_0_US-GA,1.277521
2040,TVA_0_US-KY,1.277521
2040,TVA_0_US-MS,1.277521
2040,TVA_0_US-NC,1.277521
2040,TVA_0_US-TN,1.277521
2040,TVA_0_US-VA,1.277521
2040,WACM_0_US-AZ,1.955535
2040,WACM_0_US-CO,1.955535
2040,WACM_0_US-MT,1.955535
2040,WACM_0_US-NE,1.955535
2040,WACM_0_US-NM,1.955535
2040,WACM_0_US-SD,1.955535
2040,WACM_0_US-UT,1.955535
2040,WACM_0_US-WY,1.955535
2040,WALC_0_US-AZ,1.625803
2040,WALC_0_US-CA,1.625803
2040,WALC_0_US-NV,1.625803
2040,WAUW_0_US-MT,1.856383
2040,WWA_0_US-MT,1
2040,YAD_0_US-NC,1
2041,AEC_0_US-AL,0
2041,AEC_0_US-FL,0
2041,AECI_0_US-AR,0
2041,AECI_0_US-IA,0
2041,AECI_0_US-MO,0
2041,AECI_0_US-OK,0
2041,AESO_CENT_CA-AB,0
2041,AESO_CGY_CA-AB,0
2041,AESO_EDM_CA-AB,0
2041,AESO_NE_CA-AB,0
2041,AESO_NW_CA-AB,0
2041,AESO_NW_CA-BC,0
2041,AESO_SOUT_CA-AB,0
2041,AVA_0_US-ID,1.445753
2041,AVA_0_US-MT,1.445753
2041,AVA_0_US-OR,1.445753
2041,AVA_0_US-WA,1.445753
2041,AVRN_0_US-OR,1
2041,AVRN_0_US-WA,1
2041,AZPS_0_US-AZ,1.560712
2041,AZPS_0_US-CA,1.560712
2041,AZPS_0_US-NM,1.560712
2041,AZPS_0_US-NV,1.560712
2041,BANC_0_US-CA,1.271735
2041,BCHA_0_CA-BC,0
2041,BPAT_0_CA-BC,1.574533
2041,BPAT_0_US-CA,1.574533
2041,BPAT_0_US-ID,1.574533
2041,BPAT_0_US-MT,1.574533
2041,BPAT_0_US-OR,1.574533
2041,BPAT_0_US-WA,1.574533
2041,CEN_0_MX-COA,0
2041,CEN_0_MX-NLE,0
2041,CENB_0_MX-BCN,0
2041,CENB_0_MX-SON,0
2041,CHPD_0_US-WA,1.636735
2041,CISO_PGAE_US-CA,1.942454
2041,CISO_PGAE_US-OR,1.942454
2041,CISO_SCE_US-AZ,1.62033
2041,CISO_SCE_US-CA,1.62033
2041,CISO_SCE_US-NV,1.62033
2041,CISO_SDGE_MX-BCN,1.745607
2041,CISO_SDGE_US-AZ,1.745607
2041,CISO_SDGE_US-CA,1.745607
2041,CISO_VEA_US-NV,1.304636
2041,CPLE_0_US-NC,1.357231
2041,CPLE_0_US-SC,1.357231
2041,CPLW_0_US-NC,0.983068
2041,DEAA_0_US-AZ,1
2041,DOPD_0_US-WA,1.646681
2041,DUK_0_US-NC,1.314377
2041,DUK_0_US-SC,1.314377
2041,DUK_0_US-VA,1.314377
2041,EPE_0_US-NM,1.521442
2041,EPE_0_US-TX,1.521442
2041,ERCO_COAS_US-TX,1.510855
2041,ERCO_EAST_US-TX,2.19625
2041,ERCO_FWES_US-TX,1.466455
2041,ERCO_NCEN_US-TX,1.51828
2041,ERCO_NRTH_US-OK,1.666025
2041,ERCO_NRTH_US-TX,1.666025
2041,ERCO_SCEN_US-TX,1.595184
2041,ERCO_SOUT_US-TX,1.537574
2041,ERCO_WEST_US-TX,2.50875
2041,FMPP_0_US-FL,1.101441
2041,FPC_0_US-FL,1.054204
2041,FPL_0_US-FL,1.249196
2041,GCPD_0_US-WA,1.681098
2041,GLHB_0_US-IL,1
2041,GRID_0_US-NM,1
2041,GRID_0_US-OR,1
2041,GRID_0_US-WA,1
2041,GRIF_0_US-AZ,1
2041,GVL_0_US-FL,1.20177
2041,GWA_0_US-MT,1
2041,HGMA_0_US-AZ,1
2041,HQT_0_CA-NL,1
2041,HQT_0_CA-QC,1
2041,HST_0_US-FL,1.353448
2041,IESO_0_CA-ON,0
2041,IID_0_US-AZ,1.31068
2041,IID_0_US-CA,1.31068
2041,IPCO_0_US-ID,1.304893
2041,IPCO_0_US-NV,1.304893
2041,IPCO_0_US-OR,1.304893
2041,IPCO_0_US-UT,1.304893
2041,ISNE_4001_US-ME,1.379622
2041,ISNE_4002_US-ME,1.385459
2041,ISNE_4002_US-NH,1.385459
2041,ISNE_4002_US-VT,1.385459
2041,ISNE_4003_US-NH,1.721219
2041,ISNE_4003_US-NY,1.721219
2041,ISNE_4003_US-VT,1.721219
2041,ISNE_4004_US-CT,1.437808
2041,ISNE_4005_US-MA,1.390736
2041,ISNE_4005_US-RI,1.390736
2041,ISNE_4006_US-MA,1.589461
2041,ISNE_4006_US-RI,1.589461
2041,ISNE_4007_US-MA,1.582931
2041,ISNE_4007_US-NY,1.582931
2041,ISNE_4007_US-VT,1.582931
2041,ISNE_4008_US-MA,1.566092
2041,ISNE_4008_US-NH,1.566092
2041,JEA_0_US-FL,1.332688
2041,LDWP_0_US-AZ,1.261672
2041,LDWP_0_US-CA,1.261672
2041,LDWP_0_US-NV,1.261672
2041,LDWP_0_US-UT,1.261672
2041,LGEE_0_US-IN,1.154341
2041,LGEE_0_US-KY,1.154341
2041,LGEE_0_US-VA,1.154341
2041,MHEB_0_CA-MB,0
2041,MISO_01_US-IA,1.593821
2041,MISO_01_US-IL,1.593821
2041,MISO_01_US-MI,1.593821
2041,MISO_01_US-MN,1.593821
2041,MISO_01_US-MT,1.593821
2041,MISO_01_US-ND,1.593821
2041,MISO_01_US-SD,1.593821
2041,MISO_01_US-WI,1.593821
2041,MISO_02_US-IA,1.424816
2041,MISO_02_US-IL,1.424816
2041,MISO_02_US-MI,1.424816
2041,MISO_02_US-MN,1.424816
2041,MISO_02_US-WI,1.424816
2041,MISO_03_US-IA,1.648856
2041,MISO_03_US-IL,1.648856
2041,MISO_03_US-MN,1.648856
2041,MISO_03_US-MO,1.648856
2041,MISO_03_US-SD,1.648856
2041,MISO_04_US-IL,1.398194
2041,MISO_04_US-KY,1.398194
2041,MISO_04_US-MO,1.398194
2041,MISO_05_US-IA,1.237559
2041,MISO_05_US-IL,1.237559
2041,MISO_05_US-MO,1.237559
2041,MISO_06_US-IL,1.280373
2041,MISO_06_US-IN,1.280373
2041,MISO_06_US-KY,1.280373
2041,MISO_06_US-OH,1.280373
2041,MISO_07_US-MI,1.323838
2041,MISO_08_US-AR,1.208443
2041,MISO_08_US-MO,1.208443
2041,MISO_09_US-LA,1.265689
2041,MISO_09_US-TX,1.265689
2041,MISO_10_US-MS,1.263078
2041,MISO_10_US-TN,1.263078
2041,NBSO_0_CA-NB,5.518473
2041,NBSO_0_CA-PE,5.518473
2041,NBSO_0_US-ME,5.518473
2041,NEVP_0_US-CA,1.509993
2041,NEVP_0_US-NV,1.509993
2041,NEVP_0_US-OR,1.509993
2041,NSPI_0_CA-NS,5.518473
2041,NWMT_0_US-ID,1.435654
2041,NWMT_0_US-MT,1.435654
2041,NWMT_0_US-WY,1.435654
2041,NYIS_A_US-NY,1.357493
2041,NYIS_A_US-PA,1.357493
2041,NYIS_B_US-NY,1.341658
2041,NYIS_C_US-NY,1.342256
2041,NYIS_D_US-NY,1.319549
2041,NYIS_E_US-NY,1.334767
2041,NYIS_F_US-NY,1.329151
2041,NYIS_G_US-NJ,1.370712
2041,NYIS_G_US-NY,1.370712
2041,NYIS_G_US-PA,1.370712
2041,NYIS_H_US-NY,1.351825
2041,NYIS_I_US-NY,1.341102
2041,NYIS_J_US-NJ,1.278041
2041,NYIS_J_US-NY,1.278041
2041,NYIS_K_US-NY,1.27857
2041,PACE_0_US-AZ,1.489098
2041,PACE_0_US-CO,1.489098
2041,PACE_0_US-ID,1.489098
2041,PACE_0_US-MT,1.489098
2041,PACE_0_US-NV,1.489098
2041,PACE_0_US-UT,1.489098
2041,PACE_0_US-WY,1.489098
2041,PACW_0_US-CA,1.427653
2041,PACW_0_US-OR,1.427653
2041,PACW_0_US-WA,1.427653
2041,PGE_0_US-OR,1.491165
2041,PGE_0_US-WA,1.491165
2041,PJM_AE_US-NJ,1.51215
2041,PJM_AEP_US-IN,1.298034
2041,PJM_AEP_US-KY,1.298034
2041,PJM_AEP_US-MI,1.298034
2041,PJM_AEP_US-OH,1.298034
2041,PJM_AEP_US-TN,1.298034
2041,PJM_AEP_US-VA,1.298034
2041,PJM_AEP_US-WV,1.298034
2041,PJM_AP_US-MD,1.408718
2041,PJM_AP_US-OH,1.408718
2041,PJM_AP_US-PA,1.408718
2041,PJM_AP_US-VA,1.408718
2041,PJM_AP_US-WV,1.408718
2041,PJM_ATSI_US-OH,1.280218
2041,PJM_ATSI_US-PA,1.280218
2041,PJM_BC_US-MD,1.636488
2041,PJM_CE_US-IL,1.412139
2041,PJM_CE_US-IN,1.412139
2041,PJM_DAY_US-OH,1.25112
2041,PJM_DEOK_US-KY,1.287384
2041,PJM_DEOK_US-OH,1.287384
2041,PJM_DOM_US-NC,1.772996
2041,PJM_DOM_US-VA,1.772996
2041,PJM_DOM_US-WV,1.772996
2041,PJM_DPL_US-DE,1.646599
2041,PJM_DPL_US-MD,1.646599
2041,PJM_DPL_US-NJ,1.646599
2041,PJM_DPL_US-PA,1.646599
2041,PJM_DPL_US-VA,1.646599
2041,PJM_DUQ_US-PA,1.267151
2041,PJM_EKPC_US-KY,1.218399
2041,PJM_JC_US-NJ,1.460509
2041,PJM_JC_US-NY,1.460509
2041,PJM_ME_US-PA,1.244213
2041,PJM_PE_US-DE,1.238841
2041,PJM_PE_US-MD,1.238841
2041,PJM_PE_US-NJ,1.238841
2041,PJM_PE_US-PA,1.238841
2041,PJM_PEP_US-DC,0.823757
2041,PJM_PEP_US-MD,0.823757
2041,PJM_PEP_US-VA,0.823757
2041,PJM_PL_US-MD,1.226063
2041,PJM_PL_US-PA,1.226063
2041,PJM_PN_US-MD,1.187798
2041,PJM_PN_US-PA,1.187798
2041,PJM_PS_US-NJ,1.550576
2041,PJM_PS_US-PA,1.550576
2041,PJM_RECO_US-NJ,2.959459
2041,PNM_ACMA_US-NM,1
2041,PNM_CYGA_US-NM,1
2041,PNM_Frep_US-NM,1.178571
2041,PNM_Jica_US-NM,1.25
2041,PNM_KAFB_US-NM,1.112676
2041,PNM_KCEC_US-NM,1.111111
2041,PNM_LAC_US-NM,1.05618
2041,PNM_NTUA_US-NM,0
2041,PNM_PNM_US-NM,1.49479
2041,PNM_TSGT_US-AZ,0.700252
2041,PNM_TSGT_US-NM,0.700252
2041,PSCO_0_US-CO,1.682026
2041,PSCO_0_US-WY,1.682026
2041,PSEI_0_US-WA,1.899341
2041,SC_0_US-SC,1.247033
2041,SCEG_0_US-GA,1.183344
2041,SCEG_0_US-SC,1.183344
2041,SCL_0_US-WA,1.691981
2041,SEC_0_US-FL,1.054204
2041,SEPA_0_US-GA,1
2041,SEPA_0_US-SC,1
2041,SOCO_0_US-AL,1.276158
2041,SOCO_0_US-FL,1.276158
2041,SOCO_0_US-GA,1.276158
2041,SOCO_0_US-MS,1.276158
2041,SOCO_0_US-SC,1.276158
2041,SPA_0_US-AR,3.266667
2041,SPA_0_US-MO,3.266667
2041,SPA_0_US-OK,3.266667
2041,SPA_0_US-TX,3.266667
2041,SPC_0_CA-SK,0
2041,SRP_0_US-AZ,1.439692
2041,SWPP_CSWS_US-AR,1.300032
2041,SWPP_CSWS_US-LA,1.300032
2041,SWPP_CSWS_US-OK,1.300032
2041,SWPP_CSWS_US-TX,1.300032
2041,SWPP_EDE_US-AR,1.381418
2041,SWPP_EDE_US-KS,1.381418
2041,SWPP_EDE_US-MO,1.381418
2041,SWPP_EDE_US-OK,1.381418
2041,SWPP_GRDA_US-AR,0.849073
2041,SWPP_GRDA_US-KS,0.849073
2041,SWPP_GRDA_US-OK,0.849073
2041,SWPP_INDN_US-MO,1.298507
2041,SWPP_KACY_US-KS,1.247379
2041,SWPP_KCPL_US-KS,1.27002
2041,SWPP_KCPL_US-MO,1.27002
2041,SWPP_LES_US-NE,2.735874
2041,SWPP_MPS_US-MO,1.29295
2041,SWPP_NPPD_US-CO,1.881124
2041,SWPP_NPPD_US-NE,1.881124
2041,SWPP_NPPD_US-SD,1.881124
2041,SWPP_OKGE_US-AR,1.192308
2041,SWPP_OKGE_US-OK,1.192308
2041,SWPP_OKGE_US-TX,1.192308
2041,SWPP_OPPD_US-NE,2.736326
2041,SWPP_SECI_US-KS,1.457379
2041,SWPP_SPRM_US-MO,1.289683
2041,SWPP_SPS_US-CO,1.48621
2041,SWPP_SPS_US-KS,1.48621
2041,SWPP_SPS_US-NM,1.48621
2041,SWPP_SPS_US-OK,1.48621
2041,SWPP_SPS_US-TX,1.48621
2041,SWPP_WAUE_US-IA,1.177902
2041,SWPP_WAUE_US-MN,1.177902
2041,SWPP_WAUE_US-MT,1.177902
2041,SWPP_WAUE_US-ND,1.177902
2041,SWPP_WAUE_US-NE,1.177902
2041,SWPP_WAUE_US-SD,1.177902
2041,SWPP_WAUE_US-WY,1.177902
2041,SWPP_WFEC_US-KS,1.134904
2041,SWPP_WFEC_US-OK,1.134904
2041,SWPP_WFEC_US-TX,1.134904
2041,SWPP_WR_US-KS,0.963222
2041,SWPP_WR_US-MO,0.963222
2041,TAL_0_US-FL,1.275753
2041,TEC_0_US-FL,1.255741
2041,TEPC_0_MX-SON,1.395783
2041,TEPC_0_US-AZ,1.395783
2041,TEPC_0_US-NM,1.395783
2041,TIDC_0_US-CA,1.082718
2041,TPWR_0_US-WA,1.695248
2041,TVA_0_US-AL,1.292123
2041,TVA_0_US-GA,1.292123
2041,TVA_0_US-KY,1.292123
2041,TVA_0_US-MS,1.292123
2041,TVA_0_US-NC,1.292123
2041,TVA_0_US-TN,1.292123
2041,TVA_0_US-VA,1.292123
2041,WACM_0_US-AZ,1.99293
2041,WACM_0_US-CO,1.99293
2041,WACM_0_US-MT,1.99293
2041,WACM_0_US-NE,1.99293
2041,WACM_0_US-NM,1.99293
2041,WACM_0_US-SD,1.99293
2041,WACM_0_US-UT,1.99293
2041,WACM_0_US-WY,1.99293
2041,WALC_0_US-AZ,1.64953
2041,WALC_0_US-CA,1.64953
2041,WALC_0_US-NV,1.64953
2041,WAUW_0_US-MT,1.888298
2041,WWA_0_US-MT,1
2041,YAD_0_US-NC,1
2042,AEC_0_US-AL,0
2042,AEC_0_US-FL,0
2042,AECI_0_US-AR,0
2042,AECI_0_US-IA,0
2042,AECI_0_US-MO,0
2042,AECI_0_US-OK,0
2042,AESO_CENT_CA-AB,0
2042,AESO_CGY_CA-AB,0
2042,AESO_EDM_CA-AB,0
2042,AESO_NE_CA-AB,0
2042,AESO_NW_CA-AB,0
2042,AESO_NW_CA-BC,0
2042,AESO_SOUT_CA-AB,0
2042,AVA_0_US-ID,1.463415
2042,AVA_0_US-MT,1.463415
2042,AVA_0_US-OR,1.463415
2042,AVA_0_US-WA,1.463415
2042,AVRN_0_US-OR,1
2042,AVRN_0_US-WA,1
2042,AZPS_0_US-AZ,1.582146
2042,AZPS_0_US-CA,1.582146
2042,AZPS_0_US-NM,1.582146
2042,AZPS_0_US-NV,1.582146
2042,BANC_0_US-CA,1.292679
2042,BCHA_0_CA-BC,0
2042,BPAT_0_CA-BC,1.594488
2042,BPAT_0_US-CA,1.594488
2042,BPAT_0_US-ID,1.594488
2042,BPAT_0_US-MT,1.594488
2042,BPAT_0_US-OR,1.594488
2042,BPAT_0_US-WA,1.594488
2042,CEN_0_MX-COA,0
2042,CEN_0_MX-NLE,0
2042,CENB_0_MX-BCN,0
2042,CENB_0_MX-SON,0
2042,CHPD_0_US-WA,1.655102
2042,CISO_PGAE_US-CA,1.97448
2042,CISO_PGAE_US-OR,1.97448
2042,CISO_SCE_US-AZ,1.647023
2042,CISO_SCE_US-CA,1.647023
2042,CISO_SCE_US-NV,1.647023
2042,CISO_SDGE_MX-BCN,1.774263
2042,CISO_SDGE_US-AZ,1.774263
2042,CISO_SDGE_US-CA,1.774263
2042,CISO_VEA_US-NV,1.324503
2042,CPLE_0_US-NC,1.373517
2042,CPLE_0_US-SC,1.373517
2042,CPLW_0_US-NC,0.99502
2042,DEAA_0_US-AZ,1
2042,DOPD_0_US-WA,1.665953
2042,DUK_0_US-NC,1.329936
2042,DUK_0_US-SC,1.329936
2042,DUK_0_US-VA,1.329936
2042,EPE_0_US-NM,1.54386
2042,EPE_0_US-TX,1.54386
2042,ERCO_COAS_US-TX,1.531989
2042,ERCO_EAST_US-TX,2.226875
2042,ERCO_FWES_US-TX,1.486984
2042,ERCO_NCEN_US-TX,1.539548
2042,ERCO_NRTH_US-OK,1.689124
2042,ERCO_NRTH_US-TX,1.689124
2042,ERCO_SCEN_US-TX,1.617532
2042,ERCO_SOUT_US-TX,1.559163
2042,ERCO_WEST_US-TX,2.54375
2042,FMPP_0_US-FL,1.114224
2042,FPC_0_US-FL,1.066326
2042,FPL_0_US-FL,1.263612
2042,GCPD_0_US-WA,1.701162
2042,GLHB_0_US-IL,1
2042,GRID_0_US-NM,1
2042,GRID_0_US-OR,1
2042,GRID_0_US-WA,1
2042,GRIF_0_US-AZ,1
2042,GVL_0_US-FL,1.215929
2042,GWA_0_US-MT,1
2042,HGMA_0_US-AZ,1
2042,HQT_0_CA-NL,1
2042,HQT_0_CA-QC,1
2042,HST_0_US-FL,1.37069
2042,IESO_0_CA-ON,0
2042,IID_0_US-AZ,1.331862
2042,IID_0_US-CA,1.331862
2042,IPCO_0_US-ID,1.322105
2042,IPCO_0_US-NV,1.322105
2042,IPCO_0_US-OR,1.322105
2042,IPCO_0_US-UT,1.322105
2042,ISNE_4001_US-ME,1.401118
2042,ISNE_4002_US-ME,1.404549
2042,ISNE_4002_US-NH,1.404549
2042,ISNE_4002_US-VT,1.404549
2042,ISNE_4003_US-NH,1.749436
2042,ISNE_4003_US-NY,1.749436
2042,ISNE_4003_US-VT,1.749436
2042,ISNE_4004_US-CT,1.45351
2042,ISNE_4005_US-MA,1.408719
2042,ISNE_4005_US-RI,1.408719
2042,ISNE_4006_US-MA,1.613781
2042,ISNE_4006_US-RI,1.613781
2042,ISNE_4007_US-MA,1.607057
2042,ISNE_4007_US-NY,1.607057
2042,ISNE_4007_US-VT,1.607057
2042,ISNE_4008_US-MA,1.589847
2042,ISNE_4008_US-NH,1.589847
2042,JEA_0_US-FL,1.34818
2042,LDWP_0_US-AZ,1.282483
2042,LDWP_0_US-CA,1.282483
2042,LDWP_0_US-NV,1.282483
2042,LDWP_0_US-UT,1.282483
2042,LGEE_0_US-IN,1.166643
2042,LGEE_0_US-KY,1.166643
2042,LGEE_0_US-VA,1.166643
2042,MHEB_0_CA-MB,0
2042,MISO_01_US-IA,1.625757
2042,MISO_01_US-IL,1.625757
2042,MISO_01_US-MI,1.625757
2042,MISO_01_US-MN,1.625757
2042,MISO_01_US-MT,1.625757
2042,MISO_01_US-ND,1.625757
2042,MISO_01_US-SD,1.625757
2042,MISO_01_US-WI,1.625757
2042,MISO_02_US-IA,1.440898
2042,MISO_02_US-IL,1.440898
2042,MISO_02_US-MI,1.440898
2042,MISO_02_US-MN,1.440898
2042,MISO_02_US-WI,1.440898
2042,MISO_03_US-IA,1.68579
2042,MISO_03_US-IL,1.68579
2042,MISO_03_US-MN,1.68579
2042,MISO_03_US-MO,1.68579
2042,MISO_03_US-SD,1.68579
2042,MISO_04_US-IL,1.410835
2042,MISO_04_US-KY,1.410835
2042,MISO_04_US-MO,1.410835
2042,MISO_05_US-IA,1.25357
2042,MISO_05_US-IL,1.25357
2042,MISO_05_US-MO,1.25357
2042,MISO_06_US-IL,1.293377
2042,MISO_06_US-IN,1.293377
2042,MISO_06_US-KY,1.293377
2042,MISO_06_US-OH,1.293377
2042,MISO_07_US-MI,1.337784
2042,MISO_08_US-AR,1.222612
2042,MISO_08_US-MO,1.222612
2042,MISO_09_US-LA,1.279134
2042,MISO_09_US-TX,1.279134
2042,MISO_10_US-MS,1.27806
2042,MISO_10_US-TN,1.27806
2042,NBSO_0_CA-NB,5.60468
2042,NBSO_0_CA-PE,5.60468
2042,NBSO_0_US-ME,5.60468
2042,NEVP_0_US-CA,1.528374
2042,NEVP_0_US-NV,1.528374
2042,NEVP_0_US-OR,1.528374
2042,NSPI_0_CA-NS,5.60468
2042,NWMT_0_US-ID,1.46008
2042,NWMT_0_US-MT,1.46008
2042,NWMT_0_US-WY,1.46008
2042,NYIS_A_US-NY,1.374858
2042,NYIS_A_US-PA,1.374858
2042,NYIS_B_US-NY,1.358641
2042,NYIS_C_US-NY,1.359386
2042,NYIS_D_US-NY,1.337093
2042,NYIS_E_US-NY,1.351971
2042,NYIS_F_US-NY,1.346299
2042,NYIS_G_US-NJ,1.388303
2042,NYIS_G_US-NY,1.388303
2042,NYIS_G_US-PA,1.388303
2042,NYIS_H_US-NY,1.367883
2042,NYIS_I_US-NY,1.358051
2042,NYIS_J_US-NJ,1.294368
2042,NYIS_J_US-NY,1.294368
2042,NYIS_K_US-NY,1.294979
2042,PACE_0_US-AZ,1.511857
2042,PACE_0_US-CO,1.511857
2042,PACE_0_US-ID,1.511857
2042,PACE_0_US-MT,1.511857
2042,PACE_0_US-NV,1.511857
2042,PACE_0_US-UT,1.511857
2042,PACE_0_US-WY,1.511857
2042,PACW_0_US-CA,1.446566
2042,PACW_0_US-OR,1.446566
2042,PACW_0_US-WA,1.446566
2042,PGE_0_US-OR,1.511519
2042,PGE_0_US-WA,1.511519
2042,PJM_AE_US-NJ,1.535701
2042,PJM_AEP_US-IN,1.310613
2042,PJM_AEP_US-KY,1.310613
2042,PJM_AEP_US-MI,1.310613
2042,PJM_AEP_US-OH,1.310613
2042,PJM_AEP_US-TN,1.310613
2042,PJM_AEP_US-VA,1.310613
2042,PJM_AEP_US-WV,1.310613
2042,PJM_AP_US-MD,1.422693
2042,PJM_AP_US-OH,1.422693
2042,PJM_AP_US-PA,1.422693
2042,PJM_AP_US-VA,1.422693
2042,PJM_AP_US-WV,1.422693
2042,PJM_ATSI_US-OH,1.291989
2042,PJM_ATSI_US-PA,1.291989
2042,PJM_BC_US-MD,1.658818
2042,PJM_CE_US-IL,1.424873
2042,PJM_CE_US-IN,1.424873
2042,PJM_DAY_US-OH,1.262765
2042,PJM_DEOK_US-KY,1.299453
2042,PJM_DEOK_US-OH,1.299453
2042,PJM_DOM_US-NC,1.792954
2042,PJM_DOM_US-VA,1.792954
2042,PJM_DOM_US-WV,1.792954
2042,PJM_DPL_US-DE,1.66801
2042,PJM_DPL_US-MD,1.66801
2042,PJM_DPL_US-NJ,1.66801
2042,PJM_DPL_US-PA,1.66801
2042,PJM_DPL_US-VA,1.66801
2042,PJM_DUQ_US-PA,1.278766
2042,PJM_EKPC_US-KY,1.23139
2042,PJM_JC_US-NJ,1.483355
2042,PJM_JC_US-NY,1.483355
2042,PJM_ME_US-PA,1.255624
2042,PJM_PE_US-DE,1.250119
2042,PJM_PE_US-MD,1.250119
2042,PJM_PE_US-NJ,1.250119
2042,PJM_PE_US-PA,1.250119
2042,PJM_PEP_US-DC,0.834878
2042,PJM_PEP_US-MD,0.834878
2042,PJM_PEP_US-VA,0.834878
2042,PJM_PL_US-MD,1.237282
2042,PJM_PL_US-PA,1.237282
2042,PJM_PN_US-MD,1.198705
2042,PJM_PN_US-PA,1.198705
2042,PJM_PS_US-NJ,1.574821
2042,PJM_PS_US-PA,1.574821
2042,PJM_RECO_US-NJ,3
2042,PNM_ACMA_US-NM,1
2042,PNM_CYGA_US-NM,1
2042,PNM_Frep_US-NM,1.190476
2042,PNM_Jica_US-NM,1.25
2042,PNM_KAFB_US-NM,1.140845
2042,PNM_KCEC_US-NM,1.126984
2042,PNM_LAC_US-NM,1.067416
2042,PNM_NTUA_US-NM,0
2042,PNM_PNM_US-NM,1.519105
2042,PNM_TSGT_US-AZ,0.712846
2042,PNM_TSGT_US-NM,0.712846
2042,PSCO_0_US-CO,1.706587
2042,PSCO_0_US-WY,1.706587
2042,PSEI_0_US-WA,1.922109
2042,SC_0_US-SC,1.260841
2042,SCEG_0_US-GA,1.196686
2042,SCEG_0_US-SC,1.196686
2042,SCL_0_US-WA,1.712161
2042,SEC_0_US-FL,1.066326
2042,SEPA_0_US-GA,1
2042,SEPA_0_US-SC,1
2042,SOCO_0_US-AL,1.291689
2042,SOCO_0_US-FL,1.291689
2042,SOCO_0_US-GA,1.291689
2042,SOCO_0_US-MS,1.291689
2042,SOCO_0_US-SC,1.291689
2042,SPA_0_US-AR,3.311111
2042,SPA_0_US-MO,3.311111
2042,SPA_0_US-OK,3.311111
2042,SPA_0_US-TX,3.311111
2042,SPC_0_CA-SK,0
2042,SRP_0_US-AZ,1.459512
2042,SWPP_CSWS_US-AR,1.31684
2042,SWPP_CSWS_US-LA,1.31684
2042,SWPP_CSWS_US-OK,1.31684
2042,SWPP_CSWS_US-TX,1.31684
2042,SWPP_EDE_US-AR,1.399348
2042,SWPP_EDE_US-KS,1.399348
2042,SWPP_EDE_US-MO,1.399348
2042,SWPP_EDE_US-OK,1.399348
2042,SWPP_GRDA_US-AR,0.86143
2042,SWPP_GRDA_US-KS,0.86143
2042,SWPP_GRDA_US-OK,0.86143
2042,SWPP_INDN_US-MO,1.317164
2042,SWPP_KACY_US-KS,1.262055
2042,SWPP_KCPL_US-KS,1.285192
2042,SWPP_KCPL_US-MO,1.285192
2042,SWPP_LES_US-NE,2.844941
2042,SWPP_MPS_US-MO,1.309661
2042,SWPP_NPPD_US-CO,1.955823
2042,SWPP_NPPD_US-NE,1.955823
2042,SWPP_NPPD_US-SD,1.955823
2042,SWPP_OKGE_US-AR,1.20858
2042,SWPP_OKGE_US-OK,1.20858
2042,SWPP_OKGE_US-TX,1.20858
2042,SWPP_OPPD_US-NE,2.844964
2042,SWPP_SECI_US-KS,1.473877
2042,SWPP_SPRM_US-MO,1.306878
2042,SWPP_SPS_US-CO,1.507945
2042,SWPP_SPS_US-KS,1.507945
2042,SWPP_SPS_US-NM,1.507945
2042,SWPP_SPS_US-OK,1.507945
2042,SWPP_SPS_US-TX,1.507945
2042,SWPP_WAUE_US-IA,1.207818
2042,SWPP_WAUE_US-MN,1.207818
2042,SWPP_WAUE_US-MT,1.207818
2042,SWPP_WAUE_US-ND,1.207818
2042,SWPP_WAUE_US-NE,1.207818
2042,SWPP_WAUE_US-SD,1.207818
2042,SWPP_WAUE_US-WY,1.207818
2042,SWPP_WFEC_US-KS,1.150428
2042,SWPP_WFEC_US-OK,1.150428
2042,SWPP_WFEC_US-TX,1.150428
2042,SWPP_WR_US-KS,0.973645
2042,SWPP_WR_US-MO,0.973645
2042,TAL_0_US-FL,1.290016
2042,TEC_0_US-FL,1.270234
2042,TEPC_0_MX-SON,1.41493
2042,TEPC_0_US-AZ,1.41493
2042,TEPC_0_US-NM,1.41493
2042,TIDC_0_US-CA,1.100443
2042,TPWR_0_US-WA,1.714876
2042,TVA_0_US-AL,1.306856
2042,TVA_0_US-GA,1.306856
2042,TVA_0_US-KY,1.306856
2042,TVA_0_US-MS,1.306856
2042,TVA_0_US-NC,1.306856
2042,TVA_0_US-TN,1.306856
2042,TVA_0_US-VA,1.306856
2042,WACM_0_US-AZ,2.03107
2042,WACM_0_US-CO,2.03107
2042,WACM_0_US-MT,2.03107
2042,WACM_0_US-NE,2.03107
2042,WACM_0_US-NM,2.03107
2042,WACM_0_US-SD,2.03107
2042,WACM_0_US-UT,2.03107
2042,WACM_0_US-WY,2.03107
2042,WALC_0_US-AZ,1.673258
2042,WALC_0_US-CA,1.673258
2042,WALC_0_US-NV,1.673258
2042,WAUW_0_US-MT,1.920213
2042,WWA_0_US-MT,1
2042,YAD_0_US-NC,1
2043,AEC_0_US-AL,0
2043,AEC_0_US-FL,0
2043,AECI_0_US-AR,0
2043,AECI_0_US-IA,0
2043,AECI_0_US-MO,0
2043,AECI_0_US-OK,0
2043,AESO_CENT_CA-AB,0
2043,AESO_CGY_CA-AB,0
2043,AESO_EDM_CA-AB,0
2043,AESO_NE_CA-AB,0
2043,AESO_NW_CA-AB,0
2043,AESO_NW_CA-BC,0
2043,AESO_SOUT_CA-AB,0
2043,AVA_0_US-ID,1.481497
2043,AVA_0_US-MT,1.481497
2043,AVA_0_US-OR,1.481497
2043,AVA_0_US-WA,1.481497
2043,AVRN_0_US-OR,1
2043,AVRN_0_US-WA,1
2043,AZPS_0_US-AZ,1.603794
2043,AZPS_0_US-CA,1.603794
2043,AZPS_0_US-NM,1.603794
2043,AZPS_0_US-NV,1.603794
2043,BANC_0_US-CA,1.31415
2043,BCHA_0_CA-BC,0
2043,BPAT_0_CA-BC,1.61464
2043,BPAT_0_US-CA,1.61464
2043,BPAT_0_US-ID,1.61464
2043,BPAT_0_US-MT,1.61464
2043,BPAT_0_US-OR,1.61464
2043,BPAT_0_US-WA,1.61464
2043,CEN_0_MX-COA,0
2043,CEN_0_MX-NLE,0
2043,CENB_0_MX-BCN,0
2043,CENB_0_MX-SON,0
2043,CHPD_0_US-WA,1.67551
2043,CISO_PGAE_US-CA,2.007006
2043,CISO_PGAE_US-OR,2.007006
2043,CISO_SCE_US-AZ,1.674182
2043,CISO_SCE_US-CA,1.674182
2043,CISO_SCE_US-NV,1.674182
2043,CISO_SDGE_MX-BCN,1.80346
2043,CISO_SDGE_US-AZ,1.80346
2043,CISO_SDGE_US-CA,1.80346
2043,CISO_VEA_US-NV,1.337748
2043,CPLE_0_US-NC,1.390048
2043,CPLE_0_US-SC,1.390048
2043,CPLW_0_US-NC,1.006972
2043,DEAA_0_US-AZ,1
2043,DOPD_0_US-WA,1.687366
2043,DUK_0_US-NC,1.345741
2043,DUK_0_US-SC,1.345741
2043,DUK_0_US-VA,1.345741
2043,EPE_0_US-NM,1.565789
2043,EPE_0_US-TX,1.565789
2043,ERCO_COAS_US-TX,1.553459
2043,ERCO_EAST_US-TX,2.258125
2043,ERCO_FWES_US-TX,1.507725
2043,ERCO_NCEN_US-TX,1.561127
2043,ERCO_NRTH_US-OK,1.713186
2043,ERCO_NRTH_US-TX,1.713186
2043,ERCO_SCEN_US-TX,1.640256
2043,ERCO_SOUT_US-TX,1.580916
2043,ERCO_WEST_US-TX,2.5795
2043,FMPP_0_US-FL,1.127006
2043,FPC_0_US-FL,1.078622
2043,FPL_0_US-FL,1.278189
2043,GCPD_0_US-WA,1.721225
2043,GLHB_0_US-IL,1
2043,GRID_0_US-NM,1
2043,GRID_0_US-OR,1
2043,GRID_0_US-WA,1
2043,GRIF_0_US-AZ,1
2043,GVL_0_US-FL,1.230088
2043,GWA_0_US-MT,1
2043,HGMA_0_US-AZ,1
2043,HQT_0_CA-NL,1
2043,HQT_0_CA-QC,1
2043,HST_0_US-FL,1.37931
2043,IESO_0_CA-ON,0
2043,IID_0_US-AZ,1.353928
2043,IID_0_US-CA,1.353928
2043,IPCO_0_US-ID,1.339316
2043,IPCO_0_US-NV,1.339316
2043,IPCO_0_US-OR,1.339316
2043,IPCO_0_US-UT,1.339316
2043,ISNE_4001_US-ME,1.422614
2043,ISNE_4002_US-ME,1.424045
2043,ISNE_4002_US-NH,1.424045
2043,ISNE_4002_US-VT,1.424045
2043,ISNE_4003_US-NH,1.778781
2043,ISNE_4003_US-NY,1.778781
2043,ISNE_4003_US-VT,1.778781
2043,ISNE_4004_US-CT,1.46952
2043,ISNE_4005_US-MA,1.426703
2043,ISNE_4005_US-RI,1.426703
2043,ISNE_4006_US-MA,1.63839
2043,ISNE_4006_US-RI,1.63839
2043,ISNE_4007_US-MA,1.631484
2043,ISNE_4007_US-NY,1.631484
2043,ISNE_4007_US-VT,1.631484
2043,ISNE_4008_US-MA,1.614176
2043,ISNE_4008_US-NH,1.614176
2043,JEA_0_US-FL,1.363672
2043,LDWP_0_US-AZ,1.303655
2043,LDWP_0_US-CA,1.303655
2043,LDWP_0_US-NV,1.303655
2043,LDWP_0_US-UT,1.303655
2043,LGEE_0_US-IN,1.178946
2043,LGEE_0_US-KY,1.178946
2043,LGEE_0_US-VA,1.178946
2043,MHEB_0_CA-MB,0
2043,MISO_01_US-IA,1.658305
2043,MISO_01_US-IL,1.658305
2043,MISO_01_US-MI,1.658305
2043,MISO_01_US-MN,1.658305
2043,MISO_01_US-MT,1.658305
2043,MISO_01_US-ND,1.658305
2043,MISO_01_US-SD,1.658305
2043,MISO_01_US-WI,1.658305
2043,MISO_02_US-IA,1.457143
2043,MISO_02_US-IL,1.457143
2043,MISO_02_US-MI,1.457143
2043,MISO_02_US-MN,1.457143
2043,MISO_02_US-WI,1.457143
2043,MISO_03_US-IA,1.723576
2043,MISO_03_US-IL,1.723576
2043,MISO_03_US-MN,1.723576
2043,MISO_03_US-MO,1.723576
2043,MISO_03_US-SD,1.723576
2043,MISO_04_US-IL,1.423476
2043,MISO_04_US-KY,1.423476
2043,MISO_04_US-MO,1.423476
2043,MISO_05_US-IA,1.269869
2043,MISO_05_US-IL,1.269869
2043,MISO_05_US-MO,1.269869
2043,MISO_06_US-IL,1.306562
2043,MISO_06_US-IN,1.306562
2043,MISO_06_US-KY,1.306562
2043,MISO_06_US-OH,1.306562
2043,MISO_07_US-MI,1.351892
2043,MISO_08_US-AR,1.236781
2043,MISO_08_US-MO,1.236781
2043,MISO_09_US-LA,1.292724
2043,MISO_09_US-TX,1.292724
2043,MISO_10_US-MS,1.292788
2043,MISO_10_US-TN,1.292788
2043,NBSO_0_CA-NB,5.692118
2043,NBSO_0_CA-PE,5.692118
2043,NBSO_0_US-ME,5.692118
2043,NEVP_0_US-CA,1.54697
2043,NEVP_0_US-NV,1.54697
2043,NEVP_0_US-OR,1.54697
2043,NSPI_0_CA-NS,5.692118
2043,NWMT_0_US-ID,1.485235
2043,NWMT_0_US-MT,1.485235
2043,NWMT_0_US-WY,1.485235
2043,NYIS_A_US-NY,1.392223
2043,NYIS_A_US-PA,1.392223
2043,NYIS_B_US-NY,1.375624
2043,NYIS_C_US-NY,1.376874
2043,NYIS_D_US-NY,1.353383
2043,NYIS_E_US-NY,1.369176
2043,NYIS_F_US-NY,1.363446
2043,NYIS_G_US-NJ,1.405893
2043,NYIS_G_US-NY,1.405893
2043,NYIS_G_US-PA,1.405893
2043,NYIS_H_US-NY,1.385401
2043,NYIS_I_US-NY,1.375
2043,NYIS_J_US-NJ,1.310791
2043,NYIS_J_US-NY,1.310791
2043,NYIS_K_US-NY,1.311389
2043,PACE_0_US-AZ,1.534936
2043,PACE_0_US-CO,1.534936
2043,PACE_0_US-ID,1.534936
2043,PACE_0_US-MT,1.534936
2043,PACE_0_US-NV,1.534936
2043,PACE_0_US-UT,1.534936
2043,PACE_0_US-WY,1.534936
2043,PACW_0_US-CA,1.465846
2043,PACW_0_US-OR,1.465846
2043,PACW_0_US-WA,1.465846
2043,PGE_0_US-OR,1.531872
2043,PGE_0_US-WA,1.531872
2043,PJM_AE_US-NJ,1.559252
2043,PJM_AEP_US-IN,1.323328
2043,PJM_AEP_US-KY,1.323328
2043,PJM_AEP_US-MI,1.323328
2043,PJM_AEP_US-OH,1.323328
2043,PJM_AEP_US-TN,1.323328
2043,PJM_AEP_US-VA,1.323328
2043,PJM_AEP_US-WV,1.323328
2043,PJM_AP_US-MD,1.436779
2043,PJM_AP_US-OH,1.436779
2043,PJM_AP_US-PA,1.436779
2043,PJM_AP_US-VA,1.436779
2043,PJM_AP_US-WV,1.436779
2043,PJM_ATSI_US-OH,1.303839
2043,PJM_ATSI_US-PA,1.303839
2043,PJM_BC_US-MD,1.6813
2043,PJM_CE_US-IL,1.437748
2043,PJM_CE_US-IN,1.437748
2043,PJM_DAY_US-OH,1.274112
2043,PJM_DEOK_US-KY,1.31171
2043,PJM_DEOK_US-OH,1.31171
2043,PJM_DOM_US-NC,1.813107
2043,PJM_DOM_US-VA,1.813107
2043,PJM_DOM_US-WV,1.813107
2043,PJM_DPL_US-DE,1.689924
2043,PJM_DPL_US-MD,1.689924
2043,PJM_DPL_US-NJ,1.689924
2043,PJM_DPL_US-PA,1.689924
2043,PJM_DPL_US-VA,1.689924
2043,PJM_DUQ_US-PA,1.290381
2043,PJM_EKPC_US-KY,1.244382
2043,PJM_JC_US-NJ,1.506364
2043,PJM_JC_US-NY,1.506364
2043,PJM_ME_US-PA,1.267036
2043,PJM_PE_US-DE,1.261396
2043,PJM_PE_US-MD,1.261396
2043,PJM_PE_US-NJ,1.261396
2043,PJM_PE_US-PA,1.261396
2043,PJM_PEP_US-DC,0.846167
2043,PJM_PEP_US-MD,0.846167
2043,PJM_PEP_US-VA,0.846167
2043,PJM_PL_US-MD,1.2485
2043,PJM_PL_US-PA,1.2485
2043,PJM_PN_US-MD,1.209611
2043,PJM_PN_US-PA,1.209611
2043,PJM_PS_US-NJ,1.599364
2043,PJM_PS_US-PA,1.599364
2043,PJM_RECO_US-NJ,3.047297
2043,PNM_ACMA_US-NM,1
2043,PNM_CYGA_US-NM,1
2043,PNM_Frep_US-NM,1.214286
2043,PNM_Jica_US-NM,1.25
2043,PNM_KAFB_US-NM,1.15493
2043,PNM_KCEC_US-NM,1.15873
2043,PNM_LAC_US-NM,1.089888
2043,PNM_NTUA_US-NM,0
2043,PNM_PNM_US-NM,1.54342
2043,PNM_TSGT_US-AZ,0.725441
2043,PNM_TSGT_US-NM,0.725441
2043,PSCO_0_US-CO,1.731554
2043,PSCO_0_US-WY,1.731554
2043,PSEI_0_US-WA,1.945277
2043,SC_0_US-SC,1.274865
2043,SCEG_0_US-GA,1.209813
2043,SCEG_0_US-SC,1.209813
2043,SCL_0_US-WA,1.732873
2043,SEC_0_US-FL,1.078622
2043,SEPA_0_US-GA,1
2043,SEPA_0_US-SC,1
2043,SOCO_0_US-AL,1.307397
2043,SOCO_0_US-FL,1.307397
2043,SOCO_0_US-GA,1.307397
2043,SOCO_0_US-MS,1.307397
2043,SOCO_0_US-SC,1.307397
2043,SPA_0_US-AR,3.35
2043,SPA_0_US-MO,3.35
2043,SPA_0_US-OK,3.35
2043,SPA_0_US-TX,3.35
2043,SPC_0_CA-SK,0
2043,SRP_0_US-AZ,1.479463
2043,SWPP_CSWS_US-AR,1.333859
2043,SWPP_CSWS_US-LA,1.333859
2043,SWPP_CSWS_US-OK,1.333859
2043,SWPP_CSWS_US-TX,1.333859
2043,SWPP_EDE_US-AR,1.417278
2043,SWPP_EDE_US-KS,1.417278
2043,SWPP_EDE_US-MO,1.417278
2043,SWPP_EDE_US-OK,1.417278
2043,SWPP_GRDA_US-AR,0.872904
2043,SWPP_GRDA_US-KS,0.872904
2043,SWPP_GRDA_US-OK,0.872904
2043,SWPP_INDN_US-MO,1.335821
2043,SWPP_KACY_US-KS,1.27673
2043,SWPP_KCPL_US-KS,1.300927
2043,SWPP_KCPL_US-MO,1.300927
2043,SWPP_LES_US-NE,2.95795
2043,SWPP_MPS_US-MO,1.326893
2043,SWPP_NPPD_US-CO,2.033467
2043,SWPP_NPPD_US-NE,2.033467
2043,SWPP_NPPD_US-SD,2.033467
2043,SWPP_OKGE_US-AR,1.225
2043,SWPP_OKGE_US-OK,1.225
2043,SWPP_OKGE_US-TX,1.225
2043,SWPP_OPPD_US-NE,2.957752
2043,SWPP_SECI_US-KS,1.489459
2043,SWPP_SPRM_US-MO,1.324074
2043,SWPP_SPS_US-CO,1.530046
2043,SWPP_SPS_US-KS,1.530046
2043,SWPP_SPS_US-NM,1.530046
2043,SWPP_SPS_US-OK,1.530046
2043,SWPP_SPS_US-TX,1.530046
2043,SWPP_WAUE_US-IA,1.238532
2043,SWPP_WAUE_US-MN,1.238532
2043,SWPP_WAUE_US-MT,1.238532
2043,SWPP_WAUE_US-ND,1.238532
2043,SWPP_WAUE_US-NE,1.238532
2043,SWPP_WAUE_US-SD,1.238532
2043,SWPP_WAUE_US-WY,1.238532
2043,SWPP_WFEC_US-KS,1.166488
2043,SWPP_WFEC_US-OK,1.166488
2043,SWPP_WFEC_US-TX,1.166488
2043,SWPP_WR_US-KS,0.984217
2043,SWPP_WR_US-MO,0.984217
2043,TAL_0_US-FL,1.305864
2043,TEC_0_US-FL,1.28495
2043,TEPC_0_MX-SON,1.434319
2043,TEPC_0_US-AZ,1.434319
2043,TEPC_0_US-NM,1.434319
2043,TIDC_0_US-CA,1.118168
2043,TPWR_0_US-WA,1.735537
2043,TVA_0_US-AL,1.321786
2043,TVA_0_US-GA,1.321786
2043,TVA_0_US-KY,1.321786
2043,TVA_0_US-MS,1.321786
2043,TVA_0_US-NC,1.321786
2043,TVA_0_US-TN,1.321786
2043,TVA_0_US-VA,1.321786
2043,WACM_0_US-AZ,2.069953
2043,WACM_0_US-CO,2.069953
2043,WACM_0_US-MT,2.069953
2043,WACM_0_US-NE,2.069953
2043,WACM_0_US-NM,2.069953
2043,WACM_0_US-SD,2.069953
2043,WACM_0_US-UT,2.069953
2043,WACM_0_US-WY,2.069953
2043,WALC_0_US-AZ,1.697479
2043,WALC_0_US-CA,1.697479
2043,WALC_0_US-NV,1.697479
2043,WAUW_0_US-MT,1.952128
2043,WWA_0_US-MT,1
2043,YAD_0_US-NC,1
2044,AEC_0_US-AL,0
2044,AEC_0_US-FL,0
2044,AECI_0_US-AR,0
2044,AECI_0_US-IA,0
2044,AECI_0_US-MO,0
2044,AECI_0_US-OK,0
2044,AESO_CENT_CA-AB,0
2044,AESO_CGY_CA-AB,0
2044,AESO_EDM_CA-AB,0
2044,AESO_NE_CA-AB,0
2044,AESO_NW_CA-AB,0
2044,AESO_NW_CA-BC,0
2044,AESO_SOUT_CA-AB,0
2044,AVA_0_US-ID,1.5
2044,AVA_0_US-MT,1.5
2044,AVA_0_US-OR,1.5
2044,AVA_0_US-WA,1.5
2044,AVRN_0_US-OR,1
2044,AVRN_0_US-WA,1
2044,AZPS_0_US-AZ,1.625871
2044,AZPS_0_US-CA,1.625871
2044,AZPS_0_US-NM,1.625871
2044,AZPS_0_US-NV,1.625871
2044,BANC_0_US-CA,1.335797
2044,BCHA_0_CA-BC,0
2044,BPAT_0_CA-BC,1.635088
2044,BPAT_0_US-CA,1.635088
2044,BPAT_0_US-ID,1.635088
2044,BPAT_0_US-MT,1.635088
2044,BPAT_0_US-OR,1.635088
2044,BPAT_0_US-WA,1.635088
2044,CEN_0_MX-COA,0
2044,CEN_0_MX-NLE,0
2044,CENB_0_MX-BCN,0
2044,CENB_0_MX-SON,0
2044,CHPD_0_US-WA,1.695918
2044,CISO_PGAE_US-CA,2.040132
2044,CISO_PGAE_US-OR,2.040132
2044,CISO_SCE_US-AZ,1.701808
2044,CISO_SCE_US-CA,1.701808
2044,CISO_SCE_US-NV,1.701808
2044,CISO_SDGE_MX-BCN,1.833198
2044,CISO_SDGE_US-AZ,1.833198
2044,CISO_SDGE_US-CA,1.833198
2044,CISO_VEA_US-NV,1.357616
2044,CPLE_0_US-NC,1.406744
2044,CPLE_0_US-SC,1.406744
2044,CPLW_0_US-NC,1.01992
2044,DEAA_0_US-AZ,1
2044,DOPD_0_US-WA,1.706638
2044,DUK_0_US-NC,1.361694
2044,DUK_0_US-SC,1.361694
2044,DUK_0_US-VA,1.361694
2044,EPE_0_US-NM,1.588694
2044,EPE_0_US-TX,1.588694
2044,ERCO_COAS_US-TX,1.575266
2044,ERCO_EAST_US-TX,2.289792
2044,ERCO_FWES_US-TX,1.528889
2044,ERCO_NCEN_US-TX,1.583016
2044,ERCO_NRTH_US-OK,1.736766
2044,ERCO_NRTH_US-TX,1.736766
2044,ERCO_SCEN_US-TX,1.663205
2044,ERCO_SOUT_US-TX,1.603164
2044,ERCO_WEST_US-TX,2.6155
2044,FMPP_0_US-FL,1.14006
2044,FPC_0_US-FL,1.09109
2044,FPL_0_US-FL,1.292927
2044,GCPD_0_US-WA,1.741288
2044,GLHB_0_US-IL,1
2044,GRID_0_US-NM,1
2044,GRID_0_US-OR,1
2044,GRID_0_US-WA,1
2044,GRIF_0_US-AZ,1
2044,GVL_0_US-FL,1.244248
2044,GWA_0_US-MT,1
2044,HGMA_0_US-AZ,1
2044,HQT_0_CA-NL,1
2044,HQT_0_CA-QC,1
2044,HST_0_US-FL,1.396552
2044,IESO_0_CA-ON,0
2044,IID_0_US-AZ,1.375993
2044,IID_0_US-CA,1.375993
2044,IPCO_0_US-ID,1.356774
2044,IPCO_0_US-NV,1.356774
2044,IPCO_0_US-OR,1.356774
2044,IPCO_0_US-UT,1.356774
2044,ISNE_4001_US-ME,1.44497
2044,ISNE_4002_US-ME,1.443948
2044,ISNE_4002_US-NH,1.443948
2044,ISNE_4002_US-VT,1.443948
2044,ISNE_4003_US-NH,1.808126
2044,ISNE_4003_US-NY,1.808126
2044,ISNE_4003_US-VT,1.808126
2044,ISNE_4004_US-CT,1.48553
2044,ISNE_4005_US-MA,1.444687
2044,ISNE_4005_US-RI,1.444687
2044,ISNE_4006_US-MA,1.663289
2044,ISNE_4006_US-RI,1.663289
2044,ISNE_4007_US-MA,1.656514
2044,ISNE_4007_US-NY,1.656514
2044,ISNE_4007_US-VT,1.656514
2044,ISNE_4008_US-MA,1.638889
2044,ISNE_4008_US-NH,1.638889
2044,JEA_0_US-FL,1.379551
2044,LDWP_0_US-AZ,1.325009
2044,LDWP_0_US-CA,1.325009
2044,LDWP_0_US-NV,1.325009
2044,LDWP_0_US-UT,1.325009
2044,LGEE_0_US-IN,1.191388
2044,LGEE_0_US-KY,1.191388
2044,LGEE_0_US-VA,1.191388
2044,MHEB_0_CA-MB,0
2044,MISO_01_US-IA,1.691526
2044,MISO_01_US-IL,1.691526
2044,MISO_01_US-MI,1.691526
2044,MISO_01_US-MN,1.691526
2044,MISO_01_US-MT,1.691526
2044,MISO_01_US-ND,1.691526
2044,MISO_01_US-SD,1.691526
2044,MISO_01_US-WI,1.691526
2044,MISO_02_US-IA,1.473551
2044,MISO_02_US-IL,1.473551
2044,MISO_02_US-MI,1.473551
2044,MISO_02_US-MN,1.473551
2044,MISO_02_US-WI,1.473551
2044,MISO_03_US-IA,1.76232
2044,MISO_03_US-IL,1.76232
2044,MISO_03_US-MN,1.76232
2044,MISO_03_US-MO,1.76232
2044,MISO_03_US-SD,1.76232
2044,MISO_04_US-IL,1.436343
2044,MISO_04_US-KY,1.436343
2044,MISO_04_US-MO,1.436343
2044,MISO_05_US-IA,1.286312
2044,MISO_05_US-IL,1.286312
2044,MISO_05_US-MO,1.286312
2044,MISO_06_US-IL,1.319928
2044,MISO_06_US-IN,1.319928
2044,MISO_06_US-KY,1.319928
2044,MISO_06_US-OH,1.319928
2044,MISO_07_US-MI,1.366162
2044,MISO_08_US-AR,1.251242
2044,MISO_08_US-MO,1.251242
2044,MISO_09_US-LA,1.306412
2044,MISO_09_US-TX,1.306412
2044,MISO_10_US-MS,1.308024
2044,MISO_10_US-TN,1.308024
2044,NBSO_0_CA-NB,5.779557
2044,NBSO_0_CA-PE,5.779557
2044,NBSO_0_US-ME,5.779557
2044,NEVP_0_US-CA,1.565673
2044,NEVP_0_US-NV,1.565673
2044,NEVP_0_US-OR,1.565673
2044,NSPI_0_CA-NS,5.779557
2044,NWMT_0_US-ID,1.51039
2044,NWMT_0_US-MT,1.51039
2044,NWMT_0_US-WY,1.51039
2044,NYIS_A_US-NY,1.409966
2044,NYIS_A_US-PA,1.409966
2044,NYIS_B_US-NY,1.393606
2044,NYIS_C_US-NY,1.394361
2044,NYIS_D_US-NY,1.370927
2044,NYIS_E_US-NY,1.38638
2044,NYIS_F_US-NY,1.381012
2044,NYIS_G_US-NJ,1.423923
2044,NYIS_G_US-NY,1.423923
2044,NYIS_G_US-PA,1.423923
2044,NYIS_H_US-NY,1.40292
2044,NYIS_I_US-NY,1.392655
2044,NYIS_J_US-NJ,1.327601
2044,NYIS_J_US-NY,1.327601
2044,NYIS_K_US-NY,1.327994
2044,PACE_0_US-AZ,1.558332
2044,PACE_0_US-CO,1.558332
2044,PACE_0_US-ID,1.558332
2044,PACE_0_US-MT,1.558332
2044,PACE_0_US-NV,1.558332
2044,PACE_0_US-UT,1.558332
2044,PACE_0_US-WY,1.558332
2044,PACW_0_US-CA,1.48531
2044,PACW_0_US-OR,1.48531
2044,PACW_0_US-WA,1.48531
2044,PGE_0_US-OR,1.552673
2044,PGE_0_US-WA,1.552673
2044,PJM_AE_US-NJ,1.583551
2044,PJM_AEP_US-IN,1.336179
2044,PJM_AEP_US-KY,1.336179
2044,PJM_AEP_US-MI,1.336179
2044,PJM_AEP_US-OH,1.336179
2044,PJM_AEP_US-TN,1.336179
2044,PJM_AEP_US-VA,1.336179
2044,PJM_AEP_US-WV,1.336179
2044,PJM_AP_US-MD,1.450976
2044,PJM_AP_US-OH,1.450976
2044,PJM_AP_US-PA,1.450976
2044,PJM_AP_US-VA,1.450976
2044,PJM_AP_US-WV,1.450976
2044,PJM_ATSI_US-OH,1.315848
2044,PJM_ATSI_US-PA,1.315848
2044,PJM_BC_US-MD,1.704238
2044,PJM_CE_US-IL,1.450717
2044,PJM_CE_US-IN,1.450717
2044,PJM_DAY_US-OH,1.285757
2044,PJM_DEOK_US-KY,1.323968
2044,PJM_DEOK_US-OH,1.323968
2044,PJM_DOM_US-NC,1.833504
2044,PJM_DOM_US-VA,1.833504
2044,PJM_DOM_US-WV,1.833504
2044,PJM_DPL_US-DE,1.712091
2044,PJM_DPL_US-MD,1.712091
2044,PJM_DPL_US-NJ,1.712091
2044,PJM_DPL_US-PA,1.712091
2044,PJM_DPL_US-VA,1.712091
2044,PJM_DUQ_US-PA,1.301996
2044,PJM_EKPC_US-KY,1.257374
2044,PJM_JC_US-NJ,1.529863
2044,PJM_JC_US-NY,1.529863
2044,PJM_ME_US-PA,1.278448
2044,PJM_PE_US-DE,1.272911
2044,PJM_PE_US-MD,1.272911
2044,PJM_PE_US-NJ,1.272911
2044,PJM_PE_US-PA,1.272911
2044,PJM_PEP_US-DC,0.857793
2044,PJM_PEP_US-MD,0.857793
2044,PJM_PEP_US-VA,0.857793
2044,PJM_PL_US-MD,1.259718
2044,PJM_PL_US-PA,1.259718
2044,PJM_PN_US-MD,1.220518
2044,PJM_PN_US-PA,1.220518
2044,PJM_PS_US-NJ,1.624205
2044,PJM_PS_US-PA,1.624205
2044,PJM_RECO_US-NJ,3.094595
2044,PNM_ACMA_US-NM,1
2044,PNM_CYGA_US-NM,1
2044,PNM_Frep_US-NM,1.22619
2044,PNM_Jica_US-NM,1.25
2044,PNM_KAFB_US-NM,1.183099
2044,PNM_KCEC_US-NM,1.174603
2044,PNM_LAC_US-NM,1.101124
2044,PNM_NTUA_US-NM,0
2044,PNM_PNM_US-NM,1.568506
2044,PNM_TSGT_US-AZ,0.735516
2044,PNM_TSGT_US-NM,0.735516
2044,PSCO_0_US-CO,1.756724
2044,PSCO_0_US-WY,1.756724
2044,PSEI_0_US-WA,1.968644
2044,SC_0_US-SC,1.289105
2044,SCEG_0_US-GA,1.22337
2044,SCEG_0_US-SC,1.22337
2044,SCL_0_US-WA,1.753585
2044,SEC_0_US-FL,1.09109
2044,SEPA_0_US-GA,1
2044,SEPA_0_US-SC,1
2044,SOCO_0_US-AL,1.323305
2044,SOCO_0_US-FL,1.323305
2044,SOCO_0_US-GA,1.323305
2044,SOCO_0_US-MS,1.323305
2044,SOCO_0_US-SC,1.323305
2044,SPA_0_US-AR,3.388889
2044,SPA_0_US-MO,3.388889
2044,SPA_0_US-OK,3.388889
2044,SPA_0_US-TX,3.388889
2044,SPC_0_CA-SK,0
2044,SRP_0_US-AZ,1.499674
2044,SWPP_CSWS_US-AR,1.350982
2044,SWPP_CSWS_US-LA,1.350982
2044,SWPP_CSWS_US-OK,1.350982
2044,SWPP_CSWS_US-TX,1.350982
2044,SWPP_EDE_US-AR,1.435208
2044,SWPP_EDE_US-KS,1.435208
2044,SWPP_EDE_US-MO,1.435208
2044,SWPP_EDE_US-OK,1.435208
2044,SWPP_GRDA_US-AR,0.88526
2044,SWPP_GRDA_US-KS,0.88526
2044,SWPP_GRDA_US-OK,0.88526
2044,SWPP_INDN_US-MO,1.350746
2044,SWPP_KACY_US-KS,1.289308
2044,SWPP_KCPL_US-KS,1.316381
2044,SWPP_KCPL_US-MO,1.316381
2044,SWPP_LES_US-NE,3.074901
2044,SWPP_MPS_US-MO,1.344125
2044,SWPP_NPPD_US-CO,2.114056
2044,SWPP_NPPD_US-NE,2.114056
2044,SWPP_NPPD_US-SD,2.114056
2044,SWPP_OKGE_US-AR,1.241716
2044,SWPP_OKGE_US-OK,1.241716
2044,SWPP_OKGE_US-TX,1.241716
2044,SWPP_OPPD_US-NE,3.075066
2044,SWPP_SECI_US-KS,1.505958
2044,SWPP_SPRM_US-MO,1.34127
2044,SWPP_SPS_US-CO,1.552511
2044,SWPP_SPS_US-KS,1.552511
2044,SWPP_SPS_US-NM,1.552511
2044,SWPP_SPS_US-OK,1.552511
2044,SWPP_SPS_US-TX,1.552511
2044,SWPP_WAUE_US-IA,1.270044
2044,SWPP_WAUE_US-MN,1.270044
2044,SWPP_WAUE_US-MT,1.270044
2044,SWPP_WAUE_US-ND,1.270044
2044,SWPP_WAUE_US-NE,1.270044
2044,SWPP_WAUE_US-SD,1.270044
2044,SWPP_WAUE_US-WY,1.270044
2044,SWPP_WFEC_US-KS,1.182548
2044,SWPP_WFEC_US-OK,1.182548
2044,SWPP_WFEC_US-TX,1.182548
2044,SWPP_WR_US-KS,0.994937
2044,SWPP_WR_US-MO,0.994937
2044,TAL_0_US-FL,1.320127
2044,TEC_0_US-FL,1.299666
2044,TEPC_0_MX-SON,1.454193
2044,TEPC_0_US-AZ,1.454193
2044,TEPC_0_US-NM,1.454193
2044,TIDC_0_US-CA,1.135894
2044,TPWR_0_US-WA,1.757231
2044,TVA_0_US-AL,1.336882
2044,TVA_0_US-GA,1.336882
2044,TVA_0_US-KY,1.336882
2044,TVA_0_US-MS,1.336882
2044,TVA_0_US-NC,1.336882
2044,TVA_0_US-TN,1.336882
2044,TVA_0_US-VA,1.336882
2044,WACM_0_US-AZ,2.109581
2044,WACM_0_US-CO,2.109581
2044,WACM_0_US-MT,2.109581
2044,WACM_0_US-NE,2.109581
2044,WACM_0_US-NM,2.109581
2044,WACM_0_US-SD,2.109581
2044,WACM_0_US-UT,2.109581
2044,WACM_0_US-WY,2.109581
2044,WALC_0_US-AZ,1.722195
2044,WALC_0_US-CA,1.722195
2044,WALC_0_US-NV,1.722195
2044,WAUW_0_US-MT,1.984043
2044,WWA_0_US-MT,1
2044,YAD_0_US-NC,1
2045,AEC_0_US-AL,0
2045,AEC_0_US-FL,0
2045,AECI_0_US-AR,0
2045,AECI_0_US-IA,0
2045,AECI_0_US-MO,0
2045,AECI_0_US-OK,0
2045,AESO_CENT_CA-AB,0
2045,AESO_CGY_CA-AB,0
2045,AESO_EDM_CA-AB,0
2045,AESO_NE_CA-AB,0
2045,AESO_NW_CA-AB,0
2045,AESO_NW_CA-BC,0
2045,AESO_SOUT_CA-AB,0
2045,AVA_0_US-ID,1.518503
2045,AVA_0_US-MT,1.518503
2045,AVA_0_US-OR,1.518503
2045,AVA_0_US-WA,1.518503
2045,AVRN_0_US-OR,1
2045,AVRN_0_US-WA,1
2045,AZPS_0_US-AZ,1.648162
2045,AZPS_0_US-CA,1.648162
2045,AZPS_0_US-NM,1.648162
2045,AZPS_0_US-NV,1.648162
2045,BANC_0_US-CA,1.357797
2045,BCHA_0_CA-BC,0
2045,BPAT_0_CA-BC,1.655734
2045,BPAT_0_US-CA,1.655734
2045,BPAT_0_US-ID,1.655734
2045,BPAT_0_US-MT,1.655734
2045,BPAT_0_US-OR,1.655734
2045,BPAT_0_US-WA,1.655734
2045,CEN_0_MX-COA,0
2045,CEN_0_MX-NLE,0
2045,CENB_0_MX-BCN,0
2045,CENB_0_MX-SON,0
2045,CHPD_0_US-WA,1.716327
2045,CISO_PGAE_US-CA,2.073759
2045,CISO_PGAE_US-OR,2.073759
2045,CISO_SCE_US-AZ,1.729852
2045,CISO_SCE_US-CA,1.729852
2045,CISO_SCE_US-NV,1.729852
2045,CISO_SDGE_MX-BCN,1.863477
2045,CISO_SDGE_US-AZ,1.863477
2045,CISO_SDGE_US-CA,1.863477
2045,CISO_VEA_US-NV,1.370861
2045,CPLE_0_US-NC,1.423603
2045,CPLE_0_US-SC,1.423603
2045,CPLW_0_US-NC,1.031873
2045,DEAA_0_US-AZ,1
2045,DOPD_0_US-WA,1.728051
2045,DUK_0_US-NC,1.377843
2045,DUK_0_US-SC,1.377843
2045,DUK_0_US-VA,1.377843
2045,EPE_0_US-NM,1.611598
2045,EPE_0_US-TX,1.611598
2045,ERCO_COAS_US-TX,1.597314
2045,ERCO_EAST_US-TX,2.321875
2045,ERCO_FWES_US-TX,1.550265
2045,ERCO_NCEN_US-TX,1.605177
2045,ERCO_NRTH_US-OK,1.761309
2045,ERCO_NRTH_US-TX,1.761309
2045,ERCO_SCEN_US-TX,1.686531
2045,ERCO_SOUT_US-TX,1.625577
2045,ERCO_WEST_US-TX,2.65225
2045,FMPP_0_US-FL,1.153114
2045,FPC_0_US-FL,1.103645
2045,FPL_0_US-FL,1.307826
2045,GCPD_0_US-WA,1.762408
2045,GLHB_0_US-IL,1
2045,GRID_0_US-NM,1
2045,GRID_0_US-OR,1
2045,GRID_0_US-WA,1
2045,GRIF_0_US-AZ,1
2045,GVL_0_US-FL,1.258407
2045,GWA_0_US-MT,1
2045,HGMA_0_US-AZ,1
2045,HQT_0_CA-NL,1
2045,HQT_0_CA-QC,1
2045,HST_0_US-FL,1.413793
2045,IESO_0_CA-ON,0
2045,IID_0_US-AZ,1.398941
2045,IID_0_US-CA,1.398941
2045,IPCO_0_US-ID,1.374478
2045,IPCO_0_US-NV,1.374478
2045,IPCO_0_US-OR,1.374478
2045,IPCO_0_US-UT,1.374478
2045,ISNE_4001_US-ME,1.467326
2045,ISNE_4002_US-ME,1.463851
2045,ISNE_4002_US-NH,1.463851
2045,ISNE_4002_US-VT,1.463851
2045,ISNE_4003_US-NH,1.837472
2045,ISNE_4003_US-NY,1.837472
2045,ISNE_4003_US-VT,1.837472
2045,ISNE_4004_US-CT,1.501847
2045,ISNE_4005_US-MA,1.463215
2045,ISNE_4005_US-RI,1.463215
2045,ISNE_4006_US-MA,1.688767
2045,ISNE_4006_US-RI,1.688767
2045,ISNE_4007_US-MA,1.681846
2045,ISNE_4007_US-NY,1.681846
2045,ISNE_4007_US-VT,1.681846
2045,ISNE_4008_US-MA,1.663793
2045,ISNE_4008_US-NH,1.663793
2045,JEA_0_US-FL,1.39543
2045,LDWP_0_US-AZ,1.346906
2045,LDWP_0_US-CA,1.346906
2045,LDWP_0_US-NV,1.346906
2045,LDWP_0_US-UT,1.346906
2045,LGEE_0_US-IN,1.20397
2045,LGEE_0_US-KY,1.20397
2045,LGEE_0_US-VA,1.20397
2045,MHEB_0_CA-MB,0
2045,MISO_01_US-IA,1.725421
2045,MISO_01_US-IL,1.725421
2045,MISO_01_US-MI,1.725421
2045,MISO_01_US-MN,1.725421
2045,MISO_01_US-MT,1.725421
2045,MISO_01_US-ND,1.725421
2045,MISO_01_US-SD,1.725421
2045,MISO_01_US-WI,1.725421
2045,MISO_02_US-IA,1.490204
2045,MISO_02_US-IL,1.490204
2045,MISO_02_US-MI,1.490204
2045,MISO_02_US-MN,1.490204
2045,MISO_02_US-WI,1.490204
2045,MISO_03_US-IA,1.801809
2045,MISO_03_US-IL,1.801809
2045,MISO_03_US-MN,1.801809
2045,MISO_03_US-MO,1.801809
2045,MISO_03_US-SD,1.801809
2045,MISO_04_US-IL,1.449323
2045,MISO_04_US-KY,1.449323
2045,MISO_04_US-MO,1.449323
2045,MISO_05_US-IA,1.303043
2045,MISO_05_US-IL,1.303043
2045,MISO_05_US-MO,1.303043
2045,MISO_06_US-IL,1.333353
2045,MISO_06_US-IN,1.333353
2045,MISO_06_US-KY,1.333353
2045,MISO_06_US-OH,1.333353
2045,MISO_07_US-MI,1.380595
2045,MISO_08_US-AR,1.265849
2045,MISO_08_US-MO,1.265849
2045,MISO_09_US-LA,1.320293
2045,MISO_09_US-TX,1.320293
2045,MISO_10_US-MS,1.323261
2045,MISO_10_US-TN,1.323261
2045,NBSO_0_CA-NB,5.869458
2045,NBSO_0_CA-PE,5.869458
2045,NBSO_0_US-ME,5.869458
2045,NEVP_0_US-CA,1.584696
2045,NEVP_0_US-NV,1.584696
2045,NEVP_0_US-OR,1.584696
2045,NSPI_0_CA-NS,5.869458
2045,NWMT_0_US-ID,1.536274
2045,NWMT_0_US-MT,1.536274
2045,NWMT_0_US-WY,1.536274
2045,NYIS_A_US-NY,1.428086
2045,NYIS_A_US-PA,1.428086
2045,NYIS_B_US-NY,1.411089
2045,NYIS_C_US-NY,1.412206
2045,NYIS_D_US-NY,1.388471
2045,NYIS_E_US-NY,1.404301
2045,NYIS_F_US-NY,1.398578
2045,NYIS_G_US-NJ,1.441953
2045,NYIS_G_US-NY,1.441953
2045,NYIS_G_US-PA,1.441953
2045,NYIS_H_US-NY,1.420438
2045,NYIS_I_US-NY,1.410311
2045,NYIS_J_US-NJ,1.344508
2045,NYIS_J_US-NY,1.344508
2045,NYIS_K_US-NY,1.344989
2045,PACE_0_US-AZ,1.582126
2045,PACE_0_US-CO,1.582126
2045,PACE_0_US-ID,1.582126
2045,PACE_0_US-MT,1.582126
2045,PACE_0_US-NV,1.582126
2045,PACE_0_US-UT,1.582126
2045,PACE_0_US-WY,1.582126
2045,PACW_0_US-CA,1.505141
2045,PACW_0_US-OR,1.505141
2045,PACW_0_US-WA,1.505141
2045,PGE_0_US-OR,1.573697
2045,PGE_0_US-WA,1.573697
2045,PJM_AE_US-NJ,1.608224
2045,PJM_AEP_US-IN,1.349167
2045,PJM_AEP_US-KY,1.349167
2045,PJM_AEP_US-MI,1.349167
2045,PJM_AEP_US-OH,1.349167
2045,PJM_AEP_US-TN,1.349167
2045,PJM_AEP_US-VA,1.349167
2045,PJM_AEP_US-WV,1.349167
2045,PJM_AP_US-MD,1.465395
2045,PJM_AP_US-OH,1.465395
2045,PJM_AP_US-PA,1.465395
2045,PJM_AP_US-VA,1.465395
2045,PJM_AP_US-WV,1.465395
2045,PJM_ATSI_US-OH,1.327935
2045,PJM_ATSI_US-PA,1.327935
2045,PJM_BC_US-MD,1.72748
2045,PJM_CE_US-IL,1.463828
2045,PJM_CE_US-IN,1.463828
2045,PJM_DAY_US-OH,1.297701
2045,PJM_DEOK_US-KY,1.336413
2045,PJM_DEOK_US-OH,1.336413
2045,PJM_DOM_US-NC,1.854097
2045,PJM_DOM_US-VA,1.854097
2045,PJM_DOM_US-WV,1.854097
2045,PJM_DPL_US-DE,1.734509
2045,PJM_DPL_US-MD,1.734509
2045,PJM_DPL_US-NJ,1.734509
2045,PJM_DPL_US-PA,1.734509
2045,PJM_DPL_US-VA,1.734509
2045,PJM_DUQ_US-PA,1.313975
2045,PJM_EKPC_US-KY,1.270716
2045,PJM_JC_US-NJ,1.553688
2045,PJM_JC_US-NY,1.553688
2045,PJM_ME_US-PA,1.290186
2045,PJM_PE_US-DE,1.284425
2045,PJM_PE_US-MD,1.284425
2045,PJM_PE_US-NJ,1.284425
2045,PJM_PE_US-PA,1.284425
2045,PJM_PEP_US-DC,0.869419
2045,PJM_PEP_US-MD,0.869419
2045,PJM_PEP_US-VA,0.869419
2045,PJM_PL_US-MD,1.271197
2045,PJM_PL_US-PA,1.271197
2045,PJM_PN_US-MD,1.231766
2045,PJM_PN_US-PA,1.231766
2045,PJM_PS_US-NJ,1.649543
2045,PJM_PS_US-PA,1.649543
2045,PJM_RECO_US-NJ,3.141892
2045,PNM_ACMA_US-NM,1
2045,PNM_CYGA_US-NM,1
2045,PNM_Frep_US-NM,1.25
2045,PNM_Jica_US-NM,1.25
2045,PNM_KAFB_US-NM,1.197183
2045,PNM_KCEC_US-NM,1.190476
2045,PNM_LAC_US-NM,1.123596
2045,PNM_NTUA_US-NM,0
2045,PNM_PNM_US-NM,1.593979
2045,PNM_TSGT_US-AZ,0.748111
2045,PNM_TSGT_US-NM,0.748111
2045,PSCO_0_US-CO,1.782401
2045,PSCO_0_US-WY,1.782401
2045,PSEI_0_US-WA,1.992211
2045,SC_0_US-SC,1.303344
2045,SCEG_0_US-GA,1.236927
2045,SCEG_0_US-SC,1.236927
2045,SCL_0_US-WA,1.774827
2045,SEC_0_US-FL,1.103645
2045,SEPA_0_US-GA,1
2045,SEPA_0_US-SC,1
2045,SOCO_0_US-AL,1.339412
2045,SOCO_0_US-FL,1.339412
2045,SOCO_0_US-GA,1.339412
2045,SOCO_0_US-MS,1.339412
2045,SOCO_0_US-SC,1.339412
2045,SPA_0_US-AR,3.433333
2045,SPA_0_US-MO,3.433333
2045,SPA_0_US-OK,3.433333
2045,SPA_0_US-TX,3.433333
2045,SPC_0_CA-SK,0
2045,SRP_0_US-AZ,1.520276
2045,SWPP_CSWS_US-AR,1.368421
2045,SWPP_CSWS_US-LA,1.368421
2045,SWPP_CSWS_US-OK,1.368421
2045,SWPP_CSWS_US-TX,1.368421
2045,SWPP_EDE_US-AR,1.453953
2045,SWPP_EDE_US-KS,1.453953
2045,SWPP_EDE_US-MO,1.453953
2045,SWPP_EDE_US-OK,1.453953
2045,SWPP_GRDA_US-AR,0.897617
2045,SWPP_GRDA_US-KS,0.897617
2045,SWPP_GRDA_US-OK,0.897617
2045,SWPP_INDN_US-MO,1.369403
2045,SWPP_KACY_US-KS,1.303983
2045,SWPP_KCPL_US-KS,1.332397
2045,SWPP_KCPL_US-MO,1.332397
2045,SWPP_LES_US-NE,3.197109
2045,SWPP_MPS_US-MO,1.361358
2045,SWPP_NPPD_US-CO,2.197858
2045,SWPP_NPPD_US-NE,2.197858
2045,SWPP_NPPD_US-SD,2.197858
2045,SWPP_OKGE_US-AR,1.25858
2045,SWPP_OKGE_US-OK,1.25858
2045,SWPP_OKGE_US-TX,1.25858
2045,SWPP_OPPD_US-NE,3.197284
2045,SWPP_SECI_US-KS,1.522456
2045,SWPP_SPRM_US-MO,1.358466
2045,SWPP_SPS_US-CO,1.575342
2045,SWPP_SPS_US-KS,1.575342
2045,SWPP_SPS_US-NM,1.575342
2045,SWPP_SPS_US-OK,1.575342
2045,SWPP_SPS_US-TX,1.575342
2045,SWPP_WAUE_US-IA,1.302353
2045,SWPP_WAUE_US-MN,1.302353
2045,SWPP_WAUE_US-MT,1.302353
2045,SWPP_WAUE_US-ND,1.302353
2045,SWPP_WAUE_US-NE,1.302353
2045,SWPP_WAUE_US-SD,1.302353
2045,SWPP_WAUE_US-WY,1.302353
2045,SWPP_WFEC_US-KS,1.198608
2045,SWPP_WFEC_US-OK,1.198608
2045,SWPP_WFEC_US-TX,1.198608
2045,SWPP_WR_US-KS,1.005807
2045,SWPP_WR_US-MO,1.005807
2045,TAL_0_US-FL,1.335975
2045,TEC_0_US-FL,1.314604
2045,TEPC_0_MX-SON,1.474067
2045,TEPC_0_US-AZ,1.474067
2045,TEPC_0_US-NM,1.474067
2045,TIDC_0_US-CA,1.155096
2045,TPWR_0_US-WA,1.777893
2045,TVA_0_US-AL,1.352142
2045,TVA_0_US-GA,1.352142
2045,TVA_0_US-KY,1.352142
2045,TVA_0_US-MS,1.352142
2045,TVA_0_US-NC,1.352142
2045,TVA_0_US-TN,1.352142
2045,TVA_0_US-VA,1.352142
2045,WACM_0_US-AZ,2.149953
2045,WACM_0_US-CO,2.149953
2045,WACM_0_US-MT,2.149953
2045,WACM_0_US-NE,2.149953
2045,WACM_0_US-NM,2.149953
2045,WACM_0_US-SD,2.149953
2045,WACM_0_US-UT,2.149953
2045,WACM_0_US-WY,2.149953
2045,WALC_0_US-AZ,1.747405
2045,WALC_0_US-CA,1.747405
2045,WALC_0_US-NV,1.747405
2045,WAUW_0_US-MT,2.015957
2045,WWA_0_US-MT,1
2045,YAD_0_US-NC,1
2046,AEC_0_US-AL,0
2046,AEC_0_US-FL,0
2046,AECI_0_US-AR,0
2046,AECI_0_US-IA,0
2046,AECI_0_US-MO,0
2046,AECI_0_US-OK,0
2046,AESO_CENT_CA-AB,0
2046,AESO_CGY_CA-AB,0
2046,AESO_EDM_CA-AB,0
2046,AESO_NE_CA-AB,0
2046,AESO_NW_CA-AB,0
2046,AESO_NW_CA-BC,0
2046,AESO_SOUT_CA-AB,0
2046,AVA_0_US-ID,1.537847
2046,AVA_0_US-MT,1.537847
2046,AVA_0_US-OR,1.537847
2046,AVA_0_US-WA,1.537847
2046,AVRN_0_US-OR,1
2046,AVRN_0_US-WA,1
2046,AZPS_0_US-AZ,1.672168
2046,AZPS_0_US-CA,1.672168
2046,AZPS_0_US-NM,1.672168
2046,AZPS_0_US-NV,1.672168
2046,BANC_0_US-CA,1.37698
2046,BCHA_0_CA-BC,0
2046,BPAT_0_CA-BC,1.676776
2046,BPAT_0_US-CA,1.676776
2046,BPAT_0_US-ID,1.676776
2046,BPAT_0_US-MT,1.676776
2046,BPAT_0_US-OR,1.676776
2046,BPAT_0_US-WA,1.676776
2046,CEN_0_MX-COA,0
2046,CEN_0_MX-NLE,0
2046,CENB_0_MX-BCN,0
2046,CENB_0_MX-SON,0
2046,CHPD_0_US-WA,1.736735
2046,CISO_PGAE_US-CA,2.103032
2046,CISO_PGAE_US-OR,2.103032
2046,CISO_SCE_US-AZ,1.754263
2046,CISO_SCE_US-CA,1.754263
2046,CISO_SCE_US-NV,1.754263
2046,CISO_SDGE_MX-BCN,1.8897
2046,CISO_SDGE_US-AZ,1.8897
2046,CISO_SDGE_US-CA,1.8897
2046,CISO_VEA_US-NV,1.390728
2046,CPLE_0_US-NC,1.442344
2046,CPLE_0_US-SC,1.442344
2046,CPLW_0_US-NC,1.045817
2046,DEAA_0_US-AZ,1
2046,DOPD_0_US-WA,1.749465
2046,DUK_0_US-NC,1.395815
2046,DUK_0_US-SC,1.395815
2046,DUK_0_US-VA,1.395815
2046,EPE_0_US-NM,1.63499
2046,EPE_0_US-TX,1.63499
2046,ERCO_COAS_US-TX,1.621143
2046,ERCO_EAST_US-TX,2.356667
2046,ERCO_FWES_US-TX,1.573333
2046,ERCO_NCEN_US-TX,1.629162
2046,ERCO_NRTH_US-OK,1.787777
2046,ERCO_NRTH_US-TX,1.787777
2046,ERCO_SCEN_US-TX,1.711738
2046,ERCO_SOUT_US-TX,1.649802
2046,ERCO_WEST_US-TX,2.692
2046,FMPP_0_US-FL,1.168072
2046,FPC_0_US-FL,1.118019
2046,FPL_0_US-FL,1.324849
2046,GCPD_0_US-WA,1.784583
2046,GLHB_0_US-IL,1
2046,GRID_0_US-NM,1
2046,GRID_0_US-OR,1
2046,GRID_0_US-WA,1
2046,GRIF_0_US-AZ,1
2046,GVL_0_US-FL,1.274336
2046,GWA_0_US-MT,1
2046,HGMA_0_US-AZ,1
2046,HQT_0_CA-NL,1
2046,HQT_0_CA-QC,1
2046,HST_0_US-FL,1.431034
2046,IESO_0_CA-ON,0
2046,IID_0_US-AZ,1.418358
2046,IID_0_US-CA,1.418358
2046,IPCO_0_US-ID,1.393164
2046,IPCO_0_US-NV,1.393164
2046,IPCO_0_US-OR,1.393164
2046,IPCO_0_US-UT,1.393164
2046,ISNE_4001_US-ME,1.485813
2046,ISNE_4002_US-ME,1.482535
2046,ISNE_4002_US-NH,1.482535
2046,ISNE_4002_US-VT,1.482535
2046,ISNE_4003_US-NH,1.860045
2046,ISNE_4003_US-NY,1.860045
2046,ISNE_4003_US-VT,1.860045
2046,ISNE_4004_US-CT,1.518473
2046,ISNE_4005_US-MA,1.479564
2046,ISNE_4005_US-RI,1.479564
2046,ISNE_4006_US-MA,1.710481
2046,ISNE_4006_US-RI,1.710481
2046,ISNE_4007_US-MA,1.703559
2046,ISNE_4007_US-NY,1.703559
2046,ISNE_4007_US-VT,1.703559
2046,ISNE_4008_US-MA,1.685249
2046,ISNE_4008_US-NH,1.685249
2046,JEA_0_US-FL,1.413633
2046,LDWP_0_US-AZ,1.365907
2046,LDWP_0_US-CA,1.365907
2046,LDWP_0_US-NV,1.365907
2046,LDWP_0_US-UT,1.365907
2046,LGEE_0_US-IN,1.21837
2046,LGEE_0_US-KY,1.21837
2046,LGEE_0_US-VA,1.21837
2046,MHEB_0_CA-MB,0
2046,MISO_01_US-IA,1.757541
2046,MISO_01_US-IL,1.757541
2046,MISO_01_US-MI,1.757541
2046,MISO_01_US-MN,1.757541
2046,MISO_01_US-MT,1.757541
2046,MISO_01_US-ND,1.757541
2046,MISO_01_US-SD,1.757541
2046,MISO_01_US-WI,1.757541
2046,MISO_02_US-IA,1.505878
2046,MISO_02_US-IL,1.505878
2046,MISO_02_US-MI,1.505878
2046,MISO_02_US-MN,1.505878
2046,MISO_02_US-WI,1.505878
2046,MISO_03_US-IA,1.83917
2046,MISO_03_US-IL,1.83917
2046,MISO_03_US-MN,1.83917
2046,MISO_03_US-MO,1.83917
2046,MISO_03_US-SD,1.83917
2046,MISO_04_US-IL,1.462641
2046,MISO_04_US-KY,1.462641
2046,MISO_04_US-MO,1.462641
2046,MISO_05_US-IA,1.319342
2046,MISO_05_US-IL,1.319342
2046,MISO_05_US-MO,1.319342
2046,MISO_06_US-IL,1.347562
2046,MISO_06_US-IN,1.347562
2046,MISO_06_US-KY,1.347562
2046,MISO_06_US-OH,1.347562
2046,MISO_07_US-MI,1.394378
2046,MISO_08_US-AR,1.281478
2046,MISO_08_US-MO,1.281478
2046,MISO_09_US-LA,1.336504
2046,MISO_09_US-TX,1.336504
2046,MISO_10_US-MS,1.339005
2046,MISO_10_US-TN,1.339005
2046,NBSO_0_CA-NB,5.94335
2046,NBSO_0_CA-PE,5.94335
2046,NBSO_0_US-ME,5.94335
2046,NEVP_0_US-CA,1.606605
2046,NEVP_0_US-NV,1.606605
2046,NEVP_0_US-OR,1.606605
2046,NSPI_0_CA-NS,5.94335
2046,NWMT_0_US-ID,1.560335
2046,NWMT_0_US-MT,1.560335
2046,NWMT_0_US-WY,1.560335
2046,NYIS_A_US-NY,1.445074
2046,NYIS_A_US-PA,1.445074
2046,NYIS_B_US-NY,1.428072
2046,NYIS_C_US-NY,1.428979
2046,NYIS_D_US-NY,1.404762
2046,NYIS_E_US-NY,1.420789
2046,NYIS_F_US-NY,1.415307
2046,NYIS_G_US-NJ,1.459103
2046,NYIS_G_US-NY,1.459103
2046,NYIS_G_US-PA,1.459103
2046,NYIS_H_US-NY,1.437956
2046,NYIS_I_US-NY,1.42726
2046,NYIS_J_US-NJ,1.360448
2046,NYIS_J_US-NY,1.360448
2046,NYIS_K_US-NY,1.361008
2046,PACE_0_US-AZ,1.606159
2046,PACE_0_US-CO,1.606159
2046,PACE_0_US-ID,1.606159
2046,PACE_0_US-MT,1.606159
2046,PACE_0_US-NV,1.606159
2046,PACE_0_US-UT,1.606159
2046,PACE_0_US-WY,1.606159
2046,PACW_0_US-CA,1.524789
2046,PACW_0_US-OR,1.524789
2046,PACW_0_US-WA,1.524789
2046,PGE_0_US-OR,1.594498
2046,PGE_0_US-WA,1.594498
2046,PJM_AE_US-NJ,1.629159
2046,PJM_AEP_US-IN,1.365197
2046,PJM_AEP_US-KY,1.365197
2046,PJM_AEP_US-MI,1.365197
2046,PJM_AEP_US-OH,1.365197
2046,PJM_AEP_US-TN,1.365197
2046,PJM_AEP_US-VA,1.365197
2046,PJM_AEP_US-WV,1.365197
2046,PJM_AP_US-MD,1.482919
2046,PJM_AP_US-OH,1.482919
2046,PJM_AP_US-PA,1.482919
2046,PJM_AP_US-VA,1.482919
2046,PJM_AP_US-WV,1.482919
2046,PJM_ATSI_US-OH,1.342313
2046,PJM_ATSI_US-PA,1.342313
2046,PJM_BC_US-MD,1.749354
2046,PJM_CE_US-IL,1.477268
2046,PJM_CE_US-IN,1.477268
2046,PJM_DAY_US-OH,1.311735
2046,PJM_DEOK_US-KY,1.351122
2046,PJM_DEOK_US-OH,1.351122
2046,PJM_DOM_US-NC,1.885815
2046,PJM_DOM_US-VA,1.885815
2046,PJM_DOM_US-WV,1.885815
2046,PJM_DPL_US-DE,1.756171
2046,PJM_DPL_US-MD,1.756171
2046,PJM_DPL_US-NJ,1.756171
2046,PJM_DPL_US-PA,1.756171
2046,PJM_DPL_US-VA,1.756171
2046,PJM_DUQ_US-PA,1.328494
2046,PJM_EKPC_US-KY,1.285463
2046,PJM_JC_US-NJ,1.574086
2046,PJM_JC_US-NY,1.574086
2046,PJM_ME_US-PA,1.304206
2046,PJM_PE_US-DE,1.298433
2046,PJM_PE_US-MD,1.298433
2046,PJM_PE_US-NJ,1.298433
2046,PJM_PE_US-PA,1.298433
2046,PJM_PEP_US-DC,0.880371
2046,PJM_PEP_US-MD,0.880371
2046,PJM_PEP_US-VA,0.880371
2046,PJM_PL_US-MD,1.285155
2046,PJM_PL_US-PA,1.285155
2046,PJM_PN_US-MD,1.245399
2046,PJM_PN_US-PA,1.245399
2046,PJM_PS_US-NJ,1.671105
2046,PJM_PS_US-PA,1.671105
2046,PJM_RECO_US-NJ,3.182432
2046,PNM_ACMA_US-NM,1
2046,PNM_CYGA_US-NM,1
2046,PNM_Frep_US-NM,1.261905
2046,PNM_Jica_US-NM,1.25
2046,PNM_KAFB_US-NM,1.211268
2046,PNM_KCEC_US-NM,1.206349
2046,PNM_LAC_US-NM,1.134831
2046,PNM_NTUA_US-NM,0
2046,PNM_PNM_US-NM,1.614049
2046,PNM_TSGT_US-AZ,0.758186
2046,PNM_TSGT_US-NM,0.758186
2046,PSCO_0_US-CO,1.806252
2046,PSCO_0_US-WY,1.806252
2046,PSEI_0_US-WA,2.016777
2046,SC_0_US-SC,1.319957
2046,SCEG_0_US-GA,1.252636
2046,SCEG_0_US-SC,1.252636
2046,SCL_0_US-WA,1.796601
2046,SEC_0_US-FL,1.118019
2046,SEPA_0_US-GA,1
2046,SEPA_0_US-SC,1
2046,SOCO_0_US-AL,1.356252
2046,SOCO_0_US-FL,1.356252
2046,SOCO_0_US-GA,1.356252
2046,SOCO_0_US-MS,1.356252
2046,SOCO_0_US-SC,1.356252
2046,SPA_0_US-AR,3.477778
2046,SPA_0_US-MO,3.477778
2046,SPA_0_US-OK,3.477778
2046,SPA_0_US-TX,3.477778
2046,SPC_0_CA-SK,0
2046,SRP_0_US-AZ,1.542444
2046,SWPP_CSWS_US-AR,1.387226
2046,SWPP_CSWS_US-LA,1.387226
2046,SWPP_CSWS_US-OK,1.387226
2046,SWPP_CSWS_US-TX,1.387226
2046,SWPP_EDE_US-AR,1.471883
2046,SWPP_EDE_US-KS,1.471883
2046,SWPP_EDE_US-MO,1.471883
2046,SWPP_EDE_US-OK,1.471883
2046,SWPP_GRDA_US-AR,0.910856
2046,SWPP_GRDA_US-KS,0.910856
2046,SWPP_GRDA_US-OK,0.910856
2046,SWPP_INDN_US-MO,1.38806
2046,SWPP_KACY_US-KS,1.318658
2046,SWPP_KCPL_US-KS,1.348412
2046,SWPP_KCPL_US-MO,1.348412
2046,SWPP_LES_US-NE,3.304862
2046,SWPP_MPS_US-MO,1.37859
2046,SWPP_NPPD_US-CO,2.271754
2046,SWPP_NPPD_US-NE,2.271754
2046,SWPP_NPPD_US-SD,2.271754
2046,SWPP_OKGE_US-AR,1.276479
2046,SWPP_OKGE_US-OK,1.276479
2046,SWPP_OKGE_US-TX,1.276479
2046,SWPP_OPPD_US-NE,3.304791
2046,SWPP_SECI_US-KS,1.539872
2046,SWPP_SPRM_US-MO,1.375661
2046,SWPP_SPS_US-CO,1.597626
2046,SWPP_SPS_US-KS,1.597626
2046,SWPP_SPS_US-NM,1.597626
2046,SWPP_SPS_US-OK,1.597626
2046,SWPP_SPS_US-TX,1.597626
2046,SWPP_WAUE_US-IA,1.333466
2046,SWPP_WAUE_US-MN,1.333466
2046,SWPP_WAUE_US-MT,1.333466
2046,SWPP_WAUE_US-ND,1.333466
2046,SWPP_WAUE_US-NE,1.333466
2046,SWPP_WAUE_US-SD,1.333466
2046,SWPP_WAUE_US-WY,1.333466
2046,SWPP_WFEC_US-KS,1.215739
2046,SWPP_WFEC_US-OK,1.215739
2046,SWPP_WFEC_US-TX,1.215739
2046,SWPP_WR_US-KS,1.017123
2046,SWPP_WR_US-MO,1.017123
2046,TAL_0_US-FL,1.353407
2046,TEC_0_US-FL,1.331773
2046,TEPC_0_MX-SON,1.495395
2046,TEPC_0_US-AZ,1.495395
2046,TEPC_0_US-NM,1.495395
2046,TIDC_0_US-CA,1.171344
2046,TPWR_0_US-WA,1.799587
2046,TVA_0_US-AL,1.368556
2046,TVA_0_US-GA,1.368556
2046,TVA_0_US-KY,1.368556
2046,TVA_0_US-MS,1.368556
2046,TVA_0_US-NC,1.368556
2046,TVA_0_US-TN,1.368556
2046,TVA_0_US-VA,1.368556
2046,WACM_0_US-AZ,2.187721
2046,WACM_0_US-CO,2.187721
2046,WACM_0_US-MT,2.187721
2046,WACM_0_US-NE,2.187721
2046,WACM_0_US-NM,2.187721
2046,WACM_0_US-SD,2.187721
2046,WACM_0_US-UT,2.187721
2046,WACM_0_US-WY,2.187721
2046,WALC_0_US-AZ,1.772615
2046,WALC_0_US-CA,1.772615
2046,WALC_0_US-NV,1.772615
2046,WAUW_0_US-MT,2.047872
2046,WWA_0_US-MT,1
2046,YAD_0_US-NC,1
2047,AEC_0_US-AL,0
2047,AEC_0_US-FL,0
2047,AECI_0_US-AR,0
2047,AECI_0_US-IA,0
2047,AECI_0_US-MO,0
2047,AECI_0_US-OK,0
2047,AESO_CENT_CA-AB,0
2047,AESO_CGY_CA-AB,0
2047,AESO_EDM_CA-AB,0
2047,AESO_NE_CA-AB,0
2047,AESO_NW_CA-AB,0
2047,AESO_NW_CA-BC,0
2047,AESO_SOUT_CA-AB,0
2047,AVA_0_US-ID,1.557611
2047,AVA_0_US-MT,1.557611
2047,AVA_0_US-OR,1.557611
2047,AVA_0_US-WA,1.557611
2047,AVRN_0_US-OR,1
2047,AVRN_0_US-WA,1
2047,AZPS_0_US-AZ,1.696496
2047,AZPS_0_US-CA,1.696496
2047,AZPS_0_US-NM,1.696496
2047,AZPS_0_US-NV,1.696496
2047,BANC_0_US-CA,1.396515
2047,BCHA_0_CA-BC,0
2047,BPAT_0_CA-BC,1.698113
2047,BPAT_0_US-CA,1.698113
2047,BPAT_0_US-ID,1.698113
2047,BPAT_0_US-MT,1.698113
2047,BPAT_0_US-OR,1.698113
2047,BPAT_0_US-WA,1.698113
2047,CEN_0_MX-COA,0
2047,CEN_0_MX-NLE,0
2047,CENB_0_MX-BCN,0
2047,CENB_0_MX-SON,0
2047,CHPD_0_US-WA,1.759184
2047,CISO_PGAE_US-CA,2.132756
2047,CISO_PGAE_US-OR,2.132756
2047,CISO_SCE_US-AZ,1.779046
2047,CISO_SCE_US-CA,1.779046
2047,CISO_SCE_US-NV,1.779046
2047,CISO_SDGE_MX-BCN,1.916464
2047,CISO_SDGE_US-AZ,1.916464
2047,CISO_SDGE_US-CA,1.916464
2047,CISO_VEA_US-NV,1.410596
2047,CPLE_0_US-NC,1.461249
2047,CPLE_0_US-SC,1.461249
2047,CPLW_0_US-NC,1.058765
2047,DEAA_0_US-AZ,1
2047,DOPD_0_US-WA,1.770878
2047,DUK_0_US-NC,1.414032
2047,DUK_0_US-SC,1.414032
2047,DUK_0_US-VA,1.414032
2047,EPE_0_US-NM,1.658382
2047,EPE_0_US-TX,1.658382
2047,ERCO_COAS_US-TX,1.645357
2047,ERCO_EAST_US-TX,2.391875
2047,ERCO_FWES_US-TX,1.596825
2047,ERCO_NCEN_US-TX,1.653497
2047,ERCO_NRTH_US-OK,1.814244
2047,ERCO_NRTH_US-TX,1.814244
2047,ERCO_SCEN_US-TX,1.737246
2047,ERCO_SOUT_US-TX,1.674522
2047,ERCO_WEST_US-TX,2.73225
2047,FMPP_0_US-FL,1.183302
2047,FPC_0_US-FL,1.132566
2047,FPL_0_US-FL,1.342129
2047,GCPD_0_US-WA,1.806758
2047,GLHB_0_US-IL,1
2047,GRID_0_US-NM,1
2047,GRID_0_US-OR,1
2047,GRID_0_US-WA,1
2047,GRIF_0_US-AZ,1
2047,GVL_0_US-FL,1.290265
2047,GWA_0_US-MT,1
2047,HGMA_0_US-AZ,1
2047,HQT_0_CA-NL,1
2047,HQT_0_CA-QC,1
2047,HST_0_US-FL,1.448276
2047,IESO_0_CA-ON,0
2047,IID_0_US-AZ,1.438658
2047,IID_0_US-CA,1.438658
2047,IPCO_0_US-ID,1.411851
2047,IPCO_0_US-NV,1.411851
2047,IPCO_0_US-OR,1.411851
2047,IPCO_0_US-UT,1.411851
2047,ISNE_4001_US-ME,1.504299
2047,ISNE_4002_US-ME,1.501219
2047,ISNE_4002_US-NH,1.501219
2047,ISNE_4002_US-VT,1.501219
2047,ISNE_4003_US-NH,1.882619
2047,ISNE_4003_US-NY,1.882619
2047,ISNE_4003_US-VT,1.882619
2047,ISNE_4004_US-CT,1.535252
2047,ISNE_4005_US-MA,1.496458
2047,ISNE_4005_US-RI,1.496458
2047,ISNE_4006_US-MA,1.732484
2047,ISNE_4006_US-RI,1.732484
2047,ISNE_4007_US-MA,1.725573
2047,ISNE_4007_US-NY,1.725573
2047,ISNE_4007_US-VT,1.725573
2047,ISNE_4008_US-MA,1.707088
2047,ISNE_4008_US-NH,1.707088
2047,JEA_0_US-FL,1.432223
2047,LDWP_0_US-AZ,1.38527
2047,LDWP_0_US-CA,1.38527
2047,LDWP_0_US-NV,1.38527
2047,LDWP_0_US-UT,1.38527
2047,LGEE_0_US-IN,1.232769
2047,LGEE_0_US-KY,1.232769
2047,LGEE_0_US-VA,1.232769
2047,MHEB_0_CA-MB,0
2047,MISO_01_US-IA,1.790333
2047,MISO_01_US-IL,1.790333
2047,MISO_01_US-MI,1.790333
2047,MISO_01_US-MN,1.790333
2047,MISO_01_US-MT,1.790333
2047,MISO_01_US-ND,1.790333
2047,MISO_01_US-SD,1.790333
2047,MISO_01_US-WI,1.790333
2047,MISO_02_US-IA,1.521796
2047,MISO_02_US-IL,1.521796
2047,MISO_02_US-MI,1.521796
2047,MISO_02_US-MN,1.521796
2047,MISO_02_US-WI,1.521796
2047,MISO_03_US-IA,1.877382
2047,MISO_03_US-IL,1.877382
2047,MISO_03_US-MN,1.877382
2047,MISO_03_US-MO,1.877382
2047,MISO_03_US-SD,1.877382
2047,MISO_04_US-IL,1.476072
2047,MISO_04_US-KY,1.476072
2047,MISO_04_US-MO,1.476072
2047,MISO_05_US-IA,1.335785
2047,MISO_05_US-IL,1.335785
2047,MISO_05_US-MO,1.335785
2047,MISO_06_US-IL,1.361951
2047,MISO_06_US-IN,1.361951
2047,MISO_06_US-KY,1.361951
2047,MISO_06_US-OH,1.361951
2047,MISO_07_US-MI,1.40827
2047,MISO_08_US-AR,1.297108
2047,MISO_08_US-MO,1.297108
2047,MISO_09_US-LA,1.35291
2047,MISO_09_US-TX,1.35291
2047,MISO_10_US-MS,1.354749
2047,MISO_10_US-TN,1.354749
2047,NBSO_0_CA-NB,6.017241
2047,NBSO_0_CA-PE,6.017241
2047,NBSO_0_US-ME,6.017241
2047,NEVP_0_US-CA,1.628834
2047,NEVP_0_US-NV,1.628834
2047,NEVP_0_US-OR,1.628834
2047,NSPI_0_CA-NS,6.017241
2047,NWMT_0_US-ID,1.585126
2047,NWMT_0_US-MT,1.585126
2047,NWMT_0_US-WY,1.585126
2047,NYIS_A_US-NY,1.462439
2047,NYIS_A_US-PA,1.462439
2047,NYIS_B_US-NY,1.445055
2047,NYIS_C_US-NY,1.445753
2047,NYIS_D_US-NY,1.421053
2047,NYIS_E_US-NY,1.437993
2047,NYIS_F_US-NY,1.432037
2047,NYIS_G_US-NJ,1.476253
2047,NYIS_G_US-NY,1.476253
2047,NYIS_G_US-PA,1.476253
2047,NYIS_H_US-NY,1.455474
2047,NYIS_I_US-NY,1.444209
2047,NYIS_J_US-NJ,1.376679
2047,NYIS_J_US-NY,1.376679
2047,NYIS_K_US-NY,1.377222
2047,PACE_0_US-AZ,1.630511
2047,PACE_0_US-CO,1.630511
2047,PACE_0_US-ID,1.630511
2047,PACE_0_US-MT,1.630511
2047,PACE_0_US-NV,1.630511
2047,PACE_0_US-UT,1.630511
2047,PACE_0_US-WY,1.630511
2047,PACW_0_US-CA,1.54462
2047,PACW_0_US-OR,1.54462
2047,PACW_0_US-WA,1.54462
2047,PGE_0_US-OR,1.615299
2047,PGE_0_US-WA,1.615299
2047,PJM_AE_US-NJ,1.650467
2047,PJM_AEP_US-IN,1.381454
2047,PJM_AEP_US-KY,1.381454
2047,PJM_AEP_US-MI,1.381454
2047,PJM_AEP_US-OH,1.381454
2047,PJM_AEP_US-TN,1.381454
2047,PJM_AEP_US-VA,1.381454
2047,PJM_AEP_US-WV,1.381454
2047,PJM_AP_US-MD,1.500555
2047,PJM_AP_US-OH,1.500555
2047,PJM_AP_US-PA,1.500555
2047,PJM_AP_US-VA,1.500555
2047,PJM_AP_US-WV,1.500555
2047,PJM_ATSI_US-OH,1.356849
2047,PJM_ATSI_US-PA,1.356849
2047,PJM_BC_US-MD,1.771381
2047,PJM_CE_US-IL,1.490898
2047,PJM_CE_US-IN,1.490898
2047,PJM_DAY_US-OH,1.326067
2047,PJM_DEOK_US-KY,1.365831
2047,PJM_DEOK_US-OH,1.365831
2047,PJM_DOM_US-NC,1.918021
2047,PJM_DOM_US-VA,1.918021
2047,PJM_DOM_US-WV,1.918021
2047,PJM_DPL_US-DE,1.778086
2047,PJM_DPL_US-MD,1.778086
2047,PJM_DPL_US-NJ,1.778086
2047,PJM_DPL_US-PA,1.778086
2047,PJM_DPL_US-VA,1.778086
2047,PJM_DUQ_US-PA,1.34265
2047,PJM_EKPC_US-KY,1.300562
2047,PJM_JC_US-NJ,1.594648
2047,PJM_JC_US-NY,1.594648
2047,PJM_ME_US-PA,1.318552
2047,PJM_PE_US-DE,1.312678
2047,PJM_PE_US-MD,1.312678
2047,PJM_PE_US-NJ,1.312678
2047,PJM_PE_US-PA,1.312678
2047,PJM_PEP_US-DC,0.891491
2047,PJM_PEP_US-MD,0.891491
2047,PJM_PEP_US-VA,0.891491
2047,PJM_PL_US-MD,1.299113
2047,PJM_PL_US-PA,1.299113
2047,PJM_PN_US-MD,1.258691
2047,PJM_PN_US-PA,1.258691
2047,PJM_PS_US-NJ,1.692965
2047,PJM_PS_US-PA,1.692965
2047,PJM_RECO_US-NJ,3.222973
2047,PNM_ACMA_US-NM,1
2047,PNM_CYGA_US-NM,1
2047,PNM_Frep_US-NM,1.285714
2047,PNM_Jica_US-NM,1.25
2047,PNM_KAFB_US-NM,1.225352
2047,PNM_KCEC_US-NM,1.222222
2047,PNM_LAC_US-NM,1.146067
2047,PNM_NTUA_US-NM,0
2047,PNM_PNM_US-NM,1.634504
2047,PNM_TSGT_US-AZ,0.765743
2047,PNM_TSGT_US-NM,0.765743
2047,PSCO_0_US-CO,1.830305
2047,PSCO_0_US-WY,1.830305
2047,PSEI_0_US-WA,2.041742
2047,SC_0_US-SC,1.33657
2047,SCEG_0_US-GA,1.26856
2047,SCEG_0_US-SC,1.26856
2047,SCL_0_US-WA,1.818906
2047,SEC_0_US-FL,1.132566
2047,SEPA_0_US-GA,1
2047,SEPA_0_US-SC,1
2047,SOCO_0_US-AL,1.373314
2047,SOCO_0_US-FL,1.373314
2047,SOCO_0_US-GA,1.373314
2047,SOCO_0_US-MS,1.373314
2047,SOCO_0_US-SC,1.373314
2047,SPA_0_US-AR,3.522222
2047,SPA_0_US-MO,3.522222
2047,SPA_0_US-OK,3.522222
2047,SPA_0_US-TX,3.522222
2047,SPC_0_CA-SK,0
2047,SRP_0_US-AZ,1.564872
2047,SWPP_CSWS_US-AR,1.406345
2047,SWPP_CSWS_US-LA,1.406345
2047,SWPP_CSWS_US-OK,1.406345
2047,SWPP_CSWS_US-TX,1.406345
2047,SWPP_EDE_US-AR,1.490628
2047,SWPP_EDE_US-KS,1.490628
2047,SWPP_EDE_US-MO,1.490628
2047,SWPP_EDE_US-OK,1.490628
2047,SWPP_GRDA_US-AR,0.923213
2047,SWPP_GRDA_US-KS,0.923213
2047,SWPP_GRDA_US-OK,0.923213
2047,SWPP_INDN_US-MO,1.402985
2047,SWPP_KACY_US-KS,1.333333
2047,SWPP_KCPL_US-KS,1.364428
2047,SWPP_KCPL_US-MO,1.364428
2047,SWPP_LES_US-NE,3.416557
2047,SWPP_MPS_US-MO,1.395822
2047,SWPP_NPPD_US-CO,2.348327
2047,SWPP_NPPD_US-NE,2.348327
2047,SWPP_NPPD_US-SD,2.348327
2047,SWPP_OKGE_US-AR,1.294675
2047,SWPP_OKGE_US-OK,1.294675
2047,SWPP_OKGE_US-TX,1.294675
2047,SWPP_OPPD_US-NE,3.416069
2047,SWPP_SECI_US-KS,1.557287
2047,SWPP_SPRM_US-MO,1.392857
2047,SWPP_SPS_US-CO,1.620457
2047,SWPP_SPS_US-KS,1.620457
2047,SWPP_SPS_US-NM,1.620457
2047,SWPP_SPS_US-OK,1.620457
2047,SWPP_SPS_US-TX,1.620457
2047,SWPP_WAUE_US-IA,1.365377
2047,SWPP_WAUE_US-MN,1.365377
2047,SWPP_WAUE_US-MT,1.365377
2047,SWPP_WAUE_US-ND,1.365377
2047,SWPP_WAUE_US-NE,1.365377
2047,SWPP_WAUE_US-SD,1.365377
2047,SWPP_WAUE_US-WY,1.365377
2047,SWPP_WFEC_US-KS,1.233405
2047,SWPP_WFEC_US-OK,1.233405
2047,SWPP_WFEC_US-TX,1.233405
2047,SWPP_WR_US-KS,1.028737
2047,SWPP_WR_US-MO,1.028737
2047,TAL_0_US-FL,1.37084
2047,TEC_0_US-FL,1.349164
2047,TEPC_0_MX-SON,1.517208
2047,TEPC_0_US-AZ,1.517208
2047,TEPC_0_US-NM,1.517208
2047,TIDC_0_US-CA,1.187592
2047,TPWR_0_US-WA,1.822314
2047,TVA_0_US-AL,1.385168
2047,TVA_0_US-GA,1.385168
2047,TVA_0_US-KY,1.385168
2047,TVA_0_US-MS,1.385168
2047,TVA_0_US-NC,1.385168
2047,TVA_0_US-TN,1.385168
2047,TVA_0_US-VA,1.385168
2047,WACM_0_US-AZ,2.226047
2047,WACM_0_US-CO,2.226047
2047,WACM_0_US-MT,2.226047
2047,WACM_0_US-NE,2.226047
2047,WACM_0_US-NM,2.226047
2047,WACM_0_US-SD,2.226047
2047,WACM_0_US-UT,2.226047
2047,WACM_0_US-WY,2.226047
2047,WALC_0_US-AZ,1.797825
2047,WALC_0_US-CA,1.797825
2047,WALC_0_US-NV,1.797825
2047,WAUW_0_US-MT,2.074468
2047,WWA_0_US-MT,1
2047,YAD_0_US-NC,1
2048,AEC_0_US-AL,0
2048,AEC_0_US-FL,0
2048,AECI_0_US-AR,0
2048,AECI_0_US-IA,0
2048,AECI_0_US-MO,0
2048,AECI_0_US-OK,0
2048,AESO_CENT_CA-AB,0
2048,AESO_CGY_CA-AB,0
2048,AESO_EDM_CA-AB,0
2048,AESO_NE_CA-AB,0
2048,AESO_NW_CA-AB,0
2048,AESO_NW_CA-BC,0
2048,AESO_SOUT_CA-AB,0
2048,AVA_0_US-ID,1.577796
2048,AVA_0_US-MT,1.577796
2048,AVA_0_US-OR,1.577796
2048,AVA_0_US-WA,1.577796
2048,AVRN_0_US-OR,1
2048,AVRN_0_US-WA,1
2048,AZPS_0_US-AZ,1.721145
2048,AZPS_0_US-CA,1.721145
2048,AZPS_0_US-NM,1.721145
2048,AZPS_0_US-NV,1.721145
2048,BANC_0_US-CA,1.416227
2048,BCHA_0_CA-BC,0
2048,BPAT_0_CA-BC,1.719747
2048,BPAT_0_US-CA,1.719747
2048,BPAT_0_US-ID,1.719747
2048,BPAT_0_US-MT,1.719747
2048,BPAT_0_US-OR,1.719747
2048,BPAT_0_US-WA,1.719747
2048,CEN_0_MX-COA,0
2048,CEN_0_MX-NLE,0
2048,CENB_0_MX-BCN,0
2048,CENB_0_MX-SON,0
2048,CHPD_0_US-WA,1.779592
2048,CISO_PGAE_US-CA,2.16288
2048,CISO_PGAE_US-OR,2.16288
2048,CISO_SCE_US-AZ,1.804155
2048,CISO_SCE_US-CA,1.804155
2048,CISO_SCE_US-NV,1.804155
2048,CISO_SDGE_MX-BCN,1.943498
2048,CISO_SDGE_US-AZ,1.943498
2048,CISO_SDGE_US-CA,1.943498
2048,CISO_VEA_US-NV,1.430464
2048,CPLE_0_US-NC,1.480481
2048,CPLE_0_US-SC,1.480481
2048,CPLW_0_US-NC,1.072709
2048,DEAA_0_US-AZ,1
2048,DOPD_0_US-WA,1.792291
2048,DUK_0_US-NC,1.432496
2048,DUK_0_US-SC,1.432496
2048,DUK_0_US-VA,1.432496
2048,EPE_0_US-NM,1.682261
2048,EPE_0_US-TX,1.682261
2048,ERCO_COAS_US-TX,1.669908
2048,ERCO_EAST_US-TX,2.4275
2048,ERCO_FWES_US-TX,1.620741
2048,ERCO_NCEN_US-TX,1.678181
2048,ERCO_NRTH_US-OK,1.841193
2048,ERCO_NRTH_US-TX,1.841193
2048,ERCO_SCEN_US-TX,1.763205
2048,ERCO_SOUT_US-TX,1.699572
2048,ERCO_WEST_US-TX,2.773
2048,FMPP_0_US-FL,1.198803
2048,FPC_0_US-FL,1.147372
2048,FPL_0_US-FL,1.359602
2048,GCPD_0_US-WA,1.828933
2048,GLHB_0_US-IL,1
2048,GRID_0_US-NM,1
2048,GRID_0_US-OR,1
2048,GRID_0_US-WA,1
2048,GRIF_0_US-AZ,1
2048,GVL_0_US-FL,1.307965
2048,GWA_0_US-MT,1
2048,HGMA_0_US-AZ,1
2048,HQT_0_CA-NL,1
2048,HQT_0_CA-QC,1
2048,HST_0_US-FL,1.474138
2048,IESO_0_CA-ON,0
2048,IID_0_US-AZ,1.458959
2048,IID_0_US-CA,1.458959
2048,IPCO_0_US-ID,1.43103
2048,IPCO_0_US-NV,1.43103
2048,IPCO_0_US-OR,1.43103
2048,IPCO_0_US-UT,1.43103
2048,ISNE_4001_US-ME,1.523216
2048,ISNE_4002_US-ME,1.520309
2048,ISNE_4002_US-NH,1.520309
2048,ISNE_4002_US-VT,1.520309
2048,ISNE_4003_US-NH,1.905192
2048,ISNE_4003_US-NY,1.905192
2048,ISNE_4003_US-VT,1.905192
2048,ISNE_4004_US-CT,1.55234
2048,ISNE_4005_US-MA,1.512807
2048,ISNE_4005_US-RI,1.512807
2048,ISNE_4006_US-MA,1.755067
2048,ISNE_4006_US-RI,1.755067
2048,ISNE_4007_US-MA,1.747889
2048,ISNE_4007_US-NY,1.747889
2048,ISNE_4007_US-VT,1.747889
2048,ISNE_4008_US-MA,1.729119
2048,ISNE_4008_US-NH,1.729119
2048,JEA_0_US-FL,1.450813
2048,LDWP_0_US-AZ,1.404814
2048,LDWP_0_US-CA,1.404814
2048,LDWP_0_US-NV,1.404814
2048,LDWP_0_US-UT,1.404814
2048,LGEE_0_US-IN,1.247449
2048,LGEE_0_US-KY,1.247449
2048,LGEE_0_US-VA,1.247449
2048,MHEB_0_CA-MB,0
2048,MISO_01_US-IA,1.823677
2048,MISO_01_US-IL,1.823677
2048,MISO_01_US-MI,1.823677
2048,MISO_01_US-MN,1.823677
2048,MISO_01_US-MT,1.823677
2048,MISO_01_US-ND,1.823677
2048,MISO_01_US-SD,1.823677
2048,MISO_01_US-WI,1.823677
2048,MISO_02_US-IA,1.537878
2048,MISO_02_US-IL,1.537878
2048,MISO_02_US-MI,1.537878
2048,MISO_02_US-MN,1.537878
2048,MISO_02_US-WI,1.537878
2048,MISO_03_US-IA,1.916232
2048,MISO_03_US-IL,1.916232
2048,MISO_03_US-MN,1.916232
2048,MISO_03_US-MO,1.916232
2048,MISO_03_US-SD,1.916232
2048,MISO_04_US-IL,1.489729
2048,MISO_04_US-KY,1.489729
2048,MISO_04_US-MO,1.489729
2048,MISO_05_US-IA,1.352517
2048,MISO_05_US-IL,1.352517
2048,MISO_05_US-MO,1.352517
2048,MISO_06_US-IL,1.37646
2048,MISO_06_US-IN,1.37646
2048,MISO_06_US-KY,1.37646
2048,MISO_06_US-OH,1.37646
2048,MISO_07_US-MI,1.422324
2048,MISO_08_US-AR,1.313176
2048,MISO_08_US-MO,1.313176
2048,MISO_09_US-LA,1.369509
2048,MISO_09_US-TX,1.369509
2048,MISO_10_US-MS,1.370747
2048,MISO_10_US-TN,1.370747
2048,NBSO_0_CA-NB,6.092365
2048,NBSO_0_CA-PE,6.092365
2048,NBSO_0_US-ME,6.092365
2048,NEVP_0_US-CA,1.651384
2048,NEVP_0_US-NV,1.651384
2048,NEVP_0_US-OR,1.651384
2048,NSPI_0_CA-NS,6.092365
2048,NWMT_0_US-ID,1.609916
2048,NWMT_0_US-MT,1.609916
2048,NWMT_0_US-WY,1.609916
2048,NYIS_A_US-NY,1.479804
2048,NYIS_A_US-PA,1.479804
2048,NYIS_B_US-NY,1.462038
2048,NYIS_C_US-NY,1.462884
2048,NYIS_D_US-NY,1.438596
2048,NYIS_E_US-NY,1.455197
2048,NYIS_F_US-NY,1.448766
2048,NYIS_G_US-NJ,1.493843
2048,NYIS_G_US-NY,1.493843
2048,NYIS_G_US-PA,1.493843
2048,NYIS_H_US-NY,1.472993
2048,NYIS_I_US-NY,1.461158
2048,NYIS_J_US-NJ,1.393006
2048,NYIS_J_US-NY,1.393006
2048,NYIS_K_US-NY,1.393436
2048,PACE_0_US-AZ,1.65526
2048,PACE_0_US-CO,1.65526
2048,PACE_0_US-ID,1.65526
2048,PACE_0_US-MT,1.65526
2048,PACE_0_US-NV,1.65526
2048,PACE_0_US-UT,1.65526
2048,PACE_0_US-WY,1.65526
2048,PACW_0_US-CA,1.564635
2048,PACW_0_US-OR,1.564635
2048,PACW_0_US-WA,1.564635
2048,PGE_0_US-OR,1.636547
2048,PGE_0_US-WA,1.636547
2048,PJM_AE_US-NJ,1.67215
2048,PJM_AEP_US-IN,1.397893
2048,PJM_AEP_US-KY,1.397893
2048,PJM_AEP_US-MI,1.397893
2048,PJM_AEP_US-OH,1.397893
2048,PJM_AEP_US-TN,1.397893
2048,PJM_AEP_US-VA,1.397893
2048,PJM_AEP_US-WV,1.397893
2048,PJM_AP_US-MD,1.518412
2048,PJM_AP_US-OH,1.518412
2048,PJM_AP_US-PA,1.518412
2048,PJM_AP_US-VA,1.518412
2048,PJM_AP_US-WV,1.518412
2048,PJM_ATSI_US-OH,1.371623
2048,PJM_ATSI_US-PA,1.371623
2048,PJM_BC_US-MD,1.793711
2048,PJM_CE_US-IL,1.504575
2048,PJM_CE_US-IN,1.504575
2048,PJM_DAY_US-OH,1.3404
2048,PJM_DEOK_US-KY,1.380916
2048,PJM_DEOK_US-OH,1.380916
2048,PJM_DOM_US-NC,1.950812
2048,PJM_DOM_US-VA,1.950812
2048,PJM_DOM_US-WV,1.950812
2048,PJM_DPL_US-DE,1.800252
2048,PJM_DPL_US-MD,1.800252
2048,PJM_DPL_US-NJ,1.800252
2048,PJM_DPL_US-PA,1.800252
2048,PJM_DPL_US-VA,1.800252
2048,PJM_DUQ_US-PA,1.357532
2048,PJM_EKPC_US-KY,1.316011
2048,PJM_JC_US-NJ,1.615535
2048,PJM_JC_US-NY,1.615535
2048,PJM_ME_US-PA,1.332899
2048,PJM_PE_US-DE,1.327042
2048,PJM_PE_US-MD,1.327042
2048,PJM_PE_US-NJ,1.327042
2048,PJM_PE_US-PA,1.327042
2048,PJM_PEP_US-DC,0.90278
2048,PJM_PEP_US-MD,0.90278
2048,PJM_PEP_US-VA,0.90278
2048,PJM_PL_US-MD,1.313332
2048,PJM_PL_US-PA,1.313332
2048,PJM_PN_US-MD,1.272665
2048,PJM_PN_US-PA,1.272665
2048,PJM_PS_US-NJ,1.715123
2048,PJM_PS_US-PA,1.715123
2048,PJM_RECO_US-NJ,3.263514
2048,PNM_ACMA_US-NM,1
2048,PNM_CYGA_US-NM,1
2048,PNM_Frep_US-NM,1.297619
2048,PNM_Jica_US-NM,1.25
2048,PNM_KAFB_US-NM,1.239437
2048,PNM_KCEC_US-NM,1.238095
2048,PNM_LAC_US-NM,1.168539
2048,PNM_NTUA_US-NM,0
2048,PNM_PNM_US-NM,1.654959
2048,PNM_TSGT_US-AZ,0.775819
2048,PNM_TSGT_US-NM,0.775819
2048,PSCO_0_US-CO,1.854765
2048,PSCO_0_US-WY,1.854765
2048,PSEI_0_US-WA,2.067106
2048,SC_0_US-SC,1.353614
2048,SCEG_0_US-GA,1.2847
2048,SCEG_0_US-SC,1.2847
2048,SCL_0_US-WA,1.841742
2048,SEC_0_US-FL,1.147372
2048,SEPA_0_US-GA,1
2048,SEPA_0_US-SC,1
2048,SOCO_0_US-AL,1.390597
2048,SOCO_0_US-FL,1.390597
2048,SOCO_0_US-GA,1.390597
2048,SOCO_0_US-MS,1.390597
2048,SOCO_0_US-SC,1.390597
2048,SPA_0_US-AR,3.566667
2048,SPA_0_US-MO,3.566667
2048,SPA_0_US-OK,3.566667
2048,SPA_0_US-TX,3.566667
2048,SPC_0_CA-SK,0
2048,SRP_0_US-AZ,1.587691
2048,SWPP_CSWS_US-AR,1.425675
2048,SWPP_CSWS_US-LA,1.425675
2048,SWPP_CSWS_US-OK,1.425675
2048,SWPP_CSWS_US-TX,1.425675
2048,SWPP_EDE_US-AR,1.509372
2048,SWPP_EDE_US-KS,1.509372
2048,SWPP_EDE_US-MO,1.509372
2048,SWPP_EDE_US-OK,1.509372
2048,SWPP_GRDA_US-AR,0.936452
2048,SWPP_GRDA_US-KS,0.936452
2048,SWPP_GRDA_US-OK,0.936452
2048,SWPP_INDN_US-MO,1.421642
2048,SWPP_KACY_US-KS,1.348008
2048,SWPP_KCPL_US-KS,1.381006
2048,SWPP_KCPL_US-MO,1.381006
2048,SWPP_LES_US-NE,3.53088
2048,SWPP_MPS_US-MO,1.413055
2048,SWPP_NPPD_US-CO,2.427309
2048,SWPP_NPPD_US-NE,2.427309
2048,SWPP_NPPD_US-SD,2.427309
2048,SWPP_OKGE_US-AR,1.313166
2048,SWPP_OKGE_US-OK,1.313166
2048,SWPP_OKGE_US-TX,1.313166
2048,SWPP_OPPD_US-NE,3.53112
2048,SWPP_SECI_US-KS,1.574702
2048,SWPP_SPRM_US-MO,1.410053
2048,SWPP_SPS_US-CO,1.64347
2048,SWPP_SPS_US-KS,1.64347
2048,SWPP_SPS_US-NM,1.64347
2048,SWPP_SPS_US-OK,1.64347
2048,SWPP_SPS_US-TX,1.64347
2048,SWPP_WAUE_US-IA,1.398085
2048,SWPP_WAUE_US-MN,1.398085
2048,SWPP_WAUE_US-MT,1.398085
2048,SWPP_WAUE_US-ND,1.398085
2048,SWPP_WAUE_US-NE,1.398085
2048,SWPP_WAUE_US-SD,1.398085
2048,SWPP_WAUE_US-WY,1.398085
2048,SWPP_WFEC_US-KS,1.251071
2048,SWPP_WFEC_US-OK,1.251071
2048,SWPP_WFEC_US-TX,1.251071
2048,SWPP_WR_US-KS,1.040351
2048,SWPP_WR_US-MO,1.040351
2048,TAL_0_US-FL,1.388273
2048,TEC_0_US-FL,1.366555
2048,TEPC_0_MX-SON,1.539263
2048,TEPC_0_US-AZ,1.539263
2048,TEPC_0_US-NM,1.539263
2048,TIDC_0_US-CA,1.205318
2048,TPWR_0_US-WA,1.845041
2048,TVA_0_US-AL,1.401978
2048,TVA_0_US-GA,1.401978
2048,TVA_0_US-KY,1.401978
2048,TVA_0_US-MS,1.401978
2048,TVA_0_US-NC,1.401978
2048,TVA_0_US-TN,1.401978
2048,TVA_0_US-VA,1.401978
2048,WACM_0_US-AZ,2.26493
2048,WACM_0_US-CO,2.26493
2048,WACM_0_US-MT,2.26493
2048,WACM_0_US-NE,2.26493
2048,WACM_0_US-NM,2.26493
2048,WACM_0_US-SD,2.26493
2048,WACM_0_US-UT,2.26493
2048,WACM_0_US-WY,2.26493
2048,WALC_0_US-AZ,1.823529
2048,WALC_0_US-CA,1.823529
2048,WALC_0_US-NV,1.823529
2048,WAUW_0_US-MT,2.106383
2048,WWA_0_US-MT,1
2048,YAD_0_US-NC,1
2049,AEC_0_US-AL,0
2049,AEC_0_US-FL,0
2049,AECI_0_US-AR,0
2049,AECI_0_US-IA,0
2049,AECI_0_US-MO,0
2049,AECI_0_US-OK,0
2049,AESO_CENT_CA-AB,0
2049,AESO_CGY_CA-AB,0
2049,AESO_EDM_CA-AB,0
2049,AESO_NE_CA-AB,0
2049,AESO_NW_CA-AB,0
2049,AESO_NW_CA-BC,0
2049,AESO_SOUT_CA-AB,0
2049,AVA_0_US-ID,1.597981
2049,AVA_0_US-MT,1.597981
2049,AVA_0_US-OR,1.597981
2049,AVA_0_US-WA,1.597981
2049,AVRN_0_US-OR,1
2049,AVRN_0_US-WA,1
2049,AZPS_0_US-AZ,1.746222
2049,AZPS_0_US-CA,1.746222
2049,AZPS_0_US-NM,1.746222
2049,AZPS_0_US-NV,1.746222
2049,BANC_0_US-CA,1.43629
2049,BCHA_0_CA-BC,0
2049,BPAT_0_CA-BC,1.741677
2049,BPAT_0_US-CA,1.741677
2049,BPAT_0_US-ID,1.741677
2049,BPAT_0_US-MT,1.741677
2049,BPAT_0_US-OR,1.741677
2049,BPAT_0_US-WA,1.741677
2049,CEN_0_MX-COA,0
2049,CEN_0_MX-NLE,0
2049,CENB_0_MX-BCN,0
2049,CENB_0_MX-SON,0
2049,CHPD_0_US-WA,1.802041
2049,CISO_PGAE_US-CA,2.193405
2049,CISO_PGAE_US-OR,2.193405
2049,CISO_SCE_US-AZ,1.829638
2049,CISO_SCE_US-CA,1.829638
2049,CISO_SCE_US-NV,1.829638
2049,CISO_SDGE_MX-BCN,1.971073
2049,CISO_SDGE_US-AZ,1.971073
2049,CISO_SDGE_US-CA,1.971073
2049,CISO_VEA_US-NV,1.450331
2049,CPLE_0_US-NC,1.499959
2049,CPLE_0_US-SC,1.499959
2049,CPLW_0_US-NC,1.087649
2049,DEAA_0_US-AZ,1
2049,DOPD_0_US-WA,1.815846
2049,DUK_0_US-NC,1.451206
2049,DUK_0_US-SC,1.451206
2049,DUK_0_US-VA,1.451206
2049,EPE_0_US-NM,1.706628
2049,EPE_0_US-TX,1.706628
2049,ERCO_COAS_US-TX,1.694844
2049,ERCO_EAST_US-TX,2.46375
2049,ERCO_FWES_US-TX,1.644868
2049,ERCO_NCEN_US-TX,1.703252
2049,ERCO_NRTH_US-OK,1.868624
2049,ERCO_NRTH_US-TX,1.868624
2049,ERCO_SCEN_US-TX,1.789541
2049,ERCO_SOUT_US-TX,1.724951
2049,ERCO_WEST_US-TX,2.8145
2049,FMPP_0_US-FL,1.214305
2049,FPC_0_US-FL,1.162265
2049,FPL_0_US-FL,1.377301
2049,GCPD_0_US-WA,1.851109
2049,GLHB_0_US-IL,1
2049,GRID_0_US-NM,1
2049,GRID_0_US-OR,1
2049,GRID_0_US-WA,1
2049,GRIF_0_US-AZ,1
2049,GVL_0_US-FL,1.323894
2049,GWA_0_US-MT,1
2049,HGMA_0_US-AZ,1
2049,HQT_0_CA-NL,1
2049,HQT_0_CA-QC,1
2049,HST_0_US-FL,1.491379
2049,IESO_0_CA-ON,0
2049,IID_0_US-AZ,1.479259
2049,IID_0_US-CA,1.479259
2049,IPCO_0_US-ID,1.450455
2049,IPCO_0_US-NV,1.450455
2049,IPCO_0_US-OR,1.450455
2049,IPCO_0_US-UT,1.450455
2049,ISNE_4001_US-ME,1.542132
2049,ISNE_4002_US-ME,1.539399
2049,ISNE_4002_US-NH,1.539399
2049,ISNE_4002_US-VT,1.539399
2049,ISNE_4003_US-NH,1.928894
2049,ISNE_4003_US-NY,1.928894
2049,ISNE_4003_US-VT,1.928894
2049,ISNE_4004_US-CT,1.569427
2049,ISNE_4005_US-MA,1.530245
2049,ISNE_4005_US-RI,1.530245
2049,ISNE_4006_US-MA,1.777649
2049,ISNE_4006_US-RI,1.777649
2049,ISNE_4007_US-MA,1.770205
2049,ISNE_4007_US-NY,1.770205
2049,ISNE_4007_US-VT,1.770205
2049,ISNE_4008_US-MA,1.751341
2049,ISNE_4008_US-NH,1.751341
2049,JEA_0_US-FL,1.469791
2049,LDWP_0_US-AZ,1.42472
2049,LDWP_0_US-CA,1.42472
2049,LDWP_0_US-NV,1.42472
2049,LDWP_0_US-UT,1.42472
2049,LGEE_0_US-IN,1.262407
2049,LGEE_0_US-KY,1.262407
2049,LGEE_0_US-VA,1.262407
2049,MHEB_0_CA-MB,0
2049,MISO_01_US-IA,1.857632
2049,MISO_01_US-IL,1.857632
2049,MISO_01_US-MI,1.857632
2049,MISO_01_US-MN,1.857632
2049,MISO_01_US-MT,1.857632
2049,MISO_01_US-ND,1.857632
2049,MISO_01_US-SD,1.857632
2049,MISO_01_US-WI,1.857632
2049,MISO_02_US-IA,1.554041
2049,MISO_02_US-IL,1.554041
2049,MISO_02_US-MI,1.554041
2049,MISO_02_US-MN,1.554041
2049,MISO_02_US-WI,1.554041
2049,MISO_03_US-IA,1.95604
2049,MISO_03_US-IL,1.95604
2049,MISO_03_US-MN,1.95604
2049,MISO_03_US-MO,1.95604
2049,MISO_03_US-SD,1.95604
2049,MISO_04_US-IL,1.503386
2049,MISO_04_US-KY,1.503386
2049,MISO_04_US-MO,1.503386
2049,MISO_05_US-IA,1.369393
2049,MISO_05_US-IL,1.369393
2049,MISO_05_US-MO,1.369393
2049,MISO_06_US-IL,1.39115
2049,MISO_06_US-IN,1.39115
2049,MISO_06_US-KY,1.39115
2049,MISO_06_US-OH,1.39115
2049,MISO_07_US-MI,1.436541
2049,MISO_08_US-AR,1.329243
2049,MISO_08_US-MO,1.329243
2049,MISO_09_US-LA,1.386303
2049,MISO_09_US-TX,1.386303
2049,MISO_10_US-MS,1.386998
2049,MISO_10_US-TN,1.386998
2049,NBSO_0_CA-NB,6.168719
2049,NBSO_0_CA-PE,6.168719
2049,NBSO_0_US-ME,6.168719
2049,NEVP_0_US-CA,1.674255
2049,NEVP_0_US-NV,1.674255
2049,NEVP_0_US-OR,1.674255
2049,NSPI_0_CA-NS,6.168719
2049,NWMT_0_US-ID,1.635071
2049,NWMT_0_US-MT,1.635071
2049,NWMT_0_US-WY,1.635071
2049,NYIS_A_US-NY,1.497546
2049,NYIS_A_US-PA,1.497546
2049,NYIS_B_US-NY,1.47952
2049,NYIS_C_US-NY,1.480371
2049,NYIS_D_US-NY,1.454887
2049,NYIS_E_US-NY,1.472401
2049,NYIS_F_US-NY,1.465914
2049,NYIS_G_US-NJ,1.511434
2049,NYIS_G_US-NY,1.511434
2049,NYIS_G_US-PA,1.511434
2049,NYIS_H_US-NY,1.490511
2049,NYIS_I_US-NY,1.478814
2049,NYIS_J_US-NJ,1.409622
2049,NYIS_J_US-NY,1.409622
2049,NYIS_K_US-NY,1.410041
2049,PACE_0_US-AZ,1.680407
2049,PACE_0_US-CO,1.680407
2049,PACE_0_US-ID,1.680407
2049,PACE_0_US-MT,1.680407
2049,PACE_0_US-NV,1.680407
2049,PACE_0_US-UT,1.680407
2049,PACE_0_US-WY,1.680407
2049,PACW_0_US-CA,1.585017
2049,PACW_0_US-OR,1.585017
2049,PACW_0_US-WA,1.585017
2049,PGE_0_US-OR,1.658242
2049,PGE_0_US-WA,1.658242
2049,PJM_AE_US-NJ,1.694206
2049,PJM_AEP_US-IN,1.414513
2049,PJM_AEP_US-KY,1.414513
2049,PJM_AEP_US-MI,1.414513
2049,PJM_AEP_US-OH,1.414513
2049,PJM_AEP_US-TN,1.414513
2049,PJM_AEP_US-VA,1.414513
2049,PJM_AEP_US-WV,1.414513
2049,PJM_AP_US-MD,1.536602
2049,PJM_AP_US-OH,1.536602
2049,PJM_AP_US-PA,1.536602
2049,PJM_AP_US-VA,1.536602
2049,PJM_AP_US-WV,1.536602
2049,PJM_ATSI_US-OH,1.386475
2049,PJM_ATSI_US-PA,1.386475
2049,PJM_BC_US-MD,1.816345
2049,PJM_CE_US-IL,1.51844
2049,PJM_CE_US-IN,1.51844
2049,PJM_DAY_US-OH,1.355031
2049,PJM_DEOK_US-KY,1.396002
2049,PJM_DEOK_US-OH,1.396002
2049,PJM_DOM_US-NC,1.98419
2049,PJM_DOM_US-VA,1.98419
2049,PJM_DOM_US-WV,1.98419
2049,PJM_DPL_US-DE,1.82267
2049,PJM_DPL_US-MD,1.82267
2049,PJM_DPL_US-NJ,1.82267
2049,PJM_DPL_US-PA,1.82267
2049,PJM_DPL_US-VA,1.82267
2049,PJM_DUQ_US-PA,1.372414
2049,PJM_EKPC_US-KY,1.331461
2049,PJM_JC_US-NJ,1.636749
2049,PJM_JC_US-NY,1.636749
2049,PJM_ME_US-PA,1.347571
2049,PJM_PE_US-DE,1.341524
2049,PJM_PE_US-MD,1.341524
2049,PJM_PE_US-NJ,1.341524
2049,PJM_PE_US-PA,1.341524
2049,PJM_PEP_US-DC,0.914238
2049,PJM_PEP_US-MD,0.914238
2049,PJM_PEP_US-VA,0.914238
2049,PJM_PL_US-MD,1.327811
2049,PJM_PL_US-PA,1.327811
2049,PJM_PN_US-MD,1.286639
2049,PJM_PN_US-PA,1.286639
2049,PJM_PS_US-NJ,1.737579
2049,PJM_PS_US-PA,1.737579
2049,PJM_RECO_US-NJ,3.310811
2049,PNM_ACMA_US-NM,1
2049,PNM_CYGA_US-NM,1
2049,PNM_Frep_US-NM,1.321429
2049,PNM_Jica_US-NM,1.25
2049,PNM_KAFB_US-NM,1.253521
2049,PNM_KCEC_US-NM,1.253968
2049,PNM_LAC_US-NM,1.179775
2049,PNM_NTUA_US-NM,0
2049,PNM_PNM_US-NM,1.675801
2049,PNM_TSGT_US-AZ,0.785894
2049,PNM_TSGT_US-NM,0.785894
2049,PSCO_0_US-CO,1.879631
2049,PSCO_0_US-WY,1.879631
2049,PSEI_0_US-WA,2.092471
2049,SC_0_US-SC,1.370658
2049,SCEG_0_US-GA,1.300839
2049,SCEG_0_US-SC,1.300839
2049,SCL_0_US-WA,1.864578
2049,SEC_0_US-FL,1.162265
2049,SEPA_0_US-GA,1
2049,SEPA_0_US-SC,1
2049,SOCO_0_US-AL,1.408103
2049,SOCO_0_US-FL,1.408103
2049,SOCO_0_US-GA,1.408103
2049,SOCO_0_US-MS,1.408103
2049,SOCO_0_US-SC,1.408103
2049,SPA_0_US-AR,3.611111
2049,SPA_0_US-MO,3.611111
2049,SPA_0_US-OK,3.611111
2049,SPA_0_US-TX,3.611111
2049,SPC_0_CA-SK,0
2049,SRP_0_US-AZ,1.610771
2049,SWPP_CSWS_US-AR,1.44532
2049,SWPP_CSWS_US-LA,1.44532
2049,SWPP_CSWS_US-OK,1.44532
2049,SWPP_CSWS_US-TX,1.44532
2049,SWPP_EDE_US-AR,1.528117
2049,SWPP_EDE_US-KS,1.528117
2049,SWPP_EDE_US-MO,1.528117
2049,SWPP_EDE_US-OK,1.528117
2049,SWPP_GRDA_US-AR,0.950574
2049,SWPP_GRDA_US-KS,0.950574
2049,SWPP_GRDA_US-OK,0.950574
2049,SWPP_INDN_US-MO,1.440299
2049,SWPP_KACY_US-KS,1.36478
2049,SWPP_KCPL_US-KS,1.397303
2049,SWPP_KCPL_US-MO,1.397303
2049,SWPP_LES_US-NE,3.65046
2049,SWPP_MPS_US-MO,1.430809
2049,SWPP_NPPD_US-CO,2.508969
2049,SWPP_NPPD_US-NE,2.508969
2049,SWPP_NPPD_US-SD,2.508969
2049,SWPP_OKGE_US-AR,1.331953
2049,SWPP_OKGE_US-OK,1.331953
2049,SWPP_OKGE_US-TX,1.331953
2049,SWPP_OPPD_US-NE,3.649566
2049,SWPP_SECI_US-KS,1.592117
2049,SWPP_SPRM_US-MO,1.427249
2049,SWPP_SPS_US-CO,1.666667
2049,SWPP_SPS_US-KS,1.666667
2049,SWPP_SPS_US-NM,1.666667
2049,SWPP_SPS_US-OK,1.666667
2049,SWPP_SPS_US-TX,1.666667
2049,SWPP_WAUE_US-IA,1.431592
2049,SWPP_WAUE_US-MN,1.431592
2049,SWPP_WAUE_US-MT,1.431592
2049,SWPP_WAUE_US-ND,1.431592
2049,SWPP_WAUE_US-NE,1.431592
2049,SWPP_WAUE_US-SD,1.431592
2049,SWPP_WAUE_US-WY,1.431592
2049,SWPP_WFEC_US-KS,1.269272
2049,SWPP_WFEC_US-OK,1.269272
2049,SWPP_WFEC_US-TX,1.269272
2049,SWPP_WR_US-KS,1.052114
2049,SWPP_WR_US-MO,1.052114
2049,TAL_0_US-FL,1.40729
2049,TEC_0_US-FL,1.384392
2049,TEPC_0_MX-SON,1.561561
2049,TEPC_0_US-AZ,1.561561
2049,TEPC_0_US-NM,1.561561
2049,TIDC_0_US-CA,1.221566
2049,TPWR_0_US-WA,1.867769
2049,TVA_0_US-AL,1.418985
2049,TVA_0_US-GA,1.418985
2049,TVA_0_US-KY,1.418985
2049,TVA_0_US-MS,1.418985
2049,TVA_0_US-NC,1.418985
2049,TVA_0_US-TN,1.418985
2049,TVA_0_US-VA,1.418985
2049,WACM_0_US-AZ,2.304744
2049,WACM_0_US-CO,2.304744
2049,WACM_0_US-MT,2.304744
2049,WACM_0_US-NE,2.304744
2049,WACM_0_US-NM,2.304744
2049,WACM_0_US-SD,2.304744
2049,WACM_0_US-UT,2.304744
2049,WACM_0_US-WY,2.304744
2049,WALC_0_US-AZ,1.849728
2049,WALC_0_US-CA,1.849728
2049,WALC_0_US-NV,1.849728
2049,WAUW_0_US-MT,2.138298
2049,WWA_0_US-MT,1
2049,YAD_0_US-NC,1
2050,AEC_0_US-AL,0
2050,AEC_0_US-FL,0
2050,AECI_0_US-AR,0
2050,AECI_0_US-IA,0
2050,AECI_0_US-MO,0
2050,AECI_0_US-OK,0
2050,AESO_CENT_CA-AB,0
2050,AESO_CGY_CA-AB,0
2050,AESO_EDM_CA-AB,0
2050,AESO_NE_CA-AB,0
2050,AESO_NW_CA-AB,0
2050,AESO_NW_CA-BC,0
2050,AESO_SOUT_CA-AB,0
2050,AVA_0_US-ID,1.618587
2050,AVA_0_US-MT,1.618587
2050,AVA_0_US-OR,1.618587
2050,AVA_0_US-WA,1.618587
2050,AVRN_0_US-OR,1
2050,AVRN_0_US-WA,1
2050,AZPS_0_US-AZ,1.771621
2050,AZPS_0_US-CA,1.771621
2050,AZPS_0_US-NM,1.771621
2050,AZPS_0_US-NV,1.771621
2050,BANC_0_US-CA,1.456529
2050,BCHA_0_CA-BC,0
2050,BPAT_0_CA-BC,1.763805
2050,BPAT_0_US-CA,1.763805
2050,BPAT_0_US-ID,1.763805
2050,BPAT_0_US-MT,1.763805
2050,BPAT_0_US-OR,1.763805
2050,BPAT_0_US-WA,1.763805
2050,CEN_0_MX-COA,0
2050,CEN_0_MX-NLE,0
2050,CENB_0_MX-BCN,0
2050,CENB_0_MX-SON,0
2050,CHPD_0_US-WA,1.82449
2050,CISO_PGAE_US-CA,2.22438
2050,CISO_PGAE_US-OR,2.22438
2050,CISO_SCE_US-AZ,1.855492
2050,CISO_SCE_US-CA,1.855492
2050,CISO_SCE_US-NV,1.855492
2050,CISO_SDGE_MX-BCN,1.998919
2050,CISO_SDGE_US-AZ,1.998919
2050,CISO_SDGE_US-CA,1.998919
2050,CISO_VEA_US-NV,1.470199
2050,CPLE_0_US-NC,1.519682
2050,CPLE_0_US-SC,1.519682
2050,CPLW_0_US-NC,1.101594
2050,DEAA_0_US-AZ,1
2050,DOPD_0_US-WA,1.837259
2050,DUK_0_US-NC,1.470162
2050,DUK_0_US-SC,1.470162
2050,DUK_0_US-VA,1.470162
2050,EPE_0_US-NM,1.731481
2050,EPE_0_US-TX,1.731481
2050,ERCO_COAS_US-TX,1.720166
2050,ERCO_EAST_US-TX,2.500625
2050,ERCO_FWES_US-TX,1.669418
2050,ERCO_NCEN_US-TX,1.728673
2050,ERCO_NRTH_US-OK,1.896535
2050,ERCO_NRTH_US-TX,1.896535
2050,ERCO_SCEN_US-TX,1.816253
2050,ERCO_SOUT_US-TX,1.750659
2050,ERCO_WEST_US-TX,2.8565
2050,FMPP_0_US-FL,1.230079
2050,FPC_0_US-FL,1.177418
2050,FPL_0_US-FL,1.395257
2050,GCPD_0_US-WA,1.87434
2050,GLHB_0_US-IL,1
2050,GRID_0_US-NM,1
2050,GRID_0_US-OR,1
2050,GRID_0_US-WA,1
2050,GRIF_0_US-AZ,1
2050,GVL_0_US-FL,1.341593
2050,GWA_0_US-MT,1
2050,HGMA_0_US-AZ,1
2050,HQT_0_CA-NL,1
2050,HQT_0_CA-QC,1
2050,HST_0_US-FL,1.508621
2050,IESO_0_CA-ON,0
2050,IID_0_US-AZ,1.500441
2050,IID_0_US-CA,1.500441
2050,IPCO_0_US-ID,1.470125
2050,IPCO_0_US-NV,1.470125
2050,IPCO_0_US-OR,1.470125
2050,IPCO_0_US-UT,1.470125
2050,ISNE_4001_US-ME,1.561479
2050,ISNE_4002_US-ME,1.558895
2050,ISNE_4002_US-NH,1.558895
2050,ISNE_4002_US-VT,1.558895
2050,ISNE_4003_US-NH,1.952596
2050,ISNE_4003_US-NY,1.952596
2050,ISNE_4003_US-VT,1.952596
2050,ISNE_4004_US-CT,1.586823
2050,ISNE_4005_US-MA,1.547139
2050,ISNE_4005_US-RI,1.547139
2050,ISNE_4006_US-MA,1.800521
2050,ISNE_4006_US-RI,1.800521
2050,ISNE_4007_US-MA,1.793124
2050,ISNE_4007_US-NY,1.793124
2050,ISNE_4007_US-VT,1.793124
2050,ISNE_4008_US-MA,1.773946
2050,ISNE_4008_US-NH,1.773946
2050,JEA_0_US-FL,1.488768
2050,LDWP_0_US-AZ,1.444806
2050,LDWP_0_US-CA,1.444806
2050,LDWP_0_US-NV,1.444806
2050,LDWP_0_US-UT,1.444806
2050,LGEE_0_US-IN,1.277366
2050,LGEE_0_US-KY,1.277366
2050,LGEE_0_US-VA,1.277366
2050,MHEB_0_CA-MB,0
2050,MISO_01_US-IA,1.892261
2050,MISO_01_US-IL,1.892261
2050,MISO_01_US-MI,1.892261
2050,MISO_01_US-MN,1.892261
2050,MISO_01_US-MT,1.892261
2050,MISO_01_US-ND,1.892261
2050,MISO_01_US-SD,1.892261
2050,MISO_01_US-WI,1.892261
2050,MISO_02_US-IA,1.570449
2050,MISO_02_US-IL,1.570449
2050,MISO_02_US-MI,1.570449
2050,MISO_02_US-MN,1.570449
2050,MISO_02_US-WI,1.570449
2050,MISO_03_US-IA,1.996594
2050,MISO_03_US-IL,1.996594
2050,MISO_03_US-MN,1.996594
2050,MISO_03_US-MO,1.996594
2050,MISO_03_US-SD,1.996594
2050,MISO_04_US-IL,1.517269
2050,MISO_04_US-KY,1.517269
2050,MISO_04_US-MO,1.517269
2050,MISO_05_US-IA,1.386557
2050,MISO_05_US-IL,1.386557
2050,MISO_05_US-MO,1.386557
2050,MISO_06_US-IL,1.40596
2050,MISO_06_US-IN,1.40596
2050,MISO_06_US-KY,1.40596
2050,MISO_06_US-OH,1.40596
2050,MISO_07_US-MI,1.450865
2050,MISO_08_US-AR,1.345603
2050,MISO_08_US-MO,1.345603
2050,MISO_09_US-LA,1.403339
2050,MISO_09_US-TX,1.403339
2050,MISO_10_US-MS,1.403504
2050,MISO_10_US-TN,1.403504
2050,NBSO_0_CA-NB,6.246305
2050,NBSO_0_CA-PE,6.246305
2050,NBSO_0_US-ME,6.246305
2050,NEVP_0_US-CA,1.697446
2050,NEVP_0_US-NV,1.697446
2050,NEVP_0_US-OR,1.697446
2050,NSPI_0_CA-NS,6.246305
2050,NWMT_0_US-ID,1.660955
2050,NWMT_0_US-MT,1.660955
2050,NWMT_0_US-WY,1.660955
2050,NYIS_A_US-NY,1.515289
2050,NYIS_A_US-PA,1.515289
2050,NYIS_B_US-NY,1.497003
2050,NYIS_C_US-NY,1.497859
2050,NYIS_D_US-NY,1.472431
2050,NYIS_E_US-NY,1.490323
2050,NYIS_F_US-NY,1.48348
2050,NYIS_G_US-NJ,1.529464
2050,NYIS_G_US-NY,1.529464
2050,NYIS_G_US-PA,1.529464
2050,NYIS_H_US-NY,1.508029
2050,NYIS_I_US-NY,1.496469
2050,NYIS_J_US-NJ,1.426336
2050,NYIS_J_US-NY,1.426336
2050,NYIS_K_US-NY,1.426841
2050,PACE_0_US-AZ,1.705873
2050,PACE_0_US-CO,1.705873
2050,PACE_0_US-ID,1.705873
2050,PACE_0_US-MT,1.705873
2050,PACE_0_US-NV,1.705873
2050,PACE_0_US-UT,1.705873
2050,PACE_0_US-WY,1.705873
2050,PACW_0_US-CA,1.605582
2050,PACW_0_US-OR,1.605582
2050,PACW_0_US-WA,1.605582
2050,PGE_0_US-OR,1.679937
2050,PGE_0_US-WA,1.679937
2050,PJM_AE_US-NJ,1.716262
2050,PJM_AEP_US-IN,1.431316
2050,PJM_AEP_US-KY,1.431316
2050,PJM_AEP_US-MI,1.431316
2050,PJM_AEP_US-OH,1.431316
2050,PJM_AEP_US-TN,1.431316
2050,PJM_AEP_US-VA,1.431316
2050,PJM_AEP_US-WV,1.431316
2050,PJM_AP_US-MD,1.554902
2050,PJM_AP_US-OH,1.554902
2050,PJM_AP_US-PA,1.554902
2050,PJM_AP_US-VA,1.554902
2050,PJM_AP_US-WV,1.554902
2050,PJM_ATSI_US-OH,1.401485
2050,PJM_ATSI_US-PA,1.401485
2050,PJM_BC_US-MD,1.839283
2050,PJM_CE_US-IL,1.5324
2050,PJM_CE_US-IN,1.5324
2050,PJM_DAY_US-OH,1.369663
2050,PJM_DEOK_US-KY,1.411277
2050,PJM_DEOK_US-OH,1.411277
2050,PJM_DOM_US-NC,2.018104
2050,PJM_DOM_US-VA,2.018104
2050,PJM_DOM_US-WV,2.018104
2050,PJM_DPL_US-DE,1.84534
2050,PJM_DPL_US-MD,1.84534
2050,PJM_DPL_US-NJ,1.84534
2050,PJM_DPL_US-PA,1.84534
2050,PJM_DPL_US-VA,1.84534
2050,PJM_DUQ_US-PA,1.387296
2050,PJM_EKPC_US-KY,1.34691
2050,PJM_JC_US-NJ,1.658127
2050,PJM_JC_US-NY,1.658127
2050,PJM_ME_US-PA,1.362243
2050,PJM_PE_US-DE,1.356244
2050,PJM_PE_US-MD,1.356244
2050,PJM_PE_US-NJ,1.356244
2050,PJM_PE_US-PA,1.356244
2050,PJM_PEP_US-DC,0.925695
2050,PJM_PEP_US-MD,0.925695
2050,PJM_PEP_US-VA,0.925695
2050,PJM_PL_US-MD,1.342291
2050,PJM_PL_US-PA,1.342291
2050,PJM_PN_US-MD,1.300613
2050,PJM_PN_US-PA,1.300613
2050,PJM_PS_US-NJ,1.760334
2050,PJM_PS_US-PA,1.760334
2050,PJM_RECO_US-NJ,3.351351
2050,PNM_ACMA_US-NM,1
2050,PNM_CYGA_US-NM,1
2050,PNM_Frep_US-NM,1.333333
2050,PNM_Jica_US-NM,1.25
2050,PNM_KAFB_US-NM,1.267606
2050,PNM_KCEC_US-NM,1.269841
2050,PNM_LAC_US-NM,1.191011
2050,PNM_NTUA_US-NM,0
2050,PNM_PNM_US-NM,1.697028
2050,PNM_TSGT_US-AZ,0.79597
2050,PNM_TSGT_US-NM,0.79597
2050,PSCO_0_US-CO,1.904699
2050,PSCO_0_US-WY,1.904699
2050,PSEI_0_US-WA,2.118434
2050,SC_0_US-SC,1.388134
2050,SCEG_0_US-GA,1.317409
2050,SCEG_0_US-SC,1.317409
2050,SCL_0_US-WA,1.887414
2050,SEC_0_US-FL,1.177418
2050,SEPA_0_US-GA,1
2050,SEPA_0_US-SC,1
2050,SOCO_0_US-AL,1.425808
2050,SOCO_0_US-FL,1.425808
2050,SOCO_0_US-GA,1.425808
2050,SOCO_0_US-MS,1.425808
2050,SOCO_0_US-SC,1.425808
2050,SPA_0_US-AR,3.655556
2050,SPA_0_US-MO,3.655556
2050,SPA_0_US-OK,3.655556
2050,SPA_0_US-TX,3.655556
2050,SPC_0_CA-SK,0
2050,SRP_0_US-AZ,1.634242
2050,SWPP_CSWS_US-AR,1.465175
2050,SWPP_CSWS_US-LA,1.465175
2050,SWPP_CSWS_US-OK,1.465175
2050,SWPP_CSWS_US-TX,1.465175
2050,SWPP_EDE_US-AR,1.546862
2050,SWPP_EDE_US-KS,1.546862
2050,SWPP_EDE_US-MO,1.546862
2050,SWPP_EDE_US-OK,1.546862
2050,SWPP_GRDA_US-AR,0.963813
2050,SWPP_GRDA_US-KS,0.963813
2050,SWPP_GRDA_US-OK,0.963813
2050,SWPP_INDN_US-MO,1.458955
2050,SWPP_KACY_US-KS,1.379455
2050,SWPP_KCPL_US-KS,1.414161
2050,SWPP_KCPL_US-MO,1.414161
2050,SWPP_LES_US-NE,3.772668
2050,SWPP_MPS_US-MO,1.448564
2050,SWPP_NPPD_US-CO,2.593307
2050,SWPP_NPPD_US-NE,2.593307
2050,SWPP_NPPD_US-SD,2.593307
2050,SWPP_OKGE_US-AR,1.350888
2050,SWPP_OKGE_US-OK,1.350888
2050,SWPP_OKGE_US-TX,1.350888
2050,SWPP_OPPD_US-NE,3.772539
2050,SWPP_SECI_US-KS,1.610449
2050,SWPP_SPRM_US-MO,1.445767
2050,SWPP_SPS_US-CO,1.690411
2050,SWPP_SPS_US-KS,1.690411
2050,SWPP_SPS_US-NM,1.690411
2050,SWPP_SPS_US-OK,1.690411
2050,SWPP_SPS_US-TX,1.690411
2050,SWPP_WAUE_US-IA,1.465895
2050,SWPP_WAUE_US-MN,1.465895
2050,SWPP_WAUE_US-MT,1.465895
2050,SWPP_WAUE_US-ND,1.465895
2050,SWPP_WAUE_US-NE,1.465895
2050,SWPP_WAUE_US-SD,1.465895
2050,SWPP_WAUE_US-WY,1.465895
2050,SWPP_WFEC_US-KS,1.287473
2050,SWPP_WFEC_US-OK,1.287473
2050,SWPP_WFEC_US-TX,1.287473
2050,SWPP_WR_US-KS,1.064026
2050,SWPP_WR_US-MO,1.064026
2050,TAL_0_US-FL,1.424723
2050,TEC_0_US-FL,1.402453
2050,TEPC_0_MX-SON,1.584343
2050,TEPC_0_US-AZ,1.584343
2050,TEPC_0_US-NM,1.584343
2050,TIDC_0_US-CA,1.239291
2050,TPWR_0_US-WA,1.890496
2050,TVA_0_US-AL,1.43619
2050,TVA_0_US-GA,1.43619
2050,TVA_0_US-KY,1.43619
2050,TVA_0_US-MS,1.43619
2050,TVA_0_US-NC,1.43619
2050,TVA_0_US-TN,1.43619
2050,TVA_0_US-VA,1.43619
2050,WACM_0_US-AZ,2.345116
2050,WACM_0_US-CO,2.345116
2050,WACM_0_US-MT,2.345116
2050,WACM_0_US-NE,2.345116
2050,WACM_0_US-NM,2.345116
2050,WACM_0_US-SD,2.345116
2050,WACM_0_US-UT,2.345116
2050,WACM_0_US-WY,2.345116
2050,WALC_0_US-AZ,1.876421
2050,WALC_0_US-CA,1.876421
2050,WALC_0_US-NV,1.876421
2050,WAUW_0_US-MT,2.170213
2050,WWA_0_US-MT,1
2050,YAD_0_US-NC,1
2051,AEC_0_US-AL,0.000000
2052,AEC_0_US-AL,0.000000
2053,AEC_0_US-AL,0.000000
2054,AEC_0_US-AL,0.000000
2051,AEC_0_US-FL,0.000000
2052,AEC_0_US-FL,0.000000
2053,AEC_0_US-FL,0.000000
2054,AEC_0_US-FL,0.000000
2051,AECI_0_US-AR,0.000000
2052,AECI_0_US-AR,0.000000
2053,AECI_0_US-AR,0.000000
2054,AECI_0_US-AR,0.000000
2051,AECI_0_US-IA,0.000000
2052,AECI_0_US-IA,0.000000
2053,AECI_0_US-IA,0.000000
2054,AECI_0_US-IA,0.000000
2051,AECI_0_US-MO,0.000000
2052,AECI_0_US-MO,0.000000
2053,AECI_0_US-MO,0.000000
2054,AECI_0_US-MO,0.000000
2051,AECI_0_US-OK,0.000000
2052,AECI_0_US-OK,0.000000
2053,AECI_0_US-OK,0.000000
2054,AECI_0_US-OK,0.000000
2051,AESO_CENT_CA-AB,0.000000
2052,AESO_CENT_CA-AB,0.000000
2053,AESO_CENT_CA-AB,0.000000
2054,AESO_CENT_CA-AB,0.000000
2051,AESO_CGY_CA-AB,0.000000
2052,AESO_CGY_CA-AB,0.000000
2053,AESO_CGY_CA-AB,0.000000
2054,AESO_CGY_CA-AB,0.000000
2051,AESO_EDM_CA-AB,0.000000
2052,AESO_EDM_CA-AB,0.000000
2053,AESO_EDM_CA-AB,0.000000
2054,AESO_EDM_CA-AB,0.000000
2051,AESO_NE_CA-AB,0.000000
2052,AESO_NE_CA-AB,0.000000
2053,AESO_NE_CA-AB,0.000000
2054,AESO_NE_CA-AB,0.000000
2051,AESO_NW_CA-AB,0.000000
2052,AESO_NW_CA-AB,0.000000
2053,AESO_NW_CA-AB,0.000000
2054,AESO_NW_CA-AB,0.000000
2051,AESO_NW_CA-BC,0.000000
2052,AESO_NW_CA-BC,0.000000
2053,AESO_NW_CA-BC,0.000000
2054,AESO_NW_CA-BC,0.000000
2051,AESO_SOUT_CA-AB,0.000000
2052,AESO_SOUT_CA-AB,0.000000
2053,AESO_SOUT_CA-AB,0.000000
2054,AESO_SOUT_CA-AB,0.000000
2051,AVA_0_US-ID,1.639193
2052,AVA_0_US-ID,1.659799
2053,AVA_0_US-ID,1.680405
2054,AVA_0_US-ID,1.701011
2051,AVA_0_US-MT,1.639193
2052,AVA_0_US-MT,1.659799
2053,AVA_0_US-MT,1.680405
2054,AVA_0_US-MT,1.701011
2051,AVA_0_US-OR,1.639193
2052,AVA_0_US-OR,1.659799
2053,AVA_0_US-OR,1.680405
2054,AVA_0_US-OR,1.701011
2051,AVA_0_US-WA,1.639193
2052,AVA_0_US-WA,1.659799
2053,AVA_0_US-WA,1.680405
2054,AVA_0_US-WA,1.701011
2051,AVRN_0_US-OR,1.000000
2052,AVRN_0_US-OR,1.000000
2053,AVRN_0_US-OR,1.000000
2054,AVRN_0_US-OR,1.000000
2051,AVRN_0_US-WA,1.000000
2052,AVRN_0_US-WA,1.000000
2053,AVRN_0_US-WA,1.000000
2054,AVRN_0_US-WA,1.000000
2051,AZPS_0_US-AZ,1.797020
2052,AZPS_0_US-AZ,1.822419
2053,AZPS_0_US-AZ,1.847818
2054,AZPS_0_US-AZ,1.873217
2051,AZPS_0_US-CA,1.797020
2052,AZPS_0_US-CA,1.822419
2053,AZPS_0_US-CA,1.847818
2054,AZPS_0_US-CA,1.873217
2051,AZPS_0_US-NM,1.797020
2052,AZPS_0_US-NM,1.822419
2053,AZPS_0_US-NM,1.847818
2054,AZPS_0_US-NM,1.873217
2051,AZPS_0_US-NV,1.797020
2052,AZPS_0_US-NV,1.822419
2053,AZPS_0_US-NV,1.847818
2054,AZPS_0_US-NV,1.873217
2051,BANC_0_US-CA,1.476768
2052,BANC_0_US-CA,1.497007
2053,BANC_0_US-CA,1.517246
2054,BANC_0_US-CA,1.537485
2051,BCHA_0_CA-BC,0.000000
2052,BCHA_0_CA-BC,0.000000
2053,BCHA_0_CA-BC,0.000000
2054,BCHA_0_CA-BC,0.000000
2051,BPAT_0_CA-BC,1.785933
2052,BPAT_0_CA-BC,1.808061
2053,BPAT_0_CA-BC,1.830189
2054,BPAT_0_CA-BC,1.852317
2051,BPAT_0_US-CA,1.785933
2052,BPAT_0_US-CA,1.808061
2053,BPAT_0_US-CA,1.830189
2054,BPAT_0_US-CA,1.852317
2051,BPAT_0_US-ID,1.785933
2052,BPAT_0_US-ID,1.808061
2053,BPAT_0_US-ID,1.830189
2054,BPAT_0_US-ID,1.852317
2051,BPAT_0_US-MT,1.785933
2052,BPAT_0_US-MT,1.808061
2053,BPAT_0_US-MT,1.830189
2054,BPAT_0_US-MT,1.852317
2051,BPAT_0_US-OR,1.785933
2052,BPAT_0_US-OR,1.808061
2053,BPAT_0_US-OR,1.830189
2054,BPAT_0_US-OR,1.852317
2051,BPAT_0_US-WA,1.785933
2052,BPAT_0_US-WA,1.808061
2053,BPAT_0_US-WA,1.830189
2054,BPAT_0_US-WA,1.852317
2051,CEN_0_MX-COA,0.000000
2052,CEN_0_MX-COA,0.000000
2053,CEN_0_MX-COA,0.000000
2054,CEN_0_MX-COA,0.000000
2051,CEN_0_MX-NLE,0.000000
2052,CEN_0_MX-NLE,0.000000
2053,CEN_0_MX-NLE,0.000000
2054,CEN_0_MX-NLE,0.000000
2051,CENB_0_MX-BCN,0.000000
2052,CENB_0_MX-BCN,0.000000
2053,CENB_0_MX-BCN,0.000000
2054,CENB_0_MX-BCN,0.000000
2051,CENB_0_MX-SON,0.000000
2052,CENB_0_MX-SON,0.000000
2053,CENB_0_MX-SON,0.000000
2054,CENB_0_MX-SON,0.000000
2051,CHPD_0_US-WA,1.846939
2052,CHPD_0_US-WA,1.869388
2053,CHPD_0_US-WA,1.891837
2054,CHPD_0_US-WA,1.914286
2051,CISO_PGAE_US-CA,2.255355
2052,CISO_PGAE_US-CA,2.286330
2053,CISO_PGAE_US-CA,2.317305
2054,CISO_PGAE_US-CA,2.348280
2051,CISO_PGAE_US-OR,2.255355
2052,CISO_PGAE_US-OR,2.286330
2053,CISO_PGAE_US-OR,2.317305
2054,CISO_PGAE_US-OR,2.348280
2051,CISO_SCE_US-AZ,1.881346
2052,CISO_SCE_US-AZ,1.907200
2053,CISO_SCE_US-AZ,1.933054
2054,CISO_SCE_US-AZ,1.958908
2051,CISO_SCE_US-CA,1.881346
2052,CISO_SCE_US-CA,1.907200
2053,CISO_SCE_US-CA,1.933054
2054,CISO_SCE_US-CA,1.958908
2051,CISO_SCE_US-NV,1.881346
2052,CISO_SCE_US-NV,1.907200
2053,CISO_SCE_US-NV,1.933054
2054,CISO_SCE_US-NV,1.958908
2051,CISO_SDGE_MX-BCN,2.026765
2052,CISO_SDGE_MX-BCN,2.054611
2053,CISO_SDGE_MX-BCN,2.082457
2054,CISO_SDGE_MX-BCN,2.110303
2051,CISO_SDGE_US-AZ,2.026765
2052,CISO_SDGE_US-AZ,2.054611
2053,CISO_SDGE_US-AZ,2.082457
2054,CISO_SDGE_US-AZ,2.110303
2051,CISO_SDGE_US-CA,2.026765
2052,CISO_SDGE_US-CA,2.054611
2053,CISO_SDGE_US-CA,2.082457
2054,CISO_SDGE_US-CA,2.110303
2051,CISO_VEA_US-NV,1.490067
2052,CISO_VEA_US-NV,1.509935
2053,CISO_VEA_US-NV,1.529803
2054,CISO_VEA_US-NV,1.549671
2051,CPLE_0_US-NC,1.539405
2052,CPLE_0_US-NC,1.559128
2053,CPLE_0_US-NC,1.578851
2054,CPLE_0_US-NC,1.598574
2051,CPLE_0_US-SC,1.539405
2052,CPLE_0_US-SC,1.559128
2053,CPLE_0_US-SC,1.578851
2054,CPLE_0_US-SC,1.598574
2051,CPLW_0_US-NC,1.115539
2052,CPLW_0_US-NC,1.129484
2053,CPLW_0_US-NC,1.143429
2054,CPLW_0_US-NC,1.157374
2051,DEAA_0_US-AZ,1.000000
2052,DEAA_0_US-AZ,1.000000
2053,DEAA_0_US-AZ,1.000000
2054,DEAA_0_US-AZ,1.000000
2051,DOPD_0_US-WA,1.858672
2052,DOPD_0_US-WA,1.880085
2053,DOPD_0_US-WA,1.901498
2054,DOPD_0_US-WA,1.922911
2051,DUK_0_US-NC,1.489118
2052,DUK_0_US-NC,1.508074
2053,DUK_0_US-NC,1.527030
2054,DUK_0_US-NC,1.545986
2051,DUK_0_US-SC,1.489118
2052,DUK_0_US-SC,1.508074
2053,DUK_0_US-SC,1.527030
2054,DUK_0_US-SC,1.545986
2051,DUK_0_US-VA,1.489118
2052,DUK_0_US-VA,1.508074
2053,DUK_0_US-VA,1.527030
2054,DUK_0_US-VA,1.545986
2051,EPE_0_US-NM,1.756334
2052,EPE_0_US-NM,1.781187
2053,EPE_0_US-NM,1.806040
2054,EPE_0_US-NM,1.830893
2051,EPE_0_US-TX,1.756334
2052,EPE_0_US-TX,1.781187
2053,EPE_0_US-TX,1.806040
2054,EPE_0_US-TX,1.830893
2051,ERCO_COAS_US-TX,1.745488
2052,ERCO_COAS_US-TX,1.770810
2053,ERCO_COAS_US-TX,1.796132
2054,ERCO_COAS_US-TX,1.821454
2051,ERCO_EAST_US-TX,2.537500
2052,ERCO_EAST_US-TX,2.574375
2053,ERCO_EAST_US-TX,2.611250
2054,ERCO_EAST_US-TX,2.648125
2051,ERCO_FWES_US-TX,1.693968
2052,ERCO_FWES_US-TX,1.718518
2053,ERCO_FWES_US-TX,1.743068
2054,ERCO_FWES_US-TX,1.767618
2051,ERCO_NCEN_US-TX,1.754094
2052,ERCO_NCEN_US-TX,1.779515
2053,ERCO_NCEN_US-TX,1.804936
2054,ERCO_NCEN_US-TX,1.830357
2051,ERCO_NRTH_US-OK,1.924446
2052,ERCO_NRTH_US-OK,1.952357
2053,ERCO_NRTH_US-OK,1.980268
2054,ERCO_NRTH_US-OK,2.008179
2051,ERCO_NRTH_US-TX,1.924446
2052,ERCO_NRTH_US-TX,1.952357
2053,ERCO_NRTH_US-TX,1.980268
2054,ERCO_NRTH_US-TX,2.008179
2051,ERCO_SCEN_US-TX,1.842965
2052,ERCO_SCEN_US-TX,1.869677
2053,ERCO_SCEN_US-TX,1.896389
2054,ERCO_SCEN_US-TX,1.923101
2051,ERCO_SOUT_US-TX,1.776367
2052,ERCO_SOUT_US-TX,1.802075
2053,ERCO_SOUT_US-TX,1.827783
2054,ERCO_SOUT_US-TX,1.853491
2051,ERCO_WEST_US-TX,2.898500
2052,ERCO_WEST_US-TX,2.940500
2053,ERCO_WEST_US-TX,2.982500
2054,ERCO_WEST_US-TX,3.024500
2051,FMPP_0_US-FL,1.245853
2052,FMPP_0_US-FL,1.261627
2053,FMPP_0_US-FL,1.277401
2054,FMPP_0_US-FL,1.293175
2051,FPC_0_US-FL,1.192571
2052,FPC_0_US-FL,1.207724
2053,FPC_0_US-FL,1.222877
2054,FPC_0_US-FL,1.238030
2051,FPL_0_US-FL,1.413213
2052,FPL_0_US-FL,1.431169
2053,FPL_0_US-FL,1.449125
2054,FPL_0_US-FL,1.467081
2051,GCPD_0_US-WA,1.897571
2052,GCPD_0_US-WA,1.920802
2053,GCPD_0_US-WA,1.944033
2054,GCPD_0_US-WA,1.967264
2051,GLHB_0_US-IL,1.000000
2052,GLHB_0_US-IL,1.000000
2053,GLHB_0_US-IL,1.000000
2054,GLHB_0_US-IL,1.000000
2051,GRID_0_US-NM,1.000000
2052,GRID_0_US-NM,1.000000
2053,GRID_0_US-NM,1.000000
2054,GRID_0_US-NM,1.000000
2051,GRID_0_US-OR,1.000000
2052,GRID_0_US-OR,1.000000
2053,GRID_0_US-OR,1.000000
2054,GRID_0_US-OR,1.000000
2051,GRID_0_US-WA,1.000000
2052,GRID_0_US-WA,1.000000
2053,GRID_0_US-WA,1.000000
2054,GRID_0_US-WA,1.000000
2051,GRIF_0_US-AZ,1.000000
2052,GRIF_0_US-AZ,1.000000
2053,GRIF_0_US-AZ,1.000000
2054,GRIF_0_US-AZ,1.000000
2051,GVL_0_US-FL,1.359292
2052,GVL_0_US-FL,1.376991
2053,GVL_0_US-FL,1.394690
2054,GVL_0_US-FL,1.412389
2051,GWA_0_US-MT,1.000000
2052,GWA_0_US-MT,1.000000
2053,GWA_0_US-MT,1.000000
2054,GWA_0_US-MT,1.000000
2051,HGMA_0_US-AZ,1.000000
2052,HGMA_0_US-AZ,1.000000
2053,HGMA_0_US-AZ,1.000000
2054,HGMA_0_US-AZ,1.000000
2051,HQT_0_CA-NL,1.000000
2052,HQT_0_CA-NL,1.000000
2053,HQT_0_CA-NL,1.000000
2054,HQT_0_CA-NL,1.000000
2051,HQT_0_CA-QC,1.000000
2052,HQT_0_CA-QC,1.000000
2053,HQT_0_CA-QC,1.000000
2054,HQT_0_CA-QC,1.000000
2051,HST_0_US-FL,1.525863
2052,HST_0_US-FL,1.543105
2053,HST_0_US-FL,1.560347
2054,HST_0_US-FL,1.577589
2051,IESO_0_CA-ON,0.000000
2052,IESO_0_CA-ON,0.000000
2053,IESO_0_CA-ON,0.000000
2054,IESO_0_CA-ON,0.000000
2051,IID_0_US-AZ,1.521623
2052,IID_0_US-AZ,1.542805
2053,IID_0_US-AZ,1.563987
2054,IID_0_US-AZ,1.585169
2051,IID_0_US-CA,1.521623
2052,IID_0_US-CA,1.542805
2053,IID_0_US-CA,1.563987
2054,IID_0_US-CA,1.585169
2051,IPCO_0_US-ID,1.489795
2052,IPCO_0_US-ID,1.509465
2053,IPCO_0_US-ID,1.529135
2054,IPCO_0_US-ID,1.548805
2051,IPCO_0_US-NV,1.489795
2052,IPCO_0_US-NV,1.509465
2053,IPCO_0_US-NV,1.529135
2054,IPCO_0_US-NV,1.548805
2051,IPCO_0_US-OR,1.489795
2052,IPCO_0_US-OR,1.509465
2053,IPCO_0_US-OR,1.529135
2054,IPCO_0_US-OR,1.548805
2051,IPCO_0_US-UT,1.489795
2052,IPCO_0_US-UT,1.509465
2053,IPCO_0_US-UT,1.529135
2054,IPCO_0_US-UT,1.548805
2051,ISNE_4001_US-ME,1.580826
2052,ISNE_4001_US-ME,1.600173
2053,ISNE_4001_US-ME,1.619520
2054,ISNE_4001_US-ME,1.638867
2051,ISNE_4002_US-ME,1.578391
2052,ISNE_4002_US-ME,1.597887
2053,ISNE_4002_US-ME,1.617383
2054,ISNE_4002_US-ME,1.636879
2051,ISNE_4002_US-NH,1.578391
2052,ISNE_4002_US-NH,1.597887
2053,ISNE_4002_US-NH,1.617383
2054,ISNE_4002_US-NH,1.636879
2051,ISNE_4002_US-VT,1.578391
2052,ISNE_4002_US-VT,1.597887
2053,ISNE_4002_US-VT,1.617383
2054,ISNE_4002_US-VT,1.636879
2051,ISNE_4003_US-NH,1.976298
2052,ISNE_4003_US-NH,2.000000
2053,ISNE_4003_US-NH,2.023702
2054,ISNE_4003_US-NH,2.047404
2051,ISNE_4003_US-NY,1.976298
2052,ISNE_4003_US-NY,2.000000
2053,ISNE_4003_US-NY,2.023702
2054,ISNE_4003_US-NY,2.047404
2051,ISNE_4003_US-VT,1.976298
2052,ISNE_4003_US-VT,2.000000
2053,ISNE_4003_US-VT,2.023702
2054,ISNE_4003_US-VT,2.047404
2051,ISNE_4004_US-CT,1.604219
2052,ISNE_4004_US-CT,1.621615
2053,ISNE_4004_US-CT,1.639011
2054,ISNE_4004_US-CT,1.656407
2051,ISNE_4005_US-MA,1.564033
2052,ISNE_4005_US-MA,1.580927
2053,ISNE_4005_US-MA,1.597821
2054,ISNE_4005_US-MA,1.614715
2051,ISNE_4005_US-RI,1.564033
2052,ISNE_4005_US-RI,1.580927
2053,ISNE_4005_US-RI,1.597821
2054,ISNE_4005_US-RI,1.614715
2051,ISNE_4006_US-MA,1.823393
2052,ISNE_4006_US-MA,1.846265
2053,ISNE_4006_US-MA,1.869137
2054,ISNE_4006_US-MA,1.892009
2051,ISNE_4006_US-RI,1.823393
2052,ISNE_4006_US-RI,1.846265
2053,ISNE_4006_US-RI,1.869137
2054,ISNE_4006_US-RI,1.892009
2051,ISNE_4007_US-MA,1.816043
2052,ISNE_4007_US-MA,1.838962
2053,ISNE_4007_US-MA,1.861881
2054,ISNE_4007_US-MA,1.884800
2051,ISNE_4007_US-NY,1.816043
2052,ISNE_4007_US-NY,1.838962
2053,ISNE_4007_US-NY,1.861881
2054,ISNE_4007_US-NY,1.884800
2051,ISNE_4007_US-VT,1.816043
2052,ISNE_4007_US-VT,1.838962
2053,ISNE_4007_US-VT,1.861881
2054,ISNE_4007_US-VT,1.884800
2051,ISNE_4008_US-MA,1.796551
2052,ISNE_4008_US-MA,1.819156
2053,ISNE_4008_US-MA,1.841761
2054,ISNE_4008_US-MA,1.864366
2051,ISNE_4008_US-NH,1.796551
2052,ISNE_4008_US-NH,1.819156
2053,ISNE_4008_US-NH,1.841761
2054,ISNE_4008_US-NH,1.864366
2051,JEA_0_US-FL,1.507745
2052,JEA_0_US-FL,1.526722
2053,JEA_0_US-FL,1.545699
2054,JEA_0_US-FL,1.564676
2051,LDWP_0_US-AZ,1.464892
2052,LDWP_0_US-AZ,1.484978
2053,LDWP_0_US-AZ,1.505064
2054,LDWP_0_US-AZ,1.525150
2051,LDWP_0_US-CA,1.464892
2052,LDWP_0_US-CA,1.484978
2053,LDWP_0_US-CA,1.505064
2054,LDWP_0_US-CA,1.525150
2051,LDWP_0_US-NV,1.464892
2052,LDWP_0_US-NV,1.484978
2053,LDWP_0_US-NV,1.505064
2054,LDWP_0_US-NV,1.525150
2051,LDWP_0_US-UT,1.464892
2052,LDWP_0_US-UT,1.484978
2053,LDWP_0_US-UT,1.505064
2054,LDWP_0_US-UT,1.525150
2051,LGEE_0_US-IN,1.292325
2052,LGEE_0_US-IN,1.307284
2053,LGEE_0_US-IN,1.322243
2054,LGEE_0_US-IN,1.337202
2051,LGEE_0_US-KY,1.292325
2052,LGEE_0_US-KY,1.307284
2053,LGEE_0_US-KY,1.322243
2054,LGEE_0_US-KY,1.337202
2051,LGEE_0_US-VA,1.292325
2052,LGEE_0_US-VA,1.307284
2053,LGEE_0_US-VA,1.322243
2054,LGEE_0_US-VA,1.337202
2051,MHEB_0_CA-MB,0.000000
2052,MHEB_0_CA-MB,0.000000
2053,MHEB_0_CA-MB,0.000000
2054,MHEB_0_CA-MB,0.000000
2051,MISO_01_US-IA,1.926890
2052,MISO_01_US-IA,1.961519
2053,MISO_01_US-IA,1.996148
2054,MISO_01_US-IA,2.030777
2051,MISO_01_US-IL,1.926890
2052,MISO_01_US-IL,1.961519
2053,MISO_01_US-IL,1.996148
2054,MISO_01_US-IL,2.030777
2051,MISO_01_US-MI,1.926890
2052,MISO_01_US-MI,1.961519
2053,MISO_01_US-MI,1.996148
2054,MISO_01_US-MI,2.030777
2051,MISO_01_US-MN,1.926890
2052,MISO_01_US-MN,1.961519
2053,MISO_01_US-MN,1.996148
2054,MISO_01_US-MN,2.030777
2051,MISO_01_US-MT,1.926890
2052,MISO_01_US-MT,1.961519
2053,MISO_01_US-MT,1.996148
2054,MISO_01_US-MT,2.030777
2051,MISO_01_US-ND,1.926890
2052,MISO_01_US-ND,1.961519
2053,MISO_01_US-ND,1.996148
2054,MISO_01_US-ND,2.030777
2051,MISO_01_US-SD,1.926890
2052,MISO_01_US-SD,1.961519
2053,MISO_01_US-SD,1.996148
2054,MISO_01_US-SD,2.030777
2051,MISO_01_US-WI,1.926890
2052,MISO_01_US-WI,1.961519
2053,MISO_01_US-WI,1.996148
2054,MISO_01_US-WI,2.030777
2051,MISO_02_US-IA,1.586857
2052,MISO_02_US-IA,1.603265
2053,MISO_02_US-IA,1.619673
2054,MISO_02_US-IA,1.636081
2051,MISO_02_US-IL,1.586857
2052,MISO_02_US-IL,1.603265
2053,MISO_02_US-IL,1.619673
2054,MISO_02_US-IL,1.636081
2051,MISO_02_US-MI,1.586857
2052,MISO_02_US-MI,1.603265
2053,MISO_02_US-MI,1.619673
2054,MISO_02_US-MI,1.636081
2051,MISO_02_US-MN,1.586857
2052,MISO_02_US-MN,1.603265
2053,MISO_02_US-MN,1.619673
2054,MISO_02_US-MN,1.636081
2051,MISO_02_US-WI,1.586857
2052,MISO_02_US-WI,1.603265
2053,MISO_02_US-WI,1.619673
2054,MISO_02_US-WI,1.636081
2051,MISO_03_US-IA,2.037148
2052,MISO_03_US-IA,2.077702
2053,MISO_03_US-IA,2.118256
2054,MISO_03_US-IA,2.158810
2051,MISO_03_US-IL,2.037148
2052,MISO_03_US-IL,2.077702
2053,MISO_03_US-IL,2.118256
2054,MISO_03_US-IL,2.158810
2051,MISO_03_US-MN,2.037148
2052,MISO_03_US-MN,2.077702
2053,MISO_03_US-MN,2.118256
2054,MISO_03_US-MN,2.158810
2051,MISO_03_US-MO,2.037148
2052,MISO_03_US-MO,2.077702
2053,MISO_03_US-MO,2.118256
2054,MISO_03_US-MO,2.158810
2051,MISO_03_US-SD,2.037148
2052,MISO_03_US-SD,2.077702
2053,MISO_03_US-SD,2.118256
2054,MISO_03_US-SD,2.158810
2051,MISO_04_US-IL,1.531152
2052,MISO_04_US-IL,1.545035
2053,MISO_04_US-IL,1.558918
2054,MISO_04_US-IL,1.572801
2051,MISO_04_US-KY,1.531152
2052,MISO_04_US-KY,1.545035
2053,MISO_04_US-KY,1.558918
2054,MISO_04_US-KY,1.572801
2051,MISO_04_US-MO,1.531152
2052,MISO_04_US-MO,1.545035
2053,MISO_04_US-MO,1.558918
2054,MISO_04_US-MO,1.572801
2051,MISO_05_US-IA,1.403721
2052,MISO_05_US-IA,1.420885
2053,MISO_05_US-IA,1.438049
2054,MISO_05_US-IA,1.455213
2051,MISO_05_US-IL,1.403721
2052,MISO_05_US-IL,1.420885
2053,MISO_05_US-IL,1.438049
2054,MISO_05_US-IL,1.455213
2051,MISO_05_US-MO,1.403721
2052,MISO_05_US-MO,1.420885
2053,MISO_05_US-MO,1.438049
2054,MISO_05_US-MO,1.455213
2051,MISO_06_US-IL,1.420770
2052,MISO_06_US-IL,1.435580
2053,MISO_06_US-IL,1.450390
2054,MISO_06_US-IL,1.465200
2051,MISO_06_US-IN,1.420770
2052,MISO_06_US-IN,1.435580
2053,MISO_06_US-IN,1.450390
2054,MISO_06_US-IN,1.465200
2051,MISO_06_US-KY,1.420770
2052,MISO_06_US-KY,1.435580
2053,MISO_06_US-KY,1.450390
2054,MISO_06_US-KY,1.465200
2051,MISO_06_US-OH,1.420770
2052,MISO_06_US-OH,1.435580
2053,MISO_06_US-OH,1.450390
2054,MISO_06_US-OH,1.465200
2051,MISO_07_US-MI,1.465189
2052,MISO_07_US-MI,1.479513
2053,MISO_07_US-MI,1.493837
2054,MISO_07_US-MI,1.508161
2051,MISO_08_US-AR,1.361963
2052,MISO_08_US-AR,1.378323
2053,MISO_08_US-AR,1.394683
2054,MISO_08_US-AR,1.411043
2051,MISO_08_US-MO,1.361963
2052,MISO_08_US-MO,1.378323
2053,MISO_08_US-MO,1.394683
2054,MISO_08_US-MO,1.411043
2051,MISO_09_US-LA,1.420375
2052,MISO_09_US-LA,1.437411
2053,MISO_09_US-LA,1.454447
2054,MISO_09_US-LA,1.471483
2051,MISO_09_US-TX,1.420375
2052,MISO_09_US-TX,1.437411
2053,MISO_09_US-TX,1.454447
2054,MISO_09_US-TX,1.471483
2051,MISO_10_US-MS,1.420010
2052,MISO_10_US-MS,1.436516
2053,MISO_10_US-MS,1.453022
2054,MISO_10_US-MS,1.469528
2051,MISO_10_US-TN,1.420010
2052,MISO_10_US-TN,1.436516
2053,MISO_10_US-TN,1.453022
2054,MISO_10_US-TN,1.469528
2051,NBSO_0_CA-NB,6.323891
2052,NBSO_0_CA-NB,6.401477
2053,NBSO_0_CA-NB,6.479063
2054,NBSO_0_CA-NB,6.556649
2051,NBSO_0_CA-PE,6.323891
2052,NBSO_0_CA-PE,6.401477
2053,NBSO_0_CA-PE,6.479063
2054,NBSO_0_CA-PE,6.556649
2051,NBSO_0_US-ME,6.323891
2052,NBSO_0_US-ME,6.401477
2053,NBSO_0_US-ME,6.479063
2054,NBSO_0_US-ME,6.556649
2051,NEVP_0_US-CA,1.720637
2052,NEVP_0_US-CA,1.743828
2053,NEVP_0_US-CA,1.767019
2054,NEVP_0_US-CA,1.790210
2051,NEVP_0_US-NV,1.720637
2052,NEVP_0_US-NV,1.743828
2053,NEVP_0_US-NV,1.767019
2054,NEVP_0_US-NV,1.790210
2051,NEVP_0_US-OR,1.720637
2052,NEVP_0_US-OR,1.743828
2053,NEVP_0_US-OR,1.767019
2054,NEVP_0_US-OR,1.790210
2051,NSPI_0_CA-NS,6.323891
2052,NSPI_0_CA-NS,6.401477
2053,NSPI_0_CA-NS,6.479063
2054,NSPI_0_CA-NS,6.556649
2051,NWMT_0_US-ID,1.686839
2052,NWMT_0_US-ID,1.712723
2053,NWMT_0_US-ID,1.738607
2054,NWMT_0_US-ID,1.764491
2051,NWMT_0_US-MT,1.686839
2052,NWMT_0_US-MT,1.712723
2053,NWMT_0_US-MT,1.738607
2054,NWMT_0_US-MT,1.764491
2051,NWMT_0_US-WY,1.686839
2052,NWMT_0_US-WY,1.712723
2053,NWMT_0_US-WY,1.738607
2054,NWMT_0_US-WY,1.764491
2051,NYIS_A_US-NY,1.533032
2052,NYIS_A_US-NY,1.550775
2053,NYIS_A_US-NY,1.568518
2054,NYIS_A_US-NY,1.586261
2051,NYIS_A_US-PA,1.533032
2052,NYIS_A_US-PA,1.550775
2053,NYIS_A_US-PA,1.568518
2054,NYIS_A_US-PA,1.586261
2051,NYIS_B_US-NY,1.514486
2052,NYIS_B_US-NY,1.531969
2053,NYIS_B_US-NY,1.549452
2054,NYIS_B_US-NY,1.566935
2051,NYIS_C_US-NY,1.515347
2052,NYIS_C_US-NY,1.532835
2053,NYIS_C_US-NY,1.550323
2054,NYIS_C_US-NY,1.567811
2051,NYIS_D_US-NY,1.489975
2052,NYIS_D_US-NY,1.507519
2053,NYIS_D_US-NY,1.525063
2054,NYIS_D_US-NY,1.542607
2051,NYIS_E_US-NY,1.508245
2052,NYIS_E_US-NY,1.526167
2053,NYIS_E_US-NY,1.544089
2054,NYIS_E_US-NY,1.562011
2051,NYIS_F_US-NY,1.501046
2052,NYIS_F_US-NY,1.518612
2053,NYIS_F_US-NY,1.536178
2054,NYIS_F_US-NY,1.553744
2051,NYIS_G_US-NJ,1.547494
2052,NYIS_G_US-NJ,1.565524
2053,NYIS_G_US-NJ,1.583554
2054,NYIS_G_US-NJ,1.601584
2051,NYIS_G_US-NY,1.547494
2052,NYIS_G_US-NY,1.565524
2053,NYIS_G_US-NY,1.583554
2054,NYIS_G_US-NY,1.601584
2051,NYIS_G_US-PA,1.547494
2052,NYIS_G_US-PA,1.565524
2053,NYIS_G_US-PA,1.583554
2054,NYIS_G_US-PA,1.601584
2051,NYIS_H_US-NY,1.525547
2052,NYIS_H_US-NY,1.543065
2053,NYIS_H_US-NY,1.560583
2054,NYIS_H_US-NY,1.578101
2051,NYIS_I_US-NY,1.514124
2052,NYIS_I_US-NY,1.531779
2053,NYIS_I_US-NY,1.549434
2054,NYIS_I_US-NY,1.567089
2051,NYIS_J_US-NJ,1.443050
2052,NYIS_J_US-NJ,1.459764
2053,NYIS_J_US-NJ,1.476478
2054,NYIS_J_US-NJ,1.493192
2051,NYIS_J_US-NY,1.443050
2052,NYIS_J_US-NY,1.459764
2053,NYIS_J_US-NY,1.476478
2054,NYIS_J_US-NY,1.493192
2051,NYIS_K_US-NY,1.443641
2052,NYIS_K_US-NY,1.460441
2053,NYIS_K_US-NY,1.477241
2054,NYIS_K_US-NY,1.494041
2051,PACE_0_US-AZ,1.731339
2052,PACE_0_US-AZ,1.756805
2053,PACE_0_US-AZ,1.782271
2054,PACE_0_US-AZ,1.807737
2051,PACE_0_US-CO,1.731339
2052,PACE_0_US-CO,1.756805
2053,PACE_0_US-CO,1.782271
2054,PACE_0_US-CO,1.807737
2051,PACE_0_US-ID,1.731339
2052,PACE_0_US-ID,1.756805
2053,PACE_0_US-ID,1.782271
2054,PACE_0_US-ID,1.807737
2051,PACE_0_US-MT,1.731339
2052,PACE_0_US-MT,1.756805
2053,PACE_0_US-MT,1.782271
2054,PACE_0_US-MT,1.807737
2051,PACE_0_US-NV,1.731339
2052,PACE_0_US-NV,1.756805
2053,PACE_0_US-NV,1.782271
2054,PACE_0_US-NV,1.807737
2051,PACE_0_US-UT,1.731339
2052,PACE_0_US-UT,1.756805
2053,PACE_0_US-UT,1.782271
2054,PACE_0_US-UT,1.807737
2051,PACE_0_US-WY,1.731339
2052,PACE_0_US-WY,1.756805
2053,PACE_0_US-WY,1.782271
2054,PACE_0_US-WY,1.807737
2051,PACW_0_US-CA,1.626147
2052,PACW_0_US-CA,1.646712
2053,PACW_0_US-CA,1.667277
2054,PACW_0_US-CA,1.687842
2051,PACW_0_US-OR,1.626147
2052,PACW_0_US-OR,1.646712
2053,PACW_0_US-OR,1.667277
2054,PACW_0_US-OR,1.687842
2051,PACW_0_US-WA,1.626147
2052,PACW_0_US-WA,1.646712
2053,PACW_0_US-WA,1.667277
2054,PACW_0_US-WA,1.687842
2051,PGE_0_US-OR,1.701632
2052,PGE_0_US-OR,1.723327
2053,PGE_0_US-OR,1.745022
2054,PGE_0_US-OR,1.766717
2051,PGE_0_US-WA,1.701632
2052,PGE_0_US-WA,1.723327
2053,PGE_0_US-WA,1.745022
2054,PGE_0_US-WA,1.766717
2051,PJM_AE_US-NJ,1.738318
2052,PJM_AE_US-NJ,1.760374
2053,PJM_AE_US-NJ,1.782430
2054,PJM_AE_US-NJ,1.804486
2051,PJM_AEP_US-IN,1.448119
2052,PJM_AEP_US-IN,1.464922
2053,PJM_AEP_US-IN,1.481725
2054,PJM_AEP_US-IN,1.498528
2051,PJM_AEP_US-KY,1.448119
2052,PJM_AEP_US-KY,1.464922
2053,PJM_AEP_US-KY,1.481725
2054,PJM_AEP_US-KY,1.498528
2051,PJM_AEP_US-MI,1.448119
2052,PJM_AEP_US-MI,1.464922
2053,PJM_AEP_US-MI,1.481725
2054,PJM_AEP_US-MI,1.498528
2051,PJM_AEP_US-OH,1.448119
2052,PJM_AEP_US-OH,1.464922
2053,PJM_AEP_US-OH,1.481725
2054,PJM_AEP_US-OH,1.498528
2051,PJM_AEP_US-TN,1.448119
2052,PJM_AEP_US-TN,1.464922
2053,PJM_AEP_US-TN,1.481725
2054,PJM_AEP_US-TN,1.498528
2051,PJM_AEP_US-VA,1.448119
2052,PJM_AEP_US-VA,1.464922
2053,PJM_AEP_US-VA,1.481725
2054,PJM_AEP_US-VA,1.498528
2051,PJM_AEP_US-WV,1.448119
2052,PJM_AEP_US-WV,1.464922
2053,PJM_AEP_US-WV,1.481725
2054,PJM_AEP_US-WV,1.498528
2051,PJM_AP_US-MD,1.573202
2052,PJM_AP_US-MD,1.591502
2053,PJM_AP_US-MD,1.609802
2054,PJM_AP_US-MD,1.628102
2051,PJM_AP_US-OH,1.573202
2052,PJM_AP_US-OH,1.591502
2053,PJM_AP_US-OH,1.609802
2054,PJM_AP_US-OH,1.628102
2051,PJM_AP_US-PA,1.573202
2052,PJM_AP_US-PA,1.591502
2053,PJM_AP_US-PA,1.609802
2054,PJM_AP_US-PA,1.628102
2051,PJM_AP_US-VA,1.573202
2052,PJM_AP_US-VA,1.591502
2053,PJM_AP_US-VA,1.609802
2054,PJM_AP_US-VA,1.628102
2051,PJM_AP_US-WV,1.573202
2052,PJM_AP_US-WV,1.591502
2053,PJM_AP_US-WV,1.609802
2054,PJM_AP_US-WV,1.628102
2051,PJM_ATSI_US-OH,1.416495
2052,PJM_ATSI_US-OH,1.431505
2053,PJM_ATSI_US-OH,1.446515
2054,PJM_ATSI_US-OH,1.461525
2051,PJM_ATSI_US-PA,1.416495
2052,PJM_ATSI_US-PA,1.431505
2053,PJM_ATSI_US-PA,1.446515
2054,PJM_ATSI_US-PA,1.461525
2051,PJM_BC_US-MD,1.862221
2052,PJM_BC_US-MD,1.885159
2053,PJM_BC_US-MD,1.908097
2054,PJM_BC_US-MD,1.931035
2051,PJM_CE_US-IL,1.546360
2052,PJM_CE_US-IL,1.560320
2053,PJM_CE_US-IL,1.574280
2054,PJM_CE_US-IL,1.588240
2051,PJM_CE_US-IN,1.546360
2052,PJM_CE_US-IN,1.560320
2053,PJM_CE_US-IN,1.574280
2054,PJM_CE_US-IN,1.588240
2051,PJM_DAY_US-OH,1.384295
2052,PJM_DAY_US-OH,1.398927
2053,PJM_DAY_US-OH,1.413559
2054,PJM_DAY_US-OH,1.428191
2051,PJM_DEOK_US-KY,1.426552
2052,PJM_DEOK_US-KY,1.441827
2053,PJM_DEOK_US-KY,1.457102
2054,PJM_DEOK_US-KY,1.472377
2051,PJM_DEOK_US-OH,1.426552
2052,PJM_DEOK_US-OH,1.441827
2053,PJM_DEOK_US-OH,1.457102
2054,PJM_DEOK_US-OH,1.472377
2051,PJM_DOM_US-NC,2.052018
2052,PJM_DOM_US-NC,2.085932
2053,PJM_DOM_US-NC,2.119846
2054,PJM_DOM_US-NC,2.153760
2051,PJM_DOM_US-VA,2.052018
2052,PJM_DOM_US-VA,2.085932
2053,PJM_DOM_US-VA,2.119846
2054,PJM_DOM_US-VA,2.153760
2051,PJM_DOM_US-WV,2.052018
2052,PJM_DOM_US-WV,2.085932
2053,PJM_DOM_US-WV,2.119846
2054,PJM_DOM_US-WV,2.153760
2051,PJM_DPL_US-DE,1.868010
2052,PJM_DPL_US-DE,1.890680
2053,PJM_DPL_US-DE,1.913350
2054,PJM_DPL_US-DE,1.936020
2051,PJM_DPL_US-MD,1.868010
2052,PJM_DPL_US-MD,1.890680
2053,PJM_DPL_US-MD,1.913350
2054,PJM_DPL_US-MD,1.936020
2051,PJM_DPL_US-NJ,1.868010
2052,PJM_DPL_US-NJ,1.890680
2053,PJM_DPL_US-NJ,1.913350
2054,PJM_DPL_US-NJ,1.936020
2051,PJM_DPL_US-PA,1.868010
2052,PJM_DPL_US-PA,1.890680
2053,PJM_DPL_US-PA,1.913350
2054,PJM_DPL_US-PA,1.936020
2051,PJM_DPL_US-VA,1.868010
2052,PJM_DPL_US-VA,1.890680
2053,PJM_DPL_US-VA,1.913350
2054,PJM_DPL_US-VA,1.936020
2051,PJM_DUQ_US-PA,1.402178
2052,PJM_DUQ_US-PA,1.417060
2053,PJM_DUQ_US-PA,1.431942
2054,PJM_DUQ_US-PA,1.446824
2051,PJM_EKPC_US-KY,1.362359
2052,PJM_EKPC_US-KY,1.377808
2053,PJM_EKPC_US-KY,1.393257
2054,PJM_EKPC_US-KY,1.408706
2051,PJM_JC_US-NJ,1.679505
2052,PJM_JC_US-NJ,1.700883
2053,PJM_JC_US-NJ,1.722261
2054,PJM_JC_US-NJ,1.743639
2051,PJM_JC_US-NY,1.679505
2052,PJM_JC_US-NY,1.700883
2053,PJM_JC_US-NY,1.722261
2054,PJM_JC_US-NY,1.743639
2051,PJM_ME_US-PA,1.376915
2052,PJM_ME_US-PA,1.391587
2053,PJM_ME_US-PA,1.406259
2054,PJM_ME_US-PA,1.420931
2051,PJM_PE_US-DE,1.370964
2052,PJM_PE_US-DE,1.385684
2053,PJM_PE_US-DE,1.400404
2054,PJM_PE_US-DE,1.415124
2051,PJM_PE_US-MD,1.370964
2052,PJM_PE_US-MD,1.385684
2053,PJM_PE_US-MD,1.400404
2054,PJM_PE_US-MD,1.415124
2051,PJM_PE_US-NJ,1.370964
2052,PJM_PE_US-NJ,1.385684
2053,PJM_PE_US-NJ,1.400404
2054,PJM_PE_US-NJ,1.415124
2051,PJM_PE_US-PA,1.370964
2052,PJM_PE_US-PA,1.385684
2053,PJM_PE_US-PA,1.400404
2054,PJM_PE_US-PA,1.415124
2051,PJM_PEP_US-DC,0.937152
2052,PJM_PEP_US-DC,0.948609
2053,PJM_PEP_US-DC,0.960066
2054,PJM_PEP_US-DC,0.971523
2051,PJM_PEP_US-MD,0.937152
2052,PJM_PEP_US-MD,0.948609
2053,PJM_PEP_US-MD,0.960066
2054,PJM_PEP_US-MD,0.971523
2051,PJM_PEP_US-VA,0.937152
2052,PJM_PEP_US-VA,0.948609
2053,PJM_PEP_US-VA,0.960066
2054,PJM_PEP_US-VA,0.971523
2051,PJM_PL_US-MD,1.356771
2052,PJM_PL_US-MD,1.371251
2053,PJM_PL_US-MD,1.385731
2054,PJM_PL_US-MD,1.400211
2051,PJM_PL_US-PA,1.356771
2052,PJM_PL_US-PA,1.371251
2053,PJM_PL_US-PA,1.385731
2054,PJM_PL_US-PA,1.400211
2051,PJM_PN_US-MD,1.314587
2052,PJM_PN_US-MD,1.328561
2053,PJM_PN_US-MD,1.342535
2054,PJM_PN_US-MD,1.356509
2051,PJM_PN_US-PA,1.314587
2052,PJM_PN_US-PA,1.328561
2053,PJM_PN_US-PA,1.342535
2054,PJM_PN_US-PA,1.356509
2051,PJM_PS_US-NJ,1.783089
2052,PJM_PS_US-NJ,1.805844
2053,PJM_PS_US-NJ,1.828599
2054,PJM_PS_US-NJ,1.851354
2051,PJM_PS_US-PA,1.783089
2052,PJM_PS_US-PA,1.805844
2053,PJM_PS_US-PA,1.828599
2054,PJM_PS_US-PA,1.851354
2051,PJM_RECO_US-NJ,3.391891
2052,PJM_RECO_US-NJ,3.432431
2053,PJM_RECO_US-NJ,3.472971
2054,PJM_RECO_US-NJ,3.513511
2051,PNM_ACMA_US-NM,1.000000
2052,PNM_ACMA_US-NM,1.000000
2053,PNM_ACMA_US-NM,1.000000
2054,PNM_ACMA_US-NM,1.000000
2051,PNM_CYGA_US-NM,1.000000
2052,PNM_CYGA_US-NM,1.000000
2053,PNM_CYGA_US-NM,1.000000
2054,PNM_CYGA_US-NM,1.000000
2051,PNM_Frep_US-NM,1.345237
2052,PNM_Frep_US-NM,1.357141
2053,PNM_Frep_US-NM,1.369045
2054,PNM_Frep_US-NM,1.380949
2051,PNM_Jica_US-NM,1.250000
2052,PNM_Jica_US-NM,1.250000
2053,PNM_Jica_US-NM,1.250000
2054,PNM_Jica_US-NM,1.250000
2051,PNM_KAFB_US-NM,1.281691
2052,PNM_KAFB_US-NM,1.295776
2053,PNM_KAFB_US-NM,1.309861
2054,PNM_KAFB_US-NM,1.323946
2051,PNM_KCEC_US-NM,1.285714
2052,PNM_KCEC_US-NM,1.301587
2053,PNM_KCEC_US-NM,1.317460
2054,PNM_KCEC_US-NM,1.333333
2051,PNM_LAC_US-NM,1.202247
2052,PNM_LAC_US-NM,1.213483
2053,PNM_LAC_US-NM,1.224719
2054,PNM_LAC_US-NM,1.235955
2051,PNM_NTUA_US-NM,0.000000
2052,PNM_NTUA_US-NM,0.000000
2053,PNM_NTUA_US-NM,0.000000
2054,PNM_NTUA_US-NM,0.000000
2051,PNM_PNM_US-NM,1.718255
2052,PNM_PNM_US-NM,1.739482
2053,PNM_PNM_US-NM,1.760709
2054,PNM_PNM_US-NM,1.781936
2051,PNM_TSGT_US-AZ,0.806046
2052,PNM_TSGT_US-AZ,0.816122
2053,PNM_TSGT_US-AZ,0.826198
2054,PNM_TSGT_US-AZ,0.836274
2051,PNM_TSGT_US-NM,0.806046
2052,PNM_TSGT_US-NM,0.816122
2053,PNM_TSGT_US-NM,0.826198
2054,PNM_TSGT_US-NM,0.836274
2051,PSCO_0_US-CO,1.929767
2052,PSCO_0_US-CO,1.954835
2053,PSCO_0_US-CO,1.979903
2054,PSCO_0_US-CO,2.004971
2051,PSCO_0_US-WY,1.929767
2052,PSCO_0_US-WY,1.954835
2053,PSCO_0_US-WY,1.979903
2054,PSCO_0_US-WY,2.004971
2051,PSEI_0_US-WA,2.144397
2052,PSEI_0_US-WA,2.170360
2053,PSEI_0_US-WA,2.196323
2054,PSEI_0_US-WA,2.222286
2051,SC_0_US-SC,1.405610
2052,SC_0_US-SC,1.423086
2053,SC_0_US-SC,1.440562
2054,SC_0_US-SC,1.458038
2051,SCEG_0_US-GA,1.333979
2052,SCEG_0_US-GA,1.350549
2053,SCEG_0_US-GA,1.367119
2054,SCEG_0_US-GA,1.383689
2051,SCEG_0_US-SC,1.333979
2052,SCEG_0_US-SC,1.350549
2053,SCEG_0_US-SC,1.367119
2054,SCEG_0_US-SC,1.383689
2051,SCL_0_US-WA,1.910250
2052,SCL_0_US-WA,1.933086
2053,SCL_0_US-WA,1.955922
2054,SCL_0_US-WA,1.978758
2051,SEC_0_US-FL,1.192571
2052,SEC_0_US-FL,1.207724
2053,SEC_0_US-FL,1.222877
2054,SEC_0_US-FL,1.238030
2051,SEPA_0_US-GA,1.000000
2052,SEPA_0_US-GA,1.000000
2053,SEPA_0_US-GA,1.000000
2054,SEPA_0_US-GA,1.000000
2051,SEPA_0_US-SC,1.000000
2052,SEPA_0_US-SC,1.000000
2053,SEPA_0_US-SC,1.000000
2054,SEPA_0_US-SC,1.000000
2051,SOCO_0_US-AL,1.443513
2052,SOCO_0_US-AL,1.461218
2053,SOCO_0_US-AL,1.478923
2054,SOCO_0_US-AL,1.496628
2051,SOCO_0_US-FL,1.443513
2052,SOCO_0_US-FL,1.461218
2053,SOCO_0_US-FL,1.478923
2054,SOCO_0_US-FL,1.496628
2051,SOCO_0_US-GA,1.443513
2052,SOCO_0_US-GA,1.461218
2053,SOCO_0_US-GA,1.478923
2054,SOCO_0_US-GA,1.496628
2051,SOCO_0_US-MS,1.443513
2052,SOCO_0_US-MS,1.461218
2053,SOCO_0_US-MS,1.478923
2054,SOCO_0_US-MS,1.496628
2051,SOCO_0_US-SC,1.443513
2052,SOCO_0_US-SC,1.461218
2053,SOCO_0_US-SC,1.478923
2054,SOCO_0_US-SC,1.496628
2051,SPA_0_US-AR,3.700001
2052,SPA_0_US-AR,3.744446
2053,SPA_0_US-AR,3.788891
2054,SPA_0_US-AR,3.833336
2051,SPA_0_US-MO,3.700001
2052,SPA_0_US-MO,3.744446
2053,SPA_0_US-MO,3.788891
2054,SPA_0_US-MO,3.833336
2051,SPA_0_US-OK,3.700001
2052,SPA_0_US-OK,3.744446
2053,SPA_0_US-OK,3.788891
2054,SPA_0_US-OK,3.833336
2051,SPA_0_US-TX,3.700001
2052,SPA_0_US-TX,3.744446
2053,SPA_0_US-TX,3.788891
2054,SPA_0_US-TX,3.833336
2051,SPC_0_CA-SK,0.000000
2052,SPC_0_CA-SK,0.000000
2053,SPC_0_CA-SK,0.000000
2054,SPC_0_CA-SK,0.000000
2051,SRP_0_US-AZ,1.657713
2052,SRP_0_US-AZ,1.681184
2053,SRP_0_US-AZ,1.704655
2054,SRP_0_US-AZ,1.728126
2051,SWPP_CSWS_US-AR,1.485030
2052,SWPP_CSWS_US-AR,1.504885
2053,SWPP_CSWS_US-AR,1.524740
2054,SWPP_CSWS_US-AR,1.544595
2051,SWPP_CSWS_US-LA,1.485030
2052,SWPP_CSWS_US-LA,1.504885
2053,SWPP_CSWS_US-LA,1.524740
2054,SWPP_CSWS_US-LA,1.544595
2051,SWPP_CSWS_US-OK,1.485030
2052,SWPP_CSWS_US-OK,1.504885
2053,SWPP_CSWS_US-OK,1.524740
2054,SWPP_CSWS_US-OK,1.544595
2051,SWPP_CSWS_US-TX,1.485030
2052,SWPP_CSWS_US-TX,1.504885
2053,SWPP_CSWS_US-TX,1.524740
2054,SWPP_CSWS_US-TX,1.544595
2051,SWPP_EDE_US-AR,1.565607
2052,SWPP_EDE_US-AR,1.584352
2053,SWPP_EDE_US-AR,1.603097
2054,SWPP_EDE_US-AR,1.621842
2051,SWPP_EDE_US-KS,1.565607
2052,SWPP_EDE_US-KS,1.584352
2053,SWPP_EDE_US-KS,1.603097
2054,SWPP_EDE_US-KS,1.621842
2051,SWPP_EDE_US-MO,1.565607
2052,SWPP_EDE_US-MO,1.584352
2053,SWPP_EDE_US-MO,1.603097
2054,SWPP_EDE_US-MO,1.621842
2051,SWPP_EDE_US-OK,1.565607
2052,SWPP_EDE_US-OK,1.584352
2053,SWPP_EDE_US-OK,1.603097
2054,SWPP_EDE_US-OK,1.621842
2051,SWPP_GRDA_US-AR,0.977052
2052,SWPP_GRDA_US-AR,0.990291
2053,SWPP_GRDA_US-AR,1.003530
2054,SWPP_GRDA_US-AR,1.016769
2051,SWPP_GRDA_US-KS,0.977052
2052,SWPP_GRDA_US-KS,0.990291
2053,SWPP_GRDA_US-KS,1.003530
2054,SWPP_GRDA_US-KS,1.016769
2051,SWPP_GRDA_US-OK,0.977052
2052,SWPP_GRDA_US-OK,0.990291
2053,SWPP_GRDA_US-OK,1.003530
2054,SWPP_GRDA_US-OK,1.016769
2051,SWPP_INDN_US-MO,1.477611
2052,SWPP_INDN_US-MO,1.496267
2053,SWPP_INDN_US-MO,1.514923
2054,SWPP_INDN_US-MO,1.533579
2051,SWPP_KACY_US-KS,1.394130
2052,SWPP_KACY_US-KS,1.408805
2053,SWPP_KACY_US-KS,1.423480
2054,SWPP_KACY_US-KS,1.438155
2051,SWPP_KCPL_US-KS,1.431019
2052,SWPP_KCPL_US-KS,1.447877
2053,SWPP_KCPL_US-KS,1.464735
2054,SWPP_KCPL_US-KS,1.481593
2051,SWPP_KCPL_US-MO,1.431019
2052,SWPP_KCPL_US-MO,1.447877
2053,SWPP_KCPL_US-MO,1.464735
2054,SWPP_KCPL_US-MO,1.481593
2051,SWPP_LES_US-NE,3.894876
2052,SWPP_LES_US-NE,4.017084
2053,SWPP_LES_US-NE,4.139292
2054,SWPP_LES_US-NE,4.261500
2051,SWPP_MPS_US-MO,1.466319
2052,SWPP_MPS_US-MO,1.484074
2053,SWPP_MPS_US-MO,1.501829
2054,SWPP_MPS_US-MO,1.519584
2051,SWPP_NPPD_US-CO,2.677645
2052,SWPP_NPPD_US-CO,2.761983
2053,SWPP_NPPD_US-CO,2.846321
2054,SWPP_NPPD_US-CO,2.930659
2051,SWPP_NPPD_US-NE,2.677645
2052,SWPP_NPPD_US-NE,2.761983
2053,SWPP_NPPD_US-NE,2.846321
2054,SWPP_NPPD_US-NE,2.930659
2051,SWPP_NPPD_US-SD,2.677645
2052,SWPP_NPPD_US-SD,2.761983
2053,SWPP_NPPD_US-SD,2.846321
2054,SWPP_NPPD_US-SD,2.930659
2051,SWPP_OKGE_US-AR,1.369823
2052,SWPP_OKGE_US-AR,1.388758
2053,SWPP_OKGE_US-AR,1.407693
2054,SWPP_OKGE_US-AR,1.426628
2051,SWPP_OKGE_US-OK,1.369823
2052,SWPP_OKGE_US-OK,1.388758
2053,SWPP_OKGE_US-OK,1.407693
2054,SWPP_OKGE_US-OK,1.426628
2051,SWPP_OKGE_US-TX,1.369823
2052,SWPP_OKGE_US-TX,1.388758
2053,SWPP_OKGE_US-TX,1.407693
2054,SWPP_OKGE_US-TX,1.426628
2051,SWPP_OPPD_US-NE,3.895512
2052,SWPP_OPPD_US-NE,4.018485
2053,SWPP_OPPD_US-NE,4.141458
2054,SWPP_OPPD_US-NE,4.264431
2051,SWPP_SECI_US-KS,1.628781
2052,SWPP_SECI_US-KS,1.647113
2053,SWPP_SECI_US-KS,1.665445
2054,SWPP_SECI_US-KS,1.683777
2051,SWPP_SPRM_US-MO,1.464285
2052,SWPP_SPRM_US-MO,1.482803
2053,SWPP_SPRM_US-MO,1.501321
2054,SWPP_SPRM_US-MO,1.519839
2051,SWPP_SPS_US-CO,1.714155
2052,SWPP_SPS_US-CO,1.737899
2053,SWPP_SPS_US-CO,1.761643
2054,SWPP_SPS_US-CO,1.785387
2051,SWPP_SPS_US-KS,1.714155
2052,SWPP_SPS_US-KS,1.737899
2053,SWPP_SPS_US-KS,1.761643
2054,SWPP_SPS_US-KS,1.785387
2051,SWPP_SPS_US-NM,1.714155
2052,SWPP_SPS_US-NM,1.737899
2053,SWPP_SPS_US-NM,1.761643
2054,SWPP_SPS_US-NM,1.785387
2051,SWPP_SPS_US-OK,1.714155
2052,SWPP_SPS_US-OK,1.737899
2053,SWPP_SPS_US-OK,1.761643
2054,SWPP_SPS_US-OK,1.785387
2051,SWPP_SPS_US-TX,1.714155
2052,SWPP_SPS_US-TX,1.737899
2053,SWPP_SPS_US-TX,1.761643
2054,SWPP_SPS_US-TX,1.785387
2051,SWPP_WAUE_US-IA,1.500198
2052,SWPP_WAUE_US-IA,1.534501
2053,SWPP_WAUE_US-IA,1.568804
2054,SWPP_WAUE_US-IA,1.603107
2051,SWPP_WAUE_US-MN,1.500198
2052,SWPP_WAUE_US-MN,1.534501
2053,SWPP_WAUE_US-MN,1.568804
2054,SWPP_WAUE_US-MN,1.603107
2051,SWPP_WAUE_US-MT,1.500198
2052,SWPP_WAUE_US-MT,1.534501
2053,SWPP_WAUE_US-MT,1.568804
2054,SWPP_WAUE_US-MT,1.603107
2051,SWPP_WAUE_US-ND,1.500198
2052,SWPP_WAUE_US-ND,1.534501
2053,SWPP_WAUE_US-ND,1.568804
2054,SWPP_WAUE_US-ND,1.603107
2051,SWPP_WAUE_US-NE,1.500198
2052,SWPP_WAUE_US-NE,1.534501
2053,SWPP_WAUE_US-NE,1.568804
2054,SWPP_WAUE_US-NE,1.603107
2051,SWPP_WAUE_US-SD,1.500198
2052,SWPP_WAUE_US-SD,1.534501
2053,SWPP_WAUE_US-SD,1.568804
2054,SWPP_WAUE_US-SD,1.603107
2051,SWPP_WAUE_US-WY,1.500198
2052,SWPP_WAUE_US-WY,1.534501
2053,SWPP_WAUE_US-WY,1.568804
2054,SWPP_WAUE_US-WY,1.603107
2051,SWPP_WFEC_US-KS,1.305674
2052,SWPP_WFEC_US-KS,1.323875
2053,SWPP_WFEC_US-KS,1.342076
2054,SWPP_WFEC_US-KS,1.360277
2051,SWPP_WFEC_US-OK,1.305674
2052,SWPP_WFEC_US-OK,1.323875
2053,SWPP_WFEC_US-OK,1.342076
2054,SWPP_WFEC_US-OK,1.360277
2051,SWPP_WFEC_US-TX,1.305674
2052,SWPP_WFEC_US-TX,1.323875
2053,SWPP_WFEC_US-TX,1.342076
2054,SWPP_WFEC_US-TX,1.360277
2051,SWPP_WR_US-KS,1.075938
2052,SWPP_WR_US-KS,1.087850
2053,SWPP_WR_US-KS,1.099762
2054,SWPP_WR_US-KS,1.111674
2051,SWPP_WR_US-MO,1.075938
2052,SWPP_WR_US-MO,1.087850
2053,SWPP_WR_US-MO,1.099762
2054,SWPP_WR_US-MO,1.111674
2051,TAL_0_US-FL,1.442156
2052,TAL_0_US-FL,1.459589
2053,TAL_0_US-FL,1.477022
2054,TAL_0_US-FL,1.494455
2051,TEC_0_US-FL,1.420514
2052,TEC_0_US-FL,1.438575
2053,TEC_0_US-FL,1.456636
2054,TEC_0_US-FL,1.474697
2051,TEPC_0_MX-SON,1.607125
2052,TEPC_0_MX-SON,1.629907
2053,TEPC_0_MX-SON,1.652689
2054,TEPC_0_MX-SON,1.675471
2051,TEPC_0_US-AZ,1.607125
2052,TEPC_0_US-AZ,1.629907
2053,TEPC_0_US-AZ,1.652689
2054,TEPC_0_US-AZ,1.675471
2051,TEPC_0_US-NM,1.607125
2052,TEPC_0_US-NM,1.629907
2053,TEPC_0_US-NM,1.652689
2054,TEPC_0_US-NM,1.675471
2051,TIDC_0_US-CA,1.257016
2052,TIDC_0_US-CA,1.274741
2053,TIDC_0_US-CA,1.292466
2054,TIDC_0_US-CA,1.310191
2051,TPWR_0_US-WA,1.913223
2052,TPWR_0_US-WA,1.935950
2053,TPWR_0_US-WA,1.958677
2054,TPWR_0_US-WA,1.981404
2051,TVA_0_US-AL,1.453395
2052,TVA_0_US-AL,1.470600
2053,TVA_0_US-AL,1.487805
2054,TVA_0_US-AL,1.505010
2051,TVA_0_US-GA,1.453395
2052,TVA_0_US-GA,1.470600
2053,TVA_0_US-GA,1.487805
2054,TVA_0_US-GA,1.505010
2051,TVA_0_US-KY,1.453395
2052,TVA_0_US-KY,1.470600
2053,TVA_0_US-KY,1.487805
2054,TVA_0_US-KY,1.505010
2051,TVA_0_US-MS,1.453395
2052,TVA_0_US-MS,1.470600
2053,TVA_0_US-MS,1.487805
2054,TVA_0_US-MS,1.505010
2051,TVA_0_US-NC,1.453395
2052,TVA_0_US-NC,1.470600
2053,TVA_0_US-NC,1.487805
2054,TVA_0_US-NC,1.505010
2051,TVA_0_US-TN,1.453395
2052,TVA_0_US-TN,1.470600
2053,TVA_0_US-TN,1.487805
2054,TVA_0_US-TN,1.505010
2051,TVA_0_US-VA,1.453395
2052,TVA_0_US-VA,1.470600
2053,TVA_0_US-VA,1.487805
2054,TVA_0_US-VA,1.505010
2051,WACM_0_US-AZ,2.385488
2052,WACM_0_US-AZ,2.425860
2053,WACM_0_US-AZ,2.466232
2054,WACM_0_US-AZ,2.506604
2051,WACM_0_US-CO,2.385488
2052,WACM_0_US-CO,2.425860
2053,WACM_0_US-CO,2.466232
2054,WACM_0_US-CO,2.506604
2051,WACM_0_US-MT,2.385488
2052,WACM_0_US-MT,2.425860
2053,WACM_0_US-MT,2.466232
2054,WACM_0_US-MT,2.506604
2051,WACM_0_US-NE,2.385488
2052,WACM_0_US-NE,2.425860
2053,WACM_0_US-NE,2.466232
2054,WACM_0_US-NE,2.506604
2051,WACM_0_US-NM,2.385488
2052,WACM_0_US-NM,2.425860
2053,WACM_0_US-NM,2.466232
2054,WACM_0_US-NM,2.506604
2051,WACM_0_US-SD,2.385488
2052,WACM_0_US-SD,2.425860
2053,WACM_0_US-SD,2.466232
2054,WACM_0_US-SD,2.506604
2051,WACM_0_US-UT,2.385488
2052,WACM_0_US-UT,2.425860
2053,WACM_0_US-UT,2.466232
2054,WACM_0_US-UT,2.506604
2051,WACM_0_US-WY,2.385488
2052,WACM_0_US-WY,2.425860
2053,WACM_0_US-WY,2.466232
2054,WACM_0_US-WY,2.506604
2051,WALC_0_US-AZ,1.903114
2052,WALC_0_US-AZ,1.929807
2053,WALC_0_US-AZ,1.956500
2054,WALC_0_US-AZ,1.983193
2051,WALC_0_US-CA,1.903114
2052,WALC_0_US-CA,1.929807
2053,WALC_0_US-CA,1.956500
2054,WALC_0_US-CA,1.983193
2051,WALC_0_US-NV,1.903114
2052,WALC_0_US-NV,1.929807
2053,WALC_0_US-NV,1.956500
2054,WALC_0_US-NV,1.983193
2051,WAUW_0_US-MT,2.202128
2052,WAUW_0_US-MT,2.234043
2053,WAUW_0_US-MT,2.265958
2054,WAUW_0_US-MT,2.297873
2051,WWA_0_US-MT,1.000000
2052,WWA_0_US-MT,1.000000
2053,WWA_0_US-MT,1.000000
2054,WWA_0_US-MT,1.000000
2051,YAD_0_US-NC,1.000000
2052,YAD_0_US-NC,1.000000
2053,YAD_0_US-NC,1.000000
2054,YAD_0_US-NC,1.000000
