Year,Region,Load Growth Factor
2021,AEC_0_US-AL,1
2021,AEC_0_US-FL,1
2021,AECI_0_US-AR,1
2021,AECI_0_US-IA,1
2021,AECI_0_US-MO,1
2021,AECI_0_US-OK,1
2021,AESO_CENT_CA-AB,1
2021,AESO_CGY_CA-AB,1
2021,AESO_EDM_CA-AB,1
2021,AESO_NE_CA-AB,1
2021,AESO_NW_CA-AB,1
2021,AESO_NW_CA-BC,1
2021,AESO_SOUT_CA-AB,1
2021,AVA_0_US-ID,1
2021,AVA_0_US-MT,1
2021,AVA_0_US-OR,1
2021,AVA_0_US-WA,1
2021,AVRN_0_US-OR,1
2021,AVRN_0_US-WA,1
2021,AZPS_0_US-AZ,1
2021,AZPS_0_US-CA,1
2021,AZPS_0_US-NM,1
2021,AZPS_0_US-NV,1
2021,BANC_0_US-CA,1
2021,BCHA_0_CA-BC,1
2021,BPAT_0_CA-BC,1
2021,BPAT_0_US-CA,1
2021,BPAT_0_US-ID,1
2021,BPAT_0_US-MT,1
2021,BPAT_0_US-OR,1
2021,BPAT_0_US-WA,1
2021,CEN_0_MX-COA,1
2021,CEN_0_MX-NLE,1
2021,CENB_0_MX-BCN,1
2021,CENB_0_MX-SON,1
2021,CHPD_0_US-WA,1
2021,CISO_PGAE_US-CA,1
2021,CISO_PGAE_US-OR,1
2021,CISO_SCE_US-AZ,1
2021,CISO_SCE_US-CA,1
2021,CISO_SCE_US-NV,1
2021,CISO_SDGE_MX-BCN,1
2021,CISO_SDGE_US-AZ,1
2021,CISO_SDGE_US-CA,1
2021,CISO_VEA_US-NV,1
2021,CPLE_0_US-NC,1
2021,CPLE_0_US-SC,1
2021,CPLW_0_US-NC,1
2021,DEAA_0_US-AZ,1
2021,DOPD_0_US-WA,1
2021,DUK_0_US-NC,1
2021,DUK_0_US-SC,1
2021,DUK_0_US-VA,1
2021,EPE_0_US-NM,1
2021,EPE_0_US-TX,1
2021,ERCO_COAS_US-TX,1
2021,ERCO_EAST_US-TX,1
2021,ERCO_FWES_US-TX,1
2021,ERCO_NCEN_US-TX,1
2021,ERCO_NRTH_US-OK,1
2021,ERCO_NRTH_US-TX,1
2021,ERCO_SCEN_US-TX,1
2021,ERCO_SOUT_US-TX,1
2021,ERCO_WEST_US-TX,1
2021,FMPP_0_US-FL,1
2021,FPC_0_US-FL,1
2021,FPL_0_US-FL,1
2021,GCPD_0_US-WA,1
2021,GLHB_0_US-IL,1
2021,GRID_0_US-NM,1
2021,GRID_0_US-OR,1
2021,GRID_0_US-WA,1
2021,GRIF_0_US-AZ,1
2021,GVL_0_US-FL,1
2021,GWA_0_US-MT,1
2021,HGMA_0_US-AZ,1
2021,HQT_0_CA-NL,1
2021,HQT_0_CA-QC,1
2021,HST_0_US-FL,1
2021,IESO_0_CA-ON,1
2021,IID_0_US-AZ,1
2021,IID_0_US-CA,1
2021,IPCO_0_US-ID,1
2021,IPCO_0_US-NV,1
2021,IPCO_0_US-OR,1
2021,IPCO_0_US-UT,1
2021,ISNE_4001_US-ME,1
2021,ISNE_4002_US-ME,1
2021,ISNE_4002_US-NH,1
2021,ISNE_4002_US-VT,1
2021,ISNE_4003_US-NH,1
2021,ISNE_4003_US-NY,1
2021,ISNE_4003_US-VT,1
2021,ISNE_4004_US-CT,1
2021,ISNE_4005_US-MA,1
2021,ISNE_4005_US-RI,1
2021,ISNE_4006_US-MA,1
2021,ISNE_4006_US-RI,1
2021,ISNE_4007_US-MA,1
2021,ISNE_4007_US-NY,1
2021,ISNE_4007_US-VT,1
2021,ISNE_4008_US-MA,1
2021,ISNE_4008_US-NH,1
2021,JEA_0_US-FL,1
2021,LDWP_0_US-AZ,1
2021,LDWP_0_US-CA,1
2021,LDWP_0_US-NV,1
2021,LDWP_0_US-UT,1
2021,LGEE_0_US-IN,1
2021,LGEE_0_US-KY,1
2021,LGEE_0_US-VA,1
2021,MHEB_0_CA-MB,1
2021,MISO_01_US-IA,1
2021,MISO_01_US-IL,1
2021,MISO_01_US-MI,1
2021,MISO_01_US-MN,1
2021,MISO_01_US-MT,1
2021,MISO_01_US-ND,1
2021,MISO_01_US-SD,1
2021,MISO_01_US-WI,1
2021,MISO_02_US-IA,1
2021,MISO_02_US-IL,1
2021,MISO_02_US-MI,1
2021,MISO_02_US-MN,1
2021,MISO_02_US-WI,1
2021,MISO_03_US-IA,1
2021,MISO_03_US-IL,1
2021,MISO_03_US-MN,1
2021,MISO_03_US-MO,1
2021,MISO_03_US-SD,1
2021,MISO_04_US-IL,1
2021,MISO_04_US-KY,1
2021,MISO_04_US-MO,1
2021,MISO_05_US-IA,1
2021,MISO_05_US-IL,1
2021,MISO_05_US-MO,1
2021,MISO_06_US-IL,1
2021,MISO_06_US-IN,1
2021,MISO_06_US-KY,1
2021,MISO_06_US-OH,1
2021,MISO_07_US-MI,1
2021,MISO_08_US-AR,1
2021,MISO_08_US-MO,1
2021,MISO_09_US-LA,1
2021,MISO_09_US-TX,1
2021,MISO_10_US-MS,1
2021,MISO_10_US-TN,1
2021,NBSO_0_CA-NB,1
2021,NBSO_0_CA-PE,1
2021,NBSO_0_US-ME,1
2021,NEVP_0_US-CA,1
2021,NEVP_0_US-NV,1
2021,NEVP_0_US-OR,1
2021,NSPI_0_CA-NS,1
2021,NWMT_0_US-ID,1
2021,NWMT_0_US-MT,1
2021,NWMT_0_US-WY,1
2021,NYIS_A_US-NY,1
2021,NYIS_A_US-PA,1
2021,NYIS_B_US-NY,1
2021,NYIS_C_US-NY,1
2021,NYIS_D_US-NY,1
2021,NYIS_E_US-NY,1
2021,NYIS_F_US-NY,1
2021,NYIS_G_US-NJ,1
2021,NYIS_G_US-NY,1
2021,NYIS_G_US-PA,1
2021,NYIS_H_US-NY,1
2021,NYIS_I_US-NY,1
2021,NYIS_J_US-NJ,1
2021,NYIS_J_US-NY,1
2021,NYIS_K_US-NY,1
2021,PACE_0_US-AZ,1
2021,PACE_0_US-CO,1
2021,PACE_0_US-ID,1
2021,PACE_0_US-MT,1
2021,PACE_0_US-NV,1
2021,PACE_0_US-UT,1
2021,PACE_0_US-WY,1
2021,PACW_0_US-CA,1
2021,PACW_0_US-OR,1
2021,PACW_0_US-WA,1
2021,PGE_0_US-OR,1
2021,PGE_0_US-WA,1
2021,PJM_AE_US-NJ,1
2021,PJM_AEP_US-IN,1
2021,PJM_AEP_US-KY,1
2021,PJM_AEP_US-MI,1
2021,PJM_AEP_US-OH,1
2021,PJM_AEP_US-TN,1
2021,PJM_AEP_US-VA,1
2021,PJM_AEP_US-WV,1
2021,PJM_AP_US-MD,1
2021,PJM_AP_US-OH,1
2021,PJM_AP_US-PA,1
2021,PJM_AP_US-VA,1
2021,PJM_AP_US-WV,1
2021,PJM_ATSI_US-OH,1
2021,PJM_ATSI_US-PA,1
2021,PJM_BC_US-MD,1
2021,PJM_CE_US-IL,1
2021,PJM_CE_US-IN,1
2021,PJM_DAY_US-OH,1
2021,PJM_DEOK_US-KY,1
2021,PJM_DEOK_US-OH,1
2021,PJM_DOM_US-NC,1
2021,PJM_DOM_US-VA,1
2021,PJM_DOM_US-WV,1
2021,PJM_DPL_US-DE,1
2021,PJM_DPL_US-MD,1
2021,PJM_DPL_US-NJ,1
2021,PJM_DPL_US-PA,1
2021,PJM_DPL_US-VA,1
2021,PJM_DUQ_US-PA,1
2021,PJM_EKPC_US-KY,1
2021,PJM_JC_US-NJ,1
2021,PJM_JC_US-NY,1
2021,PJM_ME_US-PA,1
2021,PJM_PE_US-DE,1
2021,PJM_PE_US-MD,1
2021,PJM_PE_US-NJ,1
2021,PJM_PE_US-PA,1
2021,PJM_PEP_US-DC,1
2021,PJM_PEP_US-MD,1
2021,PJM_PEP_US-VA,1
2021,PJM_PL_US-MD,1
2021,PJM_PL_US-PA,1
2021,PJM_PN_US-MD,1
2021,PJM_PN_US-PA,1
2021,PJM_PS_US-NJ,1
2021,PJM_PS_US-PA,1
2021,PJM_RECO_US-NJ,1
2021,PNM_ACMA_US-NM,1
2021,PNM_CYGA_US-NM,1
2021,PNM_Frep_US-NM,1
2021,PNM_Jica_US-NM,1
2021,PNM_KAFB_US-NM,1
2021,PNM_KCEC_US-NM,1
2021,PNM_LAC_US-NM,1
2021,PNM_NTUA_US-NM,1
2021,PNM_PNM_US-NM,1
2021,PNM_TSGT_US-AZ,1
2021,PNM_TSGT_US-NM,1
2021,PSCO_0_US-CO,1
2021,PSCO_0_US-WY,1
2021,PSEI_0_US-WA,1
2021,SC_0_US-SC,1
2021,SCEG_0_US-GA,1
2021,SCEG_0_US-SC,1
2021,SCL_0_US-WA,1
2021,SEC_0_US-FL,1
2021,SEPA_0_US-GA,1
2021,SEPA_0_US-SC,1
2021,SOCO_0_US-AL,1
2021,SOCO_0_US-FL,1
2021,SOCO_0_US-GA,1
2021,SOCO_0_US-MS,1
2021,SOCO_0_US-SC,1
2021,SPA_0_US-AR,1
2021,SPA_0_US-MO,1
2021,SPA_0_US-OK,1
2021,SPA_0_US-TX,1
2021,SPC_0_CA-SK,1
2021,SRP_0_US-AZ,1
2021,SWPP_CSWS_US-AR,1
2021,SWPP_CSWS_US-LA,1
2021,SWPP_CSWS_US-OK,1
2021,SWPP_CSWS_US-TX,1
2021,SWPP_EDE_US-AR,1
2021,SWPP_EDE_US-KS,1
2021,SWPP_EDE_US-MO,1
2021,SWPP_EDE_US-OK,1
2021,SWPP_GRDA_US-AR,1
2021,SWPP_GRDA_US-KS,1
2021,SWPP_GRDA_US-OK,1
2021,SWPP_INDN_US-MO,1
2021,SWPP_KACY_US-KS,1
2021,SWPP_KCPL_US-KS,1
2021,SWPP_KCPL_US-MO,1
2021,SWPP_LES_US-NE,1
2021,SWPP_MPS_US-MO,1
2021,SWPP_NPPD_US-CO,1
2021,SWPP_NPPD_US-NE,1
2021,SWPP_NPPD_US-SD,1
2021,SWPP_OKGE_US-AR,1
2021,SWPP_OKGE_US-OK,1
2021,SWPP_OKGE_US-TX,1
2021,SWPP_OPPD_US-NE,1
2021,SWPP_SECI_US-KS,1
2021,SWPP_SPRM_US-MO,1
2021,SWPP_SPS_US-CO,1
2021,SWPP_SPS_US-KS,1
2021,SWPP_SPS_US-NM,1
2021,SWPP_SPS_US-OK,1
2021,SWPP_SPS_US-TX,1
2021,SWPP_WAUE_US-IA,1
2021,SWPP_WAUE_US-MN,1
2021,SWPP_WAUE_US-MT,1
2021,SWPP_WAUE_US-ND,1
2021,SWPP_WAUE_US-NE,1
2021,SWPP_WAUE_US-SD,1
2021,SWPP_WAUE_US-WY,1
2021,SWPP_WFEC_US-KS,1
2021,SWPP_WFEC_US-OK,1
2021,SWPP_WFEC_US-TX,1
2021,SWPP_WR_US-KS,1
2021,SWPP_WR_US-MO,1
2021,TAL_0_US-FL,1
2021,TEC_0_US-FL,1
2021,TEPC_0_MX-SON,1
2021,TEPC_0_US-AZ,1
2021,TEPC_0_US-NM,1
2021,TIDC_0_US-CA,1
2021,TPWR_0_US-WA,1
2021,TVA_0_US-AL,1
2021,TVA_0_US-GA,1
2021,TVA_0_US-KY,1
2021,TVA_0_US-MS,1
2021,TVA_0_US-NC,1
2021,TVA_0_US-TN,1
2021,TVA_0_US-VA,1
2021,WACM_0_US-AZ,1
2021,WACM_0_US-CO,1
2021,WACM_0_US-MT,1
2021,WACM_0_US-NE,1
2021,WACM_0_US-NM,1
2021,WACM_0_US-SD,1
2021,WACM_0_US-UT,1
2021,WACM_0_US-WY,1
2021,WALC_0_US-AZ,1
2021,WALC_0_US-CA,1
2021,WALC_0_US-NV,1
2021,WAUW_0_US-MT,1
2021,WWA_0_US-MT,1
2021,YAD_0_US-NC,1
2022,AEC_0_US-AL,0
2022,AEC_0_US-FL,0
2022,AECI_0_US-AR,0
2022,AECI_0_US-IA,0
2022,AECI_0_US-MO,0
2022,AECI_0_US-OK,0
2022,AESO_CENT_CA-AB,0
2022,AESO_CGY_CA-AB,0
2022,AESO_EDM_CA-AB,0
2022,AESO_NE_CA-AB,0
2022,AESO_NW_CA-AB,0
2022,AESO_NW_CA-BC,0
2022,AESO_SOUT_CA-AB,0
2022,AVA_0_US-ID,1.013036
2022,AVA_0_US-MT,1.013036
2022,AVA_0_US-OR,1.013036
2022,AVA_0_US-WA,1.013036
2022,AVRN_0_US-OR,1
2022,AVRN_0_US-WA,1
2022,AZPS_0_US-AZ,1.043404
2022,AZPS_0_US-CA,1.043404
2022,AZPS_0_US-NM,1.043404
2022,AZPS_0_US-NV,1.043404
2022,BANC_0_US-CA,0.964801
2022,BCHA_0_CA-BC,0
2022,BPAT_0_CA-BC,1.030031
2022,BPAT_0_US-CA,1.030031
2022,BPAT_0_US-ID,1.030031
2022,BPAT_0_US-MT,1.030031
2022,BPAT_0_US-OR,1.030031
2022,BPAT_0_US-WA,1.030031
2022,CEN_0_MX-COA,0
2022,CEN_0_MX-NLE,0
2022,CENB_0_MX-BCN,0
2022,CENB_0_MX-SON,0
2022,CHPD_0_US-WA,1.034694
2022,CISO_PGAE_US-CA,1.072508
2022,CISO_PGAE_US-OR,1.072508
2022,CISO_SCE_US-AZ,1.02497
2022,CISO_SCE_US-CA,1.02497
2022,CISO_SCE_US-NV,1.02497
2022,CISO_SDGE_MX-BCN,1.044336
2022,CISO_SDGE_US-AZ,1.044336
2022,CISO_SDGE_US-CA,1.044336
2022,CISO_VEA_US-NV,0.993377
2022,CPLE_0_US-NC,1.023652
2022,CPLE_0_US-SC,1.023652
2022,CPLW_0_US-NC,0.943227
2022,DEAA_0_US-AZ,1
2022,DOPD_0_US-WA,1.036403
2022,DUK_0_US-NC,1.017971
2022,DUK_0_US-SC,1.017971
2022,DUK_0_US-VA,1.017971
2022,EPE_0_US-NM,1.022417
2022,EPE_0_US-TX,1.022417
2022,ERCO_COAS_US-TX,1.018582
2022,ERCO_EAST_US-TX,1.118542
2022,ERCO_FWES_US-TX,1.011005
2022,ERCO_NCEN_US-TX,1.019832
2022,ERCO_NRTH_US-OK,1.043792
2022,ERCO_NRTH_US-TX,1.043792
2022,ERCO_SCEN_US-TX,1.032506
2022,ERCO_SOUT_US-TX,1.023072
2022,ERCO_WEST_US-TX,1.15625
2022,FMPP_0_US-FL,0.977155
2022,FPC_0_US-FL,0.966664
2022,FPL_0_US-FL,1.00856
2022,GCPD_0_US-WA,1.042239
2022,GLHB_0_US-IL,1
2022,GRID_0_US-NM,1
2022,GRID_0_US-OR,1
2022,GRID_0_US-WA,1
2022,GRIF_0_US-AZ,1
2022,GVL_0_US-FL,0.99823
2022,GWA_0_US-MT,1
2022,HGMA_0_US-AZ,1
2022,HQT_0_CA-NL,1
2022,HQT_0_CA-QC,1
2022,HST_0_US-FL,1.025862
2022,IESO_0_CA-ON,0
2022,IID_0_US-AZ,0.971756
2022,IID_0_US-CA,0.971756
2022,IPCO_0_US-ID,1.001475
2022,IPCO_0_US-NV,1.001475
2022,IPCO_0_US-OR,1.001475
2022,IPCO_0_US-UT,1.001475
2022,ISNE_4001_US-ME,1.005589
2022,ISNE_4002_US-ME,1.011373
2022,ISNE_4002_US-NH,1.011373
2022,ISNE_4002_US-VT,1.011373
2022,ISNE_4003_US-NH,1.049661
2022,ISNE_4003_US-NY,1.049661
2022,ISNE_4003_US-VT,1.049661
2022,ISNE_4004_US-CT,1.031712
2022,ISNE_4005_US-MA,1.019619
2022,ISNE_4005_US-RI,1.019619
2022,ISNE_4006_US-MA,1.032137
2022,ISNE_4006_US-RI,1.032137
2022,ISNE_4007_US-MA,1.031062
2022,ISNE_4007_US-NY,1.031062
2022,ISNE_4007_US-VT,1.031062
2022,ISNE_4008_US-MA,1.028352
2022,ISNE_4008_US-NH,1.028352
2022,JEA_0_US-FL,1.025174
2022,LDWP_0_US-AZ,0.962903
2022,LDWP_0_US-CA,0.962903
2022,LDWP_0_US-NV,0.962903
2022,LDWP_0_US-UT,0.962903
2022,LGEE_0_US-IN,0.995806
2022,LGEE_0_US-KY,0.995806
2022,LGEE_0_US-VA,0.995806
2022,MHEB_0_CA-MB,0
2022,MISO_01_US-IA,1.024044
2022,MISO_01_US-IL,1.024044
2022,MISO_01_US-MI,1.024044
2022,MISO_01_US-MN,1.024044
2022,MISO_01_US-MT,1.024044
2022,MISO_01_US-ND,1.024044
2022,MISO_01_US-SD,1.024044
2022,MISO_01_US-WI,1.024044
2022,MISO_02_US-IA,1.028571
2022,MISO_02_US-IL,1.028571
2022,MISO_02_US-MI,1.028571
2022,MISO_02_US-MN,1.028571
2022,MISO_02_US-WI,1.028571
2022,MISO_03_US-IA,1.028952
2022,MISO_03_US-IL,1.028952
2022,MISO_03_US-MN,1.028952
2022,MISO_03_US-MO,1.028952
2022,MISO_03_US-SD,1.028952
2022,MISO_04_US-IL,1.015914
2022,MISO_04_US-KY,1.015914
2022,MISO_04_US-MO,1.015914
2022,MISO_05_US-IA,1.007645
2022,MISO_05_US-IL,1.007645
2022,MISO_05_US-MO,1.007645
2022,MISO_06_US-IL,1.021192
2022,MISO_06_US-IN,1.021192
2022,MISO_06_US-KY,1.021192
2022,MISO_06_US-OH,1.021192
2022,MISO_07_US-MI,1.013243
2022,MISO_08_US-AR,1.017382
2022,MISO_08_US-MO,1.017382
2022,MISO_09_US-LA,1.023249
2022,MISO_09_US-TX,1.023249
2022,MISO_10_US-MS,1.02387
2022,MISO_10_US-TN,1.02387
2022,NBSO_0_CA-NB,1.422414
2022,NBSO_0_CA-PE,1.422414
2022,NBSO_0_US-ME,1.422414
2022,NEVP_0_US-CA,1.034733
2022,NEVP_0_US-NV,1.034733
2022,NEVP_0_US-OR,1.034733
2022,NSPI_0_CA-NS,1.422414
2022,NWMT_0_US-ID,1.014583
2022,NWMT_0_US-MT,1.014583
2022,NWMT_0_US-WY,1.014583
2022,NYIS_A_US-NY,1.0151
2022,NYIS_A_US-PA,1.0151
2022,NYIS_B_US-NY,1.011988
2022,NYIS_C_US-NY,1.012134
2022,NYIS_D_US-NY,1.007519
2022,NYIS_E_US-NY,1.010753
2022,NYIS_F_US-NY,1.009619
2022,NYIS_G_US-NJ,1.01759
2022,NYIS_G_US-NY,1.01759
2022,NYIS_G_US-PA,1.01759
2022,NYIS_H_US-NY,1.014599
2022,NYIS_I_US-NY,1.012006
2022,NYIS_J_US-NJ,0.999903
2022,NYIS_J_US-NY,0.999903
2022,NYIS_K_US-NY,1
2022,PACE_0_US-AZ,1.011857
2022,PACE_0_US-CO,1.011857
2022,PACE_0_US-ID,1.011857
2022,PACE_0_US-MT,1.011857
2022,PACE_0_US-NV,1.011857
2022,PACE_0_US-UT,1.011857
2022,PACE_0_US-WY,1.011857
2022,PACW_0_US-CA,1.007345
2022,PACW_0_US-OR,1.007345
2022,PACW_0_US-WA,1.007345
2022,PGE_0_US-OR,1.021472
2022,PGE_0_US-WA,1.021472
2022,PJM_AE_US-NJ,1.022056
2022,PJM_AEP_US-IN,1.012352
2022,PJM_AEP_US-KY,1.012352
2022,PJM_AEP_US-MI,1.012352
2022,PJM_AEP_US-OH,1.012352
2022,PJM_AEP_US-TN,1.012352
2022,PJM_AEP_US-VA,1.012352
2022,PJM_AEP_US-WV,1.012352
2022,PJM_AP_US-MD,1.040594
2022,PJM_AP_US-OH,1.040594
2022,PJM_AP_US-PA,1.040594
2022,PJM_AP_US-VA,1.040594
2022,PJM_AP_US-WV,1.040594
2022,PJM_ATSI_US-OH,1.013272
2022,PJM_ATSI_US-PA,1.013272
2022,PJM_BC_US-MD,1.060611
2022,PJM_CE_US-IL,1.01844
2022,PJM_CE_US-IN,1.01844
2022,PJM_DAY_US-OH,1.006569
2022,PJM_DEOK_US-KY,1.015652
2022,PJM_DEOK_US-OH,1.015652
2022,PJM_DOM_US-NC,1.041917
2022,PJM_DOM_US-VA,1.041917
2022,PJM_DOM_US-WV,1.041917
2022,PJM_DPL_US-DE,1.071033
2022,PJM_DPL_US-MD,1.071033
2022,PJM_DPL_US-NJ,1.071033
2022,PJM_DPL_US-PA,1.071033
2022,PJM_DPL_US-VA,1.071033
2022,PJM_DUQ_US-PA,1.021779
2022,PJM_EKPC_US-KY,1.010885
2022,PJM_JC_US-NJ,1.013055
2022,PJM_JC_US-NY,1.013055
2022,PJM_ME_US-PA,1.016955
2022,PJM_PE_US-DE,1.015907
2022,PJM_PE_US-MD,1.015907
2022,PJM_PE_US-NJ,1.015907
2022,PJM_PE_US-PA,1.015907
2022,PJM_PEP_US-DC,0.893345
2022,PJM_PEP_US-MD,0.893345
2022,PJM_PEP_US-VA,0.893345
2022,PJM_PL_US-MD,1.013306
2022,PJM_PL_US-PA,1.013306
2022,PJM_PN_US-MD,1.005112
2022,PJM_PN_US-PA,1.005112
2022,PJM_PS_US-NJ,1.028319
2022,PJM_PS_US-PA,1.028319
2022,PJM_RECO_US-NJ,1.209459
2022,PNM_ACMA_US-NM,1
2022,PNM_CYGA_US-NM,1
2022,PNM_Frep_US-NM,0.964286
2022,PNM_Jica_US-NM,1
2022,PNM_KAFB_US-NM,0.957746
2022,PNM_KCEC_US-NM,0.952381
2022,PNM_LAC_US-NM,0.94382
2022,PNM_NTUA_US-NM,0
2022,PNM_PNM_US-NM,1.025473
2022,PNM_TSGT_US-AZ,0.848866
2022,PNM_TSGT_US-NM,0.848866
2022,PSCO_0_US-CO,1.03197
2022,PSCO_0_US-WY,1.03197
2022,PSEI_0_US-WA,1.074695
2022,SC_0_US-SC,1.01575
2022,SCEG_0_US-GA,1.002582
2022,SCEG_0_US-SC,1.002582
2022,SCL_0_US-WA,1.044079
2022,SEC_0_US-FL,0.966664
2022,SEPA_0_US-GA,1
2022,SEPA_0_US-SC,1
2022,SOCO_0_US-AL,1.010738
2022,SOCO_0_US-FL,1.010738
2022,SOCO_0_US-GA,1.010738
2022,SOCO_0_US-MS,1.010738
2022,SOCO_0_US-SC,1.010738
2022,SPA_0_US-AR,1.294444
2022,SPA_0_US-MO,1.294444
2022,SPA_0_US-OK,1.294444
2022,SPA_0_US-TX,1.294444
2022,SPC_0_CA-SK,0
2022,SRP_0_US-AZ,1.022558
2022,SWPP_CSWS_US-AR,1.018699
2022,SWPP_CSWS_US-LA,1.018699
2022,SWPP_CSWS_US-OK,1.018699
2022,SWPP_CSWS_US-TX,1.018699
2022,SWPP_EDE_US-AR,1.036675
2022,SWPP_EDE_US-KS,1.036675
2022,SWPP_EDE_US-MO,1.036675
2022,SWPP_EDE_US-OK,1.036675
2022,SWPP_GRDA_US-AR,0.921447
2022,SWPP_GRDA_US-KS,0.921447
2022,SWPP_GRDA_US-OK,0.921447
2022,SWPP_INDN_US-MO,1.018657
2022,SWPP_KACY_US-KS,1.016771
2022,SWPP_KCPL_US-KS,1.016859
2022,SWPP_KCPL_US-MO,1.016859
2022,SWPP_LES_US-NE,1.065703
2022,SWPP_MPS_US-MO,1.018799
2022,SWPP_NPPD_US-CO,0.970281
2022,SWPP_NPPD_US-NE,0.970281
2022,SWPP_NPPD_US-SD,0.970281
2022,SWPP_OKGE_US-AR,1.003994
2022,SWPP_OKGE_US-OK,1.003994
2022,SWPP_OKGE_US-TX,1.003994
2022,SWPP_OPPD_US-NE,1.065258
2022,SWPP_SECI_US-KS,1.055912
2022,SWPP_SPRM_US-MO,1.018519
2022,SWPP_SPS_US-CO,1.018447
2022,SWPP_SPS_US-KS,1.018447
2022,SWPP_SPS_US-NM,1.018447
2022,SWPP_SPS_US-OK,1.018447
2022,SWPP_SPS_US-TX,1.018447
2022,SWPP_WAUE_US-IA,0.942361
2022,SWPP_WAUE_US-MN,0.942361
2022,SWPP_WAUE_US-MT,0.942361
2022,SWPP_WAUE_US-ND,0.942361
2022,SWPP_WAUE_US-NE,0.942361
2022,SWPP_WAUE_US-SD,0.942361
2022,SWPP_WAUE_US-WY,0.942361
2022,SWPP_WFEC_US-KS,0.990899
2022,SWPP_WFEC_US-OK,0.990899
2022,SWPP_WFEC_US-TX,0.990899
2022,SWPP_WR_US-KS,0.952204
2022,SWPP_WR_US-MO,0.952204
2022,TAL_0_US-FL,1.014263
2022,TEC_0_US-FL,1.00981
2022,TEPC_0_MX-SON,1.014542
2022,TEPC_0_US-AZ,1.014542
2022,TEPC_0_US-NM,1.014542
2022,TIDC_0_US-CA,0.926145
2022,TPWR_0_US-WA,1.044421
2022,TVA_0_US-AL,1.017106
2022,TVA_0_US-GA,1.017106
2022,TVA_0_US-KY,1.017106
2022,TVA_0_US-MS,1.017106
2022,TVA_0_US-NC,1.017106
2022,TVA_0_US-TN,1.017106
2022,TVA_0_US-VA,1.017106
2022,WACM_0_US-AZ,1.07907
2022,WACM_0_US-CO,1.07907
2022,WACM_0_US-MT,1.07907
2022,WACM_0_US-NE,1.07907
2022,WACM_0_US-NM,1.07907
2022,WACM_0_US-SD,1.07907
2022,WACM_0_US-UT,1.07907
2022,WACM_0_US-WY,1.07907
2022,WALC_0_US-AZ,1.049926
2022,WALC_0_US-CA,1.049926
2022,WALC_0_US-NV,1.049926
2022,WAUW_0_US-MT,1.095745
2022,WWA_0_US-MT,1
2022,YAD_0_US-NC,1
2023,AEC_0_US-AL,0
2023,AEC_0_US-FL,0
2023,AECI_0_US-AR,0
2023,AECI_0_US-IA,0
2023,AECI_0_US-MO,0
2023,AECI_0_US-OK,0
2023,AESO_CENT_CA-AB,0
2023,AESO_CGY_CA-AB,0
2023,AESO_EDM_CA-AB,0
2023,AESO_NE_CA-AB,0
2023,AESO_NW_CA-AB,0
2023,AESO_NW_CA-BC,0
2023,AESO_SOUT_CA-AB,0
2023,AVA_0_US-ID,1.026072
2023,AVA_0_US-MT,1.026072
2023,AVA_0_US-OR,1.026072
2023,AVA_0_US-WA,1.026072
2023,AVRN_0_US-OR,1
2023,AVRN_0_US-WA,1
2023,AZPS_0_US-AZ,1.088629
2023,AZPS_0_US-CA,1.088629
2023,AZPS_0_US-NM,1.088629
2023,AZPS_0_US-NV,1.088629
2023,BANC_0_US-CA,0.930658
2023,BCHA_0_CA-BC,0
2023,BPAT_0_CA-BC,1.06095
2023,BPAT_0_US-CA,1.06095
2023,BPAT_0_US-ID,1.06095
2023,BPAT_0_US-MT,1.06095
2023,BPAT_0_US-OR,1.06095
2023,BPAT_0_US-WA,1.06095
2023,CEN_0_MX-COA,0
2023,CEN_0_MX-NLE,0
2023,CENB_0_MX-BCN,0
2023,CENB_0_MX-SON,0
2023,CHPD_0_US-WA,1.071429
2023,CISO_PGAE_US-CA,1.15022
2023,CISO_PGAE_US-OR,1.15022
2023,CISO_SCE_US-AZ,1.050592
2023,CISO_SCE_US-CA,1.050592
2023,CISO_SCE_US-NV,1.050592
2023,CISO_SDGE_MX-BCN,1.090295
2023,CISO_SDGE_US-AZ,1.090295
2023,CISO_SDGE_US-CA,1.090295
2023,CISO_VEA_US-NV,0.993377
2023,CPLE_0_US-NC,1.047876
2023,CPLE_0_US-SC,1.047876
2023,CPLW_0_US-NC,0.889442
2023,DEAA_0_US-AZ,1
2023,DOPD_0_US-WA,1.074946
2023,DUK_0_US-NC,1.036288
2023,DUK_0_US-SC,1.036288
2023,DUK_0_US-VA,1.036288
2023,EPE_0_US-NM,1.044834
2023,EPE_0_US-TX,1.044834
2023,ERCO_COAS_US-TX,1.037501
2023,ERCO_EAST_US-TX,1.250833
2023,ERCO_FWES_US-TX,1.022011
2023,ERCO_NCEN_US-TX,1.040092
2023,ERCO_NRTH_US-OK,1.089509
2023,ERCO_NRTH_US-TX,1.089509
2023,ERCO_SCEN_US-TX,1.066065
2023,ERCO_SOUT_US-TX,1.046638
2023,ERCO_WEST_US-TX,1.337
2023,FMPP_0_US-FL,0.955126
2023,FPC_0_US-FL,0.934453
2023,FPL_0_US-FL,1.017184
2023,GCPD_0_US-WA,1.086589
2023,GLHB_0_US-IL,1
2023,GRID_0_US-NM,1
2023,GRID_0_US-OR,1
2023,GRID_0_US-WA,1
2023,GRIF_0_US-AZ,1
2023,GVL_0_US-FL,0.99646
2023,GWA_0_US-MT,1
2023,HGMA_0_US-AZ,1
2023,HQT_0_CA-NL,1
2023,HQT_0_CA-QC,1
2023,HST_0_US-FL,1.060345
2023,IESO_0_CA-ON,0
2023,IID_0_US-AZ,0.944395
2023,IID_0_US-CA,0.944395
2023,IPCO_0_US-ID,1.002951
2023,IPCO_0_US-NV,1.002951
2023,IPCO_0_US-OR,1.002951
2023,IPCO_0_US-UT,1.002951
2023,ISNE_4001_US-ME,1.011608
2023,ISNE_4002_US-ME,1.023152
2023,ISNE_4002_US-NH,1.023152
2023,ISNE_4002_US-VT,1.023152
2023,ISNE_4003_US-NH,1.10158
2023,ISNE_4003_US-NY,1.10158
2023,ISNE_4003_US-VT,1.10158
2023,ISNE_4004_US-CT,1.064347
2023,ISNE_4005_US-MA,1.039782
2023,ISNE_4005_US-RI,1.039782
2023,ISNE_4006_US-MA,1.065431
2023,ISNE_4006_US-RI,1.065431
2023,ISNE_4007_US-MA,1.063028
2023,ISNE_4007_US-NY,1.063028
2023,ISNE_4007_US-VT,1.063028
2023,ISNE_4008_US-MA,1.05728
2023,ISNE_4008_US-NH,1.05728
2023,JEA_0_US-FL,1.050736
2023,LDWP_0_US-AZ,0.927072
2023,LDWP_0_US-CA,0.927072
2023,LDWP_0_US-NV,0.927072
2023,LDWP_0_US-UT,0.927072
2023,LGEE_0_US-IN,0.991612
2023,LGEE_0_US-KY,0.991612
2023,LGEE_0_US-VA,0.991612
2023,MHEB_0_CA-MB,0
2023,MISO_01_US-IA,1.048639
2023,MISO_01_US-IL,1.048639
2023,MISO_01_US-MI,1.048639
2023,MISO_01_US-MN,1.048639
2023,MISO_01_US-MT,1.048639
2023,MISO_01_US-ND,1.048639
2023,MISO_01_US-SD,1.048639
2023,MISO_01_US-WI,1.048639
2023,MISO_02_US-IA,1.057959
2023,MISO_02_US-IL,1.057959
2023,MISO_02_US-MI,1.057959
2023,MISO_02_US-MN,1.057959
2023,MISO_02_US-WI,1.057959
2023,MISO_03_US-IA,1.058861
2023,MISO_03_US-IL,1.058861
2023,MISO_03_US-MN,1.058861
2023,MISO_03_US-MO,1.058861
2023,MISO_03_US-SD,1.058861
2023,MISO_04_US-IL,1.032054
2023,MISO_04_US-KY,1.032054
2023,MISO_04_US-MO,1.032054
2023,MISO_05_US-IA,1.015433
2023,MISO_05_US-IL,1.015433
2023,MISO_05_US-MO,1.015433
2023,MISO_06_US-IL,1.042806
2023,MISO_06_US-IN,1.042806
2023,MISO_06_US-KY,1.042806
2023,MISO_06_US-OH,1.042806
2023,MISO_07_US-MI,1.026649
2023,MISO_08_US-AR,1.034911
2023,MISO_08_US-MO,1.034911
2023,MISO_09_US-LA,1.047032
2023,MISO_09_US-TX,1.047032
2023,MISO_10_US-MS,1.048248
2023,MISO_10_US-TN,1.048248
2023,NBSO_0_CA-NB,2.023399
2023,NBSO_0_CA-PE,2.023399
2023,NBSO_0_US-ME,2.023399
2023,NEVP_0_US-CA,1.070749
2023,NEVP_0_US-NV,1.070749
2023,NEVP_0_US-OR,1.070749
2023,NSPI_0_CA-NS,2.023399
2023,NWMT_0_US-ID,1.029165
2023,NWMT_0_US-MT,1.029165
2023,NWMT_0_US-WY,1.029165
2023,NYIS_A_US-NY,1.030578
2023,NYIS_A_US-PA,1.030578
2023,NYIS_B_US-NY,1.024476
2023,NYIS_C_US-NY,1.024625
2023,NYIS_D_US-NY,1.015038
2023,NYIS_E_US-NY,1.022222
2023,NYIS_F_US-NY,1.019657
2023,NYIS_G_US-NJ,1.03562
2023,NYIS_G_US-NY,1.03562
2023,NYIS_G_US-PA,1.03562
2023,NYIS_H_US-NY,1.027737
2023,NYIS_I_US-NY,1.024011
2023,NYIS_J_US-NJ,0.999807
2023,NYIS_J_US-NY,0.999807
2023,NYIS_K_US-NY,1
2023,PACE_0_US-AZ,1.023874
2023,PACE_0_US-CO,1.023874
2023,PACE_0_US-ID,1.023874
2023,PACE_0_US-MT,1.023874
2023,PACE_0_US-NV,1.023874
2023,PACE_0_US-UT,1.023874
2023,PACE_0_US-WY,1.023874
2023,PACW_0_US-CA,1.014506
2023,PACW_0_US-OR,1.014506
2023,PACW_0_US-WA,1.014506
2023,PGE_0_US-OR,1.043167
2023,PGE_0_US-WA,1.043167
2023,PJM_AE_US-NJ,1.044112
2023,PJM_AEP_US-IN,1.02484
2023,PJM_AEP_US-KY,1.02484
2023,PJM_AEP_US-MI,1.02484
2023,PJM_AEP_US-OH,1.02484
2023,PJM_AEP_US-TN,1.02484
2023,PJM_AEP_US-VA,1.02484
2023,PJM_AEP_US-WV,1.02484
2023,PJM_AP_US-MD,1.082742
2023,PJM_AP_US-OH,1.082742
2023,PJM_AP_US-PA,1.082742
2023,PJM_AP_US-VA,1.082742
2023,PJM_AP_US-WV,1.082742
2023,PJM_ATSI_US-OH,1.026781
2023,PJM_ATSI_US-PA,1.026781
2023,PJM_BC_US-MD,1.125019
2023,PJM_CE_US-IL,1.03721
2023,PJM_CE_US-IN,1.03721
2023,PJM_DAY_US-OH,1.013437
2023,PJM_DEOK_US-KY,1.031303
2023,PJM_DEOK_US-OH,1.031303
2023,PJM_DOM_US-NC,1.085639
2023,PJM_DOM_US-VA,1.085639
2023,PJM_DOM_US-WV,1.085639
2023,PJM_DPL_US-DE,1.147103
2023,PJM_DPL_US-MD,1.147103
2023,PJM_DPL_US-NJ,1.147103
2023,PJM_DPL_US-PA,1.147103
2023,PJM_DPL_US-VA,1.147103
2023,PJM_DUQ_US-PA,1.04392
2023,PJM_EKPC_US-KY,1.022121
2023,PJM_JC_US-NJ,1.026273
2023,PJM_JC_US-NY,1.026273
2023,PJM_ME_US-PA,1.034561
2023,PJM_PE_US-DE,1.03217
2023,PJM_PE_US-MD,1.03217
2023,PJM_PE_US-NJ,1.03217
2023,PJM_PE_US-PA,1.03217
2023,PJM_PEP_US-DC,0.797978
2023,PJM_PEP_US-MD,0.797978
2023,PJM_PEP_US-VA,0.797978
2023,PJM_PL_US-MD,1.026872
2023,PJM_PL_US-PA,1.026872
2023,PJM_PN_US-MD,1.010225
2023,PJM_PN_US-PA,1.010225
2023,PJM_PS_US-NJ,1.057432
2023,PJM_PS_US-PA,1.057432
2023,PJM_RECO_US-NJ,1.459459
2023,PNM_ACMA_US-NM,1
2023,PNM_CYGA_US-NM,1
2023,PNM_Frep_US-NM,0.928571
2023,PNM_Jica_US-NM,1
2023,PNM_KAFB_US-NM,0.915493
2023,PNM_KCEC_US-NM,0.904762
2023,PNM_LAC_US-NM,0.876404
2023,PNM_NTUA_US-NM,0
2023,PNM_PNM_US-NM,1.051717
2023,PNM_TSGT_US-AZ,0.720403
2023,PNM_TSGT_US-NM,0.720403
2023,PSCO_0_US-CO,1.064955
2023,PSCO_0_US-WY,1.064955
2023,PSEI_0_US-WA,1.154783
2023,SC_0_US-SC,1.031931
2023,SCEG_0_US-GA,1.005165
2023,SCEG_0_US-SC,1.005165
2023,SCL_0_US-WA,1.08975
2023,SEC_0_US-FL,0.934453
2023,SEPA_0_US-GA,1
2023,SEPA_0_US-SC,1
2023,SOCO_0_US-AL,1.021588
2023,SOCO_0_US-FL,1.021588
2023,SOCO_0_US-GA,1.021588
2023,SOCO_0_US-MS,1.021588
2023,SOCO_0_US-SC,1.021588
2023,SPA_0_US-AR,1.672222
2023,SPA_0_US-MO,1.672222
2023,SPA_0_US-OK,1.672222
2023,SPA_0_US-TX,1.672222
2023,SPC_0_CA-SK,0
2023,SRP_0_US-AZ,1.045638
2023,SWPP_CSWS_US-AR,1.037819
2023,SWPP_CSWS_US-LA,1.037819
2023,SWPP_CSWS_US-OK,1.037819
2023,SWPP_CSWS_US-TX,1.037819
2023,SWPP_EDE_US-AR,1.07498
2023,SWPP_EDE_US-KS,1.07498
2023,SWPP_EDE_US-MO,1.07498
2023,SWPP_EDE_US-OK,1.07498
2023,SWPP_GRDA_US-AR,0.849956
2023,SWPP_GRDA_US-KS,0.849956
2023,SWPP_GRDA_US-OK,0.849956
2023,SWPP_INDN_US-MO,1.041045
2023,SWPP_KACY_US-KS,1.031447
2023,SWPP_KCPL_US-KS,1.033998
2023,SWPP_KCPL_US-MO,1.033998
2023,SWPP_LES_US-NE,1.135348
2023,SWPP_MPS_US-MO,1.03812
2023,SWPP_NPPD_US-CO,0.941365
2023,SWPP_NPPD_US-NE,0.941365
2023,SWPP_NPPD_US-SD,0.941365
2023,SWPP_OKGE_US-AR,1.008136
2023,SWPP_OKGE_US-OK,1.008136
2023,SWPP_OKGE_US-TX,1.008136
2023,SWPP_OPPD_US-NE,1.134666
2023,SWPP_SECI_US-KS,1.11549
2023,SWPP_SPRM_US-MO,1.035714
2023,SWPP_SPS_US-CO,1.03726
2023,SWPP_SPS_US-KS,1.03726
2023,SWPP_SPS_US-NM,1.03726
2023,SWPP_SPS_US-OK,1.03726
2023,SWPP_SPS_US-TX,1.03726
2023,SWPP_WAUE_US-IA,0.887914
2023,SWPP_WAUE_US-MN,0.887914
2023,SWPP_WAUE_US-MT,0.887914
2023,SWPP_WAUE_US-ND,0.887914
2023,SWPP_WAUE_US-NE,0.887914
2023,SWPP_WAUE_US-SD,0.887914
2023,SWPP_WAUE_US-WY,0.887914
2023,SWPP_WFEC_US-KS,0.981799
2023,SWPP_WFEC_US-OK,0.981799
2023,SWPP_WFEC_US-TX,0.981799
2023,SWPP_WR_US-KS,0.906641
2023,SWPP_WR_US-MO,0.906641
2023,TAL_0_US-FL,1.028526
2023,TEC_0_US-FL,1.019844
2023,TEPC_0_MX-SON,1.029569
2023,TEPC_0_US-AZ,1.029569
2023,TEPC_0_US-NM,1.029569
2023,TIDC_0_US-CA,0.858198
2023,TPWR_0_US-WA,1.090909
2023,TVA_0_US-AL,1.034509
2023,TVA_0_US-GA,1.034509
2023,TVA_0_US-KY,1.034509
2023,TVA_0_US-MS,1.034509
2023,TVA_0_US-NC,1.034509
2023,TVA_0_US-TN,1.034509
2023,TVA_0_US-VA,1.034509
2023,WACM_0_US-AZ,1.164465
2023,WACM_0_US-CO,1.164465
2023,WACM_0_US-MT,1.164465
2023,WACM_0_US-NE,1.164465
2023,WACM_0_US-NM,1.164465
2023,WACM_0_US-SD,1.164465
2023,WACM_0_US-UT,1.164465
2023,WACM_0_US-WY,1.164465
2023,WALC_0_US-AZ,1.102323
2023,WALC_0_US-CA,1.102323
2023,WALC_0_US-NV,1.102323
2023,WAUW_0_US-MT,1.202128
2023,WWA_0_US-MT,1
2023,YAD_0_US-NC,1
2024,AEC_0_US-AL,0
2024,AEC_0_US-FL,0
2024,AECI_0_US-AR,0
2024,AECI_0_US-IA,0
2024,AECI_0_US-MO,0
2024,AECI_0_US-OK,0
2024,AESO_CENT_CA-AB,0
2024,AESO_CGY_CA-AB,0
2024,AESO_EDM_CA-AB,0
2024,AESO_NE_CA-AB,0
2024,AESO_NW_CA-AB,0
2024,AESO_NW_CA-BC,0
2024,AESO_SOUT_CA-AB,0
2024,AVA_0_US-ID,1.039108
2024,AVA_0_US-MT,1.039108
2024,AVA_0_US-OR,1.039108
2024,AVA_0_US-WA,1.039108
2024,AVRN_0_US-OR,1
2024,AVRN_0_US-WA,1
2024,AZPS_0_US-AZ,1.135891
2024,AZPS_0_US-CA,1.135891
2024,AZPS_0_US-NM,1.135891
2024,AZPS_0_US-NV,1.135891
2024,BANC_0_US-CA,0.897923
2024,BCHA_0_CA-BC,0
2024,BPAT_0_CA-BC,1.092858
2024,BPAT_0_US-CA,1.092858
2024,BPAT_0_US-ID,1.092858
2024,BPAT_0_US-MT,1.092858
2024,BPAT_0_US-OR,1.092858
2024,BPAT_0_US-WA,1.092858
2024,CEN_0_MX-COA,0
2024,CEN_0_MX-NLE,0
2024,CENB_0_MX-BCN,0
2024,CENB_0_MX-SON,0
2024,CHPD_0_US-WA,1.110204
2024,CISO_PGAE_US-CA,1.233637
2024,CISO_PGAE_US-OR,1.233637
2024,CISO_SCE_US-AZ,1.076819
2024,CISO_SCE_US-CA,1.076819
2024,CISO_SCE_US-NV,1.076819
2024,CISO_SDGE_MX-BCN,1.138686
2024,CISO_SDGE_US-AZ,1.138686
2024,CISO_SDGE_US-CA,1.138686
2024,CISO_VEA_US-NV,0.986755
2024,CPLE_0_US-NC,1.072592
2024,CPLE_0_US-SC,1.072592
2024,CPLW_0_US-NC,0.838645
2024,DEAA_0_US-AZ,1
2024,DOPD_0_US-WA,1.115632
2024,DUK_0_US-NC,1.054948
2024,DUK_0_US-SC,1.054948
2024,DUK_0_US-VA,1.054948
2024,EPE_0_US-NM,1.068226
2024,EPE_0_US-TX,1.068226
2024,ERCO_COAS_US-TX,1.056805
2024,ERCO_EAST_US-TX,1.399167
2024,ERCO_FWES_US-TX,1.033228
2024,ERCO_NCEN_US-TX,1.060739
2024,ERCO_NRTH_US-OK,1.137151
2024,ERCO_NRTH_US-TX,1.137151
2024,ERCO_SCEN_US-TX,1.100752
2024,ERCO_SOUT_US-TX,1.070864
2024,ERCO_WEST_US-TX,1.546
2024,FMPP_0_US-FL,0.93337
2024,FPC_0_US-FL,0.903282
2024,FPL_0_US-FL,1.025904
2024,GCPD_0_US-WA,1.133052
2024,GLHB_0_US-IL,1
2024,GRID_0_US-NM,1
2024,GRID_0_US-OR,1
2024,GRID_0_US-WA,1
2024,GRIF_0_US-AZ,1
2024,GVL_0_US-FL,0.99646
2024,GWA_0_US-MT,1
2024,HGMA_0_US-AZ,1
2024,HQT_0_CA-NL,1
2024,HQT_0_CA-QC,1
2024,HST_0_US-FL,1.086207
2024,IESO_0_CA-ON,0
2024,IID_0_US-AZ,0.917917
2024,IID_0_US-CA,0.917917
2024,IPCO_0_US-ID,1.004672
2024,IPCO_0_US-NV,1.004672
2024,IPCO_0_US-OR,1.004672
2024,IPCO_0_US-UT,1.004672
2024,ISNE_4001_US-ME,1.017197
2024,ISNE_4002_US-ME,1.034931
2024,ISNE_4002_US-NH,1.034931
2024,ISNE_4002_US-VT,1.034931
2024,ISNE_4003_US-NH,1.156885
2024,ISNE_4003_US-NY,1.156885
2024,ISNE_4003_US-VT,1.156885
2024,ISNE_4004_US-CT,1.09806
2024,ISNE_4005_US-MA,1.059946
2024,ISNE_4005_US-RI,1.059946
2024,ISNE_4006_US-MA,1.099595
2024,ISNE_4006_US-RI,1.099595
2024,ISNE_4007_US-MA,1.095899
2024,ISNE_4007_US-NY,1.095899
2024,ISNE_4007_US-VT,1.095899
2024,ISNE_4008_US-MA,1.087165
2024,ISNE_4008_US-NH,1.087165
2024,JEA_0_US-FL,1.076685
2024,LDWP_0_US-AZ,0.892508
2024,LDWP_0_US-CA,0.892508
2024,LDWP_0_US-NV,0.892508
2024,LDWP_0_US-UT,0.892508
2024,LGEE_0_US-IN,0.987418
2024,LGEE_0_US-KY,0.987418
2024,LGEE_0_US-VA,0.987418
2024,MHEB_0_CA-MB,0
2024,MISO_01_US-IA,1.073845
2024,MISO_01_US-IL,1.073845
2024,MISO_01_US-MI,1.073845
2024,MISO_01_US-MN,1.073845
2024,MISO_01_US-MT,1.073845
2024,MISO_01_US-ND,1.073845
2024,MISO_01_US-SD,1.073845
2024,MISO_01_US-WI,1.073845
2024,MISO_02_US-IA,1.088163
2024,MISO_02_US-IL,1.088163
2024,MISO_02_US-MI,1.088163
2024,MISO_02_US-MN,1.088163
2024,MISO_02_US-WI,1.088163
2024,MISO_03_US-IA,1.089516
2024,MISO_03_US-IL,1.089516
2024,MISO_03_US-MN,1.089516
2024,MISO_03_US-MO,1.089516
2024,MISO_03_US-SD,1.089516
2024,MISO_04_US-IL,1.04842
2024,MISO_04_US-KY,1.04842
2024,MISO_04_US-MO,1.04842
2024,MISO_05_US-IA,1.023222
2024,MISO_05_US-IL,1.023222
2024,MISO_05_US-MO,1.023222
2024,MISO_06_US-IL,1.064901
2024,MISO_06_US-IN,1.064901
2024,MISO_06_US-KY,1.064901
2024,MISO_06_US-OH,1.064901
2024,MISO_07_US-MI,1.040216
2024,MISO_08_US-AR,1.052878
2024,MISO_08_US-MO,1.052878
2024,MISO_09_US-LA,1.071397
2024,MISO_09_US-TX,1.071397
2024,MISO_10_US-MS,1.073134
2024,MISO_10_US-TN,1.073134
2024,NBSO_0_CA-NB,2.876847
2024,NBSO_0_CA-PE,2.876847
2024,NBSO_0_US-ME,2.876847
2024,NEVP_0_US-CA,1.107941
2024,NEVP_0_US-NV,1.107941
2024,NEVP_0_US-OR,1.107941
2024,NSPI_0_CA-NS,2.876847
2024,NWMT_0_US-ID,1.044112
2024,NWMT_0_US-MT,1.044112
2024,NWMT_0_US-WY,1.044112
2024,NYIS_A_US-NY,1.046055
2024,NYIS_A_US-PA,1.046055
2024,NYIS_B_US-NY,1.036963
2024,NYIS_C_US-NY,1.037116
2024,NYIS_D_US-NY,1.02381
2024,NYIS_E_US-NY,1.032975
2024,NYIS_F_US-NY,1.029695
2024,NYIS_G_US-NJ,1.05365
2024,NYIS_G_US-NY,1.05365
2024,NYIS_G_US-PA,1.05365
2024,NYIS_H_US-NY,1.042336
2024,NYIS_I_US-NY,1.036017
2024,NYIS_J_US-NJ,0.999807
2024,NYIS_J_US-NY,0.999807
2024,NYIS_K_US-NY,1.000195
2024,PACE_0_US-AZ,1.03605
2024,PACE_0_US-CO,1.03605
2024,PACE_0_US-ID,1.03605
2024,PACE_0_US-MT,1.03605
2024,PACE_0_US-NV,1.03605
2024,PACE_0_US-UT,1.03605
2024,PACE_0_US-WY,1.03605
2024,PACW_0_US-CA,1.022035
2024,PACW_0_US-OR,1.022035
2024,PACW_0_US-WA,1.022035
2024,PGE_0_US-OR,1.065533
2024,PGE_0_US-WA,1.065533
2024,PJM_AE_US-NJ,1.06729
2024,PJM_AEP_US-IN,1.03751
2024,PJM_AEP_US-KY,1.03751
2024,PJM_AEP_US-MI,1.03751
2024,PJM_AEP_US-OH,1.03751
2024,PJM_AEP_US-TN,1.03751
2024,PJM_AEP_US-VA,1.03751
2024,PJM_AEP_US-WV,1.03751
2024,PJM_AP_US-MD,1.126664
2024,PJM_AP_US-OH,1.126664
2024,PJM_AP_US-PA,1.126664
2024,PJM_AP_US-VA,1.126664
2024,PJM_AP_US-WV,1.126664
2024,PJM_ATSI_US-OH,1.040449
2024,PJM_ATSI_US-PA,1.040449
2024,PJM_BC_US-MD,1.193225
2024,PJM_CE_US-IL,1.05631
2024,PJM_CE_US-IN,1.05631
2024,PJM_DAY_US-OH,1.020006
2024,PJM_DEOK_US-KY,1.04752
2024,PJM_DEOK_US-OH,1.04752
2024,PJM_DOM_US-NC,1.131167
2024,PJM_DOM_US-VA,1.131167
2024,PJM_DOM_US-WV,1.131167
2024,PJM_DPL_US-DE,1.228715
2024,PJM_DPL_US-MD,1.228715
2024,PJM_DPL_US-NJ,1.228715
2024,PJM_DPL_US-PA,1.228715
2024,PJM_DPL_US-VA,1.228715
2024,PJM_DUQ_US-PA,1.066425
2024,PJM_EKPC_US-KY,1.033357
2024,PJM_JC_US-NJ,1.039817
2024,PJM_JC_US-NY,1.039817
2024,PJM_ME_US-PA,1.052168
2024,PJM_PE_US-DE,1.04867
2024,PJM_PE_US-MD,1.04867
2024,PJM_PE_US-NJ,1.04867
2024,PJM_PE_US-PA,1.04867
2024,PJM_PEP_US-DC,0.71289
2024,PJM_PEP_US-MD,0.71289
2024,PJM_PEP_US-VA,0.71289
2024,PJM_PL_US-MD,1.040569
2024,PJM_PL_US-PA,1.040569
2024,PJM_PN_US-MD,1.015337
2024,PJM_PN_US-PA,1.015337
2024,PJM_PS_US-NJ,1.08744
2024,PJM_PS_US-PA,1.08744
2024,PJM_RECO_US-NJ,1.763514
2024,PNM_ACMA_US-NM,1
2024,PNM_CYGA_US-NM,1
2024,PNM_Frep_US-NM,0.904762
2024,PNM_Jica_US-NM,1
2024,PNM_KAFB_US-NM,0.873239
2024,PNM_KCEC_US-NM,0.873016
2024,PNM_LAC_US-NM,0.831461
2024,PNM_NTUA_US-NM,0
2024,PNM_PNM_US-NM,1.078348
2024,PNM_TSGT_US-AZ,0.612091
2024,PNM_TSGT_US-NM,0.612091
2024,PSCO_0_US-CO,1.099056
2024,PSCO_0_US-WY,1.099056
2024,PSEI_0_US-WA,1.241063
2024,SC_0_US-SC,1.048112
2024,SCEG_0_US-GA,1.007962
2024,SCEG_0_US-SC,1.007962
2024,SCL_0_US-WA,1.138078
2024,SEC_0_US-FL,0.903282
2024,SEPA_0_US-GA,1
2024,SEPA_0_US-SC,1
2024,SOCO_0_US-AL,1.03257
2024,SOCO_0_US-FL,1.03257
2024,SOCO_0_US-GA,1.03257
2024,SOCO_0_US-MS,1.03257
2024,SOCO_0_US-SC,1.03257
2024,SPA_0_US-AR,2.166667
2024,SPA_0_US-MO,2.166667
2024,SPA_0_US-OK,2.166667
2024,SPA_0_US-TX,2.166667
2024,SPC_0_CA-SK,0
2024,SRP_0_US-AZ,1.069109
2024,SWPP_CSWS_US-AR,1.057254
2024,SWPP_CSWS_US-LA,1.057254
2024,SWPP_CSWS_US-OK,1.057254
2024,SWPP_CSWS_US-TX,1.057254
2024,SWPP_EDE_US-AR,1.114099
2024,SWPP_EDE_US-KS,1.114099
2024,SWPP_EDE_US-MO,1.114099
2024,SWPP_EDE_US-OK,1.114099
2024,SWPP_GRDA_US-AR,0.782877
2024,SWPP_GRDA_US-KS,0.782877
2024,SWPP_GRDA_US-OK,0.782877
2024,SWPP_INDN_US-MO,1.059701
2024,SWPP_KACY_US-KS,1.048218
2024,SWPP_KCPL_US-KS,1.0517
2024,SWPP_KCPL_US-MO,1.0517
2024,SWPP_LES_US-NE,1.208936
2024,SWPP_MPS_US-MO,1.057441
2024,SWPP_NPPD_US-CO,0.913253
2024,SWPP_NPPD_US-NE,0.913253
2024,SWPP_NPPD_US-SD,0.913253
2024,SWPP_OKGE_US-AR,1.01213
2024,SWPP_OKGE_US-OK,1.01213
2024,SWPP_OKGE_US-TX,1.01213
2024,SWPP_OPPD_US-NE,1.208601
2024,SWPP_SECI_US-KS,1.177819
2024,SWPP_SPRM_US-MO,1.055556
2024,SWPP_SPS_US-CO,1.056256
2024,SWPP_SPS_US-KS,1.056256
2024,SWPP_SPS_US-NM,1.056256
2024,SWPP_SPS_US-OK,1.056256
2024,SWPP_SPS_US-TX,1.056256
2024,SWPP_WAUE_US-IA,0.836657
2024,SWPP_WAUE_US-MN,0.836657
2024,SWPP_WAUE_US-MT,0.836657
2024,SWPP_WAUE_US-ND,0.836657
2024,SWPP_WAUE_US-NE,0.836657
2024,SWPP_WAUE_US-SD,0.836657
2024,SWPP_WAUE_US-WY,0.836657
2024,SWPP_WFEC_US-KS,0.973233
2024,SWPP_WFEC_US-OK,0.973233
2024,SWPP_WFEC_US-TX,0.973233
2024,SWPP_WR_US-KS,0.863311
2024,SWPP_WR_US-MO,0.863311
2024,TAL_0_US-FL,1.042789
2024,TEC_0_US-FL,1.029877
2024,TEPC_0_MX-SON,1.044595
2024,TEPC_0_US-AZ,1.044595
2024,TEPC_0_US-NM,1.044595
2024,TIDC_0_US-CA,0.79616
2024,TPWR_0_US-WA,1.139463
2024,TVA_0_US-AL,1.052241
2024,TVA_0_US-GA,1.052241
2024,TVA_0_US-KY,1.052241
2024,TVA_0_US-MS,1.052241
2024,TVA_0_US-NC,1.052241
2024,TVA_0_US-TN,1.052241
2024,TVA_0_US-VA,1.052241
2024,WACM_0_US-AZ,1.256744
2024,WACM_0_US-CO,1.256744
2024,WACM_0_US-MT,1.256744
2024,WACM_0_US-NE,1.256744
2024,WACM_0_US-NM,1.256744
2024,WACM_0_US-SD,1.256744
2024,WACM_0_US-UT,1.256744
2024,WACM_0_US-WY,1.256744
2024,WALC_0_US-AZ,1.157687
2024,WALC_0_US-CA,1.157687
2024,WALC_0_US-NV,1.157687
2024,WAUW_0_US-MT,1.319149
2024,WWA_0_US-MT,1
2024,YAD_0_US-NC,1
2025,AEC_0_US-AL,0
2025,AEC_0_US-FL,0
2025,AECI_0_US-AR,0
2025,AECI_0_US-IA,0
2025,AECI_0_US-MO,0
2025,AECI_0_US-OK,0
2025,AESO_CENT_CA-AB,0
2025,AESO_CGY_CA-AB,0
2025,AESO_EDM_CA-AB,0
2025,AESO_NE_CA-AB,0
2025,AESO_NW_CA-AB,0
2025,AESO_NW_CA-BC,0
2025,AESO_SOUT_CA-AB,0
2025,AVA_0_US-ID,1.052565
2025,AVA_0_US-MT,1.052565
2025,AVA_0_US-OR,1.052565
2025,AVA_0_US-WA,1.052565
2025,AVRN_0_US-OR,1
2025,AVRN_0_US-WA,1
2025,AZPS_0_US-AZ,1.185189
2025,AZPS_0_US-CA,1.185189
2025,AZPS_0_US-NM,1.185189
2025,AZPS_0_US-NV,1.185189
2025,BANC_0_US-CA,0.866244
2025,BCHA_0_CA-BC,0
2025,BPAT_0_CA-BC,1.125654
2025,BPAT_0_US-CA,1.125654
2025,BPAT_0_US-ID,1.125654
2025,BPAT_0_US-MT,1.125654
2025,BPAT_0_US-OR,1.125654
2025,BPAT_0_US-WA,1.125654
2025,CEN_0_MX-COA,0
2025,CEN_0_MX-NLE,0
2025,CENB_0_MX-BCN,0
2025,CENB_0_MX-SON,0
2025,CHPD_0_US-WA,1.14898
2025,CISO_PGAE_US-CA,1.323058
2025,CISO_PGAE_US-OR,1.323058
2025,CISO_SCE_US-AZ,1.103699
2025,CISO_SCE_US-CA,1.103699
2025,CISO_SCE_US-NV,1.103699
2025,CISO_SDGE_MX-BCN,1.18897
2025,CISO_SDGE_US-AZ,1.18897
2025,CISO_SDGE_US-CA,1.18897
2025,CISO_VEA_US-NV,0.986755
2025,CPLE_0_US-NC,1.097962
2025,CPLE_0_US-SC,1.097962
2025,CPLW_0_US-NC,0.790837
2025,DEAA_0_US-AZ,1
2025,DOPD_0_US-WA,1.156317
2025,DUK_0_US-NC,1.073904
2025,DUK_0_US-SC,1.073904
2025,DUK_0_US-VA,1.073904
2025,EPE_0_US-NM,1.092105
2025,EPE_0_US-TX,1.092105
2025,ERCO_COAS_US-TX,1.076445
2025,ERCO_EAST_US-TX,1.564792
2025,ERCO_FWES_US-TX,1.044656
2025,ERCO_NCEN_US-TX,1.081774
2025,ERCO_NRTH_US-OK,1.186718
2025,ERCO_NRTH_US-TX,1.186718
2025,ERCO_SCEN_US-TX,1.136569
2025,ERCO_SOUT_US-TX,1.095583
2025,ERCO_WEST_US-TX,1.7875
2025,FMPP_0_US-FL,0.912157
2025,FPC_0_US-FL,0.873149
2025,FPL_0_US-FL,1.034689
2025,GCPD_0_US-WA,1.18057
2025,GLHB_0_US-IL,1
2025,GRID_0_US-NM,1
2025,GRID_0_US-OR,1
2025,GRID_0_US-WA,1
2025,GRIF_0_US-AZ,1
2025,GVL_0_US-FL,0.99469
2025,GWA_0_US-MT,1
2025,HGMA_0_US-AZ,1
2025,HQT_0_CA-NL,1
2025,HQT_0_CA-QC,1
2025,HST_0_US-FL,1.12069
2025,IESO_0_CA-ON,0
2025,IID_0_US-AZ,0.892321
2025,IID_0_US-CA,0.892321
2025,IPCO_0_US-ID,1.006147
2025,IPCO_0_US-NV,1.006147
2025,IPCO_0_US-OR,1.006147
2025,IPCO_0_US-UT,1.006147
2025,ISNE_4001_US-ME,1.023216
2025,ISNE_4002_US-ME,1.04671
2025,ISNE_4002_US-NH,1.04671
2025,ISNE_4002_US-VT,1.04671
2025,ISNE_4003_US-NH,1.214447
2025,ISNE_4003_US-NY,1.214447
2025,ISNE_4003_US-VT,1.214447
2025,ISNE_4004_US-CT,1.132851
2025,ISNE_4005_US-MA,1.080654
2025,ISNE_4005_US-RI,1.080654
2025,ISNE_4006_US-MA,1.134916
2025,ISNE_4006_US-RI,1.134916
2025,ISNE_4007_US-MA,1.129976
2025,ISNE_4007_US-NY,1.129976
2025,ISNE_4007_US-VT,1.129976
2025,ISNE_4008_US-MA,1.118008
2025,ISNE_4008_US-NH,1.118008
2025,JEA_0_US-FL,1.103796
2025,LDWP_0_US-AZ,0.859392
2025,LDWP_0_US-CA,0.859392
2025,LDWP_0_US-NV,0.859392
2025,LDWP_0_US-UT,0.859392
2025,LGEE_0_US-IN,0.983224
2025,LGEE_0_US-KY,0.983224
2025,LGEE_0_US-VA,0.983224
2025,MHEB_0_CA-MB,0
2025,MISO_01_US-IA,1.099664
2025,MISO_01_US-IL,1.099664
2025,MISO_01_US-MI,1.099664
2025,MISO_01_US-MN,1.099664
2025,MISO_01_US-MT,1.099664
2025,MISO_01_US-ND,1.099664
2025,MISO_01_US-SD,1.099664
2025,MISO_01_US-WI,1.099664
2025,MISO_02_US-IA,1.119265
2025,MISO_02_US-IL,1.119265
2025,MISO_02_US-MI,1.119265
2025,MISO_02_US-MN,1.119265
2025,MISO_02_US-WI,1.119265
2025,MISO_03_US-IA,1.121128
2025,MISO_03_US-IL,1.121128
2025,MISO_03_US-MN,1.121128
2025,MISO_03_US-MO,1.121128
2025,MISO_03_US-SD,1.121128
2025,MISO_04_US-IL,1.065124
2025,MISO_04_US-KY,1.065124
2025,MISO_04_US-MO,1.065124
2025,MISO_05_US-IA,1.031155
2025,MISO_05_US-IL,1.031155
2025,MISO_05_US-MO,1.031155
2025,MISO_06_US-IL,1.087417
2025,MISO_06_US-IN,1.087417
2025,MISO_06_US-KY,1.087417
2025,MISO_06_US-OH,1.087417
2025,MISO_07_US-MI,1.054
2025,MISO_08_US-AR,1.071136
2025,MISO_08_US-MO,1.071136
2025,MISO_09_US-LA,1.096297
2025,MISO_09_US-TX,1.096297
2025,MISO_10_US-MS,1.098781
2025,MISO_10_US-TN,1.098781
2025,NBSO_0_CA-NB,4.092365
2025,NBSO_0_CA-PE,4.092365
2025,NBSO_0_US-ME,4.092365
2025,NEVP_0_US-CA,1.146414
2025,NEVP_0_US-NV,1.146414
2025,NEVP_0_US-OR,1.146414
2025,NSPI_0_CA-NS,4.092365
2025,NWMT_0_US-ID,1.059424
2025,NWMT_0_US-MT,1.059424
2025,NWMT_0_US-WY,1.059424
2025,NYIS_A_US-NY,1.06191
2025,NYIS_A_US-PA,1.06191
2025,NYIS_B_US-NY,1.049451
2025,NYIS_C_US-NY,1.049964
2025,NYIS_D_US-NY,1.031328
2025,NYIS_E_US-NY,1.044444
2025,NYIS_F_US-NY,1.039732
2025,NYIS_G_US-NJ,1.07212
2025,NYIS_G_US-NY,1.07212
2025,NYIS_G_US-PA,1.07212
2025,NYIS_H_US-NY,1.056934
2025,NYIS_I_US-NY,1.048729
2025,NYIS_J_US-NJ,0.99971
2025,NYIS_J_US-NY,0.99971
2025,NYIS_K_US-NY,1.000195
2025,PACE_0_US-AZ,1.048385
2025,PACE_0_US-CO,1.048385
2025,PACE_0_US-ID,1.048385
2025,PACE_0_US-MT,1.048385
2025,PACE_0_US-NV,1.048385
2025,PACE_0_US-UT,1.048385
2025,PACE_0_US-WY,1.048385
2025,PACW_0_US-CA,1.029379
2025,PACW_0_US-OR,1.029379
2025,PACW_0_US-WA,1.029379
2025,PGE_0_US-OR,1.088347
2025,PGE_0_US-WA,1.088347
2025,PJM_AE_US-NJ,1.090467
2025,PJM_AEP_US-IN,1.050316
2025,PJM_AEP_US-KY,1.050316
2025,PJM_AEP_US-MI,1.050316
2025,PJM_AEP_US-OH,1.050316
2025,PJM_AEP_US-TN,1.050316
2025,PJM_AEP_US-VA,1.050316
2025,PJM_AEP_US-WV,1.050316
2025,PJM_AP_US-MD,1.17236
2025,PJM_AP_US-OH,1.17236
2025,PJM_AP_US-PA,1.17236
2025,PJM_AP_US-VA,1.17236
2025,PJM_AP_US-WV,1.17236
2025,PJM_ATSI_US-OH,1.054274
2025,PJM_ATSI_US-PA,1.054274
2025,PJM_BC_US-MD,1.265532
2025,PJM_CE_US-IL,1.075788
2025,PJM_CE_US-IN,1.075788
2025,PJM_DAY_US-OH,1.026874
2025,PJM_DEOK_US-KY,1.063738
2025,PJM_DEOK_US-OH,1.063738
2025,PJM_DOM_US-NC,1.178598
2025,PJM_DOM_US-VA,1.178598
2025,PJM_DOM_US-WV,1.178598
2025,PJM_DPL_US-DE,1.315869
2025,PJM_DPL_US-MD,1.315869
2025,PJM_DPL_US-NJ,1.315869
2025,PJM_DPL_US-PA,1.315869
2025,PJM_DPL_US-VA,1.315869
2025,PJM_DUQ_US-PA,1.089655
2025,PJM_EKPC_US-KY,1.044593
2025,PJM_JC_US-NJ,1.053362
2025,PJM_JC_US-NY,1.053362
2025,PJM_ME_US-PA,1.070101
2025,PJM_PE_US-DE,1.065408
2025,PJM_PE_US-MD,1.065408
2025,PJM_PE_US-NJ,1.065408
2025,PJM_PE_US-PA,1.065408
2025,PJM_PEP_US-DC,0.6369
2025,PJM_PEP_US-MD,0.6369
2025,PJM_PEP_US-VA,0.6369
2025,PJM_PL_US-MD,1.054396
2025,PJM_PL_US-PA,1.054396
2025,PJM_PN_US-MD,1.02045
2025,PJM_PN_US-PA,1.02045
2025,PJM_PS_US-NJ,1.118243
2025,PJM_PS_US-PA,1.118243
2025,PJM_RECO_US-NJ,2.128378
2025,PNM_ACMA_US-NM,1
2025,PNM_CYGA_US-NM,1
2025,PNM_Frep_US-NM,0.869048
2025,PNM_Jica_US-NM,1
2025,PNM_KAFB_US-NM,0.830986
2025,PNM_KCEC_US-NM,0.825397
2025,PNM_LAC_US-NM,0.775281
2025,PNM_NTUA_US-NM,0
2025,PNM_PNM_US-NM,1.105751
2025,PNM_TSGT_US-AZ,0.518892
2025,PNM_TSGT_US-NM,0.518892
2025,PSCO_0_US-CO,1.134172
2025,PSCO_0_US-WY,1.134172
2025,PSEI_0_US-WA,1.333733
2025,SC_0_US-SC,1.064725
2025,SCEG_0_US-GA,1.010544
2025,SCEG_0_US-SC,1.010544
2025,SCL_0_US-WA,1.187998
2025,SEC_0_US-FL,0.873149
2025,SEPA_0_US-GA,1
2025,SEPA_0_US-SC,1
2025,SOCO_0_US-AL,1.043663
2025,SOCO_0_US-FL,1.043663
2025,SOCO_0_US-GA,1.043663
2025,SOCO_0_US-MS,1.043663
2025,SOCO_0_US-SC,1.043663
2025,SPA_0_US-AR,2.8
2025,SPA_0_US-MO,2.8
2025,SPA_0_US-OK,2.8
2025,SPA_0_US-TX,2.8
2025,SPC_0_CA-SK,0
2025,SRP_0_US-AZ,1.093232
2025,SWPP_CSWS_US-AR,1.077109
2025,SWPP_CSWS_US-LA,1.077109
2025,SWPP_CSWS_US-OK,1.077109
2025,SWPP_CSWS_US-TX,1.077109
2025,SWPP_EDE_US-AR,1.154849
2025,SWPP_EDE_US-KS,1.154849
2025,SWPP_EDE_US-MO,1.154849
2025,SWPP_EDE_US-OK,1.154849
2025,SWPP_GRDA_US-AR,0.721977
2025,SWPP_GRDA_US-KS,0.721977
2025,SWPP_GRDA_US-OK,0.721977
2025,SWPP_INDN_US-MO,1.08209
2025,SWPP_KACY_US-KS,1.06499
2025,SWPP_KCPL_US-KS,1.069402
2025,SWPP_KCPL_US-MO,1.069402
2025,SWPP_LES_US-NE,1.287779
2025,SWPP_MPS_US-MO,1.077285
2025,SWPP_NPPD_US-CO,0.885944
2025,SWPP_NPPD_US-NE,0.885944
2025,SWPP_NPPD_US-SD,0.885944
2025,SWPP_OKGE_US-AR,1.016272
2025,SWPP_OKGE_US-OK,1.016272
2025,SWPP_OKGE_US-TX,1.016272
2025,SWPP_OPPD_US-NE,1.287439
2025,SWPP_SECI_US-KS,1.243813
2025,SWPP_SPRM_US-MO,1.074074
2025,SWPP_SPS_US-CO,1.075799
2025,SWPP_SPS_US-KS,1.075799
2025,SWPP_SPS_US-NM,1.075799
2025,SWPP_SPS_US-OK,1.075799
2025,SWPP_SPS_US-TX,1.075799
2025,SWPP_WAUE_US-IA,0.788393
2025,SWPP_WAUE_US-MN,0.788393
2025,SWPP_WAUE_US-MT,0.788393
2025,SWPP_WAUE_US-ND,0.788393
2025,SWPP_WAUE_US-NE,0.788393
2025,SWPP_WAUE_US-SD,0.788393
2025,SWPP_WAUE_US-WY,0.788393
2025,SWPP_WFEC_US-KS,0.964133
2025,SWPP_WFEC_US-OK,0.964133
2025,SWPP_WFEC_US-TX,0.964133
2025,SWPP_WR_US-KS,0.822067
2025,SWPP_WR_US-MO,0.822067
2025,TAL_0_US-FL,1.057052
2025,TEC_0_US-FL,1.040134
2025,TEPC_0_MX-SON,1.059864
2025,TEPC_0_US-AZ,1.059864
2025,TEPC_0_US-NM,1.059864
2025,TIDC_0_US-CA,0.737075
2025,TPWR_0_US-WA,1.190083
2025,TVA_0_US-AL,1.070237
2025,TVA_0_US-GA,1.070237
2025,TVA_0_US-KY,1.070237
2025,TVA_0_US-MS,1.070237
2025,TVA_0_US-NC,1.070237
2025,TVA_0_US-TN,1.070237
2025,TVA_0_US-VA,1.070237
2025,WACM_0_US-AZ,1.356093
2025,WACM_0_US-CO,1.356093
2025,WACM_0_US-MT,1.356093
2025,WACM_0_US-NE,1.356093
2025,WACM_0_US-NM,1.356093
2025,WACM_0_US-SD,1.356093
2025,WACM_0_US-UT,1.356093
2025,WACM_0_US-WY,1.356093
2025,WALC_0_US-AZ,1.215522
2025,WALC_0_US-CA,1.215522
2025,WALC_0_US-NV,1.215522
2025,WAUW_0_US-MT,1.446809
2025,WWA_0_US-MT,1
2025,YAD_0_US-NC,1
2026,AEC_0_US-AL,0
2026,AEC_0_US-FL,0
2026,AECI_0_US-AR,0
2026,AECI_0_US-IA,0
2026,AECI_0_US-MO,0
2026,AECI_0_US-OK,0
2026,AESO_CENT_CA-AB,0
2026,AESO_CGY_CA-AB,0
2026,AESO_EDM_CA-AB,0
2026,AESO_NE_CA-AB,0
2026,AESO_NW_CA-AB,0
2026,AESO_NW_CA-BC,0
2026,AESO_SOUT_CA-AB,0
2026,AVA_0_US-ID,1.101346
2026,AVA_0_US-MT,1.101346
2026,AVA_0_US-OR,1.101346
2026,AVA_0_US-WA,1.101346
2026,AVRN_0_US-OR,1
2026,AVRN_0_US-WA,1
2026,AZPS_0_US-AZ,1.224842
2026,AZPS_0_US-CA,1.224842
2026,AZPS_0_US-NM,1.224842
2026,AZPS_0_US-NV,1.224842
2026,BANC_0_US-CA,0.897043
2026,BCHA_0_CA-BC,0
2026,BPAT_0_CA-BC,1.182456
2026,BPAT_0_US-CA,1.182456
2026,BPAT_0_US-ID,1.182456
2026,BPAT_0_US-MT,1.182456
2026,BPAT_0_US-OR,1.182456
2026,BPAT_0_US-WA,1.182456
2026,CEN_0_MX-COA,0
2026,CEN_0_MX-NLE,0
2026,CENB_0_MX-BCN,0
2026,CENB_0_MX-SON,0
2026,CHPD_0_US-WA,1.214286
2026,CISO_PGAE_US-CA,1.370196
2026,CISO_PGAE_US-OR,1.370196
2026,CISO_SCE_US-AZ,1.143017
2026,CISO_SCE_US-CA,1.143017
2026,CISO_SCE_US-NV,1.143017
2026,CISO_SDGE_MX-BCN,1.231414
2026,CISO_SDGE_US-AZ,1.231414
2026,CISO_SDGE_US-CA,1.231414
2026,CISO_VEA_US-NV,1.02649
2026,CPLE_0_US-NC,1.124724
2026,CPLE_0_US-SC,1.124724
2026,CPLW_0_US-NC,0.810757
2026,DEAA_0_US-AZ,1
2026,DOPD_0_US-WA,1.222698
2026,DUK_0_US-NC,1.097784
2026,DUK_0_US-SC,1.097784
2026,DUK_0_US-VA,1.097784
2026,EPE_0_US-NM,1.133528
2026,EPE_0_US-TX,1.133528
2026,ERCO_COAS_US-TX,1.121552
2026,ERCO_EAST_US-TX,1.630417
2026,ERCO_FWES_US-TX,1.088466
2026,ERCO_NCEN_US-TX,1.127105
2026,ERCO_NRTH_US-OK,1.236285
2026,ERCO_NRTH_US-TX,1.236285
2026,ERCO_SCEN_US-TX,1.184199
2026,ERCO_SOUT_US-TX,1.141562
2026,ERCO_WEST_US-TX,1.8625
2026,FMPP_0_US-FL,0.924667
2026,FPC_0_US-FL,0.885098
2026,FPL_0_US-FL,1.048816
2026,GCPD_0_US-WA,1.248152
2026,GLHB_0_US-IL,1
2026,GRID_0_US-NM,1
2026,GRID_0_US-OR,1
2026,GRID_0_US-WA,1
2026,GRIF_0_US-AZ,1
2026,GVL_0_US-FL,1.00885
2026,GWA_0_US-MT,1
2026,HGMA_0_US-AZ,1
2026,HQT_0_CA-NL,1
2026,HQT_0_CA-QC,1
2026,HST_0_US-FL,1.137931
2026,IESO_0_CA-ON,0
2026,IID_0_US-AZ,0.924095
2026,IID_0_US-CA,0.924095
2026,IPCO_0_US-ID,1.034915
2026,IPCO_0_US-NV,1.034915
2026,IPCO_0_US-OR,1.034915
2026,IPCO_0_US-UT,1.034915
2026,ISNE_4001_US-ME,1.042132
2026,ISNE_4002_US-ME,1.066206
2026,ISNE_4002_US-NH,1.066206
2026,ISNE_4002_US-VT,1.066206
2026,ISNE_4003_US-NH,1.240406
2026,ISNE_4003_US-NY,1.240406
2026,ISNE_4003_US-VT,1.240406
2026,ISNE_4004_US-CT,1.156558
2026,ISNE_4005_US-MA,1.097003
2026,ISNE_4005_US-RI,1.097003
2026,ISNE_4006_US-MA,1.167632
2026,ISNE_4006_US-RI,1.167632
2026,ISNE_4007_US-MA,1.162545
2026,ISNE_4007_US-NY,1.162545
2026,ISNE_4007_US-VT,1.162545
2026,ISNE_4008_US-MA,1.150192
2026,ISNE_4008_US-NH,1.150192
2026,JEA_0_US-FL,1.1189
2026,LDWP_0_US-AZ,0.889975
2026,LDWP_0_US-CA,0.889975
2026,LDWP_0_US-NV,0.889975
2026,LDWP_0_US-UT,0.889975
2026,LGEE_0_US-IN,0.997623
2026,LGEE_0_US-KY,0.997623
2026,LGEE_0_US-VA,0.997623
2026,MHEB_0_CA-MB,0
2026,MISO_01_US-IA,1.128908
2026,MISO_01_US-IL,1.128908
2026,MISO_01_US-MI,1.128908
2026,MISO_01_US-MN,1.128908
2026,MISO_01_US-MT,1.128908
2026,MISO_01_US-ND,1.128908
2026,MISO_01_US-SD,1.128908
2026,MISO_01_US-WI,1.128908
2026,MISO_02_US-IA,1.142449
2026,MISO_02_US-IL,1.142449
2026,MISO_02_US-MI,1.142449
2026,MISO_02_US-MN,1.142449
2026,MISO_02_US-WI,1.142449
2026,MISO_03_US-IA,1.149973
2026,MISO_03_US-IL,1.149973
2026,MISO_03_US-MN,1.149973
2026,MISO_03_US-MO,1.149973
2026,MISO_03_US-SD,1.149973
2026,MISO_04_US-IL,1.103725
2026,MISO_04_US-KY,1.103725
2026,MISO_04_US-MO,1.103725
2026,MISO_05_US-IA,1.042117
2026,MISO_05_US-IL,1.042117
2026,MISO_05_US-MO,1.042117
2026,MISO_06_US-IL,1.098977
2026,MISO_06_US-IN,1.098977
2026,MISO_06_US-KY,1.098977
2026,MISO_06_US-OH,1.098977
2026,MISO_07_US-MI,1.071297
2026,MISO_08_US-AR,1.077564
2026,MISO_08_US-MO,1.077564
2026,MISO_09_US-LA,1.110663
2026,MISO_09_US-TX,1.110663
2026,MISO_10_US-MS,1.108177
2026,MISO_10_US-TN,1.108177
2026,NBSO_0_CA-NB,4.167488
2026,NBSO_0_CA-PE,4.167488
2026,NBSO_0_US-ME,4.167488
2026,NEVP_0_US-CA,1.188522
2026,NEVP_0_US-NV,1.188522
2026,NEVP_0_US-OR,1.188522
2026,NSPI_0_CA-NS,4.167488
2026,NWMT_0_US-ID,1.084943
2026,NWMT_0_US-MT,1.084943
2026,NWMT_0_US-WY,1.084943
2026,NYIS_A_US-NY,1.086825
2026,NYIS_A_US-PA,1.086825
2026,NYIS_B_US-NY,1.073926
2026,NYIS_C_US-NY,1.07459
2026,NYIS_D_US-NY,1.055138
2026,NYIS_E_US-NY,1.068817
2026,NYIS_F_US-NY,1.064408
2026,NYIS_G_US-NJ,1.097186
2026,NYIS_G_US-NY,1.097186
2026,NYIS_G_US-PA,1.097186
2026,NYIS_H_US-NY,1.081752
2026,NYIS_I_US-NY,1.073446
2026,NYIS_J_US-NJ,1.023186
2026,NYIS_J_US-NY,1.023186
2026,NYIS_K_US-NY,1.023637
2026,PACE_0_US-AZ,1.090084
2026,PACE_0_US-CO,1.090084
2026,PACE_0_US-ID,1.090084
2026,PACE_0_US-MT,1.090084
2026,PACE_0_US-NV,1.090084
2026,PACE_0_US-UT,1.090084
2026,PACE_0_US-WY,1.090084
2026,PACW_0_US-CA,1.075835
2026,PACW_0_US-OR,1.075835
2026,PACW_0_US-WA,1.075835
2026,PGE_0_US-OR,1.133304
2026,PGE_0_US-WA,1.133304
2026,PJM_AE_US-NJ,1.118879
2026,PJM_AEP_US-IN,1.080015
2026,PJM_AEP_US-KY,1.080015
2026,PJM_AEP_US-MI,1.080015
2026,PJM_AEP_US-OH,1.080015
2026,PJM_AEP_US-TN,1.080015
2026,PJM_AEP_US-VA,1.080015
2026,PJM_AEP_US-WV,1.080015
2026,PJM_AP_US-MD,1.202751
2026,PJM_AP_US-OH,1.202751
2026,PJM_AP_US-PA,1.202751
2026,PJM_AP_US-VA,1.202751
2026,PJM_AP_US-WV,1.202751
2026,PJM_ATSI_US-OH,1.078211
2026,PJM_ATSI_US-PA,1.078211
2026,PJM_BC_US-MD,1.296673
2026,PJM_CE_US-IL,1.11479
2026,PJM_CE_US-IN,1.11479
2026,PJM_DAY_US-OH,1.050463
2026,PJM_DEOK_US-KY,1.086555
2026,PJM_DEOK_US-OH,1.086555
2026,PJM_DOM_US-NC,1.273459
2026,PJM_DOM_US-VA,1.273459
2026,PJM_DOM_US-WV,1.273459
2026,PJM_DPL_US-DE,1.339043
2026,PJM_DPL_US-MD,1.339043
2026,PJM_DPL_US-NJ,1.339043
2026,PJM_DPL_US-PA,1.339043
2026,PJM_DPL_US-VA,1.339043
2026,PJM_DUQ_US-PA,1.111434
2026,PJM_EKPC_US-KY,1.057935
2026,PJM_JC_US-NJ,1.08094
2026,PJM_JC_US-NY,1.08094
2026,PJM_ME_US-PA,1.09162
2026,PJM_PE_US-DE,1.086657
2026,PJM_PE_US-MD,1.086657
2026,PJM_PE_US-NJ,1.086657
2026,PJM_PE_US-PA,1.086657
2026,PJM_PEP_US-DC,0.65257
2026,PJM_PEP_US-MD,0.65257
2026,PJM_PEP_US-VA,0.65257
2026,PJM_PL_US-MD,1.075398
2026,PJM_PL_US-PA,1.075398
2026,PJM_PN_US-MD,1.0409
2026,PJM_PN_US-PA,1.0409
2026,PJM_PS_US-NJ,1.147556
2026,PJM_PS_US-PA,1.147556
2026,PJM_RECO_US-NJ,2.182432
2026,PNM_ACMA_US-NM,1
2026,PNM_CYGA_US-NM,1
2026,PNM_Frep_US-NM,0.892857
2026,PNM_Jica_US-NM,1
2026,PNM_KAFB_US-NM,0.84507
2026,PNM_KCEC_US-NM,0.84127
2026,PNM_LAC_US-NM,0.797753
2026,PNM_NTUA_US-NM,0
2026,PNM_PNM_US-NM,1.128136
2026,PNM_TSGT_US-AZ,0.528967
2026,PNM_TSGT_US-NM,0.528967
2026,PSCO_0_US-CO,1.182482
2026,PSCO_0_US-WY,1.182482
2026,PSEI_0_US-WA,1.410425
2026,SC_0_US-SC,1.078317
2026,SCEG_0_US-GA,1.023456
2026,SCEG_0_US-SC,1.023456
2026,SCL_0_US-WA,1.256506
2026,SEC_0_US-FL,0.885098
2026,SEPA_0_US-GA,1
2026,SEPA_0_US-SC,1
2026,SOCO_0_US-AL,1.064941
2026,SOCO_0_US-FL,1.064941
2026,SOCO_0_US-GA,1.064941
2026,SOCO_0_US-MS,1.064941
2026,SOCO_0_US-SC,1.064941
2026,SPA_0_US-AR,2.822222
2026,SPA_0_US-MO,2.822222
2026,SPA_0_US-OK,2.822222
2026,SPA_0_US-TX,2.822222
2026,SPC_0_CA-SK,0
2026,SRP_0_US-AZ,1.129874
2026,SWPP_CSWS_US-AR,1.094128
2026,SWPP_CSWS_US-LA,1.094128
2026,SWPP_CSWS_US-OK,1.094128
2026,SWPP_CSWS_US-TX,1.094128
2026,SWPP_EDE_US-AR,1.167074
2026,SWPP_EDE_US-KS,1.167074
2026,SWPP_EDE_US-MO,1.167074
2026,SWPP_EDE_US-OK,1.167074
2026,SWPP_GRDA_US-AR,0.728155
2026,SWPP_GRDA_US-KS,0.728155
2026,SWPP_GRDA_US-OK,0.728155
2026,SWPP_INDN_US-MO,1.093284
2026,SWPP_KACY_US-KS,1.075472
2026,SWPP_KCPL_US-KS,1.08036
2026,SWPP_KCPL_US-MO,1.08036
2026,SWPP_LES_US-NE,1.348226
2026,SWPP_MPS_US-MO,1.088773
2026,SWPP_NPPD_US-CO,0.927711
2026,SWPP_NPPD_US-NE,0.927711
2026,SWPP_NPPD_US-SD,0.927711
2026,SWPP_OKGE_US-AR,1.025
2026,SWPP_OKGE_US-OK,1.025
2026,SWPP_OKGE_US-TX,1.025
2026,SWPP_OPPD_US-NE,1.348548
2026,SWPP_SECI_US-KS,1.255729
2026,SWPP_SPRM_US-MO,1.085979
2026,SWPP_SPS_US-CO,1.112877
2026,SWPP_SPS_US-KS,1.112877
2026,SWPP_SPS_US-NM,1.112877
2026,SWPP_SPS_US-OK,1.112877
2026,SWPP_SPS_US-TX,1.112877
2026,SWPP_WAUE_US-IA,0.806741
2026,SWPP_WAUE_US-MN,0.806741
2026,SWPP_WAUE_US-MT,0.806741
2026,SWPP_WAUE_US-ND,0.806741
2026,SWPP_WAUE_US-NE,0.806741
2026,SWPP_WAUE_US-SD,0.806741
2026,SWPP_WAUE_US-WY,0.806741
2026,SWPP_WFEC_US-KS,0.972698
2026,SWPP_WFEC_US-OK,0.972698
2026,SWPP_WFEC_US-TX,0.972698
2026,SWPP_WR_US-KS,0.830107
2026,SWPP_WR_US-MO,0.830107
2026,TAL_0_US-FL,1.071315
2026,TEC_0_US-FL,1.054404
2026,TEPC_0_MX-SON,1.09525
2026,TEPC_0_US-AZ,1.09525
2026,TEPC_0_US-NM,1.09525
2026,TIDC_0_US-CA,0.763663
2026,TPWR_0_US-WA,1.258264
2026,TVA_0_US-AL,1.088662
2026,TVA_0_US-GA,1.088662
2026,TVA_0_US-KY,1.088662
2026,TVA_0_US-MS,1.088662
2026,TVA_0_US-NC,1.088662
2026,TVA_0_US-TN,1.088662
2026,TVA_0_US-VA,1.088662
2026,WACM_0_US-AZ,1.40093
2026,WACM_0_US-CO,1.40093
2026,WACM_0_US-MT,1.40093
2026,WACM_0_US-NE,1.40093
2026,WACM_0_US-NM,1.40093
2026,WACM_0_US-SD,1.40093
2026,WACM_0_US-UT,1.40093
2026,WACM_0_US-WY,1.40093
2026,WALC_0_US-AZ,1.256055
2026,WALC_0_US-CA,1.256055
2026,WALC_0_US-NV,1.256055
2026,WAUW_0_US-MT,1.473404
2026,WWA_0_US-MT,1
2026,YAD_0_US-NC,1
2027,AEC_0_US-AL,0
2027,AEC_0_US-FL,0
2027,AECI_0_US-AR,0
2027,AECI_0_US-IA,0
2027,AECI_0_US-MO,0
2027,AECI_0_US-OK,0
2027,AESO_CENT_CA-AB,0
2027,AESO_CGY_CA-AB,0
2027,AESO_EDM_CA-AB,0
2027,AESO_NE_CA-AB,0
2027,AESO_NW_CA-AB,0
2027,AESO_NW_CA-BC,0
2027,AESO_SOUT_CA-AB,0
2027,AVA_0_US-ID,1.152649
2027,AVA_0_US-MT,1.152649
2027,AVA_0_US-OR,1.152649
2027,AVA_0_US-WA,1.152649
2027,AVRN_0_US-OR,1
2027,AVRN_0_US-WA,1
2027,AZPS_0_US-AZ,1.265888
2027,AZPS_0_US-CA,1.265888
2027,AZPS_0_US-NM,1.265888
2027,AZPS_0_US-NV,1.265888
2027,BANC_0_US-CA,0.929074
2027,BCHA_0_CA-BC,0
2027,BPAT_0_CA-BC,1.242122
2027,BPAT_0_US-CA,1.242122
2027,BPAT_0_US-ID,1.242122
2027,BPAT_0_US-MT,1.242122
2027,BPAT_0_US-OR,1.242122
2027,BPAT_0_US-WA,1.242122
2027,CEN_0_MX-COA,0
2027,CEN_0_MX-NLE,0
2027,CENB_0_MX-BCN,0
2027,CENB_0_MX-SON,0
2027,CHPD_0_US-WA,1.285714
2027,CISO_PGAE_US-CA,1.419035
2027,CISO_PGAE_US-OR,1.419035
2027,CISO_SCE_US-AZ,1.183779
2027,CISO_SCE_US-CA,1.183779
2027,CISO_SCE_US-NV,1.183779
2027,CISO_SDGE_MX-BCN,1.27521
2027,CISO_SDGE_US-AZ,1.27521
2027,CISO_SDGE_US-CA,1.27521
2027,CISO_VEA_US-NV,1.059603
2027,CPLE_0_US-NC,1.15214
2027,CPLE_0_US-SC,1.15214
2027,CPLW_0_US-NC,0.831673
2027,DEAA_0_US-AZ,1
2027,DOPD_0_US-WA,1.293362
2027,DUK_0_US-NC,1.122206
2027,DUK_0_US-SC,1.122206
2027,DUK_0_US-VA,1.122206
2027,EPE_0_US-NM,1.176413
2027,EPE_0_US-TX,1.176413
2027,ERCO_COAS_US-TX,1.168584
2027,ERCO_EAST_US-TX,1.69875
2027,ERCO_FWES_US-TX,1.13418
2027,ERCO_NCEN_US-TX,1.174377
2027,ERCO_NRTH_US-OK,1.288258
2027,ERCO_NRTH_US-TX,1.288258
2027,ERCO_SCEN_US-TX,1.23386
2027,ERCO_SOUT_US-TX,1.189354
2027,ERCO_WEST_US-TX,1.9405
2027,FMPP_0_US-FL,0.937177
2027,FPC_0_US-FL,0.897134
2027,FPL_0_US-FL,1.063136
2027,GCPD_0_US-WA,1.319958
2027,GLHB_0_US-IL,1
2027,GRID_0_US-NM,1
2027,GRID_0_US-OR,1
2027,GRID_0_US-WA,1
2027,GRIF_0_US-AZ,1
2027,GVL_0_US-FL,1.023009
2027,GWA_0_US-MT,1
2027,HGMA_0_US-AZ,1
2027,HQT_0_CA-NL,1
2027,HQT_0_CA-QC,1
2027,HST_0_US-FL,1.155172
2027,IESO_0_CA-ON,0
2027,IID_0_US-AZ,0.957635
2027,IID_0_US-CA,0.957635
2027,IPCO_0_US-ID,1.064667
2027,IPCO_0_US-NV,1.064667
2027,IPCO_0_US-OR,1.064667
2027,IPCO_0_US-UT,1.064667
2027,ISNE_4001_US-ME,1.061049
2027,ISNE_4002_US-ME,1.086515
2027,ISNE_4002_US-NH,1.086515
2027,ISNE_4002_US-VT,1.086515
2027,ISNE_4003_US-NH,1.266366
2027,ISNE_4003_US-NY,1.266366
2027,ISNE_4003_US-VT,1.266366
2027,ISNE_4004_US-CT,1.180727
2027,ISNE_4005_US-MA,1.113896
2027,ISNE_4005_US-RI,1.113896
2027,ISNE_4006_US-MA,1.200926
2027,ISNE_4006_US-RI,1.200926
2027,ISNE_4007_US-MA,1.195718
2027,ISNE_4007_US-NY,1.195718
2027,ISNE_4007_US-VT,1.195718
2027,ISNE_4008_US-MA,1.183142
2027,ISNE_4008_US-NH,1.183142
2027,JEA_0_US-FL,1.134005
2027,LDWP_0_US-AZ,0.921643
2027,LDWP_0_US-CA,0.921643
2027,LDWP_0_US-NV,0.921643
2027,LDWP_0_US-UT,0.921643
2027,LGEE_0_US-IN,1.012163
2027,LGEE_0_US-KY,1.012163
2027,LGEE_0_US-VA,1.012163
2027,MHEB_0_CA-MB,0
2027,MISO_01_US-IA,1.159009
2027,MISO_01_US-IL,1.159009
2027,MISO_01_US-MI,1.159009
2027,MISO_01_US-MN,1.159009
2027,MISO_01_US-MT,1.159009
2027,MISO_01_US-ND,1.159009
2027,MISO_01_US-SD,1.159009
2027,MISO_01_US-WI,1.159009
2027,MISO_02_US-IA,1.166122
2027,MISO_02_US-IL,1.166122
2027,MISO_02_US-MI,1.166122
2027,MISO_02_US-MN,1.166122
2027,MISO_02_US-WI,1.166122
2027,MISO_03_US-IA,1.179457
2027,MISO_03_US-IL,1.179457
2027,MISO_03_US-MN,1.179457
2027,MISO_03_US-MO,1.179457
2027,MISO_03_US-SD,1.179457
2027,MISO_04_US-IL,1.143792
2027,MISO_04_US-KY,1.143792
2027,MISO_04_US-MO,1.143792
2027,MISO_05_US-IA,1.053079
2027,MISO_05_US-IL,1.053079
2027,MISO_05_US-MO,1.053079
2027,MISO_06_US-IL,1.110716
2027,MISO_06_US-IN,1.110716
2027,MISO_06_US-KY,1.110716
2027,MISO_06_US-OH,1.110716
2027,MISO_07_US-MI,1.088865
2027,MISO_08_US-AR,1.083991
2027,MISO_08_US-MO,1.083991
2027,MISO_09_US-LA,1.125176
2027,MISO_09_US-TX,1.125176
2027,MISO_10_US-MS,1.117318
2027,MISO_10_US-TN,1.117318
2027,NBSO_0_CA-NB,4.243842
2027,NBSO_0_CA-PE,4.243842
2027,NBSO_0_US-ME,4.243842
2027,NEVP_0_US-CA,1.232339
2027,NEVP_0_US-NV,1.232339
2027,NEVP_0_US-OR,1.232339
2027,NSPI_0_CA-NS,4.243842
2027,NWMT_0_US-ID,1.111192
2027,NWMT_0_US-MT,1.111192
2027,NWMT_0_US-WY,1.111192
2027,NYIS_A_US-NY,1.112495
2027,NYIS_A_US-PA,1.112495
2027,NYIS_B_US-NY,1.099401
2027,NYIS_C_US-NY,1.099929
2027,NYIS_D_US-NY,1.080201
2027,NYIS_E_US-NY,1.093907
2027,NYIS_F_US-NY,1.089502
2027,NYIS_G_US-NJ,1.123131
2027,NYIS_G_US-NY,1.123131
2027,NYIS_G_US-PA,1.123131
2027,NYIS_H_US-NY,1.106569
2027,NYIS_I_US-NY,1.09887
2027,NYIS_J_US-NJ,1.047338
2027,NYIS_J_US-NY,1.047338
2027,NYIS_K_US-NY,1.047861
2027,PACE_0_US-AZ,1.133455
2027,PACE_0_US-CO,1.133455
2027,PACE_0_US-ID,1.133455
2027,PACE_0_US-MT,1.133455
2027,PACE_0_US-NV,1.133455
2027,PACE_0_US-UT,1.133455
2027,PACE_0_US-WY,1.133455
2027,PACW_0_US-CA,1.124311
2027,PACW_0_US-OR,1.124311
2027,PACW_0_US-WA,1.124311
2027,PGE_0_US-OR,1.180273
2027,PGE_0_US-WA,1.180273
2027,PJM_AE_US-NJ,1.148411
2027,PJM_AEP_US-IN,1.110531
2027,PJM_AEP_US-KY,1.110531
2027,PJM_AEP_US-MI,1.110531
2027,PJM_AEP_US-OH,1.110531
2027,PJM_AEP_US-TN,1.110531
2027,PJM_AEP_US-VA,1.110531
2027,PJM_AEP_US-WV,1.110531
2027,PJM_AP_US-MD,1.233917
2027,PJM_AP_US-OH,1.233917
2027,PJM_AP_US-PA,1.233917
2027,PJM_AP_US-VA,1.233917
2027,PJM_AP_US-WV,1.233917
2027,PJM_ATSI_US-OH,1.102702
2027,PJM_ATSI_US-PA,1.102702
2027,PJM_BC_US-MD,1.328422
2027,PJM_CE_US-IL,1.155207
2027,PJM_CE_US-IN,1.155207
2027,PJM_DAY_US-OH,1.074351
2027,PJM_DEOK_US-KY,1.109749
2027,PJM_DEOK_US-OH,1.109749
2027,PJM_DOM_US-NC,1.375933
2027,PJM_DOM_US-VA,1.375933
2027,PJM_DOM_US-WV,1.375933
2027,PJM_DPL_US-DE,1.362972
2027,PJM_DPL_US-MD,1.362972
2027,PJM_DPL_US-NJ,1.362972
2027,PJM_DPL_US-PA,1.362972
2027,PJM_DPL_US-VA,1.362972
2027,PJM_DUQ_US-PA,1.133575
2027,PJM_EKPC_US-KY,1.071629
2027,PJM_JC_US-NJ,1.109334
2027,PJM_JC_US-NY,1.109334
2027,PJM_ME_US-PA,1.11314
2027,PJM_PE_US-DE,1.108262
2027,PJM_PE_US-MD,1.108262
2027,PJM_PE_US-NJ,1.108262
2027,PJM_PE_US-PA,1.108262
2027,PJM_PEP_US-DC,0.668576
2027,PJM_PEP_US-MD,0.668576
2027,PJM_PEP_US-VA,0.668576
2027,PJM_PL_US-MD,1.096921
2027,PJM_PL_US-PA,1.096921
2027,PJM_PN_US-MD,1.061691
2027,PJM_PN_US-PA,1.061691
2027,PJM_PS_US-NJ,1.177762
2027,PJM_PS_US-PA,1.177762
2027,PJM_RECO_US-NJ,2.243243
2027,PNM_ACMA_US-NM,1
2027,PNM_CYGA_US-NM,1
2027,PNM_Frep_US-NM,0.904762
2027,PNM_Jica_US-NM,1
2027,PNM_KAFB_US-NM,0.859155
2027,PNM_KCEC_US-NM,0.857143
2027,PNM_LAC_US-NM,0.808989
2027,PNM_NTUA_US-NM,0
2027,PNM_PNM_US-NM,1.150907
2027,PNM_TSGT_US-AZ,0.541562
2027,PNM_TSGT_US-NM,0.541562
2027,PSCO_0_US-CO,1.232924
2027,PSCO_0_US-WY,1.232924
2027,PSEI_0_US-WA,1.491512
2027,SC_0_US-SC,1.092125
2027,SCEG_0_US-GA,1.036583
2027,SCEG_0_US-SC,1.036583
2027,SCL_0_US-WA,1.328731
2027,SEC_0_US-FL,0.897134
2027,SEPA_0_US-GA,1
2027,SEPA_0_US-SC,1
2027,SOCO_0_US-AL,1.086661
2027,SOCO_0_US-FL,1.086661
2027,SOCO_0_US-GA,1.086661
2027,SOCO_0_US-MS,1.086661
2027,SOCO_0_US-SC,1.086661
2027,SPA_0_US-AR,2.844444
2027,SPA_0_US-MO,2.844444
2027,SPA_0_US-OK,2.844444
2027,SPA_0_US-TX,2.844444
2027,SPC_0_CA-SK,0
2027,SRP_0_US-AZ,1.167688
2027,SWPP_CSWS_US-AR,1.111356
2027,SWPP_CSWS_US-LA,1.111356
2027,SWPP_CSWS_US-OK,1.111356
2027,SWPP_CSWS_US-TX,1.111356
2027,SWPP_EDE_US-AR,1.179299
2027,SWPP_EDE_US-KS,1.179299
2027,SWPP_EDE_US-MO,1.179299
2027,SWPP_EDE_US-OK,1.179299
2027,SWPP_GRDA_US-AR,0.734334
2027,SWPP_GRDA_US-KS,0.734334
2027,SWPP_GRDA_US-OK,0.734334
2027,SWPP_INDN_US-MO,1.104478
2027,SWPP_KACY_US-KS,1.085954
2027,SWPP_KCPL_US-KS,1.091318
2027,SWPP_KCPL_US-MO,1.091318
2027,SWPP_LES_US-NE,1.412615
2027,SWPP_MPS_US-MO,1.100261
2027,SWPP_NPPD_US-CO,0.97162
2027,SWPP_NPPD_US-NE,0.97162
2027,SWPP_NPPD_US-SD,0.97162
2027,SWPP_OKGE_US-AR,1.033728
2027,SWPP_OKGE_US-OK,1.033728
2027,SWPP_OKGE_US-TX,1.033728
2027,SWPP_OPPD_US-NE,1.412297
2027,SWPP_SECI_US-KS,1.268561
2027,SWPP_SPRM_US-MO,1.096561
2027,SWPP_SPS_US-CO,1.151416
2027,SWPP_SPS_US-KS,1.151416
2027,SWPP_SPS_US-NM,1.151416
2027,SWPP_SPS_US-OK,1.151416
2027,SWPP_SPS_US-TX,1.151416
2027,SWPP_WAUE_US-IA,0.825489
2027,SWPP_WAUE_US-MN,0.825489
2027,SWPP_WAUE_US-MT,0.825489
2027,SWPP_WAUE_US-ND,0.825489
2027,SWPP_WAUE_US-NE,0.825489
2027,SWPP_WAUE_US-SD,0.825489
2027,SWPP_WAUE_US-WY,0.825489
2027,SWPP_WFEC_US-KS,0.981263
2027,SWPP_WFEC_US-OK,0.981263
2027,SWPP_WFEC_US-TX,0.981263
2027,SWPP_WR_US-KS,0.838297
2027,SWPP_WR_US-MO,0.838297
2027,TAL_0_US-FL,1.085578
2027,TEC_0_US-FL,1.068673
2027,TEPC_0_MX-SON,1.132089
2027,TEPC_0_US-AZ,1.132089
2027,TEPC_0_US-NM,1.132089
2027,TIDC_0_US-CA,0.790251
2027,TPWR_0_US-WA,1.330579
2027,TVA_0_US-AL,1.107383
2027,TVA_0_US-GA,1.107383
2027,TVA_0_US-KY,1.107383
2027,TVA_0_US-MS,1.107383
2027,TVA_0_US-NC,1.107383
2027,TVA_0_US-TN,1.107383
2027,TVA_0_US-VA,1.107383
2027,WACM_0_US-AZ,1.447256
2027,WACM_0_US-CO,1.447256
2027,WACM_0_US-MT,1.447256
2027,WACM_0_US-NE,1.447256
2027,WACM_0_US-NM,1.447256
2027,WACM_0_US-SD,1.447256
2027,WACM_0_US-UT,1.447256
2027,WACM_0_US-WY,1.447256
2027,WALC_0_US-AZ,1.298566
2027,WALC_0_US-CA,1.298566
2027,WALC_0_US-NV,1.298566
2027,WAUW_0_US-MT,1.505319
2027,WWA_0_US-MT,1
2027,YAD_0_US-NC,1
2028,AEC_0_US-AL,0
2028,AEC_0_US-FL,0
2028,AECI_0_US-AR,0
2028,AECI_0_US-IA,0
2028,AECI_0_US-MO,0
2028,AECI_0_US-OK,0
2028,AESO_CENT_CA-AB,0
2028,AESO_CGY_CA-AB,0
2028,AESO_EDM_CA-AB,0
2028,AESO_NE_CA-AB,0
2028,AESO_NW_CA-AB,0
2028,AESO_NW_CA-BC,0
2028,AESO_SOUT_CA-AB,0
2028,AVA_0_US-ID,1.206476
2028,AVA_0_US-MT,1.206476
2028,AVA_0_US-OR,1.206476
2028,AVA_0_US-WA,1.206476
2028,AVRN_0_US-OR,1
2028,AVRN_0_US-WA,1
2028,AZPS_0_US-AZ,1.308327
2028,AZPS_0_US-CA,1.308327
2028,AZPS_0_US-NM,1.308327
2028,AZPS_0_US-NV,1.308327
2028,BANC_0_US-CA,0.962161
2028,BCHA_0_CA-BC,0
2028,BPAT_0_CA-BC,1.304752
2028,BPAT_0_US-CA,1.304752
2028,BPAT_0_US-ID,1.304752
2028,BPAT_0_US-MT,1.304752
2028,BPAT_0_US-OR,1.304752
2028,BPAT_0_US-WA,1.304752
2028,CEN_0_MX-COA,0
2028,CEN_0_MX-NLE,0
2028,CENB_0_MX-BCN,0
2028,CENB_0_MX-SON,0
2028,CHPD_0_US-WA,1.359184
2028,CISO_PGAE_US-CA,1.469626
2028,CISO_PGAE_US-OR,1.469626
2028,CISO_SCE_US-AZ,1.225939
2028,CISO_SCE_US-CA,1.225939
2028,CISO_SCE_US-NV,1.225939
2028,CISO_SDGE_MX-BCN,1.320627
2028,CISO_SDGE_US-AZ,1.320627
2028,CISO_SDGE_US-CA,1.320627
2028,CISO_VEA_US-NV,1.099338
2028,CPLE_0_US-NC,1.180293
2028,CPLE_0_US-SC,1.180293
2028,CPLW_0_US-NC,0.853586
2028,DEAA_0_US-AZ,1
2028,DOPD_0_US-WA,1.368308
2028,DUK_0_US-NC,1.147218
2028,DUK_0_US-SC,1.147218
2028,DUK_0_US-VA,1.147218
2028,EPE_0_US-NM,1.22076
2028,EPE_0_US-TX,1.22076
2028,ERCO_COAS_US-TX,1.21759
2028,ERCO_EAST_US-TX,1.77
2028,ERCO_FWES_US-TX,1.181799
2028,ERCO_NCEN_US-TX,1.223589
2028,ERCO_NRTH_US-OK,1.342156
2028,ERCO_NRTH_US-TX,1.342156
2028,ERCO_SCEN_US-TX,1.285553
2028,ERCO_SOUT_US-TX,1.239123
2028,ERCO_WEST_US-TX,2.02175
2028,FMPP_0_US-FL,0.950231
2028,FPC_0_US-FL,0.909343
2028,FPL_0_US-FL,1.077648
2028,GCPD_0_US-WA,1.395987
2028,GLHB_0_US-IL,1
2028,GRID_0_US-NM,1
2028,GRID_0_US-OR,1
2028,GRID_0_US-WA,1
2028,GRIF_0_US-AZ,1
2028,GVL_0_US-FL,1.037168
2028,GWA_0_US-MT,1
2028,HGMA_0_US-AZ,1
2028,HQT_0_CA-NL,1
2028,HQT_0_CA-QC,1
2028,HST_0_US-FL,1.163793
2028,IESO_0_CA-ON,0
2028,IID_0_US-AZ,0.991174
2028,IID_0_US-CA,0.991174
2028,IPCO_0_US-ID,1.095402
2028,IPCO_0_US-NV,1.095402
2028,IPCO_0_US-OR,1.095402
2028,IPCO_0_US-UT,1.095402
2028,ISNE_4001_US-ME,1.080825
2028,ISNE_4002_US-ME,1.106824
2028,ISNE_4002_US-NH,1.106824
2028,ISNE_4002_US-VT,1.106824
2028,ISNE_4003_US-NH,1.293454
2028,ISNE_4003_US-NY,1.293454
2028,ISNE_4003_US-VT,1.293454
2028,ISNE_4004_US-CT,1.205357
2028,ISNE_4005_US-MA,1.131335
2028,ISNE_4005_US-RI,1.131335
2028,ISNE_4006_US-MA,1.235379
2028,ISNE_4006_US-RI,1.235379
2028,ISNE_4007_US-MA,1.230097
2028,ISNE_4007_US-NY,1.230097
2028,ISNE_4007_US-VT,1.230097
2028,ISNE_4008_US-MA,1.217241
2028,ISNE_4008_US-NH,1.217241
2028,JEA_0_US-FL,1.149497
2028,LDWP_0_US-AZ,0.954578
2028,LDWP_0_US-CA,0.954578
2028,LDWP_0_US-NV,0.954578
2028,LDWP_0_US-UT,0.954578
2028,LGEE_0_US-IN,1.026982
2028,LGEE_0_US-KY,1.026982
2028,LGEE_0_US-VA,1.026982
2028,MHEB_0_CA-MB,0
2028,MISO_01_US-IA,1.189844
2028,MISO_01_US-IL,1.189844
2028,MISO_01_US-MI,1.189844
2028,MISO_01_US-MN,1.189844
2028,MISO_01_US-MT,1.189844
2028,MISO_01_US-ND,1.189844
2028,MISO_01_US-SD,1.189844
2028,MISO_01_US-WI,1.189844
2028,MISO_02_US-IA,1.190286
2028,MISO_02_US-IL,1.190286
2028,MISO_02_US-MI,1.190286
2028,MISO_02_US-MN,1.190286
2028,MISO_02_US-WI,1.190286
2028,MISO_03_US-IA,1.209792
2028,MISO_03_US-IL,1.209792
2028,MISO_03_US-MN,1.209792
2028,MISO_03_US-MO,1.209792
2028,MISO_03_US-SD,1.209792
2028,MISO_04_US-IL,1.185214
2028,MISO_04_US-KY,1.185214
2028,MISO_04_US-MO,1.185214
2028,MISO_05_US-IA,1.064186
2028,MISO_05_US-IL,1.064186
2028,MISO_05_US-MO,1.064186
2028,MISO_06_US-IL,1.122577
2028,MISO_06_US-IN,1.122577
2028,MISO_06_US-KY,1.122577
2028,MISO_06_US-OH,1.122577
2028,MISO_07_US-MI,1.106757
2028,MISO_08_US-AR,1.090564
2028,MISO_08_US-MO,1.090564
2028,MISO_09_US-LA,1.139931
2028,MISO_09_US-TX,1.139931
2028,MISO_10_US-MS,1.126968
2028,MISO_10_US-TN,1.126968
2028,NBSO_0_CA-NB,4.32266
2028,NBSO_0_CA-PE,4.32266
2028,NBSO_0_US-ME,4.32266
2028,NEVP_0_US-CA,1.277653
2028,NEVP_0_US-NV,1.277653
2028,NEVP_0_US-OR,1.277653
2028,NSPI_0_CA-NS,4.32266
2028,NWMT_0_US-ID,1.137805
2028,NWMT_0_US-MT,1.137805
2028,NWMT_0_US-WY,1.137805
2028,NYIS_A_US-NY,1.138543
2028,NYIS_A_US-PA,1.138543
2028,NYIS_B_US-NY,1.125375
2028,NYIS_C_US-NY,1.125981
2028,NYIS_D_US-NY,1.106516
2028,NYIS_E_US-NY,1.119713
2028,NYIS_F_US-NY,1.115015
2028,NYIS_G_US-NJ,1.149516
2028,NYIS_G_US-NY,1.149516
2028,NYIS_G_US-PA,1.149516
2028,NYIS_H_US-NY,1.132847
2028,NYIS_I_US-NY,1.124294
2028,NYIS_J_US-NJ,1.071974
2028,NYIS_J_US-NY,1.071974
2028,NYIS_K_US-NY,1.072475
2028,PACE_0_US-AZ,1.178498
2028,PACE_0_US-CO,1.178498
2028,PACE_0_US-ID,1.178498
2028,PACE_0_US-MT,1.178498
2028,PACE_0_US-NV,1.178498
2028,PACE_0_US-UT,1.178498
2028,PACE_0_US-WY,1.178498
2028,PACW_0_US-CA,1.174991
2028,PACW_0_US-OR,1.174991
2028,PACW_0_US-WA,1.174991
2028,PGE_0_US-OR,1.229255
2028,PGE_0_US-WA,1.229255
2028,PJM_AE_US-NJ,1.178692
2028,PJM_AEP_US-IN,1.14191
2028,PJM_AEP_US-KY,1.14191
2028,PJM_AEP_US-MI,1.14191
2028,PJM_AEP_US-OH,1.14191
2028,PJM_AEP_US-TN,1.14191
2028,PJM_AEP_US-VA,1.14191
2028,PJM_AEP_US-WV,1.14191
2028,PJM_AP_US-MD,1.265972
2028,PJM_AP_US-OH,1.265972
2028,PJM_AP_US-PA,1.265972
2028,PJM_AP_US-VA,1.265972
2028,PJM_AP_US-WV,1.265972
2028,PJM_ATSI_US-OH,1.127745
2028,PJM_ATSI_US-PA,1.127745
2028,PJM_BC_US-MD,1.361082
2028,PJM_CE_US-IL,1.197085
2028,PJM_CE_US-IN,1.197085
2028,PJM_DAY_US-OH,1.099134
2028,PJM_DEOK_US-KY,1.133321
2028,PJM_DEOK_US-OH,1.133321
2028,PJM_DOM_US-NC,1.486654
2028,PJM_DOM_US-VA,1.486654
2028,PJM_DOM_US-WV,1.486654
2028,PJM_DPL_US-DE,1.386902
2028,PJM_DPL_US-MD,1.386902
2028,PJM_DPL_US-NJ,1.386902
2028,PJM_DPL_US-PA,1.386902
2028,PJM_DPL_US-VA,1.386902
2028,PJM_DUQ_US-PA,1.15608
2028,PJM_EKPC_US-KY,1.085323
2028,PJM_JC_US-NJ,1.138544
2028,PJM_JC_US-NY,1.138544
2028,PJM_ME_US-PA,1.135637
2028,PJM_PE_US-DE,1.130461
2028,PJM_PE_US-MD,1.130461
2028,PJM_PE_US-NJ,1.130461
2028,PJM_PE_US-PA,1.130461
2028,PJM_PEP_US-DC,0.685088
2028,PJM_PEP_US-MD,0.685088
2028,PJM_PEP_US-VA,0.685088
2028,PJM_PL_US-MD,1.118706
2028,PJM_PL_US-PA,1.118706
2028,PJM_PN_US-MD,1.082822
2028,PJM_PN_US-PA,1.082822
2028,PJM_PS_US-NJ,1.208665
2028,PJM_PS_US-PA,1.208665
2028,PJM_RECO_US-NJ,2.304054
2028,PNM_ACMA_US-NM,1
2028,PNM_CYGA_US-NM,1
2028,PNM_Frep_US-NM,0.928571
2028,PNM_Jica_US-NM,1
2028,PNM_KAFB_US-NM,0.887324
2028,PNM_KCEC_US-NM,0.888889
2028,PNM_LAC_US-NM,0.831461
2028,PNM_NTUA_US-NM,0
2028,PNM_PNM_US-NM,1.17445
2028,PNM_TSGT_US-AZ,0.551637
2028,PNM_TSGT_US-NM,0.551637
2028,PSCO_0_US-CO,1.285497
2028,PSCO_0_US-WY,1.285497
2028,PSEI_0_US-WA,1.577392
2028,SC_0_US-SC,1.106149
2028,SCEG_0_US-GA,1.049709
2028,SCEG_0_US-SC,1.049709
2028,SCL_0_US-WA,1.405204
2028,SEC_0_US-FL,0.909343
2028,SEPA_0_US-GA,1
2028,SEPA_0_US-SC,1
2028,SOCO_0_US-AL,1.108826
2028,SOCO_0_US-FL,1.108826
2028,SOCO_0_US-GA,1.108826
2028,SOCO_0_US-MS,1.108826
2028,SOCO_0_US-SC,1.108826
2028,SPA_0_US-AR,2.866667
2028,SPA_0_US-MO,2.866667
2028,SPA_0_US-OK,2.866667
2028,SPA_0_US-TX,2.866667
2028,SPC_0_CA-SK,0
2028,SRP_0_US-AZ,1.206807
2028,SWPP_CSWS_US-AR,1.1289
2028,SWPP_CSWS_US-LA,1.1289
2028,SWPP_CSWS_US-OK,1.1289
2028,SWPP_CSWS_US-TX,1.1289
2028,SWPP_EDE_US-AR,1.191524
2028,SWPP_EDE_US-KS,1.191524
2028,SWPP_EDE_US-MO,1.191524
2028,SWPP_EDE_US-OK,1.191524
2028,SWPP_GRDA_US-AR,0.740512
2028,SWPP_GRDA_US-KS,0.740512
2028,SWPP_GRDA_US-OK,0.740512
2028,SWPP_INDN_US-MO,1.115672
2028,SWPP_KACY_US-KS,1.096436
2028,SWPP_KCPL_US-KS,1.102557
2028,SWPP_KCPL_US-MO,1.102557
2028,SWPP_LES_US-NE,1.479632
2028,SWPP_MPS_US-MO,1.111749
2028,SWPP_NPPD_US-CO,1.017671
2028,SWPP_NPPD_US-NE,1.017671
2028,SWPP_NPPD_US-SD,1.017671
2028,SWPP_OKGE_US-AR,1.042604
2028,SWPP_OKGE_US-OK,1.042604
2028,SWPP_OKGE_US-TX,1.042604
2028,SWPP_OPPD_US-NE,1.479442
2028,SWPP_SECI_US-KS,1.280477
2028,SWPP_SPRM_US-MO,1.108466
2028,SWPP_SPS_US-CO,1.191233
2028,SWPP_SPS_US-KS,1.191233
2028,SWPP_SPS_US-NM,1.191233
2028,SWPP_SPS_US-OK,1.191233
2028,SWPP_SPS_US-TX,1.191233
2028,SWPP_WAUE_US-IA,0.844635
2028,SWPP_WAUE_US-MN,0.844635
2028,SWPP_WAUE_US-MT,0.844635
2028,SWPP_WAUE_US-ND,0.844635
2028,SWPP_WAUE_US-NE,0.844635
2028,SWPP_WAUE_US-SD,0.844635
2028,SWPP_WAUE_US-WY,0.844635
2028,SWPP_WFEC_US-KS,0.989829
2028,SWPP_WFEC_US-OK,0.989829
2028,SWPP_WFEC_US-TX,0.989829
2028,SWPP_WR_US-KS,0.846635
2028,SWPP_WR_US-MO,0.846635
2028,TAL_0_US-FL,1.099842
2028,TEC_0_US-FL,1.083389
2028,TEPC_0_MX-SON,1.169898
2028,TEPC_0_US-AZ,1.169898
2028,TEPC_0_US-NM,1.169898
2028,TIDC_0_US-CA,0.818316
2028,TPWR_0_US-WA,1.408058
2028,TVA_0_US-AL,1.126467
2028,TVA_0_US-GA,1.126467
2028,TVA_0_US-KY,1.126467
2028,TVA_0_US-MS,1.126467
2028,TVA_0_US-NC,1.126467
2028,TVA_0_US-TN,1.126467
2028,TVA_0_US-VA,1.126467
2028,WACM_0_US-AZ,1.49507
2028,WACM_0_US-CO,1.49507
2028,WACM_0_US-MT,1.49507
2028,WACM_0_US-NE,1.49507
2028,WACM_0_US-NM,1.49507
2028,WACM_0_US-SD,1.49507
2028,WACM_0_US-UT,1.49507
2028,WACM_0_US-WY,1.49507
2028,WALC_0_US-AZ,1.342066
2028,WALC_0_US-CA,1.342066
2028,WALC_0_US-NV,1.342066
2028,WAUW_0_US-MT,1.531915
2028,WWA_0_US-MT,1
2028,YAD_0_US-NC,1
2029,AEC_0_US-AL,0
2029,AEC_0_US-FL,0
2029,AECI_0_US-AR,0
2029,AECI_0_US-IA,0
2029,AECI_0_US-MO,0
2029,AECI_0_US-OK,0
2029,AESO_CENT_CA-AB,0
2029,AESO_CGY_CA-AB,0
2029,AESO_EDM_CA-AB,0
2029,AESO_NE_CA-AB,0
2029,AESO_NW_CA-AB,0
2029,AESO_NW_CA-BC,0
2029,AESO_SOUT_CA-AB,0
2029,AVA_0_US-ID,1.262405
2029,AVA_0_US-MT,1.262405
2029,AVA_0_US-OR,1.262405
2029,AVA_0_US-WA,1.262405
2029,AVRN_0_US-OR,1
2029,AVRN_0_US-WA,1
2029,AZPS_0_US-AZ,1.352052
2029,AZPS_0_US-CA,1.352052
2029,AZPS_0_US-NM,1.352052
2029,AZPS_0_US-NV,1.352052
2029,BANC_0_US-CA,0.99648
2029,BCHA_0_CA-BC,0
2029,BPAT_0_CA-BC,1.370641
2029,BPAT_0_US-CA,1.370641
2029,BPAT_0_US-ID,1.370641
2029,BPAT_0_US-MT,1.370641
2029,BPAT_0_US-OR,1.370641
2029,BPAT_0_US-WA,1.370641
2029,CEN_0_MX-COA,0
2029,CEN_0_MX-NLE,0
2029,CENB_0_MX-BCN,0
2029,CENB_0_MX-SON,0
2029,CHPD_0_US-WA,1.436735
2029,CISO_PGAE_US-CA,1.521968
2029,CISO_PGAE_US-OR,1.521968
2029,CISO_SCE_US-AZ,1.269636
2029,CISO_SCE_US-CA,1.269636
2029,CISO_SCE_US-NV,1.269636
2029,CISO_SDGE_MX-BCN,1.367667
2029,CISO_SDGE_US-AZ,1.367667
2029,CISO_SDGE_US-CA,1.367667
2029,CISO_VEA_US-NV,1.145695
2029,CPLE_0_US-NC,1.209101
2029,CPLE_0_US-SC,1.209101
2029,CPLW_0_US-NC,0.875498
2029,DEAA_0_US-AZ,1
2029,DOPD_0_US-WA,1.445396
2029,DUK_0_US-NC,1.172723
2029,DUK_0_US-SC,1.172723
2029,DUK_0_US-VA,1.172723
2029,EPE_0_US-NM,1.267057
2029,EPE_0_US-TX,1.267057
2029,ERCO_COAS_US-TX,1.268618
2029,ERCO_EAST_US-TX,1.844167
2029,ERCO_FWES_US-TX,1.231323
2029,ERCO_NCEN_US-TX,1.274897
2029,ERCO_NRTH_US-OK,1.39846
2029,ERCO_NRTH_US-TX,1.39846
2029,ERCO_SCEN_US-TX,1.339503
2029,ERCO_SOUT_US-TX,1.2912
2029,ERCO_WEST_US-TX,2.1065
2029,FMPP_0_US-FL,0.963285
2029,FPC_0_US-FL,0.921811
2029,FPL_0_US-FL,1.092354
2029,GCPD_0_US-WA,1.476241
2029,GLHB_0_US-IL,1
2029,GRID_0_US-NM,1
2029,GRID_0_US-OR,1
2029,GRID_0_US-WA,1
2029,GRIF_0_US-AZ,1
2029,GVL_0_US-FL,1.051327
2029,GWA_0_US-MT,1
2029,HGMA_0_US-AZ,1
2029,HQT_0_CA-NL,1
2029,HQT_0_CA-QC,1
2029,HST_0_US-FL,1.181034
2029,IESO_0_CA-ON,0
2029,IID_0_US-AZ,1.026478
2029,IID_0_US-CA,1.026478
2029,IPCO_0_US-ID,1.126629
2029,IPCO_0_US-NV,1.126629
2029,IPCO_0_US-OR,1.126629
2029,IPCO_0_US-UT,1.126629
2029,ISNE_4001_US-ME,1.100602
2029,ISNE_4002_US-ME,1.127539
2029,ISNE_4002_US-NH,1.127539
2029,ISNE_4002_US-VT,1.127539
2029,ISNE_4003_US-NH,1.32167
2029,ISNE_4003_US-NY,1.32167
2029,ISNE_4003_US-VT,1.32167
2029,ISNE_4004_US-CT,1.23045
2029,ISNE_4005_US-MA,1.148774
2029,ISNE_4005_US-RI,1.148774
2029,ISNE_4006_US-MA,1.27099
2029,ISNE_4006_US-RI,1.27099
2029,ISNE_4007_US-MA,1.26538
2029,ISNE_4007_US-NY,1.26538
2029,ISNE_4007_US-VT,1.26538
2029,ISNE_4008_US-MA,1.252107
2029,ISNE_4008_US-NH,1.252107
2029,JEA_0_US-FL,1.165376
2029,LDWP_0_US-AZ,0.988418
2029,LDWP_0_US-CA,0.988418
2029,LDWP_0_US-NV,0.988418
2029,LDWP_0_US-UT,0.988418
2029,LGEE_0_US-IN,1.04194
2029,LGEE_0_US-KY,1.04194
2029,LGEE_0_US-VA,1.04194
2029,MHEB_0_CA-MB,0
2029,MISO_01_US-IA,1.221536
2029,MISO_01_US-IL,1.221536
2029,MISO_01_US-MI,1.221536
2029,MISO_01_US-MN,1.221536
2029,MISO_01_US-MT,1.221536
2029,MISO_01_US-ND,1.221536
2029,MISO_01_US-SD,1.221536
2029,MISO_01_US-WI,1.221536
2029,MISO_02_US-IA,1.214939
2029,MISO_02_US-IL,1.214939
2029,MISO_02_US-MI,1.214939
2029,MISO_02_US-MN,1.214939
2029,MISO_02_US-WI,1.214939
2029,MISO_03_US-IA,1.240873
2029,MISO_03_US-IL,1.240873
2029,MISO_03_US-MN,1.240873
2029,MISO_03_US-MO,1.240873
2029,MISO_03_US-SD,1.240873
2029,MISO_04_US-IL,1.228217
2029,MISO_04_US-KY,1.228217
2029,MISO_04_US-MO,1.228217
2029,MISO_05_US-IA,1.075436
2029,MISO_05_US-IL,1.075436
2029,MISO_05_US-MO,1.075436
2029,MISO_06_US-IL,1.134497
2029,MISO_06_US-IN,1.134497
2029,MISO_06_US-KY,1.134497
2029,MISO_06_US-OH,1.134497
2029,MISO_07_US-MI,1.124919
2029,MISO_08_US-AR,1.097137
2029,MISO_08_US-MO,1.097137
2029,MISO_09_US-LA,1.154832
2029,MISO_09_US-TX,1.154832
2029,MISO_10_US-MS,1.136364
2029,MISO_10_US-TN,1.136364
2029,NBSO_0_CA-NB,4.401478
2029,NBSO_0_CA-PE,4.401478
2029,NBSO_0_US-ME,4.401478
2029,NEVP_0_US-CA,1.32457
2029,NEVP_0_US-NV,1.32457
2029,NEVP_0_US-OR,1.32457
2029,NSPI_0_CA-NS,4.401478
2029,NWMT_0_US-ID,1.165148
2029,NWMT_0_US-MT,1.165148
2029,NWMT_0_US-WY,1.165148
2029,NYIS_A_US-NY,1.165345
2029,NYIS_A_US-PA,1.165345
2029,NYIS_B_US-NY,1.151848
2029,NYIS_C_US-NY,1.152391
2029,NYIS_D_US-NY,1.132832
2029,NYIS_E_US-NY,1.146237
2029,NYIS_F_US-NY,1.141363
2029,NYIS_G_US-NJ,1.176781
2029,NYIS_G_US-NY,1.176781
2029,NYIS_G_US-PA,1.176781
2029,NYIS_H_US-NY,1.159124
2029,NYIS_I_US-NY,1.15113
2029,NYIS_J_US-NJ,1.097189
2029,NYIS_J_US-NY,1.097189
2029,NYIS_K_US-NY,1.097675
2029,PACE_0_US-AZ,1.22537
2029,PACE_0_US-CO,1.22537
2029,PACE_0_US-ID,1.22537
2029,PACE_0_US-MT,1.22537
2029,PACE_0_US-NV,1.22537
2029,PACE_0_US-UT,1.22537
2029,PACE_0_US-WY,1.22537
2029,PACW_0_US-CA,1.227874
2029,PACW_0_US-OR,1.227874
2029,PACW_0_US-WA,1.227874
2029,PGE_0_US-OR,1.280027
2029,PGE_0_US-WA,1.280027
2029,PJM_AE_US-NJ,1.209346
2029,PJM_AEP_US-IN,1.174152
2029,PJM_AEP_US-KY,1.174152
2029,PJM_AEP_US-MI,1.174152
2029,PJM_AEP_US-OH,1.174152
2029,PJM_AEP_US-TN,1.174152
2029,PJM_AEP_US-VA,1.174152
2029,PJM_AEP_US-WV,1.174152
2029,PJM_AP_US-MD,1.298691
2029,PJM_AP_US-OH,1.298691
2029,PJM_AP_US-PA,1.298691
2029,PJM_AP_US-VA,1.298691
2029,PJM_AP_US-WV,1.298691
2029,PJM_ATSI_US-OH,1.153342
2029,PJM_ATSI_US-PA,1.153342
2029,PJM_BC_US-MD,1.394501
2029,PJM_CE_US-IL,1.240473
2029,PJM_CE_US-IN,1.240473
2029,PJM_DAY_US-OH,1.124216
2029,PJM_DEOK_US-KY,1.157647
2029,PJM_DEOK_US-OH,1.157647
2029,PJM_DOM_US-NC,1.606305
2029,PJM_DOM_US-VA,1.606305
2029,PJM_DOM_US-WV,1.606305
2029,PJM_DPL_US-DE,1.411587
2029,PJM_DPL_US-MD,1.411587
2029,PJM_DPL_US-NJ,1.411587
2029,PJM_DPL_US-PA,1.411587
2029,PJM_DPL_US-VA,1.411587
2029,PJM_DUQ_US-PA,1.17931
2029,PJM_EKPC_US-KY,1.099368
2029,PJM_JC_US-NJ,1.168407
2029,PJM_JC_US-NY,1.168407
2029,PJM_ME_US-PA,1.158135
2029,PJM_PE_US-DE,1.152896
2029,PJM_PE_US-MD,1.152896
2029,PJM_PE_US-NJ,1.152896
2029,PJM_PE_US-PA,1.152896
2029,PJM_PEP_US-DC,0.701938
2029,PJM_PEP_US-MD,0.701938
2029,PJM_PEP_US-VA,0.701938
2029,PJM_PL_US-MD,1.141143
2029,PJM_PL_US-PA,1.141143
2029,PJM_PN_US-MD,1.104294
2029,PJM_PN_US-PA,1.104294
2029,PJM_PS_US-NJ,1.240362
2029,PJM_PS_US-PA,1.240362
2029,PJM_RECO_US-NJ,2.364865
2029,PNM_ACMA_US-NM,1
2029,PNM_CYGA_US-NM,1
2029,PNM_Frep_US-NM,0.940476
2029,PNM_Jica_US-NM,1
2029,PNM_KAFB_US-NM,0.901408
2029,PNM_KCEC_US-NM,0.904762
2029,PNM_LAC_US-NM,0.842697
2029,PNM_NTUA_US-NM,0
2029,PNM_PNM_US-NM,1.197993
2029,PNM_TSGT_US-AZ,0.561713
2029,PNM_TSGT_US-NM,0.561713
2029,PSCO_0_US-CO,1.340302
2029,PSCO_0_US-WY,1.340302
2029,PSEI_0_US-WA,1.668065
2029,SC_0_US-SC,1.120388
2029,SCEG_0_US-GA,1.063267
2029,SCEG_0_US-SC,1.063267
2029,SCL_0_US-WA,1.485927
2029,SEC_0_US-FL,0.921811
2029,SEPA_0_US-GA,1
2029,SEPA_0_US-SC,1
2029,SOCO_0_US-AL,1.131456
2029,SOCO_0_US-FL,1.131456
2029,SOCO_0_US-GA,1.131456
2029,SOCO_0_US-MS,1.131456
2029,SOCO_0_US-SC,1.131456
2029,SPA_0_US-AR,2.894444
2029,SPA_0_US-MO,2.894444
2029,SPA_0_US-OK,2.894444
2029,SPA_0_US-TX,2.894444
2029,SPC_0_CA-SK,0
2029,SRP_0_US-AZ,1.247229
2029,SWPP_CSWS_US-AR,1.146654
2029,SWPP_CSWS_US-LA,1.146654
2029,SWPP_CSWS_US-OK,1.146654
2029,SWPP_CSWS_US-TX,1.146654
2029,SWPP_EDE_US-AR,1.203749
2029,SWPP_EDE_US-KS,1.203749
2029,SWPP_EDE_US-MO,1.203749
2029,SWPP_EDE_US-OK,1.203749
2029,SWPP_GRDA_US-AR,0.747573
2029,SWPP_GRDA_US-KS,0.747573
2029,SWPP_GRDA_US-OK,0.747573
2029,SWPP_INDN_US-MO,1.130597
2029,SWPP_KACY_US-KS,1.109015
2029,SWPP_KCPL_US-KS,1.113796
2029,SWPP_KCPL_US-MO,1.113796
2029,SWPP_LES_US-NE,1.549277
2029,SWPP_MPS_US-MO,1.123238
2029,SWPP_NPPD_US-CO,1.065863
2029,SWPP_NPPD_US-NE,1.065863
2029,SWPP_NPPD_US-SD,1.065863
2029,SWPP_OKGE_US-AR,1.051627
2029,SWPP_OKGE_US-OK,1.051627
2029,SWPP_OKGE_US-TX,1.051627
2029,SWPP_OPPD_US-NE,1.549227
2029,SWPP_SECI_US-KS,1.293309
2029,SWPP_SPRM_US-MO,1.12037
2029,SWPP_SPS_US-CO,1.232329
2029,SWPP_SPS_US-KS,1.232329
2029,SWPP_SPS_US-NM,1.232329
2029,SWPP_SPS_US-OK,1.232329
2029,SWPP_SPS_US-TX,1.232329
2029,SWPP_WAUE_US-IA,0.86418
2029,SWPP_WAUE_US-MN,0.86418
2029,SWPP_WAUE_US-MT,0.86418
2029,SWPP_WAUE_US-ND,0.86418
2029,SWPP_WAUE_US-NE,0.86418
2029,SWPP_WAUE_US-SD,0.86418
2029,SWPP_WAUE_US-WY,0.86418
2029,SWPP_WFEC_US-KS,0.998394
2029,SWPP_WFEC_US-OK,0.998394
2029,SWPP_WFEC_US-TX,0.998394
2029,SWPP_WR_US-KS,0.854973
2029,SWPP_WR_US-MO,0.854973
2029,TAL_0_US-FL,1.115689
2029,TEC_0_US-FL,1.098105
2029,TEPC_0_MX-SON,1.209161
2029,TEPC_0_US-AZ,1.209161
2029,TEPC_0_US-NM,1.209161
2029,TIDC_0_US-CA,0.847858
2029,TPWR_0_US-WA,1.488636
2029,TVA_0_US-AL,1.145847
2029,TVA_0_US-GA,1.145847
2029,TVA_0_US-KY,1.145847
2029,TVA_0_US-MS,1.145847
2029,TVA_0_US-NC,1.145847
2029,TVA_0_US-TN,1.145847
2029,TVA_0_US-VA,1.145847
2029,WACM_0_US-AZ,1.544558
2029,WACM_0_US-CO,1.544558
2029,WACM_0_US-MT,1.544558
2029,WACM_0_US-NE,1.544558
2029,WACM_0_US-NM,1.544558
2029,WACM_0_US-SD,1.544558
2029,WACM_0_US-UT,1.544558
2029,WACM_0_US-WY,1.544558
2029,WALC_0_US-AZ,1.387049
2029,WALC_0_US-CA,1.387049
2029,WALC_0_US-NV,1.387049
2029,WAUW_0_US-MT,1.56383
2029,WWA_0_US-MT,1
2029,YAD_0_US-NC,1
2030,AEC_0_US-AL,0
2030,AEC_0_US-FL,0
2030,AECI_0_US-AR,0
2030,AECI_0_US-IA,0
2030,AECI_0_US-MO,0
2030,AECI_0_US-OK,0
2030,AESO_CENT_CA-AB,0
2030,AESO_CGY_CA-AB,0
2030,AESO_EDM_CA-AB,0
2030,AESO_NE_CA-AB,0
2030,AESO_NW_CA-AB,0
2030,AESO_NW_CA-BC,0
2030,AESO_SOUT_CA-AB,0
2030,AVA_0_US-ID,1.321278
2030,AVA_0_US-MT,1.321278
2030,AVA_0_US-OR,1.321278
2030,AVA_0_US-WA,1.321278
2030,AVRN_0_US-OR,1
2030,AVRN_0_US-WA,1
2030,AZPS_0_US-AZ,1.397385
2030,AZPS_0_US-CA,1.397385
2030,AZPS_0_US-NM,1.397385
2030,AZPS_0_US-NV,1.397385
2030,BANC_0_US-CA,1.032031
2030,BCHA_0_CA-BC,0
2030,BPAT_0_CA-BC,1.439791
2030,BPAT_0_US-CA,1.439791
2030,BPAT_0_US-ID,1.439791
2030,BPAT_0_US-MT,1.439791
2030,BPAT_0_US-OR,1.439791
2030,BPAT_0_US-WA,1.439791
2030,CEN_0_MX-COA,0
2030,CEN_0_MX-NLE,0
2030,CENB_0_MX-BCN,0
2030,CENB_0_MX-SON,0
2030,CHPD_0_US-WA,1.520408
2030,CISO_PGAE_US-CA,1.576211
2030,CISO_PGAE_US-OR,1.576211
2030,CISO_SCE_US-AZ,1.31487
2030,CISO_SCE_US-CA,1.31487
2030,CISO_SCE_US-NV,1.31487
2030,CISO_SDGE_MX-BCN,1.416329
2030,CISO_SDGE_US-AZ,1.416329
2030,CISO_SDGE_US-CA,1.416329
2030,CISO_VEA_US-NV,1.18543
2030,CPLE_0_US-NC,1.238563
2030,CPLE_0_US-SC,1.238563
2030,CPLW_0_US-NC,0.89741
2030,DEAA_0_US-AZ,1
2030,DOPD_0_US-WA,1.528908
2030,DUK_0_US-NC,1.198818
2030,DUK_0_US-SC,1.198818
2030,DUK_0_US-VA,1.198818
2030,EPE_0_US-NM,1.314815
2030,EPE_0_US-TX,1.314815
2030,ERCO_COAS_US-TX,1.321812
2030,ERCO_EAST_US-TX,1.921458
2030,ERCO_FWES_US-TX,1.282963
2030,ERCO_NCEN_US-TX,1.32834
2030,ERCO_NRTH_US-OK,1.45717
2030,ERCO_NRTH_US-TX,1.45717
2030,ERCO_SCEN_US-TX,1.395636
2030,ERCO_SOUT_US-TX,1.345254
2030,ERCO_WEST_US-TX,2.19475
2030,FMPP_0_US-FL,0.976339
2030,FPC_0_US-FL,0.934367
2030,FPL_0_US-FL,1.107253
2030,GCPD_0_US-WA,1.560718
2030,GLHB_0_US-IL,1
2030,GRID_0_US-NM,1
2030,GRID_0_US-OR,1
2030,GRID_0_US-WA,1
2030,GRIF_0_US-AZ,1
2030,GVL_0_US-FL,1.065487
2030,GWA_0_US-MT,1
2030,HGMA_0_US-AZ,1
2030,HQT_0_CA-NL,1
2030,HQT_0_CA-QC,1
2030,HST_0_US-FL,1.198276
2030,IESO_0_CA-ON,0
2030,IID_0_US-AZ,1.063548
2030,IID_0_US-CA,1.063548
2030,IPCO_0_US-ID,1.159085
2030,IPCO_0_US-NV,1.159085
2030,IPCO_0_US-OR,1.159085
2030,IPCO_0_US-UT,1.159085
2030,ISNE_4001_US-ME,1.120808
2030,ISNE_4002_US-ME,1.14866
2030,ISNE_4002_US-NH,1.14866
2030,ISNE_4002_US-VT,1.14866
2030,ISNE_4003_US-NH,1.349887
2030,ISNE_4003_US-NY,1.349887
2030,ISNE_4003_US-VT,1.349887
2030,ISNE_4004_US-CT,1.256158
2030,ISNE_4005_US-MA,1.166213
2030,ISNE_4005_US-RI,1.166213
2030,ISNE_4006_US-MA,1.30747
2030,ISNE_4006_US-RI,1.30747
2030,ISNE_4007_US-MA,1.30187
2030,ISNE_4007_US-NY,1.30187
2030,ISNE_4007_US-VT,1.30187
2030,ISNE_4008_US-MA,1.288123
2030,ISNE_4008_US-NH,1.288123
2030,JEA_0_US-FL,1.181255
2030,LDWP_0_US-AZ,1.023706
2030,LDWP_0_US-CA,1.023706
2030,LDWP_0_US-NV,1.023706
2030,LDWP_0_US-UT,1.023706
2030,LGEE_0_US-IN,1.057179
2030,LGEE_0_US-KY,1.057179
2030,LGEE_0_US-VA,1.057179
2030,MHEB_0_CA-MB,0
2030,MISO_01_US-IA,1.254023
2030,MISO_01_US-IL,1.254023
2030,MISO_01_US-MI,1.254023
2030,MISO_01_US-MN,1.254023
2030,MISO_01_US-MT,1.254023
2030,MISO_01_US-ND,1.254023
2030,MISO_01_US-SD,1.254023
2030,MISO_01_US-WI,1.254023
2030,MISO_02_US-IA,1.240082
2030,MISO_02_US-IL,1.240082
2030,MISO_02_US-MI,1.240082
2030,MISO_02_US-MN,1.240082
2030,MISO_02_US-WI,1.240082
2030,MISO_03_US-IA,1.272805
2030,MISO_03_US-IL,1.272805
2030,MISO_03_US-MN,1.272805
2030,MISO_03_US-MO,1.272805
2030,MISO_03_US-SD,1.272805
2030,MISO_04_US-IL,1.272799
2030,MISO_04_US-KY,1.272799
2030,MISO_04_US-MO,1.272799
2030,MISO_05_US-IA,1.086831
2030,MISO_05_US-IL,1.086831
2030,MISO_05_US-MO,1.086831
2030,MISO_06_US-IL,1.146598
2030,MISO_06_US-IN,1.146598
2030,MISO_06_US-KY,1.146598
2030,MISO_06_US-OH,1.146598
2030,MISO_07_US-MI,1.143405
2030,MISO_08_US-AR,1.10371
2030,MISO_08_US-MO,1.10371
2030,MISO_09_US-LA,1.169975
2030,MISO_09_US-TX,1.169975
2030,MISO_10_US-MS,1.146013
2030,MISO_10_US-TN,1.146013
2030,NBSO_0_CA-NB,4.482759
2030,NBSO_0_CA-PE,4.482759
2030,NBSO_0_US-ME,4.482759
2030,NEVP_0_US-CA,1.373303
2030,NEVP_0_US-NV,1.373303
2030,NEVP_0_US-OR,1.373303
2030,NSPI_0_CA-NS,4.482759
2030,NWMT_0_US-ID,1.193219
2030,NWMT_0_US-MT,1.193219
2030,NWMT_0_US-WY,1.193219
2030,NYIS_A_US-NY,1.192903
2030,NYIS_A_US-PA,1.192903
2030,NYIS_B_US-NY,1.178821
2030,NYIS_C_US-NY,1.179515
2030,NYIS_D_US-NY,1.159148
2030,NYIS_E_US-NY,1.173477
2030,NYIS_F_US-NY,1.16813
2030,NYIS_G_US-NJ,1.204485
2030,NYIS_G_US-NY,1.204485
2030,NYIS_G_US-PA,1.204485
2030,NYIS_H_US-NY,1.186861
2030,NYIS_I_US-NY,1.177966
2030,NYIS_J_US-NJ,1.122983
2030,NYIS_J_US-NY,1.122983
2030,NYIS_K_US-NY,1.123462
2030,PACE_0_US-AZ,1.274073
2030,PACE_0_US-CO,1.274073
2030,PACE_0_US-ID,1.274073
2030,PACE_0_US-MT,1.274073
2030,PACE_0_US-NV,1.274073
2030,PACE_0_US-UT,1.274073
2030,PACE_0_US-WY,1.274073
2030,PACW_0_US-CA,1.283327
2030,PACW_0_US-OR,1.283327
2030,PACW_0_US-WA,1.283327
2030,PGE_0_US-OR,1.333035
2030,PGE_0_US-WA,1.333035
2030,PJM_AE_US-NJ,1.241121
2030,PJM_AEP_US-IN,1.207348
2030,PJM_AEP_US-KY,1.207348
2030,PJM_AEP_US-MI,1.207348
2030,PJM_AEP_US-OH,1.207348
2030,PJM_AEP_US-TN,1.207348
2030,PJM_AEP_US-VA,1.207348
2030,PJM_AEP_US-WV,1.207348
2030,PJM_AP_US-MD,1.332409
2030,PJM_AP_US-OH,1.332409
2030,PJM_AP_US-PA,1.332409
2030,PJM_AP_US-VA,1.332409
2030,PJM_AP_US-WV,1.332409
2030,PJM_ATSI_US-OH,1.179491
2030,PJM_ATSI_US-PA,1.179491
2030,PJM_BC_US-MD,1.42868
2030,PJM_CE_US-IL,1.285465
2030,PJM_CE_US-IN,1.285465
2030,PJM_DAY_US-OH,1.149895
2030,PJM_DEOK_US-KY,1.18235
2030,PJM_DEOK_US-OH,1.18235
2030,PJM_DOM_US-NC,1.735568
2030,PJM_DOM_US-VA,1.735568
2030,PJM_DOM_US-WV,1.735568
2030,PJM_DPL_US-DE,1.436524
2030,PJM_DPL_US-MD,1.436524
2030,PJM_DPL_US-NJ,1.436524
2030,PJM_DPL_US-PA,1.436524
2030,PJM_DPL_US-VA,1.436524
2030,PJM_DUQ_US-PA,1.202904
2030,PJM_EKPC_US-KY,1.113413
2030,PJM_JC_US-NJ,1.199086
2030,PJM_JC_US-NY,1.199086
2030,PJM_ME_US-PA,1.181285
2030,PJM_PE_US-DE,1.175926
2030,PJM_PE_US-MD,1.175926
2030,PJM_PE_US-NJ,1.175926
2030,PJM_PE_US-PA,1.175926
2030,PJM_PEP_US-DC,0.719124
2030,PJM_PEP_US-MD,0.719124
2030,PJM_PEP_US-VA,0.719124
2030,PJM_PL_US-MD,1.16384
2030,PJM_PL_US-PA,1.16384
2030,PJM_PN_US-MD,1.126449
2030,PJM_PN_US-PA,1.126449
2030,PJM_PS_US-NJ,1.272953
2030,PJM_PS_US-PA,1.272953
2030,PJM_RECO_US-NJ,2.425676
2030,PNM_ACMA_US-NM,1
2030,PNM_CYGA_US-NM,1
2030,PNM_Frep_US-NM,0.964286
2030,PNM_Jica_US-NM,1
2030,PNM_KAFB_US-NM,0.915493
2030,PNM_KCEC_US-NM,0.920635
2030,PNM_LAC_US-NM,0.865169
2030,PNM_NTUA_US-NM,0
2030,PNM_PNM_US-NM,1.222308
2030,PNM_TSGT_US-AZ,0.574307
2030,PNM_TSGT_US-NM,0.574307
2030,PSCO_0_US-CO,1.397442
2030,PSCO_0_US-WY,1.397442
2030,PSEI_0_US-WA,1.76413
2030,SC_0_US-SC,1.134628
2030,SCEG_0_US-GA,1.076824
2030,SCEG_0_US-SC,1.076824
2030,SCL_0_US-WA,1.571429
2030,SEC_0_US-FL,0.934367
2030,SEPA_0_US-GA,1
2030,SEPA_0_US-SC,1
2030,SOCO_0_US-AL,1.154531
2030,SOCO_0_US-FL,1.154531
2030,SOCO_0_US-GA,1.154531
2030,SOCO_0_US-MS,1.154531
2030,SOCO_0_US-SC,1.154531
2030,SPA_0_US-AR,2.916667
2030,SPA_0_US-MO,2.916667
2030,SPA_0_US-OK,2.916667
2030,SPA_0_US-TX,2.916667
2030,SPC_0_CA-SK,0
2030,SRP_0_US-AZ,1.288956
2030,SWPP_CSWS_US-AR,1.164723
2030,SWPP_CSWS_US-LA,1.164723
2030,SWPP_CSWS_US-OK,1.164723
2030,SWPP_CSWS_US-TX,1.164723
2030,SWPP_EDE_US-AR,1.215974
2030,SWPP_EDE_US-KS,1.215974
2030,SWPP_EDE_US-MO,1.215974
2030,SWPP_EDE_US-OK,1.215974
2030,SWPP_GRDA_US-AR,0.753751
2030,SWPP_GRDA_US-KS,0.753751
2030,SWPP_GRDA_US-OK,0.753751
2030,SWPP_INDN_US-MO,1.141791
2030,SWPP_KACY_US-KS,1.119497
2030,SWPP_KCPL_US-KS,1.125316
2030,SWPP_KCPL_US-MO,1.125316
2030,SWPP_LES_US-NE,1.622865
2030,SWPP_MPS_US-MO,1.135248
2030,SWPP_NPPD_US-CO,1.116198
2030,SWPP_NPPD_US-NE,1.116198
2030,SWPP_NPPD_US-SD,1.116198
2030,SWPP_OKGE_US-AR,1.060651
2030,SWPP_OKGE_US-OK,1.060651
2030,SWPP_OKGE_US-TX,1.060651
2030,SWPP_OPPD_US-NE,1.622784
2030,SWPP_SECI_US-KS,1.306141
2030,SWPP_SPRM_US-MO,1.132275
2030,SWPP_SPS_US-CO,1.274886
2030,SWPP_SPS_US-KS,1.274886
2030,SWPP_SPS_US-NM,1.274886
2030,SWPP_SPS_US-OK,1.274886
2030,SWPP_SPS_US-TX,1.274886
2030,SWPP_WAUE_US-IA,0.884324
2030,SWPP_WAUE_US-MN,0.884324
2030,SWPP_WAUE_US-MT,0.884324
2030,SWPP_WAUE_US-ND,0.884324
2030,SWPP_WAUE_US-NE,0.884324
2030,SWPP_WAUE_US-SD,0.884324
2030,SWPP_WAUE_US-WY,0.884324
2030,SWPP_WFEC_US-KS,1.006959
2030,SWPP_WFEC_US-OK,1.006959
2030,SWPP_WFEC_US-TX,1.006959
2030,SWPP_WR_US-KS,0.863311
2030,SWPP_WR_US-MO,0.863311
2030,TAL_0_US-FL,1.129952
2030,TEC_0_US-FL,1.113043
2030,TEPC_0_MX-SON,1.249636
2030,TEPC_0_US-AZ,1.249636
2030,TEPC_0_US-NM,1.249636
2030,TIDC_0_US-CA,0.8774
2030,TPWR_0_US-WA,1.57438
2030,TVA_0_US-AL,1.165557
2030,TVA_0_US-GA,1.165557
2030,TVA_0_US-KY,1.165557
2030,TVA_0_US-MS,1.165557
2030,TVA_0_US-NC,1.165557
2030,TVA_0_US-TN,1.165557
2030,TVA_0_US-VA,1.165557
2030,WACM_0_US-AZ,1.595535
2030,WACM_0_US-CO,1.595535
2030,WACM_0_US-MT,1.595535
2030,WACM_0_US-NE,1.595535
2030,WACM_0_US-NM,1.595535
2030,WACM_0_US-SD,1.595535
2030,WACM_0_US-UT,1.595535
2030,WACM_0_US-WY,1.595535
2030,WALC_0_US-AZ,1.433515
2030,WALC_0_US-CA,1.433515
2030,WALC_0_US-NV,1.433515
2030,WAUW_0_US-MT,1.595745
2030,WWA_0_US-MT,1
2030,YAD_0_US-NC,1
2031,AEC_0_US-AL,0
2031,AEC_0_US-FL,0
2031,AECI_0_US-AR,0
2031,AECI_0_US-IA,0
2031,AECI_0_US-MO,0
2031,AECI_0_US-OK,0
2031,AESO_CENT_CA-AB,0
2031,AESO_CGY_CA-AB,0
2031,AESO_EDM_CA-AB,0
2031,AESO_NE_CA-AB,0
2031,AESO_NW_CA-AB,0
2031,AESO_NW_CA-BC,0
2031,AESO_SOUT_CA-AB,0
2031,AVA_0_US-ID,1.352817
2031,AVA_0_US-MT,1.352817
2031,AVA_0_US-OR,1.352817
2031,AVA_0_US-WA,1.352817
2031,AVRN_0_US-OR,1
2031,AVRN_0_US-WA,1
2031,AZPS_0_US-AZ,1.425785
2031,AZPS_0_US-CA,1.425785
2031,AZPS_0_US-NM,1.425785
2031,AZPS_0_US-NV,1.425785
2031,BANC_0_US-CA,1.060542
2031,BCHA_0_CA-BC,0
2031,BPAT_0_CA-BC,1.476539
2031,BPAT_0_US-CA,1.476539
2031,BPAT_0_US-ID,1.476539
2031,BPAT_0_US-MT,1.476539
2031,BPAT_0_US-OR,1.476539
2031,BPAT_0_US-WA,1.476539
2031,CEN_0_MX-COA,0
2031,CEN_0_MX-NLE,0
2031,CENB_0_MX-BCN,0
2031,CENB_0_MX-SON,0
2031,CHPD_0_US-WA,1.561224
2031,CISO_PGAE_US-CA,1.619746
2031,CISO_PGAE_US-OR,1.619746
2031,CISO_SCE_US-AZ,1.351207
2031,CISO_SCE_US-CA,1.351207
2031,CISO_SCE_US-NV,1.351207
2031,CISO_SDGE_MX-BCN,1.455529
2031,CISO_SDGE_US-AZ,1.455529
2031,CISO_SDGE_US-CA,1.455529
2031,CISO_VEA_US-NV,1.211921
2031,CPLE_0_US-NC,1.257795
2031,CPLE_0_US-SC,1.257795
2031,CPLW_0_US-NC,0.912351
2031,DEAA_0_US-AZ,1
2031,DOPD_0_US-WA,1.569593
2031,DUK_0_US-NC,1.216297
2031,DUK_0_US-SC,1.216297
2031,DUK_0_US-VA,1.216297
2031,EPE_0_US-NM,1.356725
2031,EPE_0_US-TX,1.356725
2031,ERCO_COAS_US-TX,1.367063
2031,ERCO_EAST_US-TX,1.987292
2031,ERCO_FWES_US-TX,1.326772
2031,ERCO_NCEN_US-TX,1.373787
2031,ERCO_NRTH_US-OK,1.507218
2031,ERCO_NRTH_US-TX,1.507218
2031,ERCO_SCEN_US-TX,1.443416
2031,ERCO_SOUT_US-TX,1.391233
2031,ERCO_WEST_US-TX,2.27
2031,FMPP_0_US-FL,0.988578
2031,FPC_0_US-FL,0.945969
2031,FPL_0_US-FL,1.121026
2031,GCPD_0_US-WA,1.602957
2031,GLHB_0_US-IL,1
2031,GRID_0_US-NM,1
2031,GRID_0_US-OR,1
2031,GRID_0_US-WA,1
2031,GRIF_0_US-AZ,1
2031,GVL_0_US-FL,1.077876
2031,GWA_0_US-MT,1
2031,HGMA_0_US-AZ,1
2031,HQT_0_CA-NL,1
2031,HQT_0_CA-QC,1
2031,HST_0_US-FL,1.215517
2031,IESO_0_CA-ON,0
2031,IID_0_US-AZ,1.092674
2031,IID_0_US-CA,1.092674
2031,IPCO_0_US-ID,1.179985
2031,IPCO_0_US-NV,1.179985
2031,IPCO_0_US-OR,1.179985
2031,IPCO_0_US-UT,1.179985
2031,ISNE_4001_US-ME,1.144454
2031,ISNE_4002_US-ME,1.170187
2031,ISNE_4002_US-NH,1.170187
2031,ISNE_4002_US-VT,1.170187
2031,ISNE_4003_US-NH,1.38149
2031,ISNE_4003_US-NY,1.38149
2031,ISNE_4003_US-VT,1.38149
2031,ISNE_4004_US-CT,1.276786
2031,ISNE_4005_US-MA,1.186376
2031,ISNE_4005_US-RI,1.186376
2031,ISNE_4006_US-MA,1.339896
2031,ISNE_4006_US-RI,1.339896
2031,ISNE_4007_US-MA,1.334138
2031,ISNE_4007_US-NY,1.334138
2031,ISNE_4007_US-VT,1.334138
2031,ISNE_4008_US-MA,1.320115
2031,ISNE_4008_US-NH,1.320115
2031,JEA_0_US-FL,1.195972
2031,LDWP_0_US-AZ,1.051936
2031,LDWP_0_US-CA,1.051936
2031,LDWP_0_US-NV,1.051936
2031,LDWP_0_US-UT,1.051936
2031,LGEE_0_US-IN,1.068922
2031,LGEE_0_US-KY,1.068922
2031,LGEE_0_US-VA,1.068922
2031,MHEB_0_CA-MB,0
2031,MISO_01_US-IA,1.298868
2031,MISO_01_US-IL,1.298868
2031,MISO_01_US-MI,1.298868
2031,MISO_01_US-MN,1.298868
2031,MISO_01_US-MT,1.298868
2031,MISO_01_US-ND,1.298868
2031,MISO_01_US-SD,1.298868
2031,MISO_01_US-WI,1.298868
2031,MISO_02_US-IA,1.263102
2031,MISO_02_US-IL,1.263102
2031,MISO_02_US-MI,1.263102
2031,MISO_02_US-MN,1.263102
2031,MISO_02_US-WI,1.263102
2031,MISO_03_US-IA,1.324641
2031,MISO_03_US-IL,1.324641
2031,MISO_03_US-MN,1.324641
2031,MISO_03_US-MO,1.324641
2031,MISO_03_US-SD,1.324641
2031,MISO_04_US-IL,1.303612
2031,MISO_04_US-KY,1.303612
2031,MISO_04_US-MO,1.303612
2031,MISO_05_US-IA,1.101111
2031,MISO_05_US-IL,1.101111
2031,MISO_05_US-MO,1.101111
2031,MISO_06_US-IL,1.159663
2031,MISO_06_US-IN,1.159663
2031,MISO_06_US-KY,1.159663
2031,MISO_06_US-OH,1.159663
2031,MISO_07_US-MI,1.161351
2031,MISO_08_US-AR,1.111598
2031,MISO_08_US-MO,1.111598
2031,MISO_09_US-LA,1.18473
2031,MISO_09_US-TX,1.18473
2031,MISO_10_US-MS,1.155917
2031,MISO_10_US-TN,1.155917
2031,NBSO_0_CA-NB,4.577586
2031,NBSO_0_CA-PE,4.577586
2031,NBSO_0_US-ME,4.577586
2031,NEVP_0_US-CA,1.400769
2031,NEVP_0_US-NV,1.400769
2031,NEVP_0_US-OR,1.400769
2031,NSPI_0_CA-NS,4.577586
2031,NWMT_0_US-ID,1.220561
2031,NWMT_0_US-MT,1.220561
2031,NWMT_0_US-WY,1.220561
2031,NYIS_A_US-NY,1.215176
2031,NYIS_A_US-PA,1.215176
2031,NYIS_B_US-NY,1.200799
2031,NYIS_C_US-NY,1.201642
2031,NYIS_D_US-NY,1.180451
2031,NYIS_E_US-NY,1.195699
2031,NYIS_F_US-NY,1.189879
2031,NYIS_G_US-NJ,1.226913
2031,NYIS_G_US-NY,1.226913
2031,NYIS_G_US-PA,1.226913
2031,NYIS_H_US-NY,1.208759
2031,NYIS_I_US-NY,1.199859
2031,NYIS_J_US-NJ,1.144044
2031,NYIS_J_US-NY,1.144044
2031,NYIS_K_US-NY,1.144559
2031,PACE_0_US-AZ,1.306382
2031,PACE_0_US-CO,1.306382
2031,PACE_0_US-ID,1.306382
2031,PACE_0_US-MT,1.306382
2031,PACE_0_US-NV,1.306382
2031,PACE_0_US-UT,1.306382
2031,PACE_0_US-WY,1.306382
2031,PACW_0_US-CA,1.31491
2031,PACW_0_US-OR,1.31491
2031,PACW_0_US-WA,1.31491
2031,PGE_0_US-OR,1.364348
2031,PGE_0_US-WA,1.364348
2031,PJM_AE_US-NJ,1.271402
2031,PJM_AEP_US-IN,1.22751
2031,PJM_AEP_US-KY,1.22751
2031,PJM_AEP_US-MI,1.22751
2031,PJM_AEP_US-OH,1.22751
2031,PJM_AEP_US-TN,1.22751
2031,PJM_AEP_US-VA,1.22751
2031,PJM_AEP_US-WV,1.22751
2031,PJM_AP_US-MD,1.352152
2031,PJM_AP_US-OH,1.352152
2031,PJM_AP_US-PA,1.352152
2031,PJM_AP_US-VA,1.352152
2031,PJM_AP_US-WV,1.352152
2031,PJM_ATSI_US-OH,1.196714
2031,PJM_ATSI_US-PA,1.196714
2031,PJM_BC_US-MD,1.456479
2031,PJM_CE_US-IL,1.316638
2031,PJM_CE_US-IN,1.316638
2031,PJM_DAY_US-OH,1.166915
2031,PJM_DEOK_US-KY,1.199133
2031,PJM_DEOK_US-OH,1.199133
2031,PJM_DOM_US-NC,1.791734
2031,PJM_DOM_US-VA,1.791734
2031,PJM_DOM_US-WV,1.791734
2031,PJM_DPL_US-DE,1.459446
2031,PJM_DPL_US-MD,1.459446
2031,PJM_DPL_US-NJ,1.459446
2031,PJM_DPL_US-PA,1.459446
2031,PJM_DPL_US-VA,1.459446
2031,PJM_DUQ_US-PA,1.216697
2031,PJM_EKPC_US-KY,1.125
2031,PJM_JC_US-NJ,1.228296
2031,PJM_JC_US-NY,1.228296
2031,PJM_ME_US-PA,1.194653
2031,PJM_PE_US-DE,1.18934
2031,PJM_PE_US-MD,1.18934
2031,PJM_PE_US-NJ,1.18934
2031,PJM_PE_US-PA,1.18934
2031,PJM_PEP_US-DC,0.733109
2031,PJM_PEP_US-MD,0.733109
2031,PJM_PEP_US-VA,0.733109
2031,PJM_PL_US-MD,1.177146
2031,PJM_PL_US-PA,1.177146
2031,PJM_PN_US-MD,1.1394
2031,PJM_PN_US-PA,1.1394
2031,PJM_PS_US-NJ,1.303855
2031,PJM_PS_US-PA,1.303855
2031,PJM_RECO_US-NJ,2.486486
2031,PNM_ACMA_US-NM,1
2031,PNM_CYGA_US-NM,1
2031,PNM_Frep_US-NM,0.988095
2031,PNM_Jica_US-NM,1
2031,PNM_KAFB_US-NM,0.929577
2031,PNM_KCEC_US-NM,0.936508
2031,PNM_LAC_US-NM,0.88764
2031,PNM_NTUA_US-NM,0
2031,PNM_PNM_US-NM,1.248939
2031,PNM_TSGT_US-AZ,0.586902
2031,PNM_TSGT_US-NM,0.586902
2031,PSCO_0_US-CO,1.443114
2031,PSCO_0_US-WY,1.443114
2031,PSEI_0_US-WA,1.811863
2031,SC_0_US-SC,1.146063
2031,SCEG_0_US-GA,1.087583
2031,SCEG_0_US-SC,1.087583
2031,SCL_0_US-WA,1.613914
2031,SEC_0_US-FL,0.945969
2031,SEPA_0_US-GA,1
2031,SEPA_0_US-SC,1
2031,SOCO_0_US-AL,1.17106
2031,SOCO_0_US-FL,1.17106
2031,SOCO_0_US-GA,1.17106
2031,SOCO_0_US-MS,1.17106
2031,SOCO_0_US-SC,1.17106
2031,SPA_0_US-AR,2.95
2031,SPA_0_US-MO,2.95
2031,SPA_0_US-OK,2.95
2031,SPA_0_US-TX,2.95
2031,SPC_0_CA-SK,0
2031,SRP_0_US-AZ,1.315165
2031,SWPP_CSWS_US-AR,1.183948
2031,SWPP_CSWS_US-LA,1.183948
2031,SWPP_CSWS_US-OK,1.183948
2031,SWPP_CSWS_US-TX,1.183948
2031,SWPP_EDE_US-AR,1.231459
2031,SWPP_EDE_US-KS,1.231459
2031,SWPP_EDE_US-MO,1.231459
2031,SWPP_EDE_US-OK,1.231459
2031,SWPP_GRDA_US-AR,0.76346
2031,SWPP_GRDA_US-KS,0.76346
2031,SWPP_GRDA_US-OK,0.76346
2031,SWPP_INDN_US-MO,1.156716
2031,SWPP_KACY_US-KS,1.132075
2031,SWPP_KCPL_US-KS,1.139084
2031,SWPP_KCPL_US-MO,1.139084
2031,SWPP_LES_US-NE,1.768725
2031,SWPP_MPS_US-MO,1.149869
2031,SWPP_NPPD_US-CO,1.216064
2031,SWPP_NPPD_US-NE,1.216064
2031,SWPP_NPPD_US-SD,1.216064
2031,SWPP_OKGE_US-AR,1.073669
2031,SWPP_OKGE_US-OK,1.073669
2031,SWPP_OKGE_US-TX,1.073669
2031,SWPP_OPPD_US-NE,1.768012
2031,SWPP_SECI_US-KS,1.320807
2031,SWPP_SPRM_US-MO,1.146825
2031,SWPP_SPS_US-CO,1.313425
2031,SWPP_SPS_US-KS,1.313425
2031,SWPP_SPS_US-NM,1.313425
2031,SWPP_SPS_US-OK,1.313425
2031,SWPP_SPS_US-TX,1.313425
2031,SWPP_WAUE_US-IA,0.921021
2031,SWPP_WAUE_US-MN,0.921021
2031,SWPP_WAUE_US-MT,0.921021
2031,SWPP_WAUE_US-ND,0.921021
2031,SWPP_WAUE_US-NE,0.921021
2031,SWPP_WAUE_US-SD,0.921021
2031,SWPP_WAUE_US-WY,0.921021
2031,SWPP_WFEC_US-KS,1.019807
2031,SWPP_WFEC_US-OK,1.019807
2031,SWPP_WFEC_US-TX,1.019807
2031,SWPP_WR_US-KS,0.872692
2031,SWPP_WR_US-MO,0.872692
2031,TAL_0_US-FL,1.144216
2031,TEC_0_US-FL,1.126867
2031,TEPC_0_MX-SON,1.275085
2031,TEPC_0_US-AZ,1.275085
2031,TEPC_0_US-NM,1.275085
2031,TIDC_0_US-CA,0.901034
2031,TPWR_0_US-WA,1.616736
2031,TVA_0_US-AL,1.18085
2031,TVA_0_US-GA,1.18085
2031,TVA_0_US-KY,1.18085
2031,TVA_0_US-MS,1.18085
2031,TVA_0_US-NC,1.18085
2031,TVA_0_US-TN,1.18085
2031,TVA_0_US-VA,1.18085
2031,WACM_0_US-AZ,1.651349
2031,WACM_0_US-CO,1.651349
2031,WACM_0_US-MT,1.651349
2031,WACM_0_US-NE,1.651349
2031,WACM_0_US-NM,1.651349
2031,WACM_0_US-SD,1.651349
2031,WACM_0_US-UT,1.651349
2031,WACM_0_US-WY,1.651349
2031,WALC_0_US-AZ,1.465645
2031,WALC_0_US-CA,1.465645
2031,WALC_0_US-NV,1.465645
2031,WAUW_0_US-MT,1.62766
2031,WWA_0_US-MT,1
2031,YAD_0_US-NC,1
2032,AEC_0_US-AL,0
2032,AEC_0_US-FL,0
2032,AECI_0_US-AR,0
2032,AECI_0_US-IA,0
2032,AECI_0_US-MO,0
2032,AECI_0_US-OK,0
2032,AESO_CENT_CA-AB,0
2032,AESO_CGY_CA-AB,0
2032,AESO_EDM_CA-AB,0
2032,AESO_NE_CA-AB,0
2032,AESO_NW_CA-AB,0
2032,AESO_NW_CA-BC,0
2032,AESO_SOUT_CA-AB,0
2032,AVA_0_US-ID,1.384777
2032,AVA_0_US-MT,1.384777
2032,AVA_0_US-OR,1.384777
2032,AVA_0_US-WA,1.384777
2032,AVRN_0_US-OR,1
2032,AVRN_0_US-WA,1
2032,AZPS_0_US-AZ,1.454828
2032,AZPS_0_US-CA,1.454828
2032,AZPS_0_US-NM,1.454828
2032,AZPS_0_US-NV,1.454828
2032,BANC_0_US-CA,1.089757
2032,BCHA_0_CA-BC,0
2032,BPAT_0_CA-BC,1.514274
2032,BPAT_0_US-CA,1.514274
2032,BPAT_0_US-ID,1.514274
2032,BPAT_0_US-MT,1.514274
2032,BPAT_0_US-OR,1.514274
2032,BPAT_0_US-WA,1.514274
2032,CEN_0_MX-COA,0
2032,CEN_0_MX-NLE,0
2032,CENB_0_MX-BCN,0
2032,CENB_0_MX-SON,0
2032,CHPD_0_US-WA,1.604082
2032,CISO_PGAE_US-CA,1.664482
2032,CISO_PGAE_US-OR,1.664482
2032,CISO_SCE_US-AZ,1.388521
2032,CISO_SCE_US-CA,1.388521
2032,CISO_SCE_US-NV,1.388521
2032,CISO_SDGE_MX-BCN,1.49581
2032,CISO_SDGE_US-AZ,1.49581
2032,CISO_SDGE_US-CA,1.49581
2032,CISO_VEA_US-NV,1.231788
2032,CPLE_0_US-NC,1.277355
2032,CPLE_0_US-SC,1.277355
2032,CPLW_0_US-NC,0.926295
2032,DEAA_0_US-AZ,1
2032,DOPD_0_US-WA,1.61242
2032,DUK_0_US-NC,1.234023
2032,DUK_0_US-SC,1.234023
2032,DUK_0_US-VA,1.234023
2032,EPE_0_US-NM,1.400585
2032,EPE_0_US-TX,1.400585
2032,ERCO_COAS_US-TX,1.413806
2032,ERCO_EAST_US-TX,2.055208
2032,ERCO_FWES_US-TX,1.372275
2032,ERCO_NCEN_US-TX,1.420826
2032,ERCO_NRTH_US-OK,1.55871
2032,ERCO_NRTH_US-TX,1.55871
2032,ERCO_SCEN_US-TX,1.492777
2032,ERCO_SOUT_US-TX,1.43886
2032,ERCO_WEST_US-TX,2.3475
2032,FMPP_0_US-FL,1.000816
2032,FPC_0_US-FL,0.957745
2032,FPL_0_US-FL,1.134992
2032,GCPD_0_US-WA,1.646251
2032,GLHB_0_US-IL,1
2032,GRID_0_US-NM,1
2032,GRID_0_US-OR,1
2032,GRID_0_US-WA,1
2032,GRIF_0_US-AZ,1
2032,GVL_0_US-FL,1.092035
2032,GWA_0_US-MT,1
2032,HGMA_0_US-AZ,1
2032,HQT_0_CA-NL,1
2032,HQT_0_CA-QC,1
2032,HST_0_US-FL,1.232759
2032,IESO_0_CA-ON,0
2032,IID_0_US-AZ,1.123566
2032,IID_0_US-CA,1.123566
2032,IPCO_0_US-ID,1.201131
2032,IPCO_0_US-NV,1.201131
2032,IPCO_0_US-OR,1.201131
2032,IPCO_0_US-UT,1.201131
2032,ISNE_4001_US-ME,1.16853
2032,ISNE_4002_US-ME,1.192526
2032,ISNE_4002_US-NH,1.192526
2032,ISNE_4002_US-VT,1.192526
2032,ISNE_4003_US-NH,1.41535
2032,ISNE_4003_US-NY,1.41535
2032,ISNE_4003_US-VT,1.41535
2032,ISNE_4004_US-CT,1.297876
2032,ISNE_4005_US-MA,1.207629
2032,ISNE_4005_US-RI,1.207629
2032,ISNE_4006_US-MA,1.373191
2032,ISNE_4006_US-RI,1.373191
2032,ISNE_4007_US-MA,1.36731
2032,ISNE_4007_US-NY,1.36731
2032,ISNE_4007_US-VT,1.36731
2032,ISNE_4008_US-MA,1.352874
2032,ISNE_4008_US-NH,1.352874
2032,JEA_0_US-FL,1.211077
2032,LDWP_0_US-AZ,1.081071
2032,LDWP_0_US-CA,1.081071
2032,LDWP_0_US-NV,1.081071
2032,LDWP_0_US-UT,1.081071
2032,LGEE_0_US-IN,1.080665
2032,LGEE_0_US-KY,1.080665
2032,LGEE_0_US-VA,1.080665
2032,MHEB_0_CA-MB,0
2032,MISO_01_US-IA,1.345304
2032,MISO_01_US-IL,1.345304
2032,MISO_01_US-MI,1.345304
2032,MISO_01_US-MN,1.345304
2032,MISO_01_US-MT,1.345304
2032,MISO_01_US-ND,1.345304
2032,MISO_01_US-SD,1.345304
2032,MISO_01_US-WI,1.345304
2032,MISO_02_US-IA,1.286531
2032,MISO_02_US-IL,1.286531
2032,MISO_02_US-MI,1.286531
2032,MISO_02_US-MN,1.286531
2032,MISO_02_US-WI,1.286531
2032,MISO_03_US-IA,1.378499
2032,MISO_03_US-IL,1.378499
2032,MISO_03_US-MN,1.378499
2032,MISO_03_US-MO,1.378499
2032,MISO_03_US-SD,1.378499
2032,MISO_04_US-IL,1.335214
2032,MISO_04_US-KY,1.335214
2032,MISO_04_US-MO,1.335214
2032,MISO_05_US-IA,1.11539
2032,MISO_05_US-IL,1.11539
2032,MISO_05_US-MO,1.11539
2032,MISO_06_US-IL,1.172908
2032,MISO_06_US-IN,1.172908
2032,MISO_06_US-KY,1.172908
2032,MISO_06_US-OH,1.172908
2032,MISO_07_US-MI,1.179568
2032,MISO_08_US-AR,1.119486
2032,MISO_08_US-MO,1.119486
2032,MISO_09_US-LA,1.199631
2032,MISO_09_US-TX,1.199631
2032,MISO_10_US-MS,1.16582
2032,MISO_10_US-TN,1.16582
2032,NBSO_0_CA-NB,4.673645
2032,NBSO_0_CA-PE,4.673645
2032,NBSO_0_US-ME,4.673645
2032,NEVP_0_US-CA,1.428877
2032,NEVP_0_US-NV,1.428877
2032,NEVP_0_US-OR,1.428877
2032,NSPI_0_CA-NS,4.673645
2032,NWMT_0_US-ID,1.248268
2032,NWMT_0_US-MT,1.248268
2032,NWMT_0_US-WY,1.248268
2032,NYIS_A_US-NY,1.238203
2032,NYIS_A_US-PA,1.238203
2032,NYIS_B_US-NY,1.223277
2032,NYIS_C_US-NY,1.224126
2032,NYIS_D_US-NY,1.203008
2032,NYIS_E_US-NY,1.217921
2032,NYIS_F_US-NY,1.212463
2032,NYIS_G_US-NJ,1.25022
2032,NYIS_G_US-NY,1.25022
2032,NYIS_G_US-PA,1.25022
2032,NYIS_H_US-NY,1.232117
2032,NYIS_I_US-NY,1.222458
2032,NYIS_J_US-NJ,1.165588
2032,NYIS_J_US-NY,1.165588
2032,NYIS_K_US-NY,1.166048
2032,PACE_0_US-AZ,1.339488
2032,PACE_0_US-CO,1.339488
2032,PACE_0_US-ID,1.339488
2032,PACE_0_US-MT,1.339488
2032,PACE_0_US-NV,1.339488
2032,PACE_0_US-UT,1.339488
2032,PACE_0_US-WY,1.339488
2032,PACW_0_US-CA,1.347044
2032,PACW_0_US-OR,1.347044
2032,PACW_0_US-WA,1.347044
2032,PGE_0_US-OR,1.396332
2032,PGE_0_US-WA,1.396332
2032,PJM_AE_US-NJ,1.30243
2032,PJM_AEP_US-IN,1.248036
2032,PJM_AEP_US-KY,1.248036
2032,PJM_AEP_US-MI,1.248036
2032,PJM_AEP_US-OH,1.248036
2032,PJM_AEP_US-TN,1.248036
2032,PJM_AEP_US-VA,1.248036
2032,PJM_AEP_US-WV,1.248036
2032,PJM_AP_US-MD,1.372227
2032,PJM_AP_US-OH,1.372227
2032,PJM_AP_US-PA,1.372227
2032,PJM_AP_US-VA,1.372227
2032,PJM_AP_US-WV,1.372227
2032,PJM_ATSI_US-OH,1.214094
2032,PJM_ATSI_US-PA,1.214094
2032,PJM_BC_US-MD,1.484733
2032,PJM_CE_US-IL,1.348519
2032,PJM_CE_US-IN,1.348519
2032,PJM_DAY_US-OH,1.184234
2032,PJM_DEOK_US-KY,1.216104
2032,PJM_DEOK_US-OH,1.216104
2032,PJM_DOM_US-NC,1.849705
2032,PJM_DOM_US-VA,1.849705
2032,PJM_DOM_US-WV,1.849705
2032,PJM_DPL_US-DE,1.482872
2032,PJM_DPL_US-MD,1.482872
2032,PJM_DPL_US-NJ,1.482872
2032,PJM_DPL_US-PA,1.482872
2032,PJM_DPL_US-VA,1.482872
2032,PJM_DUQ_US-PA,1.23049
2032,PJM_EKPC_US-KY,1.136587
2032,PJM_JC_US-NJ,1.257996
2032,PJM_JC_US-NY,1.257996
2032,PJM_ME_US-PA,1.208347
2032,PJM_PE_US-DE,1.202991
2032,PJM_PE_US-MD,1.202991
2032,PJM_PE_US-NJ,1.202991
2032,PJM_PE_US-PA,1.202991
2032,PJM_PEP_US-DC,0.747262
2032,PJM_PEP_US-MD,0.747262
2032,PJM_PEP_US-VA,0.747262
2032,PJM_PL_US-MD,1.190582
2032,PJM_PL_US-PA,1.190582
2032,PJM_PN_US-MD,1.152693
2032,PJM_PN_US-PA,1.152693
2032,PJM_PS_US-NJ,1.335552
2032,PJM_PS_US-PA,1.335552
2032,PJM_RECO_US-NJ,2.547297
2032,PNM_ACMA_US-NM,1
2032,PNM_CYGA_US-NM,1
2032,PNM_Frep_US-NM,1
2032,PNM_Jica_US-NM,1
2032,PNM_KAFB_US-NM,0.957746
2032,PNM_KCEC_US-NM,0.952381
2032,PNM_LAC_US-NM,0.898876
2032,PNM_NTUA_US-NM,0
2032,PNM_PNM_US-NM,1.276341
2032,PNM_TSGT_US-AZ,0.599496
2032,PNM_TSGT_US-NM,0.599496
2032,PSCO_0_US-CO,1.490206
2032,PSCO_0_US-WY,1.490206
2032,PSEI_0_US-WA,1.860995
2032,SC_0_US-SC,1.157497
2032,SCEG_0_US-GA,1.098558
2032,SCEG_0_US-SC,1.098558
2032,SCL_0_US-WA,1.657461
2032,SEC_0_US-FL,0.957745
2032,SEPA_0_US-GA,1
2032,SEPA_0_US-SC,1
2032,SOCO_0_US-AL,1.187833
2032,SOCO_0_US-FL,1.187833
2032,SOCO_0_US-GA,1.187833
2032,SOCO_0_US-MS,1.187833
2032,SOCO_0_US-SC,1.187833
2032,SPA_0_US-AR,2.977778
2032,SPA_0_US-MO,2.977778
2032,SPA_0_US-OK,2.977778
2032,SPA_0_US-TX,2.977778
2032,SPC_0_CA-SK,0
2032,SRP_0_US-AZ,1.341896
2032,SWPP_CSWS_US-AR,1.203593
2032,SWPP_CSWS_US-LA,1.203593
2032,SWPP_CSWS_US-OK,1.203593
2032,SWPP_CSWS_US-TX,1.203593
2032,SWPP_EDE_US-AR,1.246944
2032,SWPP_EDE_US-KS,1.246944
2032,SWPP_EDE_US-MO,1.246944
2032,SWPP_EDE_US-OK,1.246944
2032,SWPP_GRDA_US-AR,0.773169
2032,SWPP_GRDA_US-KS,0.773169
2032,SWPP_GRDA_US-OK,0.773169
2032,SWPP_INDN_US-MO,1.171642
2032,SWPP_KACY_US-KS,1.144654
2032,SWPP_KCPL_US-KS,1.152852
2032,SWPP_KCPL_US-MO,1.152852
2032,SWPP_LES_US-NE,1.926413
2032,SWPP_MPS_US-MO,1.165013
2032,SWPP_NPPD_US-CO,1.325033
2032,SWPP_NPPD_US-NE,1.325033
2032,SWPP_NPPD_US-SD,1.325033
2032,SWPP_OKGE_US-AR,1.086834
2032,SWPP_OKGE_US-OK,1.086834
2032,SWPP_OKGE_US-TX,1.086834
2032,SWPP_OPPD_US-NE,1.926443
2032,SWPP_SECI_US-KS,1.334555
2032,SWPP_SPRM_US-MO,1.162698
2032,SWPP_SPS_US-CO,1.353242
2032,SWPP_SPS_US-KS,1.353242
2032,SWPP_SPS_US-NM,1.353242
2032,SWPP_SPS_US-OK,1.353242
2032,SWPP_SPS_US-TX,1.353242
2032,SWPP_WAUE_US-IA,0.959314
2032,SWPP_WAUE_US-MN,0.959314
2032,SWPP_WAUE_US-MT,0.959314
2032,SWPP_WAUE_US-ND,0.959314
2032,SWPP_WAUE_US-NE,0.959314
2032,SWPP_WAUE_US-SD,0.959314
2032,SWPP_WAUE_US-WY,0.959314
2032,SWPP_WFEC_US-KS,1.033191
2032,SWPP_WFEC_US-OK,1.033191
2032,SWPP_WFEC_US-TX,1.033191
2032,SWPP_WR_US-KS,0.882222
2032,SWPP_WR_US-MO,0.882222
2032,TAL_0_US-FL,1.158479
2032,TEC_0_US-FL,1.140914
2032,TEPC_0_MX-SON,1.301018
2032,TEPC_0_US-AZ,1.301018
2032,TEPC_0_US-NM,1.301018
2032,TIDC_0_US-CA,0.926145
2032,TPWR_0_US-WA,1.661157
2032,TVA_0_US-AL,1.196341
2032,TVA_0_US-GA,1.196341
2032,TVA_0_US-KY,1.196341
2032,TVA_0_US-MS,1.196341
2032,TVA_0_US-NC,1.196341
2032,TVA_0_US-TN,1.196341
2032,TVA_0_US-VA,1.196341
2032,WACM_0_US-AZ,1.709023
2032,WACM_0_US-CO,1.709023
2032,WACM_0_US-MT,1.709023
2032,WACM_0_US-NE,1.709023
2032,WACM_0_US-NM,1.709023
2032,WACM_0_US-SD,1.709023
2032,WACM_0_US-UT,1.709023
2032,WACM_0_US-WY,1.709023
2032,WALC_0_US-AZ,1.49827
2032,WALC_0_US-CA,1.49827
2032,WALC_0_US-NV,1.49827
2032,WAUW_0_US-MT,1.659574
2032,WWA_0_US-MT,1
2032,YAD_0_US-NC,1
2033,AEC_0_US-AL,0
2033,AEC_0_US-FL,0
2033,AECI_0_US-AR,0
2033,AECI_0_US-IA,0
2033,AECI_0_US-MO,0
2033,AECI_0_US-OK,0
2033,AESO_CENT_CA-AB,0
2033,AESO_CGY_CA-AB,0
2033,AESO_EDM_CA-AB,0
2033,AESO_NE_CA-AB,0
2033,AESO_NW_CA-AB,0
2033,AESO_NW_CA-BC,0
2033,AESO_SOUT_CA-AB,0
2033,AVA_0_US-ID,1.417998
2033,AVA_0_US-MT,1.417998
2033,AVA_0_US-OR,1.417998
2033,AVA_0_US-WA,1.417998
2033,AVRN_0_US-OR,1
2033,AVRN_0_US-WA,1
2033,AZPS_0_US-AZ,1.484407
2033,AZPS_0_US-CA,1.484407
2033,AZPS_0_US-NM,1.484407
2033,AZPS_0_US-NV,1.484407
2033,BANC_0_US-CA,1.120028
2033,BCHA_0_CA-BC,0
2033,BPAT_0_CA-BC,1.552899
2033,BPAT_0_US-CA,1.552899
2033,BPAT_0_US-ID,1.552899
2033,BPAT_0_US-MT,1.552899
2033,BPAT_0_US-OR,1.552899
2033,BPAT_0_US-WA,1.552899
2033,CEN_0_MX-COA,0
2033,CEN_0_MX-NLE,0
2033,CENB_0_MX-BCN,0
2033,CENB_0_MX-SON,0
2033,CHPD_0_US-WA,1.646939
2033,CISO_PGAE_US-CA,1.710468
2033,CISO_PGAE_US-OR,1.710468
2033,CISO_SCE_US-AZ,1.426861
2033,CISO_SCE_US-CA,1.426861
2033,CISO_SCE_US-NV,1.426861
2033,CISO_SDGE_MX-BCN,1.536902
2033,CISO_SDGE_US-AZ,1.536902
2033,CISO_SDGE_US-CA,1.536902
2033,CISO_VEA_US-NV,1.258278
2033,CPLE_0_US-NC,1.297242
2033,CPLE_0_US-SC,1.297242
2033,CPLW_0_US-NC,0.941235
2033,DEAA_0_US-AZ,1
2033,DOPD_0_US-WA,1.657388
2033,DUK_0_US-NC,1.251994
2033,DUK_0_US-SC,1.251994
2033,DUK_0_US-VA,1.251994
2033,EPE_0_US-NM,1.445419
2033,EPE_0_US-TX,1.445419
2033,ERCO_COAS_US-TX,1.462235
2033,ERCO_EAST_US-TX,2.125625
2033,ERCO_FWES_US-TX,1.419048
2033,ERCO_NCEN_US-TX,1.469417
2033,ERCO_NRTH_US-OK,1.612127
2033,ERCO_NRTH_US-TX,1.612127
2033,ERCO_SCEN_US-TX,1.543868
2033,ERCO_SOUT_US-TX,1.488134
2033,ERCO_WEST_US-TX,2.428
2033,FMPP_0_US-FL,1.013326
2033,FPC_0_US-FL,0.969694
2033,FPL_0_US-FL,1.149118
2033,GCPD_0_US-WA,1.690602
2033,GLHB_0_US-IL,1
2033,GRID_0_US-NM,1
2033,GRID_0_US-OR,1
2033,GRID_0_US-WA,1
2033,GRIF_0_US-AZ,1
2033,GVL_0_US-FL,1.106195
2033,GWA_0_US-MT,1
2033,HGMA_0_US-AZ,1
2033,HQT_0_CA-NL,1
2033,HQT_0_CA-QC,1
2033,HST_0_US-FL,1.241379
2033,IESO_0_CA-ON,0
2033,IID_0_US-AZ,1.154457
2033,IID_0_US-CA,1.154457
2033,IPCO_0_US-ID,1.222769
2033,IPCO_0_US-NV,1.222769
2033,IPCO_0_US-OR,1.222769
2033,IPCO_0_US-UT,1.222769
2033,ISNE_4001_US-ME,1.193035
2033,ISNE_4002_US-ME,1.214866
2033,ISNE_4002_US-NH,1.214866
2033,ISNE_4002_US-VT,1.214866
2033,ISNE_4003_US-NH,1.448081
2033,ISNE_4003_US-NY,1.448081
2033,ISNE_4003_US-VT,1.448081
2033,ISNE_4004_US-CT,1.319273
2033,ISNE_4005_US-MA,1.228338
2033,ISNE_4005_US-RI,1.228338
2033,ISNE_4006_US-MA,1.407354
2033,ISNE_4006_US-RI,1.407354
2033,ISNE_4007_US-MA,1.401387
2033,ISNE_4007_US-NY,1.401387
2033,ISNE_4007_US-VT,1.401387
2033,ISNE_4008_US-MA,1.386398
2033,ISNE_4008_US-NH,1.386398
2033,JEA_0_US-FL,1.226181
2033,LDWP_0_US-AZ,1.11093
2033,LDWP_0_US-CA,1.11093
2033,LDWP_0_US-NV,1.11093
2033,LDWP_0_US-UT,1.11093
2033,LGEE_0_US-IN,1.092688
2033,LGEE_0_US-KY,1.092688
2033,LGEE_0_US-VA,1.092688
2033,MHEB_0_CA-MB,0
2033,MISO_01_US-IA,1.393392
2033,MISO_01_US-IL,1.393392
2033,MISO_01_US-MI,1.393392
2033,MISO_01_US-MN,1.393392
2033,MISO_01_US-MT,1.393392
2033,MISO_01_US-ND,1.393392
2033,MISO_01_US-SD,1.393392
2033,MISO_01_US-WI,1.393392
2033,MISO_02_US-IA,1.310367
2033,MISO_02_US-IL,1.310367
2033,MISO_02_US-MI,1.310367
2033,MISO_02_US-MN,1.310367
2033,MISO_02_US-WI,1.310367
2033,MISO_03_US-IA,1.434593
2033,MISO_03_US-IL,1.434593
2033,MISO_03_US-MN,1.434593
2033,MISO_03_US-MO,1.434593
2033,MISO_03_US-SD,1.434593
2033,MISO_04_US-IL,1.367607
2033,MISO_04_US-KY,1.367607
2033,MISO_04_US-MO,1.367607
2033,MISO_05_US-IA,1.130102
2033,MISO_05_US-IL,1.130102
2033,MISO_05_US-MO,1.130102
2033,MISO_06_US-IL,1.186273
2033,MISO_06_US-IN,1.186273
2033,MISO_06_US-KY,1.186273
2033,MISO_06_US-OH,1.186273
2033,MISO_07_US-MI,1.198108
2033,MISO_08_US-AR,1.127374
2033,MISO_08_US-MO,1.127374
2033,MISO_09_US-LA,1.214726
2033,MISO_09_US-TX,1.214726
2033,MISO_10_US-MS,1.175978
2033,MISO_10_US-TN,1.175978
2033,NBSO_0_CA-NB,4.773399
2033,NBSO_0_CA-PE,4.773399
2033,NBSO_0_US-ME,4.773399
2033,NEVP_0_US-CA,1.457518
2033,NEVP_0_US-NV,1.457518
2033,NEVP_0_US-OR,1.457518
2033,NSPI_0_CA-NS,4.773399
2033,NWMT_0_US-ID,1.276704
2033,NWMT_0_US-MT,1.276704
2033,NWMT_0_US-WY,1.276704
2033,NYIS_A_US-NY,1.261231
2033,NYIS_A_US-PA,1.261231
2033,NYIS_B_US-NY,1.246254
2033,NYIS_C_US-NY,1.247323
2033,NYIS_D_US-NY,1.225564
2033,NYIS_E_US-NY,1.24086
2033,NYIS_F_US-NY,1.235048
2033,NYIS_G_US-NJ,1.273527
2033,NYIS_G_US-NY,1.273527
2033,NYIS_G_US-PA,1.273527
2033,NYIS_H_US-NY,1.255474
2033,NYIS_I_US-NY,1.245763
2033,NYIS_J_US-NJ,1.187518
2033,NYIS_J_US-NY,1.187518
2033,NYIS_K_US-NY,1.187927
2033,PACE_0_US-AZ,1.373468
2033,PACE_0_US-CO,1.373468
2033,PACE_0_US-ID,1.373468
2033,PACE_0_US-MT,1.373468
2033,PACE_0_US-NV,1.373468
2033,PACE_0_US-UT,1.373468
2033,PACE_0_US-WY,1.373468
2033,PACW_0_US-CA,1.380095
2033,PACW_0_US-OR,1.380095
2033,PACW_0_US-WA,1.380095
2033,PGE_0_US-OR,1.42921
2033,PGE_0_US-WA,1.42921
2033,PJM_AE_US-NJ,1.333832
2033,PJM_AEP_US-IN,1.268925
2033,PJM_AEP_US-KY,1.268925
2033,PJM_AEP_US-MI,1.268925
2033,PJM_AEP_US-OH,1.268925
2033,PJM_AEP_US-TN,1.268925
2033,PJM_AEP_US-VA,1.268925
2033,PJM_AEP_US-WV,1.268925
2033,PJM_AP_US-MD,1.392635
2033,PJM_AP_US-OH,1.392635
2033,PJM_AP_US-PA,1.392635
2033,PJM_AP_US-VA,1.392635
2033,PJM_AP_US-WV,1.392635
2033,PJM_ATSI_US-OH,1.23179
2033,PJM_ATSI_US-PA,1.23179
2033,PJM_BC_US-MD,1.513444
2033,PJM_CE_US-IL,1.381202
2033,PJM_CE_US-IN,1.381202
2033,PJM_DAY_US-OH,1.201851
2033,PJM_DEOK_US-KY,1.233264
2033,PJM_DEOK_US-OH,1.233264
2033,PJM_DOM_US-NC,1.90953
2033,PJM_DOM_US-VA,1.90953
2033,PJM_DOM_US-WV,1.90953
2033,PJM_DPL_US-DE,1.506549
2033,PJM_DPL_US-MD,1.506549
2033,PJM_DPL_US-NJ,1.506549
2033,PJM_DPL_US-PA,1.506549
2033,PJM_DPL_US-VA,1.506549
2033,PJM_DUQ_US-PA,1.244283
2033,PJM_EKPC_US-KY,1.148525
2033,PJM_JC_US-NJ,1.288675
2033,PJM_JC_US-NY,1.288675
2033,PJM_ME_US-PA,1.222041
2033,PJM_PE_US-DE,1.216643
2033,PJM_PE_US-MD,1.216643
2033,PJM_PE_US-NJ,1.216643
2033,PJM_PE_US-PA,1.216643
2033,PJM_PEP_US-DC,0.761752
2033,PJM_PEP_US-MD,0.761752
2033,PJM_PEP_US-VA,0.761752
2033,PJM_PL_US-MD,1.204148
2033,PJM_PL_US-PA,1.204148
2033,PJM_PN_US-MD,1.165985
2033,PJM_PN_US-PA,1.165985
2033,PJM_PS_US-NJ,1.367945
2033,PJM_PS_US-PA,1.367945
2033,PJM_RECO_US-NJ,2.608108
2033,PNM_ACMA_US-NM,1
2033,PNM_CYGA_US-NM,1
2033,PNM_Frep_US-NM,1.02381
2033,PNM_Jica_US-NM,1
2033,PNM_KAFB_US-NM,0.971831
2033,PNM_KCEC_US-NM,0.984127
2033,PNM_LAC_US-NM,0.921348
2033,PNM_NTUA_US-NM,0
2033,PNM_PNM_US-NM,1.30413
2033,PNM_TSGT_US-AZ,0.612091
2033,PNM_TSGT_US-NM,0.612091
2033,PSCO_0_US-CO,1.538922
2033,PSCO_0_US-WY,1.538922
2033,PSEI_0_US-WA,1.911324
2033,SC_0_US-SC,1.169148
2033,SCEG_0_US-GA,1.109748
2033,SCEG_0_US-SC,1.109748
2033,SCL_0_US-WA,1.702602
2033,SEC_0_US-FL,0.969694
2033,SEPA_0_US-GA,1
2033,SEPA_0_US-SC,1
2033,SOCO_0_US-AL,1.204828
2033,SOCO_0_US-FL,1.204828
2033,SOCO_0_US-GA,1.204828
2033,SOCO_0_US-MS,1.204828
2033,SOCO_0_US-SC,1.204828
2033,SPA_0_US-AR,3.011111
2033,SPA_0_US-MO,3.011111
2033,SPA_0_US-OK,3.011111
2033,SPA_0_US-TX,3.011111
2033,SPC_0_CA-SK,0
2033,SRP_0_US-AZ,1.369279
2033,SWPP_CSWS_US-AR,1.223448
2033,SWPP_CSWS_US-LA,1.223448
2033,SWPP_CSWS_US-OK,1.223448
2033,SWPP_CSWS_US-TX,1.223448
2033,SWPP_EDE_US-AR,1.263244
2033,SWPP_EDE_US-KS,1.263244
2033,SWPP_EDE_US-MO,1.263244
2033,SWPP_EDE_US-OK,1.263244
2033,SWPP_GRDA_US-AR,0.782877
2033,SWPP_GRDA_US-KS,0.782877
2033,SWPP_GRDA_US-OK,0.782877
2033,SWPP_INDN_US-MO,1.186567
2033,SWPP_KACY_US-KS,1.157233
2033,SWPP_KCPL_US-KS,1.166901
2033,SWPP_KCPL_US-MO,1.166901
2033,SWPP_LES_US-NE,2.099869
2033,SWPP_MPS_US-MO,1.180157
2033,SWPP_NPPD_US-CO,1.443641
2033,SWPP_NPPD_US-NE,1.443641
2033,SWPP_NPPD_US-SD,1.443641
2033,SWPP_OKGE_US-AR,1.100296
2033,SWPP_OKGE_US-OK,1.100296
2033,SWPP_OKGE_US-TX,1.100296
2033,SWPP_OPPD_US-NE,2.099208
2033,SWPP_SECI_US-KS,1.349221
2033,SWPP_SPRM_US-MO,1.177249
2033,SWPP_SPS_US-CO,1.394155
2033,SWPP_SPS_US-KS,1.394155
2033,SWPP_SPS_US-NM,1.394155
2033,SWPP_SPS_US-OK,1.394155
2033,SWPP_SPS_US-TX,1.394155
2033,SWPP_WAUE_US-IA,0.999003
2033,SWPP_WAUE_US-MN,0.999003
2033,SWPP_WAUE_US-MT,0.999003
2033,SWPP_WAUE_US-ND,0.999003
2033,SWPP_WAUE_US-NE,0.999003
2033,SWPP_WAUE_US-SD,0.999003
2033,SWPP_WAUE_US-WY,0.999003
2033,SWPP_WFEC_US-KS,1.046039
2033,SWPP_WFEC_US-OK,1.046039
2033,SWPP_WFEC_US-TX,1.046039
2033,SWPP_WR_US-KS,0.891751
2033,SWPP_WR_US-MO,0.891751
2033,TAL_0_US-FL,1.172742
2033,TEC_0_US-FL,1.155184
2033,TEPC_0_MX-SON,1.327436
2033,TEPC_0_US-AZ,1.327436
2033,TEPC_0_US-NM,1.327436
2033,TIDC_0_US-CA,0.952733
2033,TPWR_0_US-WA,1.705579
2033,TVA_0_US-AL,1.212063
2033,TVA_0_US-GA,1.212063
2033,TVA_0_US-KY,1.212063
2033,TVA_0_US-MS,1.212063
2033,TVA_0_US-NC,1.212063
2033,TVA_0_US-TN,1.212063
2033,TVA_0_US-VA,1.212063
2033,WACM_0_US-AZ,1.768744
2033,WACM_0_US-CO,1.768744
2033,WACM_0_US-MT,1.768744
2033,WACM_0_US-NE,1.768744
2033,WACM_0_US-NM,1.768744
2033,WACM_0_US-SD,1.768744
2033,WACM_0_US-UT,1.768744
2033,WACM_0_US-WY,1.768744
2033,WALC_0_US-AZ,1.531389
2033,WALC_0_US-CA,1.531389
2033,WALC_0_US-NV,1.531389
2033,WAUW_0_US-MT,1.691489
2033,WWA_0_US-MT,1
2033,YAD_0_US-NC,1
2034,AEC_0_US-AL,0
2034,AEC_0_US-FL,0
2034,AECI_0_US-AR,0
2034,AECI_0_US-IA,0
2034,AECI_0_US-MO,0
2034,AECI_0_US-OK,0
2034,AESO_CENT_CA-AB,0
2034,AESO_CGY_CA-AB,0
2034,AESO_EDM_CA-AB,0
2034,AESO_NE_CA-AB,0
2034,AESO_NW_CA-AB,0
2034,AESO_NW_CA-BC,0
2034,AESO_SOUT_CA-AB,0
2034,AVA_0_US-ID,1.45164
2034,AVA_0_US-MT,1.45164
2034,AVA_0_US-OR,1.45164
2034,AVA_0_US-WA,1.45164
2034,AVRN_0_US-OR,1
2034,AVRN_0_US-WA,1
2034,AZPS_0_US-AZ,1.514629
2034,AZPS_0_US-CA,1.514629
2034,AZPS_0_US-NM,1.514629
2034,AZPS_0_US-NV,1.514629
2034,BANC_0_US-CA,1.150827
2034,BCHA_0_CA-BC,0
2034,BPAT_0_CA-BC,1.592512
2034,BPAT_0_US-CA,1.592512
2034,BPAT_0_US-ID,1.592512
2034,BPAT_0_US-MT,1.592512
2034,BPAT_0_US-OR,1.592512
2034,BPAT_0_US-WA,1.592512
2034,CEN_0_MX-COA,0
2034,CEN_0_MX-NLE,0
2034,CENB_0_MX-BCN,0
2034,CENB_0_MX-SON,0
2034,CHPD_0_US-WA,1.691837
2034,CISO_PGAE_US-CA,1.757756
2034,CISO_PGAE_US-OR,1.757756
2034,CISO_SCE_US-AZ,1.466272
2034,CISO_SCE_US-CA,1.466272
2034,CISO_SCE_US-NV,1.466272
2034,CISO_SDGE_MX-BCN,1.579616
2034,CISO_SDGE_US-AZ,1.579616
2034,CISO_SDGE_US-CA,1.579616
2034,CISO_VEA_US-NV,1.284768
2034,CPLE_0_US-NC,1.317375
2034,CPLE_0_US-SC,1.317375
2034,CPLW_0_US-NC,0.957171
2034,DEAA_0_US-AZ,1
2034,DOPD_0_US-WA,1.700214
2034,DUK_0_US-NC,1.270212
2034,DUK_0_US-SC,1.270212
2034,DUK_0_US-VA,1.270212
2034,EPE_0_US-NM,1.491715
2034,EPE_0_US-TX,1.491715
2034,ERCO_COAS_US-TX,1.512251
2034,ERCO_EAST_US-TX,2.198333
2034,ERCO_FWES_US-TX,1.467725
2034,ERCO_NCEN_US-TX,1.519716
2034,ERCO_NRTH_US-OK,1.666987
2034,ERCO_NRTH_US-TX,1.666987
2034,ERCO_SCEN_US-TX,1.596689
2034,ERCO_SOUT_US-TX,1.539057
2034,ERCO_WEST_US-TX,2.511
2034,FMPP_0_US-FL,1.025836
2034,FPC_0_US-FL,0.981817
2034,FPL_0_US-FL,1.163438
2034,GCPD_0_US-WA,1.737064
2034,GLHB_0_US-IL,1
2034,GRID_0_US-NM,1
2034,GRID_0_US-OR,1
2034,GRID_0_US-WA,1
2034,GRIF_0_US-AZ,1
2034,GVL_0_US-FL,1.118584
2034,GWA_0_US-MT,1
2034,HGMA_0_US-AZ,1
2034,HQT_0_CA-NL,1
2034,HQT_0_CA-QC,1
2034,HST_0_US-FL,1.258621
2034,IESO_0_CA-ON,0
2034,IID_0_US-AZ,1.186231
2034,IID_0_US-CA,1.186231
2034,IPCO_0_US-ID,1.244652
2034,IPCO_0_US-NV,1.244652
2034,IPCO_0_US-OR,1.244652
2034,IPCO_0_US-UT,1.244652
2034,ISNE_4001_US-ME,1.217971
2034,ISNE_4002_US-ME,1.238018
2034,ISNE_4002_US-NH,1.238018
2034,ISNE_4002_US-VT,1.238018
2034,ISNE_4003_US-NH,1.48307
2034,ISNE_4003_US-NY,1.48307
2034,ISNE_4003_US-VT,1.48307
2034,ISNE_4004_US-CT,1.340979
2034,ISNE_4005_US-MA,1.250136
2034,ISNE_4005_US-RI,1.250136
2034,ISNE_4006_US-MA,1.442096
2034,ISNE_4006_US-RI,1.442096
2034,ISNE_4007_US-MA,1.436369
2034,ISNE_4007_US-NY,1.436369
2034,ISNE_4007_US-VT,1.436369
2034,ISNE_4008_US-MA,1.420881
2034,ISNE_4008_US-NH,1.420881
2034,JEA_0_US-FL,1.241286
2034,LDWP_0_US-AZ,1.141694
2034,LDWP_0_US-CA,1.141694
2034,LDWP_0_US-NV,1.141694
2034,LDWP_0_US-UT,1.141694
2034,LGEE_0_US-IN,1.104851
2034,LGEE_0_US-KY,1.104851
2034,LGEE_0_US-VA,1.104851
2034,MHEB_0_CA-MB,0
2034,MISO_01_US-IA,1.443255
2034,MISO_01_US-IL,1.443255
2034,MISO_01_US-MI,1.443255
2034,MISO_01_US-MN,1.443255
2034,MISO_01_US-MT,1.443255
2034,MISO_01_US-ND,1.443255
2034,MISO_01_US-SD,1.443255
2034,MISO_01_US-WI,1.443255
2034,MISO_02_US-IA,1.334694
2034,MISO_02_US-IL,1.334694
2034,MISO_02_US-MI,1.334694
2034,MISO_02_US-MN,1.334694
2034,MISO_02_US-WI,1.334694
2034,MISO_03_US-IA,1.492922
2034,MISO_03_US-IL,1.492922
2034,MISO_03_US-MN,1.492922
2034,MISO_03_US-MO,1.492922
2034,MISO_03_US-SD,1.492922
2034,MISO_04_US-IL,1.400677
2034,MISO_04_US-KY,1.400677
2034,MISO_04_US-MO,1.400677
2034,MISO_05_US-IA,1.144815
2034,MISO_05_US-IL,1.144815
2034,MISO_05_US-MO,1.144815
2034,MISO_06_US-IL,1.199819
2034,MISO_06_US-IN,1.199819
2034,MISO_06_US-KY,1.199819
2034,MISO_06_US-OH,1.199819
2034,MISO_07_US-MI,1.216919
2034,MISO_08_US-AR,1.135408
2034,MISO_08_US-MO,1.135408
2034,MISO_09_US-LA,1.230064
2034,MISO_09_US-TX,1.230064
2034,MISO_10_US-MS,1.186135
2034,MISO_10_US-TN,1.186135
2034,NBSO_0_CA-NB,4.873153
2034,NBSO_0_CA-PE,4.873153
2034,NBSO_0_US-ME,4.873153
2034,NEVP_0_US-CA,1.486694
2034,NEVP_0_US-NV,1.486694
2034,NEVP_0_US-OR,1.486694
2034,NSPI_0_CA-NS,4.873153
2034,NWMT_0_US-ID,1.305505
2034,NWMT_0_US-MT,1.305505
2034,NWMT_0_US-WY,1.305505
2034,NYIS_A_US-NY,1.285013
2034,NYIS_A_US-PA,1.285013
2034,NYIS_B_US-NY,1.26973
2034,NYIS_C_US-NY,1.270521
2034,NYIS_D_US-NY,1.24812
2034,NYIS_E_US-NY,1.263799
2034,NYIS_F_US-NY,1.258469
2034,NYIS_G_US-NJ,1.297713
2034,NYIS_G_US-NY,1.297713
2034,NYIS_G_US-PA,1.297713
2034,NYIS_H_US-NY,1.278832
2034,NYIS_I_US-NY,1.269068
2034,NYIS_J_US-NJ,1.209835
2034,NYIS_J_US-NY,1.209835
2034,NYIS_K_US-NY,1.210393
2034,PACE_0_US-AZ,1.408324
2034,PACE_0_US-CO,1.408324
2034,PACE_0_US-ID,1.408324
2034,PACE_0_US-MT,1.408324
2034,PACE_0_US-NV,1.408324
2034,PACE_0_US-UT,1.408324
2034,PACE_0_US-WY,1.408324
2034,PACW_0_US-CA,1.414065
2034,PACW_0_US-OR,1.414065
2034,PACW_0_US-WA,1.414065
2034,PGE_0_US-OR,1.46276
2034,PGE_0_US-WA,1.46276
2034,PJM_AE_US-NJ,1.366355
2034,PJM_AEP_US-IN,1.290132
2034,PJM_AEP_US-KY,1.290132
2034,PJM_AEP_US-MI,1.290132
2034,PJM_AEP_US-OH,1.290132
2034,PJM_AEP_US-TN,1.290132
2034,PJM_AEP_US-VA,1.290132
2034,PJM_AEP_US-WV,1.290132
2034,PJM_AP_US-MD,1.413376
2034,PJM_AP_US-OH,1.413376
2034,PJM_AP_US-PA,1.413376
2034,PJM_AP_US-VA,1.413376
2034,PJM_AP_US-WV,1.413376
2034,PJM_ATSI_US-OH,1.249723
2034,PJM_ATSI_US-PA,1.249723
2034,PJM_BC_US-MD,1.542914
2034,PJM_CE_US-IL,1.414686
2034,PJM_CE_US-IN,1.414686
2034,PJM_DAY_US-OH,1.219468
2034,PJM_DEOK_US-KY,1.250613
2034,PJM_DEOK_US-OH,1.250613
2034,PJM_DOM_US-NC,1.971307
2034,PJM_DOM_US-VA,1.971307
2034,PJM_DOM_US-WV,1.971307
2034,PJM_DPL_US-DE,1.53073
2034,PJM_DPL_US-MD,1.53073
2034,PJM_DPL_US-NJ,1.53073
2034,PJM_DPL_US-PA,1.53073
2034,PJM_DPL_US-VA,1.53073
2034,PJM_DUQ_US-PA,1.258802
2034,PJM_EKPC_US-KY,1.160463
2034,PJM_JC_US-NJ,1.319843
2034,PJM_JC_US-NY,1.319843
2034,PJM_ME_US-PA,1.236061
2034,PJM_PE_US-DE,1.230651
2034,PJM_PE_US-MD,1.230651
2034,PJM_PE_US-NJ,1.230651
2034,PJM_PE_US-PA,1.230651
2034,PJM_PEP_US-DC,0.77658
2034,PJM_PEP_US-MD,0.77658
2034,PJM_PEP_US-VA,0.77658
2034,PJM_PL_US-MD,1.217845
2034,PJM_PL_US-PA,1.217845
2034,PJM_PN_US-MD,1.179277
2034,PJM_PN_US-PA,1.179277
2034,PJM_PS_US-NJ,1.401232
2034,PJM_PS_US-PA,1.401232
2034,PJM_RECO_US-NJ,2.668919
2034,PNM_ACMA_US-NM,1
2034,PNM_CYGA_US-NM,1
2034,PNM_Frep_US-NM,1.047619
2034,PNM_Jica_US-NM,1
2034,PNM_KAFB_US-NM,1
2034,PNM_KCEC_US-NM,1
2034,PNM_LAC_US-NM,0.932584
2034,PNM_NTUA_US-NM,0
2034,PNM_PNM_US-NM,1.33269
2034,PNM_TSGT_US-AZ,0.627204
2034,PNM_TSGT_US-NM,0.627204
2034,PSCO_0_US-CO,1.589161
2034,PSCO_0_US-WY,1.589161
2034,PSEI_0_US-WA,1.963052
2034,SC_0_US-SC,1.181014
2034,SCEG_0_US-GA,1.120938
2034,SCEG_0_US-SC,1.120938
2034,SCL_0_US-WA,1.748805
2034,SEC_0_US-FL,0.981817
2034,SEPA_0_US-GA,1
2034,SEPA_0_US-SC,1
2034,SOCO_0_US-AL,1.222067
2034,SOCO_0_US-FL,1.222067
2034,SOCO_0_US-GA,1.222067
2034,SOCO_0_US-MS,1.222067
2034,SOCO_0_US-SC,1.222067
2034,SPA_0_US-AR,3.044444
2034,SPA_0_US-MO,3.044444
2034,SPA_0_US-OK,3.044444
2034,SPA_0_US-TX,3.044444
2034,SPC_0_CA-SK,0
2034,SRP_0_US-AZ,1.397053
2034,SWPP_CSWS_US-AR,1.243618
2034,SWPP_CSWS_US-LA,1.243618
2034,SWPP_CSWS_US-OK,1.243618
2034,SWPP_CSWS_US-TX,1.243618
2034,SWPP_EDE_US-AR,1.279544
2034,SWPP_EDE_US-KS,1.279544
2034,SWPP_EDE_US-MO,1.279544
2034,SWPP_EDE_US-OK,1.279544
2034,SWPP_GRDA_US-AR,0.793469
2034,SWPP_GRDA_US-KS,0.793469
2034,SWPP_GRDA_US-OK,0.793469
2034,SWPP_INDN_US-MO,1.205224
2034,SWPP_KACY_US-KS,1.169811
2034,SWPP_KCPL_US-KS,1.18095
2034,SWPP_KCPL_US-MO,1.18095
2034,SWPP_LES_US-NE,2.287779
2034,SWPP_MPS_US-MO,1.195822
2034,SWPP_NPPD_US-CO,1.572691
2034,SWPP_NPPD_US-NE,1.572691
2034,SWPP_NPPD_US-SD,1.572691
2034,SWPP_OKGE_US-AR,1.113757
2034,SWPP_OKGE_US-OK,1.113757
2034,SWPP_OKGE_US-TX,1.113757
2034,SWPP_OPPD_US-NE,2.287439
2034,SWPP_SECI_US-KS,1.364803
2034,SWPP_SPRM_US-MO,1.193122
2034,SWPP_SPS_US-CO,1.436347
2034,SWPP_SPS_US-KS,1.436347
2034,SWPP_SPS_US-NM,1.436347
2034,SWPP_SPS_US-OK,1.436347
2034,SWPP_SPS_US-TX,1.436347
2034,SWPP_WAUE_US-IA,1.040487
2034,SWPP_WAUE_US-MN,1.040487
2034,SWPP_WAUE_US-MT,1.040487
2034,SWPP_WAUE_US-ND,1.040487
2034,SWPP_WAUE_US-NE,1.040487
2034,SWPP_WAUE_US-SD,1.040487
2034,SWPP_WAUE_US-WY,1.040487
2034,SWPP_WFEC_US-KS,1.059957
2034,SWPP_WFEC_US-OK,1.059957
2034,SWPP_WFEC_US-TX,1.059957
2034,SWPP_WR_US-KS,0.901429
2034,SWPP_WR_US-MO,0.901429
2034,TAL_0_US-FL,1.18859
2034,TEC_0_US-FL,1.169677
2034,TEPC_0_MX-SON,1.354338
2034,TEPC_0_US-AZ,1.354338
2034,TEPC_0_US-NM,1.354338
2034,TIDC_0_US-CA,0.979321
2034,TPWR_0_US-WA,1.752066
2034,TVA_0_US-AL,1.22795
2034,TVA_0_US-GA,1.22795
2034,TVA_0_US-KY,1.22795
2034,TVA_0_US-MS,1.22795
2034,TVA_0_US-NC,1.22795
2034,TVA_0_US-TN,1.22795
2034,TVA_0_US-VA,1.22795
2034,WACM_0_US-AZ,1.830698
2034,WACM_0_US-CO,1.830698
2034,WACM_0_US-MT,1.830698
2034,WACM_0_US-NE,1.830698
2034,WACM_0_US-NM,1.830698
2034,WACM_0_US-SD,1.830698
2034,WACM_0_US-UT,1.830698
2034,WACM_0_US-WY,1.830698
2034,WALC_0_US-AZ,1.565497
2034,WALC_0_US-CA,1.565497
2034,WALC_0_US-NV,1.565497
2034,WAUW_0_US-MT,1.728723
2034,WWA_0_US-MT,1
2034,YAD_0_US-NC,1
2035,AEC_0_US-AL,0
2035,AEC_0_US-FL,0
2035,AECI_0_US-AR,0
2035,AECI_0_US-IA,0
2035,AECI_0_US-MO,0
2035,AECI_0_US-OK,0
2035,AESO_CENT_CA-AB,0
2035,AESO_CGY_CA-AB,0
2035,AESO_EDM_CA-AB,0
2035,AESO_NE_CA-AB,0
2035,AESO_NW_CA-AB,0
2035,AESO_NW_CA-BC,0
2035,AESO_SOUT_CA-AB,0
2035,AVA_0_US-ID,1.486123
2035,AVA_0_US-MT,1.486123
2035,AVA_0_US-OR,1.486123
2035,AVA_0_US-WA,1.486123
2035,AVRN_0_US-OR,1
2035,AVRN_0_US-WA,1
2035,AZPS_0_US-AZ,1.545386
2035,AZPS_0_US-CA,1.545386
2035,AZPS_0_US-NM,1.545386
2035,AZPS_0_US-NV,1.545386
2035,BANC_0_US-CA,1.182682
2035,BCHA_0_CA-BC,0
2035,BPAT_0_CA-BC,1.633211
2035,BPAT_0_US-CA,1.633211
2035,BPAT_0_US-ID,1.633211
2035,BPAT_0_US-MT,1.633211
2035,BPAT_0_US-OR,1.633211
2035,BPAT_0_US-WA,1.633211
2035,CEN_0_MX-COA,0
2035,CEN_0_MX-NLE,0
2035,CENB_0_MX-BCN,0
2035,CENB_0_MX-SON,0
2035,CHPD_0_US-WA,1.736735
2035,CISO_PGAE_US-CA,1.806295
2035,CISO_PGAE_US-OR,1.806295
2035,CISO_SCE_US-AZ,1.506755
2035,CISO_SCE_US-CA,1.506755
2035,CISO_SCE_US-NV,1.506755
2035,CISO_SDGE_MX-BCN,1.623141
2035,CISO_SDGE_US-AZ,1.623141
2035,CISO_SDGE_US-CA,1.623141
2035,CISO_VEA_US-NV,1.311258
2035,CPLE_0_US-NC,1.337835
2035,CPLE_0_US-SC,1.337835
2035,CPLW_0_US-NC,0.972112
2035,DEAA_0_US-AZ,1
2035,DOPD_0_US-WA,1.747323
2035,DUK_0_US-NC,1.288725
2035,DUK_0_US-SC,1.288725
2035,DUK_0_US-VA,1.288725
2035,EPE_0_US-NM,1.539474
2035,EPE_0_US-TX,1.539474
2035,ERCO_COAS_US-TX,1.564001
2035,ERCO_EAST_US-TX,2.273542
2035,ERCO_FWES_US-TX,1.517884
2035,ERCO_NCEN_US-TX,1.571722
2035,ERCO_NRTH_US-OK,1.724254
2035,ERCO_NRTH_US-TX,1.724254
2035,ERCO_SCEN_US-TX,1.651317
2035,ERCO_SOUT_US-TX,1.591793
2035,ERCO_WEST_US-TX,2.597
2035,FMPP_0_US-FL,1.038618
2035,FPC_0_US-FL,0.994025
2035,FPL_0_US-FL,1.177919
2035,GCPD_0_US-WA,1.783527
2035,GLHB_0_US-IL,1
2035,GRID_0_US-NM,1
2035,GRID_0_US-OR,1
2035,GRID_0_US-WA,1
2035,GRIF_0_US-AZ,1
2035,GVL_0_US-FL,1.132743
2035,GWA_0_US-MT,1
2035,HGMA_0_US-AZ,1
2035,HQT_0_CA-NL,1
2035,HQT_0_CA-QC,1
2035,HST_0_US-FL,1.275862
2035,IESO_0_CA-ON,0
2035,IID_0_US-AZ,1.218888
2035,IID_0_US-CA,1.218888
2035,IPCO_0_US-ID,1.267027
2035,IPCO_0_US-NV,1.267027
2035,IPCO_0_US-OR,1.267027
2035,IPCO_0_US-UT,1.267027
2035,ISNE_4001_US-ME,1.243766
2035,ISNE_4002_US-ME,1.26117
2035,ISNE_4002_US-NH,1.26117
2035,ISNE_4002_US-VT,1.26117
2035,ISNE_4003_US-NH,1.518059
2035,ISNE_4003_US-NY,1.518059
2035,ISNE_4003_US-VT,1.518059
2035,ISNE_4004_US-CT,1.362993
2035,ISNE_4005_US-MA,1.271935
2035,ISNE_4005_US-RI,1.271935
2035,ISNE_4006_US-MA,1.477997
2035,ISNE_4006_US-RI,1.477997
2035,ISNE_4007_US-MA,1.471954
2035,ISNE_4007_US-NY,1.471954
2035,ISNE_4007_US-VT,1.471954
2035,ISNE_4008_US-MA,1.45613
2035,ISNE_4008_US-NH,1.45613
2035,JEA_0_US-FL,1.256778
2035,LDWP_0_US-AZ,1.173181
2035,LDWP_0_US-CA,1.173181
2035,LDWP_0_US-NV,1.173181
2035,LDWP_0_US-UT,1.173181
2035,LGEE_0_US-IN,1.117014
2035,LGEE_0_US-KY,1.117014
2035,LGEE_0_US-VA,1.117014
2035,MHEB_0_CA-MB,0
2035,MISO_01_US-IA,1.49483
2035,MISO_01_US-IL,1.49483
2035,MISO_01_US-MI,1.49483
2035,MISO_01_US-MN,1.49483
2035,MISO_01_US-MT,1.49483
2035,MISO_01_US-ND,1.49483
2035,MISO_01_US-SD,1.49483
2035,MISO_01_US-WI,1.49483
2035,MISO_02_US-IA,1.359429
2035,MISO_02_US-IL,1.359429
2035,MISO_02_US-MI,1.359429
2035,MISO_02_US-MN,1.359429
2035,MISO_02_US-WI,1.359429
2035,MISO_03_US-IA,1.553699
2035,MISO_03_US-IL,1.553699
2035,MISO_03_US-MN,1.553699
2035,MISO_03_US-MO,1.553699
2035,MISO_03_US-SD,1.553699
2035,MISO_04_US-IL,1.43465
2035,MISO_04_US-KY,1.43465
2035,MISO_04_US-MO,1.43465
2035,MISO_05_US-IA,1.159815
2035,MISO_05_US-IL,1.159815
2035,MISO_05_US-MO,1.159815
2035,MISO_06_US-IL,1.213486
2035,MISO_06_US-IN,1.213486
2035,MISO_06_US-KY,1.213486
2035,MISO_06_US-OH,1.213486
2035,MISO_07_US-MI,1.236
2035,MISO_08_US-AR,1.143441
2035,MISO_08_US-MO,1.143441
2035,MISO_09_US-LA,1.245547
2035,MISO_09_US-TX,1.245547
2035,MISO_10_US-MS,1.196293
2035,MISO_10_US-TN,1.196293
2035,NBSO_0_CA-NB,4.976601
2035,NBSO_0_CA-PE,4.976601
2035,NBSO_0_US-ME,4.976601
2035,NEVP_0_US-CA,1.516512
2035,NEVP_0_US-NV,1.516512
2035,NEVP_0_US-OR,1.516512
2035,NSPI_0_CA-NS,4.976601
2035,NWMT_0_US-ID,1.335399
2035,NWMT_0_US-MT,1.335399
2035,NWMT_0_US-WY,1.335399
2035,NYIS_A_US-NY,1.309173
2035,NYIS_A_US-PA,1.309173
2035,NYIS_B_US-NY,1.293706
2035,NYIS_C_US-NY,1.294433
2035,NYIS_D_US-NY,1.27193
2035,NYIS_E_US-NY,1.287455
2035,NYIS_F_US-NY,1.28189
2035,NYIS_G_US-NJ,1.3219
2035,NYIS_G_US-NY,1.3219
2035,NYIS_G_US-PA,1.3219
2035,NYIS_H_US-NY,1.30219
2035,NYIS_I_US-NY,1.293079
2035,NYIS_J_US-NJ,1.232538
2035,NYIS_J_US-NY,1.232538
2035,NYIS_K_US-NY,1.233053
2035,PACE_0_US-AZ,1.444055
2035,PACE_0_US-CO,1.444055
2035,PACE_0_US-ID,1.444055
2035,PACE_0_US-MT,1.444055
2035,PACE_0_US-NV,1.444055
2035,PACE_0_US-UT,1.444055
2035,PACE_0_US-WY,1.444055
2035,PACW_0_US-CA,1.44877
2035,PACW_0_US-OR,1.44877
2035,PACW_0_US-WA,1.44877
2035,PGE_0_US-OR,1.496981
2035,PGE_0_US-WA,1.496981
2035,PJM_AE_US-NJ,1.399626
2035,PJM_AEP_US-IN,1.311702
2035,PJM_AEP_US-KY,1.311702
2035,PJM_AEP_US-MI,1.311702
2035,PJM_AEP_US-OH,1.311702
2035,PJM_AEP_US-TN,1.311702
2035,PJM_AEP_US-VA,1.311702
2035,PJM_AEP_US-WV,1.311702
2035,PJM_AP_US-MD,1.434339
2035,PJM_AP_US-OH,1.434339
2035,PJM_AP_US-PA,1.434339
2035,PJM_AP_US-VA,1.434339
2035,PJM_AP_US-WV,1.434339
2035,PJM_ATSI_US-OH,1.267973
2035,PJM_ATSI_US-PA,1.267973
2035,PJM_BC_US-MD,1.572839
2035,PJM_CE_US-IL,1.448972
2035,PJM_CE_US-IN,1.448972
2035,PJM_DAY_US-OH,1.237683
2035,PJM_DEOK_US-KY,1.268339
2035,PJM_DEOK_US-OH,1.268339
2035,PJM_DOM_US-NC,2.035085
2035,PJM_DOM_US-VA,2.035085
2035,PJM_DOM_US-WV,2.035085
2035,PJM_DPL_US-DE,1.555164
2035,PJM_DPL_US-MD,1.555164
2035,PJM_DPL_US-NJ,1.555164
2035,PJM_DPL_US-PA,1.555164
2035,PJM_DPL_US-VA,1.555164
2035,PJM_DUQ_US-PA,1.272958
2035,PJM_EKPC_US-KY,1.172402
2035,PJM_JC_US-NJ,1.351991
2035,PJM_JC_US-NY,1.351991
2035,PJM_ME_US-PA,1.250082
2035,PJM_PE_US-DE,1.244658
2035,PJM_PE_US-MD,1.244658
2035,PJM_PE_US-NJ,1.244658
2035,PJM_PE_US-PA,1.244658
2035,PJM_PEP_US-DC,0.791575
2035,PJM_PEP_US-MD,0.791575
2035,PJM_PEP_US-VA,0.791575
2035,PJM_PL_US-MD,1.231803
2035,PJM_PL_US-PA,1.231803
2035,PJM_PN_US-MD,1.192911
2035,PJM_PN_US-PA,1.192911
2035,PJM_PS_US-NJ,1.435215
2035,PJM_PS_US-PA,1.435215
2035,PJM_RECO_US-NJ,2.736486
2035,PNM_ACMA_US-NM,1
2035,PNM_CYGA_US-NM,1
2035,PNM_Frep_US-NM,1.071429
2035,PNM_Jica_US-NM,1
2035,PNM_KAFB_US-NM,1.014085
2035,PNM_KCEC_US-NM,1.015873
2035,PNM_LAC_US-NM,0.955056
2035,PNM_NTUA_US-NM,0
2035,PNM_PNM_US-NM,1.362022
2035,PNM_TSGT_US-AZ,0.639798
2035,PNM_TSGT_US-NM,0.639798
2035,PSCO_0_US-CO,1.641023
2035,PSCO_0_US-WY,1.641023
2035,PSEI_0_US-WA,2.016177
2035,SC_0_US-SC,1.19288
2035,SCEG_0_US-GA,1.132128
2035,SCEG_0_US-SC,1.132128
2035,SCL_0_US-WA,1.79607
2035,SEC_0_US-FL,0.994025
2035,SEPA_0_US-GA,1
2035,SEPA_0_US-SC,1
2035,SOCO_0_US-AL,1.239572
2035,SOCO_0_US-FL,1.239572
2035,SOCO_0_US-GA,1.239572
2035,SOCO_0_US-MS,1.239572
2035,SOCO_0_US-SC,1.239572
2035,SPA_0_US-AR,3.077778
2035,SPA_0_US-MO,3.077778
2035,SPA_0_US-OK,3.077778
2035,SPA_0_US-TX,3.077778
2035,SPC_0_CA-SK,0
2035,SRP_0_US-AZ,1.425479
2035,SWPP_CSWS_US-AR,1.264208
2035,SWPP_CSWS_US-LA,1.264208
2035,SWPP_CSWS_US-OK,1.264208
2035,SWPP_CSWS_US-TX,1.264208
2035,SWPP_EDE_US-AR,1.295844
2035,SWPP_EDE_US-KS,1.295844
2035,SWPP_EDE_US-MO,1.295844
2035,SWPP_EDE_US-OK,1.295844
2035,SWPP_GRDA_US-AR,0.803177
2035,SWPP_GRDA_US-KS,0.803177
2035,SWPP_GRDA_US-OK,0.803177
2035,SWPP_INDN_US-MO,1.220149
2035,SWPP_KACY_US-KS,1.18239
2035,SWPP_KCPL_US-KS,1.19528
2035,SWPP_KCPL_US-MO,1.19528
2035,SWPP_LES_US-NE,2.492773
2035,SWPP_MPS_US-MO,1.211488
2035,SWPP_NPPD_US-CO,1.713521
2035,SWPP_NPPD_US-NE,1.713521
2035,SWPP_NPPD_US-SD,1.713521
2035,SWPP_OKGE_US-AR,1.127515
2035,SWPP_OKGE_US-OK,1.127515
2035,SWPP_OKGE_US-TX,1.127515
2035,SWPP_OPPD_US-NE,2.492267
2035,SWPP_SECI_US-KS,1.379468
2035,SWPP_SPRM_US-MO,1.208995
2035,SWPP_SPS_US-CO,1.479817
2035,SWPP_SPS_US-KS,1.479817
2035,SWPP_SPS_US-NM,1.479817
2035,SWPP_SPS_US-OK,1.479817
2035,SWPP_SPS_US-TX,1.479817
2035,SWPP_WAUE_US-IA,1.083765
2035,SWPP_WAUE_US-MN,1.083765
2035,SWPP_WAUE_US-MT,1.083765
2035,SWPP_WAUE_US-ND,1.083765
2035,SWPP_WAUE_US-NE,1.083765
2035,SWPP_WAUE_US-SD,1.083765
2035,SWPP_WAUE_US-WY,1.083765
2035,SWPP_WFEC_US-KS,1.07334
2035,SWPP_WFEC_US-OK,1.07334
2035,SWPP_WFEC_US-TX,1.07334
2035,SWPP_WR_US-KS,0.911257
2035,SWPP_WR_US-MO,0.911257
2035,TAL_0_US-FL,1.202853
2035,TEC_0_US-FL,1.184169
2035,TEPC_0_MX-SON,1.381968
2035,TEPC_0_US-AZ,1.381968
2035,TEPC_0_US-NM,1.381968
2035,TIDC_0_US-CA,1.005908
2035,TPWR_0_US-WA,1.799587
2035,TVA_0_US-AL,1.244067
2035,TVA_0_US-GA,1.244067
2035,TVA_0_US-KY,1.244067
2035,TVA_0_US-MS,1.244067
2035,TVA_0_US-NC,1.244067
2035,TVA_0_US-TN,1.244067
2035,TVA_0_US-VA,1.244067
2035,WACM_0_US-AZ,1.894698
2035,WACM_0_US-CO,1.894698
2035,WACM_0_US-MT,1.894698
2035,WACM_0_US-NE,1.894698
2035,WACM_0_US-NM,1.894698
2035,WACM_0_US-SD,1.894698
2035,WACM_0_US-UT,1.894698
2035,WACM_0_US-WY,1.894698
2035,WALC_0_US-AZ,1.600593
2035,WALC_0_US-CA,1.600593
2035,WALC_0_US-NV,1.600593
2035,WAUW_0_US-MT,1.760638
2035,WWA_0_US-MT,1
2035,YAD_0_US-NC,1
2036,AEC_0_US-AL,0
2036,AEC_0_US-FL,0
2036,AECI_0_US-AR,0
2036,AECI_0_US-IA,0
2036,AECI_0_US-MO,0
2036,AECI_0_US-OK,0
2036,AESO_CENT_CA-AB,0
2036,AESO_CGY_CA-AB,0
2036,AESO_EDM_CA-AB,0
2036,AESO_NE_CA-AB,0
2036,AESO_NW_CA-AB,0
2036,AESO_NW_CA-BC,0
2036,AESO_SOUT_CA-AB,0
2036,AVA_0_US-ID,1.511354
2036,AVA_0_US-MT,1.511354
2036,AVA_0_US-OR,1.511354
2036,AVA_0_US-WA,1.511354
2036,AVRN_0_US-OR,1
2036,AVRN_0_US-WA,1
2036,AZPS_0_US-AZ,1.570678
2036,AZPS_0_US-CA,1.570678
2036,AZPS_0_US-NM,1.570678
2036,AZPS_0_US-NV,1.570678
2036,BANC_0_US-CA,1.206617
2036,BCHA_0_CA-BC,0
2036,BPAT_0_CA-BC,1.662254
2036,BPAT_0_US-CA,1.662254
2036,BPAT_0_US-ID,1.662254
2036,BPAT_0_US-MT,1.662254
2036,BPAT_0_US-OR,1.662254
2036,BPAT_0_US-WA,1.662254
2036,CEN_0_MX-COA,0
2036,CEN_0_MX-NLE,0
2036,CENB_0_MX-BCN,0
2036,CENB_0_MX-SON,0
2036,CHPD_0_US-WA,1.767347
2036,CISO_PGAE_US-CA,1.842874
2036,CISO_PGAE_US-OR,1.842874
2036,CISO_SCE_US-AZ,1.537268
2036,CISO_SCE_US-CA,1.537268
2036,CISO_SCE_US-NV,1.537268
2036,CISO_SDGE_MX-BCN,1.656123
2036,CISO_SDGE_US-AZ,1.656123
2036,CISO_SDGE_US-CA,1.656123
2036,CISO_VEA_US-NV,1.331126
2036,CPLE_0_US-NC,1.355921
2036,CPLE_0_US-SC,1.355921
2036,CPLW_0_US-NC,0.98506
2036,DEAA_0_US-AZ,1
2036,DOPD_0_US-WA,1.777302
2036,DUK_0_US-NC,1.305662
2036,DUK_0_US-SC,1.305662
2036,DUK_0_US-VA,1.305662
2036,EPE_0_US-NM,1.569201
2036,EPE_0_US-TX,1.569201
2036,ERCO_COAS_US-TX,1.5938
2036,ERCO_EAST_US-TX,2.316875
2036,ERCO_FWES_US-TX,1.546878
2036,ERCO_NCEN_US-TX,1.601684
2036,ERCO_NRTH_US-OK,1.756978
2036,ERCO_NRTH_US-TX,1.756978
2036,ERCO_SCEN_US-TX,1.682769
2036,ERCO_SOUT_US-TX,1.622116
2036,ERCO_WEST_US-TX,2.6465
2036,FMPP_0_US-FL,1.052488
2036,FPC_0_US-FL,1.007273
2036,FPL_0_US-FL,1.19359
2036,GCPD_0_US-WA,1.815206
2036,GLHB_0_US-IL,1
2036,GRID_0_US-NM,1
2036,GRID_0_US-OR,1
2036,GRID_0_US-WA,1
2036,GRIF_0_US-AZ,1
2036,GVL_0_US-FL,1.148673
2036,GWA_0_US-MT,1
2036,HGMA_0_US-AZ,1
2036,HQT_0_CA-NL,1
2036,HQT_0_CA-QC,1
2036,HST_0_US-FL,1.293103
2036,IESO_0_CA-ON,0
2036,IID_0_US-AZ,1.243601
2036,IID_0_US-CA,1.243601
2036,IPCO_0_US-ID,1.286698
2036,IPCO_0_US-NV,1.286698
2036,IPCO_0_US-OR,1.286698
2036,IPCO_0_US-UT,1.286698
2036,ISNE_4001_US-ME,1.268702
2036,ISNE_4002_US-ME,1.283509
2036,ISNE_4002_US-NH,1.283509
2036,ISNE_4002_US-VT,1.283509
2036,ISNE_4003_US-NH,1.553047
2036,ISNE_4003_US-NY,1.553047
2036,ISNE_4003_US-VT,1.553047
2036,ISNE_4004_US-CT,1.381004
2036,ISNE_4005_US-MA,1.293188
2036,ISNE_4005_US-RI,1.293188
2036,ISNE_4006_US-MA,1.506659
2036,ISNE_4006_US-RI,1.506659
2036,ISNE_4007_US-MA,1.500603
2036,ISNE_4007_US-NY,1.500603
2036,ISNE_4007_US-VT,1.500603
2036,ISNE_4008_US-MA,1.484483
2036,ISNE_4008_US-NH,1.484483
2036,JEA_0_US-FL,1.273431
2036,LDWP_0_US-AZ,1.196887
2036,LDWP_0_US-CA,1.196887
2036,LDWP_0_US-NV,1.196887
2036,LDWP_0_US-UT,1.196887
2036,LGEE_0_US-IN,1.130015
2036,LGEE_0_US-KY,1.130015
2036,LGEE_0_US-VA,1.130015
2036,MHEB_0_CA-MB,0
2036,MISO_01_US-IA,1.539431
2036,MISO_01_US-IL,1.539431
2036,MISO_01_US-MI,1.539431
2036,MISO_01_US-MN,1.539431
2036,MISO_01_US-MT,1.539431
2036,MISO_01_US-ND,1.539431
2036,MISO_01_US-SD,1.539431
2036,MISO_01_US-WI,1.539431
2036,MISO_02_US-IA,1.379184
2036,MISO_02_US-IL,1.379184
2036,MISO_02_US-MI,1.379184
2036,MISO_02_US-MN,1.379184
2036,MISO_02_US-WI,1.379184
2036,MISO_03_US-IA,1.606493
2036,MISO_03_US-IL,1.606493
2036,MISO_03_US-MN,1.606493
2036,MISO_03_US-MO,1.606493
2036,MISO_03_US-SD,1.606493
2036,MISO_04_US-IL,1.453273
2036,MISO_04_US-KY,1.453273
2036,MISO_04_US-MO,1.453273
2036,MISO_05_US-IA,1.176547
2036,MISO_05_US-IL,1.176547
2036,MISO_05_US-MO,1.176547
2036,MISO_06_US-IL,1.227574
2036,MISO_06_US-IN,1.227574
2036,MISO_06_US-KY,1.227574
2036,MISO_06_US-OH,1.227574
2036,MISO_07_US-MI,1.253405
2036,MISO_08_US-AR,1.155419
2036,MISO_08_US-MO,1.155419
2036,MISO_09_US-LA,1.258991
2036,MISO_09_US-TX,1.258991
2036,MISO_10_US-MS,1.210513
2036,MISO_10_US-TN,1.210513
2036,NBSO_0_CA-NB,5.076355
2036,NBSO_0_CA-PE,5.076355
2036,NBSO_0_US-ME,5.076355
2036,NEVP_0_US-CA,1.539596
2036,NEVP_0_US-NV,1.539596
2036,NEVP_0_US-OR,1.539596
2036,NSPI_0_CA-NS,5.076355
2036,NWMT_0_US-ID,1.363106
2036,NWMT_0_US-MT,1.363106
2036,NWMT_0_US-WY,1.363106
2036,NYIS_A_US-NY,1.327293
2036,NYIS_A_US-PA,1.327293
2036,NYIS_B_US-NY,1.311688
2036,NYIS_C_US-NY,1.312277
2036,NYIS_D_US-NY,1.289474
2036,NYIS_E_US-NY,1.305376
2036,NYIS_F_US-NY,1.299456
2036,NYIS_G_US-NJ,1.33993
2036,NYIS_G_US-NY,1.33993
2036,NYIS_G_US-PA,1.33993
2036,NYIS_H_US-NY,1.319708
2036,NYIS_I_US-NY,1.310734
2036,NYIS_J_US-NJ,1.249444
2036,NYIS_J_US-NY,1.249444
2036,NYIS_K_US-NY,1.250049
2036,PACE_0_US-AZ,1.472625
2036,PACE_0_US-CO,1.472625
2036,PACE_0_US-ID,1.472625
2036,PACE_0_US-MT,1.472625
2036,PACE_0_US-NV,1.472625
2036,PACE_0_US-UT,1.472625
2036,PACE_0_US-WY,1.472625
2036,PACW_0_US-CA,1.475028
2036,PACW_0_US-OR,1.475028
2036,PACW_0_US-WA,1.475028
2036,PGE_0_US-OR,1.524268
2036,PGE_0_US-WA,1.524268
2036,PJM_AE_US-NJ,1.426542
2036,PJM_AEP_US-IN,1.327279
2036,PJM_AEP_US-KY,1.327279
2036,PJM_AEP_US-MI,1.327279
2036,PJM_AEP_US-OH,1.327279
2036,PJM_AEP_US-TN,1.327279
2036,PJM_AEP_US-VA,1.327279
2036,PJM_AEP_US-WV,1.327279
2036,PJM_AP_US-MD,1.448758
2036,PJM_AP_US-OH,1.448758
2036,PJM_AP_US-PA,1.448758
2036,PJM_AP_US-VA,1.448758
2036,PJM_AP_US-WV,1.448758
2036,PJM_ATSI_US-OH,1.282114
2036,PJM_ATSI_US-PA,1.282114
2036,PJM_BC_US-MD,1.5976
2036,PJM_CE_US-IL,1.467742
2036,PJM_CE_US-IN,1.467742
2036,PJM_DAY_US-OH,1.251717
2036,PJM_DEOK_US-KY,1.282859
2036,PJM_DEOK_US-OH,1.282859
2036,PJM_DOM_US-NC,2.067389
2036,PJM_DOM_US-VA,2.067389
2036,PJM_DOM_US-WV,2.067389
2036,PJM_DPL_US-DE,1.577834
2036,PJM_DPL_US-MD,1.577834
2036,PJM_DPL_US-NJ,1.577834
2036,PJM_DPL_US-PA,1.577834
2036,PJM_DPL_US-VA,1.577834
2036,PJM_DUQ_US-PA,1.282759
2036,PJM_EKPC_US-KY,1.185744
2036,PJM_JC_US-NJ,1.378101
2036,PJM_JC_US-NY,1.378101
2036,PJM_ME_US-PA,1.259537
2036,PJM_PE_US-DE,1.254155
2036,PJM_PE_US-MD,1.254155
2036,PJM_PE_US-NJ,1.254155
2036,PJM_PE_US-PA,1.254155
2036,PJM_PEP_US-DC,0.804044
2036,PJM_PEP_US-MD,0.804044
2036,PJM_PEP_US-VA,0.804044
2036,PJM_PL_US-MD,1.241195
2036,PJM_PL_US-PA,1.241195
2036,PJM_PN_US-MD,1.202113
2036,PJM_PN_US-PA,1.202113
2036,PJM_PS_US-NJ,1.462937
2036,PJM_PS_US-PA,1.462937
2036,PJM_RECO_US-NJ,2.790541
2036,PNM_ACMA_US-NM,1
2036,PNM_CYGA_US-NM,1
2036,PNM_Frep_US-NM,1.095238
2036,PNM_Jica_US-NM,1
2036,PNM_KAFB_US-NM,1.042254
2036,PNM_KCEC_US-NM,1.031746
2036,PNM_LAC_US-NM,0.977528
2036,PNM_NTUA_US-NM,0
2036,PNM_PNM_US-NM,1.390583
2036,PNM_TSGT_US-AZ,0.652393
2036,PNM_TSGT_US-NM,0.652393
2036,PSCO_0_US-CO,1.672689
2036,PSCO_0_US-WY,1.672689
2036,PSEI_0_US-WA,2.051927
2036,SC_0_US-SC,1.206472
2036,SCEG_0_US-GA,1.144825
2036,SCEG_0_US-SC,1.144825
2036,SCL_0_US-WA,1.827934
2036,SEC_0_US-FL,1.007273
2036,SEPA_0_US-GA,1
2036,SEPA_0_US-SC,1
2036,SOCO_0_US-AL,1.256567
2036,SOCO_0_US-FL,1.256567
2036,SOCO_0_US-GA,1.256567
2036,SOCO_0_US-MS,1.256567
2036,SOCO_0_US-SC,1.256567
2036,SPA_0_US-AR,3.116667
2036,SPA_0_US-MO,3.116667
2036,SPA_0_US-OK,3.116667
2036,SPA_0_US-TX,3.116667
2036,SPC_0_CA-SK,0
2036,SRP_0_US-AZ,1.44882
2036,SWPP_CSWS_US-AR,1.282383
2036,SWPP_CSWS_US-LA,1.282383
2036,SWPP_CSWS_US-OK,1.282383
2036,SWPP_CSWS_US-TX,1.282383
2036,SWPP_EDE_US-AR,1.314588
2036,SWPP_EDE_US-KS,1.314588
2036,SWPP_EDE_US-MO,1.314588
2036,SWPP_EDE_US-OK,1.314588
2036,SWPP_GRDA_US-AR,0.815534
2036,SWPP_GRDA_US-KS,0.815534
2036,SWPP_GRDA_US-OK,0.815534
2036,SWPP_INDN_US-MO,1.238806
2036,SWPP_KACY_US-KS,1.197065
2036,SWPP_KCPL_US-KS,1.211295
2036,SWPP_KCPL_US-MO,1.211295
2036,SWPP_LES_US-NE,2.653088
2036,SWPP_MPS_US-MO,1.229243
2036,SWPP_NPPD_US-CO,1.823561
2036,SWPP_NPPD_US-NE,1.823561
2036,SWPP_NPPD_US-SD,1.823561
2036,SWPP_OKGE_US-AR,1.143787
2036,SWPP_OKGE_US-OK,1.143787
2036,SWPP_OKGE_US-TX,1.143787
2036,SWPP_OPPD_US-NE,2.652584
2036,SWPP_SECI_US-KS,1.395967
2036,SWPP_SPRM_US-MO,1.22619
2036,SWPP_SPS_US-CO,1.508676
2036,SWPP_SPS_US-KS,1.508676
2036,SWPP_SPS_US-NM,1.508676
2036,SWPP_SPS_US-OK,1.508676
2036,SWPP_SPS_US-TX,1.508676
2036,SWPP_WAUE_US-IA,1.124252
2036,SWPP_WAUE_US-MN,1.124252
2036,SWPP_WAUE_US-MT,1.124252
2036,SWPP_WAUE_US-ND,1.124252
2036,SWPP_WAUE_US-NE,1.124252
2036,SWPP_WAUE_US-SD,1.124252
2036,SWPP_WAUE_US-WY,1.124252
2036,SWPP_WFEC_US-KS,1.0894
2036,SWPP_WFEC_US-OK,1.0894
2036,SWPP_WFEC_US-TX,1.0894
2036,SWPP_WR_US-KS,0.922275
2036,SWPP_WR_US-MO,0.922275
2036,TAL_0_US-FL,1.2187
2036,TEC_0_US-FL,1.2
2036,TEPC_0_MX-SON,1.404508
2036,TEPC_0_US-AZ,1.404508
2036,TEPC_0_US-NM,1.404508
2036,TIDC_0_US-CA,1.026588
2036,TPWR_0_US-WA,1.831612
2036,TVA_0_US-AL,1.261042
2036,TVA_0_US-GA,1.261042
2036,TVA_0_US-KY,1.261042
2036,TVA_0_US-MS,1.261042
2036,TVA_0_US-NC,1.261042
2036,TVA_0_US-TN,1.261042
2036,TVA_0_US-VA,1.261042
2036,WACM_0_US-AZ,1.944558
2036,WACM_0_US-CO,1.944558
2036,WACM_0_US-MT,1.944558
2036,WACM_0_US-NE,1.944558
2036,WACM_0_US-NM,1.944558
2036,WACM_0_US-SD,1.944558
2036,WACM_0_US-UT,1.944558
2036,WACM_0_US-WY,1.944558
2036,WALC_0_US-AZ,1.628769
2036,WALC_0_US-CA,1.628769
2036,WALC_0_US-NV,1.628769
2036,WAUW_0_US-MT,1.792553
2036,WWA_0_US-MT,1
2036,YAD_0_US-NC,1
2037,AEC_0_US-AL,0
2037,AEC_0_US-FL,0
2037,AECI_0_US-AR,0
2037,AECI_0_US-IA,0
2037,AECI_0_US-MO,0
2037,AECI_0_US-OK,0
2037,AESO_CENT_CA-AB,0
2037,AESO_CGY_CA-AB,0
2037,AESO_EDM_CA-AB,0
2037,AESO_NE_CA-AB,0
2037,AESO_NW_CA-AB,0
2037,AESO_NW_CA-BC,0
2037,AESO_SOUT_CA-AB,0
2037,AVA_0_US-ID,1.537006
2037,AVA_0_US-MT,1.537006
2037,AVA_0_US-OR,1.537006
2037,AVA_0_US-WA,1.537006
2037,AVRN_0_US-OR,1
2037,AVRN_0_US-WA,1
2037,AZPS_0_US-AZ,1.596399
2037,AZPS_0_US-CA,1.596399
2037,AZPS_0_US-NM,1.596399
2037,AZPS_0_US-NV,1.596399
2037,BANC_0_US-CA,1.231081
2037,BCHA_0_CA-BC,0
2037,BPAT_0_CA-BC,1.69189
2037,BPAT_0_US-CA,1.69189
2037,BPAT_0_US-ID,1.69189
2037,BPAT_0_US-MT,1.69189
2037,BPAT_0_US-OR,1.69189
2037,BPAT_0_US-WA,1.69189
2037,CEN_0_MX-COA,0
2037,CEN_0_MX-NLE,0
2037,CENB_0_MX-BCN,0
2037,CENB_0_MX-SON,0
2037,CHPD_0_US-WA,1.797959
2037,CISO_PGAE_US-CA,1.880204
2037,CISO_PGAE_US-OR,1.880204
2037,CISO_SCE_US-AZ,1.568434
2037,CISO_SCE_US-CA,1.568434
2037,CISO_SCE_US-NV,1.568434
2037,CISO_SDGE_MX-BCN,1.689646
2037,CISO_SDGE_US-AZ,1.689646
2037,CISO_SDGE_US-CA,1.689646
2037,CISO_VEA_US-NV,1.350993
2037,CPLE_0_US-NC,1.374335
2037,CPLE_0_US-SC,1.374335
2037,CPLW_0_US-NC,0.999004
2037,DEAA_0_US-AZ,1
2037,DOPD_0_US-WA,1.809422
2037,DUK_0_US-NC,1.322846
2037,DUK_0_US-SC,1.322846
2037,DUK_0_US-VA,1.322846
2037,EPE_0_US-NM,1.599903
2037,EPE_0_US-TX,1.599903
2037,ERCO_COAS_US-TX,1.624176
2037,ERCO_EAST_US-TX,2.361042
2037,ERCO_FWES_US-TX,1.576296
2037,ERCO_NCEN_US-TX,1.63219
2037,ERCO_NRTH_US-OK,1.790664
2037,ERCO_NRTH_US-TX,1.790664
2037,ERCO_SCEN_US-TX,1.714823
2037,ERCO_SOUT_US-TX,1.652933
2037,ERCO_WEST_US-TX,2.697
2037,FMPP_0_US-FL,1.066358
2037,FPC_0_US-FL,1.020608
2037,FPL_0_US-FL,1.209486
2037,GCPD_0_US-WA,1.846885
2037,GLHB_0_US-IL,1
2037,GRID_0_US-NM,1
2037,GRID_0_US-OR,1
2037,GRID_0_US-WA,1
2037,GRIF_0_US-AZ,1
2037,GVL_0_US-FL,1.162832
2037,GWA_0_US-MT,1
2037,HGMA_0_US-AZ,1
2037,HQT_0_CA-NL,1
2037,HQT_0_CA-QC,1
2037,HST_0_US-FL,1.310345
2037,IESO_0_CA-ON,0
2037,IID_0_US-AZ,1.268314
2037,IID_0_US-CA,1.268314
2037,IPCO_0_US-ID,1.306614
2037,IPCO_0_US-NV,1.306614
2037,IPCO_0_US-OR,1.306614
2037,IPCO_0_US-UT,1.306614
2037,ISNE_4001_US-ME,1.294497
2037,ISNE_4002_US-ME,1.306661
2037,ISNE_4002_US-NH,1.306661
2037,ISNE_4002_US-VT,1.306661
2037,ISNE_4003_US-NH,1.589165
2037,ISNE_4003_US-NY,1.589165
2037,ISNE_4003_US-VT,1.589165
2037,ISNE_4004_US-CT,1.399169
2037,ISNE_4005_US-MA,1.314986
2037,ISNE_4005_US-RI,1.314986
2037,ISNE_4006_US-MA,1.53619
2037,ISNE_4006_US-RI,1.53619
2037,ISNE_4007_US-MA,1.529855
2037,ISNE_4007_US-NY,1.529855
2037,ISNE_4007_US-VT,1.529855
2037,ISNE_4008_US-MA,1.51341
2037,ISNE_4008_US-NH,1.51341
2037,JEA_0_US-FL,1.290473
2037,LDWP_0_US-AZ,1.221136
2037,LDWP_0_US-CA,1.221136
2037,LDWP_0_US-NV,1.221136
2037,LDWP_0_US-UT,1.221136
2037,LGEE_0_US-IN,1.143017
2037,LGEE_0_US-KY,1.143017
2037,LGEE_0_US-VA,1.143017
2037,MHEB_0_CA-MB,0
2037,MISO_01_US-IA,1.585317
2037,MISO_01_US-IL,1.585317
2037,MISO_01_US-MI,1.585317
2037,MISO_01_US-MN,1.585317
2037,MISO_01_US-MT,1.585317
2037,MISO_01_US-ND,1.585317
2037,MISO_01_US-SD,1.585317
2037,MISO_01_US-WI,1.585317
2037,MISO_02_US-IA,1.399265
2037,MISO_02_US-IL,1.399265
2037,MISO_02_US-MI,1.399265
2037,MISO_02_US-MN,1.399265
2037,MISO_02_US-WI,1.399265
2037,MISO_03_US-IA,1.661096
2037,MISO_03_US-IL,1.661096
2037,MISO_03_US-MN,1.661096
2037,MISO_03_US-MO,1.661096
2037,MISO_03_US-SD,1.661096
2037,MISO_04_US-IL,1.472009
2037,MISO_04_US-KY,1.472009
2037,MISO_04_US-MO,1.472009
2037,MISO_05_US-IA,1.193567
2037,MISO_05_US-IL,1.193567
2037,MISO_05_US-MO,1.193567
2037,MISO_06_US-IL,1.241902
2037,MISO_06_US-IN,1.241902
2037,MISO_06_US-KY,1.241902
2037,MISO_06_US-OH,1.241902
2037,MISO_07_US-MI,1.271027
2037,MISO_08_US-AR,1.167543
2037,MISO_08_US-MO,1.167543
2037,MISO_09_US-LA,1.272533
2037,MISO_09_US-TX,1.272533
2037,MISO_10_US-MS,1.224987
2037,MISO_10_US-TN,1.224987
2037,NBSO_0_CA-NB,5.178571
2037,NBSO_0_CA-PE,5.178571
2037,NBSO_0_US-ME,5.178571
2037,NEVP_0_US-CA,1.563108
2037,NEVP_0_US-NV,1.563108
2037,NEVP_0_US-OR,1.563108
2037,NSPI_0_CA-NS,5.178571
2037,NWMT_0_US-ID,1.391542
2037,NWMT_0_US-MT,1.391542
2037,NWMT_0_US-WY,1.391542
2037,NYIS_A_US-NY,1.345413
2037,NYIS_A_US-PA,1.345413
2037,NYIS_B_US-NY,1.32967
2037,NYIS_C_US-NY,1.330121
2037,NYIS_D_US-NY,1.307018
2037,NYIS_E_US-NY,1.323297
2037,NYIS_F_US-NY,1.31744
2037,NYIS_G_US-NJ,1.358399
2037,NYIS_G_US-NY,1.358399
2037,NYIS_G_US-PA,1.358399
2037,NYIS_H_US-NY,1.338686
2037,NYIS_I_US-NY,1.329096
2037,NYIS_J_US-NJ,1.266641
2037,NYIS_J_US-NY,1.266641
2037,NYIS_K_US-NY,1.26724
2037,PACE_0_US-AZ,1.50183
2037,PACE_0_US-CO,1.50183
2037,PACE_0_US-ID,1.50183
2037,PACE_0_US-MT,1.50183
2037,PACE_0_US-NV,1.50183
2037,PACE_0_US-UT,1.50183
2037,PACE_0_US-WY,1.50183
2037,PACW_0_US-CA,1.501836
2037,PACW_0_US-OR,1.501836
2037,PACW_0_US-WA,1.501836
2037,PGE_0_US-OR,1.552002
2037,PGE_0_US-WA,1.552002
2037,PJM_AE_US-NJ,1.454206
2037,PJM_AEP_US-IN,1.343082
2037,PJM_AEP_US-KY,1.343082
2037,PJM_AEP_US-MI,1.343082
2037,PJM_AEP_US-OH,1.343082
2037,PJM_AEP_US-TN,1.343082
2037,PJM_AEP_US-VA,1.343082
2037,PJM_AEP_US-WV,1.343082
2037,PJM_AP_US-MD,1.463287
2037,PJM_AP_US-OH,1.463287
2037,PJM_AP_US-PA,1.463287
2037,PJM_AP_US-VA,1.463287
2037,PJM_AP_US-WV,1.463287
2037,PJM_ATSI_US-OH,1.296413
2037,PJM_ATSI_US-PA,1.296413
2037,PJM_BC_US-MD,1.622664
2037,PJM_CE_US-IL,1.486748
2037,PJM_CE_US-IN,1.486748
2037,PJM_DAY_US-OH,1.266348
2037,PJM_DEOK_US-KY,1.297567
2037,PJM_DEOK_US-OH,1.297567
2037,PJM_DOM_US-NC,2.100229
2037,PJM_DOM_US-VA,2.100229
2037,PJM_DOM_US-WV,2.100229
2037,PJM_DPL_US-DE,1.600504
2037,PJM_DPL_US-MD,1.600504
2037,PJM_DPL_US-NJ,1.600504
2037,PJM_DPL_US-PA,1.600504
2037,PJM_DPL_US-VA,1.600504
2037,PJM_DUQ_US-PA,1.292559
2037,PJM_EKPC_US-KY,1.199438
2037,PJM_JC_US-NJ,1.4047
2037,PJM_JC_US-NY,1.4047
2037,PJM_ME_US-PA,1.269319
2037,PJM_PE_US-DE,1.263651
2037,PJM_PE_US-MD,1.263651
2037,PJM_PE_US-NJ,1.263651
2037,PJM_PE_US-PA,1.263651
2037,PJM_PEP_US-DC,0.816681
2037,PJM_PEP_US-MD,0.816681
2037,PJM_PEP_US-VA,0.816681
2037,PJM_PL_US-MD,1.250587
2037,PJM_PL_US-PA,1.250587
2037,PJM_PN_US-MD,1.211316
2037,PJM_PN_US-PA,1.211316
2037,PJM_PS_US-NJ,1.491157
2037,PJM_PS_US-PA,1.491157
2037,PJM_RECO_US-NJ,2.844595
2037,PNM_ACMA_US-NM,1
2037,PNM_CYGA_US-NM,1
2037,PNM_Frep_US-NM,1.119048
2037,PNM_Jica_US-NM,1
2037,PNM_KAFB_US-NM,1.056338
2037,PNM_KCEC_US-NM,1.063492
2037,PNM_LAC_US-NM,1
2037,PNM_NTUA_US-NM,0
2037,PNM_PNM_US-NM,1.419915
2037,PNM_TSGT_US-AZ,0.664987
2037,PNM_TSGT_US-NM,0.664987
2037,PSCO_0_US-CO,1.704963
2037,PSCO_0_US-WY,1.704963
2037,PSEI_0_US-WA,2.088276
2037,SC_0_US-SC,1.220065
2037,SCEG_0_US-GA,1.157951
2037,SCEG_0_US-SC,1.157951
2037,SCL_0_US-WA,1.860329
2037,SEC_0_US-FL,1.020608
2037,SEPA_0_US-GA,1
2037,SEPA_0_US-SC,1
2037,SOCO_0_US-AL,1.273784
2037,SOCO_0_US-FL,1.273784
2037,SOCO_0_US-GA,1.273784
2037,SOCO_0_US-MS,1.273784
2037,SOCO_0_US-SC,1.273784
2037,SPA_0_US-AR,3.155556
2037,SPA_0_US-MO,3.155556
2037,SPA_0_US-OK,3.155556
2037,SPA_0_US-TX,3.155556
2037,SPC_0_CA-SK,0
2037,SRP_0_US-AZ,1.472552
2037,SWPP_CSWS_US-AR,1.300767
2037,SWPP_CSWS_US-LA,1.300767
2037,SWPP_CSWS_US-OK,1.300767
2037,SWPP_CSWS_US-TX,1.300767
2037,SWPP_EDE_US-AR,1.332518
2037,SWPP_EDE_US-KS,1.332518
2037,SWPP_EDE_US-MO,1.332518
2037,SWPP_EDE_US-OK,1.332518
2037,SWPP_GRDA_US-AR,0.827008
2037,SWPP_GRDA_US-KS,0.827008
2037,SWPP_GRDA_US-OK,0.827008
2037,SWPP_INDN_US-MO,1.253731
2037,SWPP_KACY_US-KS,1.209644
2037,SWPP_KCPL_US-KS,1.227311
2037,SWPP_KCPL_US-MO,1.227311
2037,SWPP_LES_US-NE,2.823916
2037,SWPP_MPS_US-MO,1.246997
2037,SWPP_NPPD_US-CO,1.940562
2037,SWPP_NPPD_US-NE,1.940562
2037,SWPP_NPPD_US-SD,1.940562
2037,SWPP_OKGE_US-AR,1.160355
2037,SWPP_OKGE_US-OK,1.160355
2037,SWPP_OKGE_US-TX,1.160355
2037,SWPP_OPPD_US-NE,2.823086
2037,SWPP_SECI_US-KS,1.413382
2037,SWPP_SPRM_US-MO,1.244709
2037,SWPP_SPS_US-CO,1.538082
2037,SWPP_SPS_US-KS,1.538082
2037,SWPP_SPS_US-NM,1.538082
2037,SWPP_SPS_US-OK,1.538082
2037,SWPP_SPS_US-TX,1.538082
2037,SWPP_WAUE_US-IA,1.166334
2037,SWPP_WAUE_US-MN,1.166334
2037,SWPP_WAUE_US-MT,1.166334
2037,SWPP_WAUE_US-ND,1.166334
2037,SWPP_WAUE_US-NE,1.166334
2037,SWPP_WAUE_US-SD,1.166334
2037,SWPP_WAUE_US-WY,1.166334
2037,SWPP_WFEC_US-KS,1.104925
2037,SWPP_WFEC_US-OK,1.104925
2037,SWPP_WFEC_US-TX,1.104925
2037,SWPP_WR_US-KS,0.933294
2037,SWPP_WR_US-MO,0.933294
2037,TAL_0_US-FL,1.234548
2037,TEC_0_US-FL,1.215831
2037,TEPC_0_MX-SON,1.427775
2037,TEPC_0_US-AZ,1.427775
2037,TEPC_0_US-NM,1.427775
2037,TIDC_0_US-CA,1.047267
2037,TPWR_0_US-WA,1.863636
2037,TVA_0_US-AL,1.278247
2037,TVA_0_US-GA,1.278247
2037,TVA_0_US-KY,1.278247
2037,TVA_0_US-MS,1.278247
2037,TVA_0_US-NC,1.278247
2037,TVA_0_US-TN,1.278247
2037,TVA_0_US-VA,1.278247
2037,WACM_0_US-AZ,1.995721
2037,WACM_0_US-CO,1.995721
2037,WACM_0_US-MT,1.995721
2037,WACM_0_US-NE,1.995721
2037,WACM_0_US-NM,1.995721
2037,WACM_0_US-SD,1.995721
2037,WACM_0_US-UT,1.995721
2037,WACM_0_US-WY,1.995721
2037,WALC_0_US-AZ,1.657439
2037,WALC_0_US-CA,1.657439
2037,WALC_0_US-NV,1.657439
2037,WAUW_0_US-MT,1.829787
2037,WWA_0_US-MT,1
2037,YAD_0_US-NC,1
2038,AEC_0_US-AL,0
2038,AEC_0_US-FL,0
2038,AECI_0_US-AR,0
2038,AECI_0_US-IA,0
2038,AECI_0_US-MO,0
2038,AECI_0_US-OK,0
2038,AESO_CENT_CA-AB,0
2038,AESO_CGY_CA-AB,0
2038,AESO_EDM_CA-AB,0
2038,AESO_NE_CA-AB,0
2038,AESO_NW_CA-AB,0
2038,AESO_NW_CA-BC,0
2038,AESO_SOUT_CA-AB,0
2038,AVA_0_US-ID,1.562658
2038,AVA_0_US-MT,1.562658
2038,AVA_0_US-OR,1.562658
2038,AVA_0_US-WA,1.562658
2038,AVRN_0_US-OR,1
2038,AVRN_0_US-WA,1
2038,AZPS_0_US-AZ,1.622548
2038,AZPS_0_US-CA,1.622548
2038,AZPS_0_US-NM,1.622548
2038,AZPS_0_US-NV,1.622548
2038,BANC_0_US-CA,1.256072
2038,BCHA_0_CA-BC,0
2038,BPAT_0_CA-BC,1.72192
2038,BPAT_0_US-CA,1.72192
2038,BPAT_0_US-ID,1.72192
2038,BPAT_0_US-MT,1.72192
2038,BPAT_0_US-OR,1.72192
2038,BPAT_0_US-WA,1.72192
2038,CEN_0_MX-COA,0
2038,CEN_0_MX-NLE,0
2038,CENB_0_MX-BCN,0
2038,CENB_0_MX-SON,0
2038,CHPD_0_US-WA,1.830612
2038,CISO_PGAE_US-CA,1.918285
2038,CISO_PGAE_US-OR,1.918285
2038,CISO_SCE_US-AZ,1.600158
2038,CISO_SCE_US-CA,1.600158
2038,CISO_SCE_US-NV,1.600158
2038,CISO_SDGE_MX-BCN,1.723709
2038,CISO_SDGE_US-AZ,1.723709
2038,CISO_SDGE_US-CA,1.723709
2038,CISO_VEA_US-NV,1.370861
2038,CPLE_0_US-NC,1.392913
2038,CPLE_0_US-SC,1.392913
2038,CPLW_0_US-NC,1.012948
2038,DEAA_0_US-AZ,1
2038,DOPD_0_US-WA,1.841542
2038,DUK_0_US-NC,1.340276
2038,DUK_0_US-SC,1.340276
2038,DUK_0_US-VA,1.340276
2038,EPE_0_US-NM,1.630604
2038,EPE_0_US-TX,1.630604
2038,ERCO_COAS_US-TX,1.655081
2038,ERCO_EAST_US-TX,2.406042
2038,ERCO_FWES_US-TX,1.606349
2038,ERCO_NCEN_US-TX,1.663277
2038,ERCO_NRTH_US-OK,1.824832
2038,ERCO_NRTH_US-TX,1.824832
2038,ERCO_SCEN_US-TX,1.747555
2038,ERCO_SOUT_US-TX,1.68441
2038,ERCO_WEST_US-TX,2.74825
2038,FMPP_0_US-FL,1.080772
2038,FPC_0_US-FL,1.034202
2038,FPL_0_US-FL,1.225576
2038,GCPD_0_US-WA,1.87962
2038,GLHB_0_US-IL,1
2038,GRID_0_US-NM,1
2038,GRID_0_US-OR,1
2038,GRID_0_US-WA,1
2038,GRIF_0_US-AZ,1
2038,GVL_0_US-FL,1.178761
2038,GWA_0_US-MT,1
2038,HGMA_0_US-AZ,1
2038,HQT_0_CA-NL,1
2038,HQT_0_CA-QC,1
2038,HST_0_US-FL,1.327586
2038,IESO_0_CA-ON,0
2038,IID_0_US-AZ,1.29391
2038,IID_0_US-CA,1.29391
2038,IPCO_0_US-ID,1.327022
2038,IPCO_0_US-NV,1.327022
2038,IPCO_0_US-OR,1.327022
2038,IPCO_0_US-UT,1.327022
2038,ISNE_4001_US-ME,1.320722
2038,ISNE_4002_US-ME,1.329813
2038,ISNE_4002_US-NH,1.329813
2038,ISNE_4002_US-VT,1.329813
2038,ISNE_4003_US-NH,1.625282
2038,ISNE_4003_US-NY,1.625282
2038,ISNE_4003_US-VT,1.625282
2038,ISNE_4004_US-CT,1.417642
2038,ISNE_4005_US-MA,1.33733
2038,ISNE_4005_US-RI,1.33733
2038,ISNE_4006_US-MA,1.56601
2038,ISNE_4006_US-RI,1.56601
2038,ISNE_4007_US-MA,1.55971
2038,ISNE_4007_US-NY,1.55971
2038,ISNE_4007_US-VT,1.55971
2038,ISNE_4008_US-MA,1.543103
2038,ISNE_4008_US-NH,1.543103
2038,JEA_0_US-FL,1.307514
2038,LDWP_0_US-AZ,1.245928
2038,LDWP_0_US-CA,1.245928
2038,LDWP_0_US-NV,1.245928
2038,LDWP_0_US-UT,1.245928
2038,LGEE_0_US-IN,1.156298
2038,LGEE_0_US-KY,1.156298
2038,LGEE_0_US-VA,1.156298
2038,MHEB_0_CA-MB,0
2038,MISO_01_US-IA,1.632609
2038,MISO_01_US-IL,1.632609
2038,MISO_01_US-MI,1.632609
2038,MISO_01_US-MN,1.632609
2038,MISO_01_US-MT,1.632609
2038,MISO_01_US-ND,1.632609
2038,MISO_01_US-SD,1.632609
2038,MISO_01_US-WI,1.632609
2038,MISO_02_US-IA,1.419592
2038,MISO_02_US-IL,1.419592
2038,MISO_02_US-MI,1.419592
2038,MISO_02_US-MN,1.419592
2038,MISO_02_US-WI,1.419592
2038,MISO_03_US-IA,1.717509
2038,MISO_03_US-IL,1.717509
2038,MISO_03_US-MN,1.717509
2038,MISO_03_US-MO,1.717509
2038,MISO_03_US-SD,1.717509
2038,MISO_04_US-IL,1.491084
2038,MISO_04_US-KY,1.491084
2038,MISO_04_US-MO,1.491084
2038,MISO_05_US-IA,1.210876
2038,MISO_05_US-IL,1.210876
2038,MISO_05_US-MO,1.210876
2038,MISO_06_US-IL,1.256352
2038,MISO_06_US-IN,1.256352
2038,MISO_06_US-KY,1.256352
2038,MISO_06_US-OH,1.256352
2038,MISO_07_US-MI,1.288919
2038,MISO_08_US-AR,1.179667
2038,MISO_08_US-MO,1.179667
2038,MISO_09_US-LA,1.286269
2038,MISO_09_US-TX,1.286269
2038,MISO_10_US-MS,1.239716
2038,MISO_10_US-TN,1.239716
2038,NBSO_0_CA-NB,5.283251
2038,NBSO_0_CA-PE,5.283251
2038,NBSO_0_US-ME,5.283251
2038,NEVP_0_US-CA,1.58694
2038,NEVP_0_US-NV,1.58694
2038,NEVP_0_US-OR,1.58694
2038,NSPI_0_CA-NS,5.283251
2038,NWMT_0_US-ID,1.420707
2038,NWMT_0_US-MT,1.420707
2038,NWMT_0_US-WY,1.420707
2038,NYIS_A_US-NY,1.363911
2038,NYIS_A_US-PA,1.363911
2038,NYIS_B_US-NY,1.347652
2038,NYIS_C_US-NY,1.34868
2038,NYIS_D_US-NY,1.325815
2038,NYIS_E_US-NY,1.341219
2038,NYIS_F_US-NY,1.335425
2038,NYIS_G_US-NJ,1.376869
2038,NYIS_G_US-NY,1.376869
2038,NYIS_G_US-PA,1.376869
2038,NYIS_H_US-NY,1.356204
2038,NYIS_I_US-NY,1.346751
2038,NYIS_J_US-NJ,1.284031
2038,NYIS_J_US-NY,1.284031
2038,NYIS_K_US-NY,1.284626
2038,PACE_0_US-AZ,1.531593
2038,PACE_0_US-CO,1.531593
2038,PACE_0_US-ID,1.531593
2038,PACE_0_US-MT,1.531593
2038,PACE_0_US-NV,1.531593
2038,PACE_0_US-UT,1.531593
2038,PACE_0_US-WY,1.531593
2038,PACW_0_US-CA,1.529012
2038,PACW_0_US-OR,1.529012
2038,PACW_0_US-WA,1.529012
2038,PGE_0_US-OR,1.580183
2038,PGE_0_US-WA,1.580183
2038,PJM_AE_US-NJ,1.482243
2038,PJM_AEP_US-IN,1.359021
2038,PJM_AEP_US-KY,1.359021
2038,PJM_AEP_US-MI,1.359021
2038,PJM_AEP_US-OH,1.359021
2038,PJM_AEP_US-TN,1.359021
2038,PJM_AEP_US-VA,1.359021
2038,PJM_AEP_US-WV,1.359021
2038,PJM_AP_US-MD,1.477928
2038,PJM_AP_US-OH,1.477928
2038,PJM_AP_US-PA,1.477928
2038,PJM_AP_US-VA,1.477928
2038,PJM_AP_US-WV,1.477928
2038,PJM_ATSI_US-OH,1.310871
2038,PJM_ATSI_US-PA,1.310871
2038,PJM_BC_US-MD,1.648185
2038,PJM_CE_US-IL,1.505989
2038,PJM_CE_US-IN,1.505989
2038,PJM_DAY_US-OH,1.280681
2038,PJM_DEOK_US-KY,1.312276
2038,PJM_DEOK_US-OH,1.312276
2038,PJM_DOM_US-NC,2.133558
2038,PJM_DOM_US-VA,2.133558
2038,PJM_DOM_US-WV,2.133558
2038,PJM_DPL_US-DE,1.623929
2038,PJM_DPL_US-MD,1.623929
2038,PJM_DPL_US-NJ,1.623929
2038,PJM_DPL_US-PA,1.623929
2038,PJM_DPL_US-VA,1.623929
2038,PJM_DUQ_US-PA,1.302359
2038,PJM_EKPC_US-KY,1.213132
2038,PJM_JC_US-NJ,1.431789
2038,PJM_JC_US-NY,1.431789
2038,PJM_ME_US-PA,1.278774
2038,PJM_PE_US-DE,1.273267
2038,PJM_PE_US-MD,1.273267
2038,PJM_PE_US-NJ,1.273267
2038,PJM_PE_US-PA,1.273267
2038,PJM_PEP_US-DC,0.829486
2038,PJM_PEP_US-MD,0.829486
2038,PJM_PEP_US-VA,0.829486
2038,PJM_PL_US-MD,1.26011
2038,PJM_PL_US-PA,1.26011
2038,PJM_PN_US-MD,1.220518
2038,PJM_PN_US-PA,1.220518
2038,PJM_PS_US-NJ,1.519972
2038,PJM_PS_US-PA,1.519972
2038,PJM_RECO_US-NJ,2.898649
2038,PNM_ACMA_US-NM,1
2038,PNM_CYGA_US-NM,1
2038,PNM_Frep_US-NM,1.142857
2038,PNM_Jica_US-NM,1.25
2038,PNM_KAFB_US-NM,1.084507
2038,PNM_KCEC_US-NM,1.079365
2038,PNM_LAC_US-NM,1.022472
2038,PNM_NTUA_US-NM,0
2038,PNM_PNM_US-NM,1.449633
2038,PNM_TSGT_US-AZ,0.680101
2038,PNM_TSGT_US-NM,0.680101
2038,PSCO_0_US-CO,1.737745
2038,PSCO_0_US-WY,1.737745
2038,PSEI_0_US-WA,2.125225
2038,SC_0_US-SC,1.233873
2038,SCEG_0_US-GA,1.170863
2038,SCEG_0_US-SC,1.170863
2038,SCL_0_US-WA,1.893255
2038,SEC_0_US-FL,1.034202
2038,SEPA_0_US-GA,1
2038,SEPA_0_US-SC,1
2038,SOCO_0_US-AL,1.291245
2038,SOCO_0_US-FL,1.291245
2038,SOCO_0_US-GA,1.291245
2038,SOCO_0_US-MS,1.291245
2038,SOCO_0_US-SC,1.291245
2038,SPA_0_US-AR,3.194444
2038,SPA_0_US-MO,3.194444
2038,SPA_0_US-OK,3.194444
2038,SPA_0_US-TX,3.194444
2038,SPC_0_CA-SK,0
2038,SRP_0_US-AZ,1.496805
2038,SWPP_CSWS_US-AR,1.319361
2038,SWPP_CSWS_US-LA,1.319361
2038,SWPP_CSWS_US-OK,1.319361
2038,SWPP_CSWS_US-TX,1.319361
2038,SWPP_EDE_US-AR,1.352078
2038,SWPP_EDE_US-KS,1.352078
2038,SWPP_EDE_US-MO,1.352078
2038,SWPP_EDE_US-OK,1.352078
2038,SWPP_GRDA_US-AR,0.839365
2038,SWPP_GRDA_US-KS,0.839365
2038,SWPP_GRDA_US-OK,0.839365
2038,SWPP_INDN_US-MO,1.272388
2038,SWPP_KACY_US-KS,1.224319
2038,SWPP_KCPL_US-KS,1.243889
2038,SWPP_KCPL_US-MO,1.243889
2038,SWPP_LES_US-NE,3.005256
2038,SWPP_MPS_US-MO,1.264752
2038,SWPP_NPPD_US-CO,2.065328
2038,SWPP_NPPD_US-NE,2.065328
2038,SWPP_NPPD_US-SD,2.065328
2038,SWPP_OKGE_US-AR,1.177219
2038,SWPP_OKGE_US-OK,1.177219
2038,SWPP_OKGE_US-TX,1.177219
2038,SWPP_OPPD_US-NE,3.004527
2038,SWPP_SECI_US-KS,1.429881
2038,SWPP_SPRM_US-MO,1.261905
2038,SWPP_SPS_US-CO,1.568037
2038,SWPP_SPS_US-KS,1.568037
2038,SWPP_SPS_US-NM,1.568037
2038,SWPP_SPS_US-OK,1.568037
2038,SWPP_SPS_US-TX,1.568037
2038,SWPP_WAUE_US-IA,1.210012
2038,SWPP_WAUE_US-MN,1.210012
2038,SWPP_WAUE_US-MT,1.210012
2038,SWPP_WAUE_US-ND,1.210012
2038,SWPP_WAUE_US-NE,1.210012
2038,SWPP_WAUE_US-SD,1.210012
2038,SWPP_WAUE_US-WY,1.210012
2038,SWPP_WFEC_US-KS,1.12152
2038,SWPP_WFEC_US-OK,1.12152
2038,SWPP_WFEC_US-TX,1.12152
2038,SWPP_WR_US-KS,0.94461
2038,SWPP_WR_US-MO,0.94461
2038,TAL_0_US-FL,1.251981
2038,TEC_0_US-FL,1.232107
2038,TEPC_0_MX-SON,1.451042
2038,TEPC_0_US-AZ,1.451042
2038,TEPC_0_US-NM,1.451042
2038,TIDC_0_US-CA,1.067947
2038,TPWR_0_US-WA,1.896694
2038,TVA_0_US-AL,1.295715
2038,TVA_0_US-GA,1.295715
2038,TVA_0_US-KY,1.295715
2038,TVA_0_US-MS,1.295715
2038,TVA_0_US-NC,1.295715
2038,TVA_0_US-TN,1.295715
2038,TVA_0_US-VA,1.295715
2038,WACM_0_US-AZ,2.048186
2038,WACM_0_US-CO,2.048186
2038,WACM_0_US-MT,2.048186
2038,WACM_0_US-NE,2.048186
2038,WACM_0_US-NM,2.048186
2038,WACM_0_US-SD,2.048186
2038,WACM_0_US-UT,2.048186
2038,WACM_0_US-WY,2.048186
2038,WALC_0_US-AZ,1.686604
2038,WALC_0_US-CA,1.686604
2038,WALC_0_US-NV,1.686604
2038,WAUW_0_US-MT,1.861702
2038,WWA_0_US-MT,1
2038,YAD_0_US-NC,1
2039,AEC_0_US-AL,0
2039,AEC_0_US-FL,0
2039,AECI_0_US-AR,0
2039,AECI_0_US-IA,0
2039,AECI_0_US-MO,0
2039,AECI_0_US-OK,0
2039,AESO_CENT_CA-AB,0
2039,AESO_CGY_CA-AB,0
2039,AESO_EDM_CA-AB,0
2039,AESO_NE_CA-AB,0
2039,AESO_NW_CA-AB,0
2039,AESO_NW_CA-BC,0
2039,AESO_SOUT_CA-AB,0
2039,AVA_0_US-ID,1.589151
2039,AVA_0_US-MT,1.589151
2039,AVA_0_US-OR,1.589151
2039,AVA_0_US-WA,1.589151
2039,AVRN_0_US-OR,1
2039,AVRN_0_US-WA,1
2039,AZPS_0_US-AZ,1.649127
2039,AZPS_0_US-CA,1.649127
2039,AZPS_0_US-NM,1.649127
2039,AZPS_0_US-NV,1.649127
2039,BANC_0_US-CA,1.281415
2039,BCHA_0_CA-BC,0
2039,BPAT_0_CA-BC,1.752544
2039,BPAT_0_US-CA,1.752544
2039,BPAT_0_US-ID,1.752544
2039,BPAT_0_US-MT,1.752544
2039,BPAT_0_US-OR,1.752544
2039,BPAT_0_US-WA,1.752544
2039,CEN_0_MX-COA,0
2039,CEN_0_MX-NLE,0
2039,CENB_0_MX-BCN,0
2039,CENB_0_MX-SON,0
2039,CHPD_0_US-WA,1.863265
2039,CISO_PGAE_US-CA,1.957166
2039,CISO_PGAE_US-OR,1.957166
2039,CISO_SCE_US-AZ,1.632582
2039,CISO_SCE_US-CA,1.632582
2039,CISO_SCE_US-NV,1.632582
2039,CISO_SDGE_MX-BCN,1.758583
2039,CISO_SDGE_US-AZ,1.758583
2039,CISO_SDGE_US-CA,1.758583
2039,CISO_VEA_US-NV,1.390728
2039,CPLE_0_US-NC,1.411736
2039,CPLE_0_US-SC,1.411736
2039,CPLW_0_US-NC,1.026892
2039,DEAA_0_US-AZ,1
2039,DOPD_0_US-WA,1.873662
2039,DUK_0_US-NC,1.357903
2039,DUK_0_US-SC,1.357903
2039,DUK_0_US-VA,1.357903
2039,EPE_0_US-NM,1.662281
2039,EPE_0_US-TX,1.662281
2039,ERCO_COAS_US-TX,1.686661
2039,ERCO_EAST_US-TX,2.451875
2039,ERCO_FWES_US-TX,1.637037
2039,ERCO_NCEN_US-TX,1.694986
2039,ERCO_NRTH_US-OK,1.85948
2039,ERCO_NRTH_US-TX,1.85948
2039,ERCO_SCEN_US-TX,1.780813
2039,ERCO_SOUT_US-TX,1.716546
2039,ERCO_WEST_US-TX,2.80075
2039,FMPP_0_US-FL,1.094914
2039,FPC_0_US-FL,1.04797
2039,FPL_0_US-FL,1.241891
2039,GCPD_0_US-WA,1.913411
2039,GLHB_0_US-IL,1
2039,GRID_0_US-NM,1
2039,GRID_0_US-OR,1
2039,GRID_0_US-WA,1
2039,GRIF_0_US-AZ,1
2039,GVL_0_US-FL,1.19469
2039,GWA_0_US-MT,1
2039,HGMA_0_US-AZ,1
2039,HQT_0_CA-NL,1
2039,HQT_0_CA-QC,1
2039,HST_0_US-FL,1.344828
2039,IESO_0_CA-ON,0
2039,IID_0_US-AZ,1.320388
2039,IID_0_US-CA,1.320388
2039,IPCO_0_US-ID,1.347676
2039,IPCO_0_US-NV,1.347676
2039,IPCO_0_US-OR,1.347676
2039,IPCO_0_US-UT,1.347676
2039,ISNE_4001_US-ME,1.347377
2039,ISNE_4002_US-ME,1.353777
2039,ISNE_4002_US-NH,1.353777
2039,ISNE_4002_US-VT,1.353777
2039,ISNE_4003_US-NH,1.662528
2039,ISNE_4003_US-NY,1.662528
2039,ISNE_4003_US-VT,1.662528
2039,ISNE_4004_US-CT,1.436422
2039,ISNE_4005_US-MA,1.359673
2039,ISNE_4005_US-RI,1.359673
2039,ISNE_4006_US-MA,1.596699
2039,ISNE_4006_US-RI,1.596699
2039,ISNE_4007_US-MA,1.589867
2039,ISNE_4007_US-NY,1.589867
2039,ISNE_4007_US-VT,1.589867
2039,ISNE_4008_US-MA,1.57318
2039,ISNE_4008_US-NH,1.57318
2039,JEA_0_US-FL,1.324942
2039,LDWP_0_US-AZ,1.271263
2039,LDWP_0_US-CA,1.271263
2039,LDWP_0_US-NV,1.271263
2039,LDWP_0_US-UT,1.271263
2039,LGEE_0_US-IN,1.169719
2039,LGEE_0_US-KY,1.169719
2039,LGEE_0_US-VA,1.169719
2039,MHEB_0_CA-MB,0
2039,MISO_01_US-IA,1.681248
2039,MISO_01_US-IL,1.681248
2039,MISO_01_US-MI,1.681248
2039,MISO_01_US-MN,1.681248
2039,MISO_01_US-MT,1.681248
2039,MISO_01_US-ND,1.681248
2039,MISO_01_US-SD,1.681248
2039,MISO_01_US-WI,1.681248
2039,MISO_02_US-IA,1.440245
2039,MISO_02_US-IL,1.440245
2039,MISO_02_US-MI,1.440245
2039,MISO_02_US-MN,1.440245
2039,MISO_02_US-WI,1.440245
2039,MISO_03_US-IA,1.775945
2039,MISO_03_US-IL,1.775945
2039,MISO_03_US-MN,1.775945
2039,MISO_03_US-MO,1.775945
2039,MISO_03_US-SD,1.775945
2039,MISO_04_US-IL,1.510497
2039,MISO_04_US-KY,1.510497
2039,MISO_04_US-MO,1.510497
2039,MISO_05_US-IA,1.228328
2039,MISO_05_US-IL,1.228328
2039,MISO_05_US-MO,1.228328
2039,MISO_06_US-IL,1.270921
2039,MISO_06_US-IN,1.270921
2039,MISO_06_US-KY,1.270921
2039,MISO_06_US-OH,1.270921
2039,MISO_07_US-MI,1.307081
2039,MISO_08_US-AR,1.192083
2039,MISO_08_US-MO,1.192083
2039,MISO_09_US-LA,1.300102
2039,MISO_09_US-TX,1.300102
2039,MISO_10_US-MS,1.254444
2039,MISO_10_US-TN,1.254444
2039,NBSO_0_CA-NB,5.389163
2039,NBSO_0_CA-PE,5.389163
2039,NBSO_0_US-ME,5.389163
2039,NEVP_0_US-CA,1.6112
2039,NEVP_0_US-NV,1.6112
2039,NEVP_0_US-OR,1.6112
2039,NSPI_0_CA-NS,5.389163
2039,NWMT_0_US-ID,1.450237
2039,NWMT_0_US-MT,1.450237
2039,NWMT_0_US-WY,1.450237
2039,NYIS_A_US-NY,1.382786
2039,NYIS_A_US-PA,1.382786
2039,NYIS_B_US-NY,1.366134
2039,NYIS_C_US-NY,1.366881
2039,NYIS_D_US-NY,1.343358
2039,NYIS_E_US-NY,1.359857
2039,NYIS_F_US-NY,1.353827
2039,NYIS_G_US-NJ,1.395778
2039,NYIS_G_US-NY,1.395778
2039,NYIS_G_US-PA,1.395778
2039,NYIS_H_US-NY,1.375182
2039,NYIS_I_US-NY,1.365113
2039,NYIS_J_US-NJ,1.30171
2039,NYIS_J_US-NY,1.30171
2039,NYIS_K_US-NY,1.302207
2039,PACE_0_US-AZ,1.561913
2039,PACE_0_US-CO,1.561913
2039,PACE_0_US-ID,1.561913
2039,PACE_0_US-MT,1.561913
2039,PACE_0_US-NV,1.561913
2039,PACE_0_US-UT,1.561913
2039,PACE_0_US-WY,1.561913
2039,PACW_0_US-CA,1.556739
2039,PACW_0_US-OR,1.556739
2039,PACW_0_US-WA,1.556739
2039,PGE_0_US-OR,1.608812
2039,PGE_0_US-WA,1.608812
2039,PJM_AE_US-NJ,1.510654
2039,PJM_AEP_US-IN,1.375187
2039,PJM_AEP_US-KY,1.375187
2039,PJM_AEP_US-MI,1.375187
2039,PJM_AEP_US-OH,1.375187
2039,PJM_AEP_US-TN,1.375187
2039,PJM_AEP_US-VA,1.375187
2039,PJM_AEP_US-WV,1.375187
2039,PJM_AP_US-MD,1.492791
2039,PJM_AP_US-OH,1.492791
2039,PJM_AP_US-PA,1.492791
2039,PJM_AP_US-VA,1.492791
2039,PJM_AP_US-WV,1.492791
2039,PJM_ATSI_US-OH,1.325565
2039,PJM_ATSI_US-PA,1.325565
2039,PJM_BC_US-MD,1.674009
2039,PJM_CE_US-IL,1.525514
2039,PJM_CE_US-IN,1.525514
2039,PJM_DAY_US-OH,1.295312
2039,PJM_DEOK_US-KY,1.327362
2039,PJM_DEOK_US-OH,1.327362
2039,PJM_DOM_US-NC,2.167472
2039,PJM_DOM_US-VA,2.167472
2039,PJM_DOM_US-WV,2.167472
2039,PJM_DPL_US-DE,1.647355
2039,PJM_DPL_US-MD,1.647355
2039,PJM_DPL_US-NJ,1.647355
2039,PJM_DPL_US-PA,1.647355
2039,PJM_DPL_US-VA,1.647355
2039,PJM_DUQ_US-PA,1.31216
2039,PJM_EKPC_US-KY,1.226826
2039,PJM_JC_US-NJ,1.459367
2039,PJM_JC_US-NY,1.459367
2039,PJM_ME_US-PA,1.288556
2039,PJM_PE_US-DE,1.282882
2039,PJM_PE_US-MD,1.282882
2039,PJM_PE_US-NJ,1.282882
2039,PJM_PE_US-PA,1.282882
2039,PJM_PEP_US-DC,0.84246
2039,PJM_PEP_US-MD,0.84246
2039,PJM_PEP_US-VA,0.84246
2039,PJM_PL_US-MD,1.269763
2039,PJM_PL_US-PA,1.269763
2039,PJM_PN_US-MD,1.229721
2039,PJM_PN_US-PA,1.229721
2039,PJM_PS_US-NJ,1.549384
2039,PJM_PS_US-PA,1.549384
2039,PJM_RECO_US-NJ,2.952703
2039,PNM_ACMA_US-NM,1
2039,PNM_CYGA_US-NM,1
2039,PNM_Frep_US-NM,1.166667
2039,PNM_Jica_US-NM,1.25
2039,PNM_KAFB_US-NM,1.098592
2039,PNM_KCEC_US-NM,1.111111
2039,PNM_LAC_US-NM,1.044944
2039,PNM_NTUA_US-NM,0
2039,PNM_PNM_US-NM,1.480124
2039,PNM_TSGT_US-AZ,0.692695
2039,PNM_TSGT_US-NM,0.692695
2039,PSCO_0_US-CO,1.771339
2039,PSCO_0_US-WY,1.771339
2039,PSEI_0_US-WA,2.162772
2039,SC_0_US-SC,1.247896
2039,SCEG_0_US-GA,1.184205
2039,SCEG_0_US-SC,1.184205
2039,SCL_0_US-WA,1.926713
2039,SEC_0_US-FL,1.04797
2039,SEPA_0_US-GA,1
2039,SEPA_0_US-SC,1
2039,SOCO_0_US-AL,1.30895
2039,SOCO_0_US-FL,1.30895
2039,SOCO_0_US-GA,1.30895
2039,SOCO_0_US-MS,1.30895
2039,SOCO_0_US-SC,1.30895
2039,SPA_0_US-AR,3.238889
2039,SPA_0_US-MO,3.238889
2039,SPA_0_US-OK,3.238889
2039,SPA_0_US-TX,3.238889
2039,SPC_0_CA-SK,0
2039,SRP_0_US-AZ,1.52132
2039,SWPP_CSWS_US-AR,1.338271
2039,SWPP_CSWS_US-LA,1.338271
2039,SWPP_CSWS_US-OK,1.338271
2039,SWPP_CSWS_US-TX,1.338271
2039,SWPP_EDE_US-AR,1.370823
2039,SWPP_EDE_US-KS,1.370823
2039,SWPP_EDE_US-MO,1.370823
2039,SWPP_EDE_US-OK,1.370823
2039,SWPP_GRDA_US-AR,0.852604
2039,SWPP_GRDA_US-KS,0.852604
2039,SWPP_GRDA_US-OK,0.852604
2039,SWPP_INDN_US-MO,1.291045
2039,SWPP_KACY_US-KS,1.238994
2039,SWPP_KCPL_US-KS,1.260466
2039,SWPP_KCPL_US-MO,1.260466
2039,SWPP_LES_US-NE,3.198423
2039,SWPP_MPS_US-MO,1.283029
2039,SWPP_NPPD_US-CO,2.197858
2039,SWPP_NPPD_US-NE,2.197858
2039,SWPP_NPPD_US-SD,2.197858
2039,SWPP_OKGE_US-AR,1.194231
2039,SWPP_OKGE_US-OK,1.194231
2039,SWPP_OKGE_US-TX,1.194231
2039,SWPP_OPPD_US-NE,3.197661
2039,SWPP_SECI_US-KS,1.447296
2039,SWPP_SPRM_US-MO,1.280423
2039,SWPP_SPS_US-CO,1.598539
2039,SWPP_SPS_US-KS,1.598539
2039,SWPP_SPS_US-NM,1.598539
2039,SWPP_SPS_US-OK,1.598539
2039,SWPP_SPS_US-TX,1.598539
2039,SWPP_WAUE_US-IA,1.255285
2039,SWPP_WAUE_US-MN,1.255285
2039,SWPP_WAUE_US-MT,1.255285
2039,SWPP_WAUE_US-ND,1.255285
2039,SWPP_WAUE_US-NE,1.255285
2039,SWPP_WAUE_US-SD,1.255285
2039,SWPP_WAUE_US-WY,1.255285
2039,SWPP_WFEC_US-KS,1.138116
2039,SWPP_WFEC_US-OK,1.138116
2039,SWPP_WFEC_US-TX,1.138116
2039,SWPP_WR_US-KS,0.956075
2039,SWPP_WR_US-MO,0.956075
2039,TAL_0_US-FL,1.267829
2039,TEC_0_US-FL,1.248384
2039,TEPC_0_MX-SON,1.474794
2039,TEPC_0_US-AZ,1.474794
2039,TEPC_0_US-NM,1.474794
2039,TIDC_0_US-CA,1.090103
2039,TPWR_0_US-WA,1.930785
2039,TVA_0_US-AL,1.313382
2039,TVA_0_US-GA,1.313382
2039,TVA_0_US-KY,1.313382
2039,TVA_0_US-MS,1.313382
2039,TVA_0_US-NC,1.313382
2039,TVA_0_US-TN,1.313382
2039,TVA_0_US-VA,1.313382
2039,WACM_0_US-AZ,2.10214
2039,WACM_0_US-CO,2.10214
2039,WACM_0_US-MT,2.10214
2039,WACM_0_US-NE,2.10214
2039,WACM_0_US-NM,2.10214
2039,WACM_0_US-SD,2.10214
2039,WACM_0_US-UT,2.10214
2039,WACM_0_US-WY,2.10214
2039,WALC_0_US-AZ,1.716263
2039,WALC_0_US-CA,1.716263
2039,WALC_0_US-NV,1.716263
2039,WAUW_0_US-MT,1.898936
2039,WWA_0_US-MT,1
2039,YAD_0_US-NC,1
2040,AEC_0_US-AL,0
2040,AEC_0_US-FL,0
2040,AECI_0_US-AR,0
2040,AECI_0_US-IA,0
2040,AECI_0_US-MO,0
2040,AECI_0_US-OK,0
2040,AESO_CENT_CA-AB,0
2040,AESO_CGY_CA-AB,0
2040,AESO_EDM_CA-AB,0
2040,AESO_NE_CA-AB,0
2040,AESO_NW_CA-AB,0
2040,AESO_NW_CA-BC,0
2040,AESO_SOUT_CA-AB,0
2040,AVA_0_US-ID,1.616064
2040,AVA_0_US-MT,1.616064
2040,AVA_0_US-OR,1.616064
2040,AVA_0_US-WA,1.616064
2040,AVRN_0_US-OR,1
2040,AVRN_0_US-WA,1
2040,AZPS_0_US-AZ,1.676133
2040,AZPS_0_US-CA,1.676133
2040,AZPS_0_US-NM,1.676133
2040,AZPS_0_US-NV,1.676133
2040,BANC_0_US-CA,1.307462
2040,BCHA_0_CA-BC,0
2040,BPAT_0_CA-BC,1.78376
2040,BPAT_0_US-CA,1.78376
2040,BPAT_0_US-ID,1.78376
2040,BPAT_0_US-MT,1.78376
2040,BPAT_0_US-OR,1.78376
2040,BPAT_0_US-WA,1.78376
2040,CEN_0_MX-COA,0
2040,CEN_0_MX-NLE,0
2040,CENB_0_MX-BCN,0
2040,CENB_0_MX-SON,0
2040,CHPD_0_US-WA,1.895918
2040,CISO_PGAE_US-CA,1.996797
2040,CISO_PGAE_US-OR,1.996797
2040,CISO_SCE_US-AZ,1.665657
2040,CISO_SCE_US-CA,1.665657
2040,CISO_SCE_US-NV,1.665657
2040,CISO_SDGE_MX-BCN,1.794269
2040,CISO_SDGE_US-AZ,1.794269
2040,CISO_SDGE_US-CA,1.794269
2040,CISO_VEA_US-NV,1.410596
2040,CPLE_0_US-NC,1.430886
2040,CPLE_0_US-SC,1.430886
2040,CPLW_0_US-NC,1.040837
2040,DEAA_0_US-AZ,1
2040,DOPD_0_US-WA,1.907923
2040,DUK_0_US-NC,1.375775
2040,DUK_0_US-SC,1.375775
2040,DUK_0_US-VA,1.375775
2040,EPE_0_US-NM,1.694444
2040,EPE_0_US-TX,1.694444
2040,ERCO_COAS_US-TX,1.71877
2040,ERCO_EAST_US-TX,2.498542
2040,ERCO_FWES_US-TX,1.668148
2040,ERCO_NCEN_US-TX,1.727276
2040,ERCO_NRTH_US-OK,1.895091
2040,ERCO_NRTH_US-TX,1.895091
2040,ERCO_SCEN_US-TX,1.814748
2040,ERCO_SOUT_US-TX,1.749176
2040,ERCO_WEST_US-TX,2.854
2040,FMPP_0_US-FL,1.1096
2040,FPC_0_US-FL,1.06191
2040,FPL_0_US-FL,1.258431
2040,GCPD_0_US-WA,1.947202
2040,GLHB_0_US-IL,1
2040,GRID_0_US-NM,1
2040,GRID_0_US-OR,1
2040,GRID_0_US-WA,1
2040,GRIF_0_US-AZ,1
2040,GVL_0_US-FL,1.210619
2040,GWA_0_US-MT,1
2040,HGMA_0_US-AZ,1
2040,HQT_0_CA-NL,1
2040,HQT_0_CA-QC,1
2040,HST_0_US-FL,1.362069
2040,IESO_0_CA-ON,0
2040,IID_0_US-AZ,1.346867
2040,IID_0_US-CA,1.346867
2040,IPCO_0_US-ID,1.368576
2040,IPCO_0_US-NV,1.368576
2040,IPCO_0_US-OR,1.368576
2040,IPCO_0_US-UT,1.368576
2040,ISNE_4001_US-ME,1.374463
2040,ISNE_4002_US-ME,1.377742
2040,ISNE_4002_US-NH,1.377742
2040,ISNE_4002_US-VT,1.377742
2040,ISNE_4003_US-NH,1.700903
2040,ISNE_4003_US-NY,1.700903
2040,ISNE_4003_US-VT,1.700903
2040,ISNE_4004_US-CT,1.455357
2040,ISNE_4005_US-MA,1.382561
2040,ISNE_4005_US-RI,1.382561
2040,ISNE_4006_US-MA,1.627678
2040,ISNE_4006_US-RI,1.627678
2040,ISNE_4007_US-MA,1.620929
2040,ISNE_4007_US-NY,1.620929
2040,ISNE_4007_US-VT,1.620929
2040,ISNE_4008_US-MA,1.603831
2040,ISNE_4008_US-NH,1.603831
2040,JEA_0_US-FL,1.342758
2040,LDWP_0_US-AZ,1.29696
2040,LDWP_0_US-CA,1.29696
2040,LDWP_0_US-NV,1.29696
2040,LDWP_0_US-UT,1.29696
2040,LGEE_0_US-IN,1.18328
2040,LGEE_0_US-KY,1.18328
2040,LGEE_0_US-VA,1.18328
2040,MHEB_0_CA-MB,0
2040,MISO_01_US-IA,1.731416
2040,MISO_01_US-IL,1.731416
2040,MISO_01_US-MI,1.731416
2040,MISO_01_US-MN,1.731416
2040,MISO_01_US-MT,1.731416
2040,MISO_01_US-ND,1.731416
2040,MISO_01_US-SD,1.731416
2040,MISO_01_US-WI,1.731416
2040,MISO_02_US-IA,1.461143
2040,MISO_02_US-IL,1.461143
2040,MISO_02_US-MI,1.461143
2040,MISO_02_US-MN,1.461143
2040,MISO_02_US-WI,1.461143
2040,MISO_03_US-IA,1.836296
2040,MISO_03_US-IL,1.836296
2040,MISO_03_US-MN,1.836296
2040,MISO_03_US-MO,1.836296
2040,MISO_03_US-SD,1.836296
2040,MISO_04_US-IL,1.530023
2040,MISO_04_US-KY,1.530023
2040,MISO_04_US-MO,1.530023
2040,MISO_05_US-IA,1.24607
2040,MISO_05_US-IL,1.24607
2040,MISO_05_US-MO,1.24607
2040,MISO_06_US-IL,1.285731
2040,MISO_06_US-IN,1.285731
2040,MISO_06_US-KY,1.285731
2040,MISO_06_US-OH,1.285731
2040,MISO_07_US-MI,1.325459
2040,MISO_08_US-AR,1.204499
2040,MISO_08_US-MO,1.204499
2040,MISO_09_US-LA,1.314129
2040,MISO_09_US-TX,1.314129
2040,MISO_10_US-MS,1.269426
2040,MISO_10_US-TN,1.269426
2040,NBSO_0_CA-NB,5.497537
2040,NBSO_0_CA-PE,5.497537
2040,NBSO_0_US-ME,5.497537
2040,NEVP_0_US-CA,1.635781
2040,NEVP_0_US-NV,1.635781
2040,NEVP_0_US-OR,1.635781
2040,NSPI_0_CA-NS,5.497537
2040,NWMT_0_US-ID,1.480496
2040,NWMT_0_US-MT,1.480496
2040,NWMT_0_US-WY,1.480496
2040,NYIS_A_US-NY,1.401661
2040,NYIS_A_US-PA,1.401661
2040,NYIS_B_US-NY,1.385115
2040,NYIS_C_US-NY,1.385796
2040,NYIS_D_US-NY,1.362155
2040,NYIS_E_US-NY,1.378495
2040,NYIS_F_US-NY,1.372647
2040,NYIS_G_US-NJ,1.415128
2040,NYIS_G_US-NY,1.415128
2040,NYIS_G_US-PA,1.415128
2040,NYIS_H_US-NY,1.394161
2040,NYIS_I_US-NY,1.384181
2040,NYIS_J_US-NJ,1.319583
2040,NYIS_J_US-NY,1.319583
2040,NYIS_K_US-NY,1.32018
2040,PACE_0_US-AZ,1.59287
2040,PACE_0_US-CO,1.59287
2040,PACE_0_US-ID,1.59287
2040,PACE_0_US-MT,1.59287
2040,PACE_0_US-NV,1.59287
2040,PACE_0_US-UT,1.59287
2040,PACE_0_US-WY,1.59287
2040,PACW_0_US-CA,1.585017
2040,PACW_0_US-OR,1.585017
2040,PACW_0_US-WA,1.585017
2040,PGE_0_US-OR,1.638112
2040,PGE_0_US-WA,1.638112
2040,PJM_AE_US-NJ,1.539813
2040,PJM_AEP_US-IN,1.391535
2040,PJM_AEP_US-KY,1.391535
2040,PJM_AEP_US-MI,1.391535
2040,PJM_AEP_US-OH,1.391535
2040,PJM_AEP_US-TN,1.391535
2040,PJM_AEP_US-VA,1.391535
2040,PJM_AEP_US-WV,1.391535
2040,PJM_AP_US-MD,1.507764
2040,PJM_AP_US-OH,1.507764
2040,PJM_AP_US-PA,1.507764
2040,PJM_AP_US-VA,1.507764
2040,PJM_AP_US-WV,1.507764
2040,PJM_ATSI_US-OH,1.340338
2040,PJM_ATSI_US-PA,1.340338
2040,PJM_BC_US-MD,1.700289
2040,PJM_CE_US-IL,1.545274
2040,PJM_CE_US-IN,1.545274
2040,PJM_DAY_US-OH,1.310242
2040,PJM_DEOK_US-KY,1.342448
2040,PJM_DEOK_US-OH,1.342448
2040,PJM_DOM_US-NC,2.201874
2040,PJM_DOM_US-VA,2.201874
2040,PJM_DOM_US-WV,2.201874
2040,PJM_DPL_US-DE,1.671285
2040,PJM_DPL_US-MD,1.671285
2040,PJM_DPL_US-NJ,1.671285
2040,PJM_DPL_US-PA,1.671285
2040,PJM_DPL_US-VA,1.671285
2040,PJM_DUQ_US-PA,1.322323
2040,PJM_EKPC_US-KY,1.240871
2040,PJM_JC_US-NJ,1.487598
2040,PJM_JC_US-NY,1.487598
2040,PJM_ME_US-PA,1.298337
2040,PJM_PE_US-DE,1.292616
2040,PJM_PE_US-MD,1.292616
2040,PJM_PE_US-NJ,1.292616
2040,PJM_PE_US-PA,1.292616
2040,PJM_PEP_US-DC,0.855771
2040,PJM_PEP_US-MD,0.855771
2040,PJM_PEP_US-VA,0.855771
2040,PJM_PL_US-MD,1.279416
2040,PJM_PL_US-PA,1.279416
2040,PJM_PN_US-MD,1.239264
2040,PJM_PN_US-PA,1.239264
2040,PJM_PS_US-NJ,1.579293
2040,PJM_PS_US-PA,1.579293
2040,PJM_RECO_US-NJ,3.006757
2040,PNM_ACMA_US-NM,1
2040,PNM_CYGA_US-NM,1
2040,PNM_Frep_US-NM,1.190476
2040,PNM_Jica_US-NM,1.25
2040,PNM_KAFB_US-NM,1.126761
2040,PNM_KCEC_US-NM,1.126984
2040,PNM_LAC_US-NM,1.067416
2040,PNM_NTUA_US-NM,0
2040,PNM_PNM_US-NM,1.511
2040,PNM_TSGT_US-AZ,0.707809
2040,PNM_TSGT_US-NM,0.707809
2040,PSCO_0_US-CO,1.80544
2040,PSCO_0_US-WY,1.80544
2040,PSEI_0_US-WA,2.201118
2040,SC_0_US-SC,1.26192
2040,SCEG_0_US-GA,1.197547
2040,SCEG_0_US-SC,1.197547
2040,SCL_0_US-WA,1.960701
2040,SEC_0_US-FL,1.06191
2040,SEPA_0_US-GA,1
2040,SEPA_0_US-SC,1
2040,SOCO_0_US-AL,1.326899
2040,SOCO_0_US-FL,1.326899
2040,SOCO_0_US-GA,1.326899
2040,SOCO_0_US-MS,1.326899
2040,SOCO_0_US-SC,1.326899
2040,SPA_0_US-AR,3.277778
2040,SPA_0_US-MO,3.277778
2040,SPA_0_US-OK,3.277778
2040,SPA_0_US-TX,3.277778
2040,SPC_0_CA-SK,0
2040,SRP_0_US-AZ,1.546225
2040,SWPP_CSWS_US-AR,1.357496
2040,SWPP_CSWS_US-LA,1.357496
2040,SWPP_CSWS_US-OK,1.357496
2040,SWPP_CSWS_US-TX,1.357496
2040,SWPP_EDE_US-AR,1.390383
2040,SWPP_EDE_US-KS,1.390383
2040,SWPP_EDE_US-MO,1.390383
2040,SWPP_EDE_US-OK,1.390383
2040,SWPP_GRDA_US-AR,0.86496
2040,SWPP_GRDA_US-KS,0.86496
2040,SWPP_GRDA_US-OK,0.86496
2040,SWPP_INDN_US-MO,1.309701
2040,SWPP_KACY_US-KS,1.253669
2040,SWPP_KCPL_US-KS,1.277325
2040,SWPP_KCPL_US-MO,1.277325
2040,SWPP_LES_US-NE,3.403417
2040,SWPP_MPS_US-MO,1.301828
2040,SWPP_NPPD_US-CO,2.338956
2040,SWPP_NPPD_US-NE,2.338956
2040,SWPP_NPPD_US-SD,2.338956
2040,SWPP_OKGE_US-AR,1.211538
2040,SWPP_OKGE_US-OK,1.211538
2040,SWPP_OKGE_US-TX,1.211538
2040,SWPP_OPPD_US-NE,3.403244
2040,SWPP_SECI_US-KS,1.464711
2040,SWPP_SPRM_US-MO,1.298942
2040,SWPP_SPS_US-CO,1.629772
2040,SWPP_SPS_US-KS,1.629772
2040,SWPP_SPS_US-NM,1.629772
2040,SWPP_SPS_US-OK,1.629772
2040,SWPP_SPS_US-TX,1.629772
2040,SWPP_WAUE_US-IA,1.302353
2040,SWPP_WAUE_US-MN,1.302353
2040,SWPP_WAUE_US-MT,1.302353
2040,SWPP_WAUE_US-ND,1.302353
2040,SWPP_WAUE_US-NE,1.302353
2040,SWPP_WAUE_US-SD,1.302353
2040,SWPP_WAUE_US-WY,1.302353
2040,SWPP_WFEC_US-KS,1.154711
2040,SWPP_WFEC_US-OK,1.154711
2040,SWPP_WFEC_US-TX,1.154711
2040,SWPP_WR_US-KS,0.96754
2040,SWPP_WR_US-MO,0.96754
2040,TAL_0_US-FL,1.285261
2040,TEC_0_US-FL,1.265106
2040,TEPC_0_MX-SON,1.499031
2040,TEPC_0_US-AZ,1.499031
2040,TEPC_0_US-NM,1.499031
2040,TIDC_0_US-CA,1.11226
2040,TPWR_0_US-WA,1.964876
2040,TVA_0_US-AL,1.331312
2040,TVA_0_US-GA,1.331312
2040,TVA_0_US-KY,1.331312
2040,TVA_0_US-MS,1.331312
2040,TVA_0_US-NC,1.331312
2040,TVA_0_US-TN,1.331312
2040,TVA_0_US-VA,1.331312
2040,WACM_0_US-AZ,2.157395
2040,WACM_0_US-CO,2.157395
2040,WACM_0_US-MT,2.157395
2040,WACM_0_US-NE,2.157395
2040,WACM_0_US-NM,2.157395
2040,WACM_0_US-SD,2.157395
2040,WACM_0_US-UT,2.157395
2040,WACM_0_US-WY,2.157395
2040,WALC_0_US-AZ,1.746416
2040,WALC_0_US-CA,1.746416
2040,WALC_0_US-NV,1.746416
2040,WAUW_0_US-MT,1.93617
2040,WWA_0_US-MT,1
2040,YAD_0_US-NC,1
2041,AEC_0_US-AL,0
2041,AEC_0_US-FL,0
2041,AECI_0_US-AR,0
2041,AECI_0_US-IA,0
2041,AECI_0_US-MO,0
2041,AECI_0_US-OK,0
2041,AESO_CENT_CA-AB,0
2041,AESO_CGY_CA-AB,0
2041,AESO_EDM_CA-AB,0
2041,AESO_NE_CA-AB,0
2041,AESO_NW_CA-AB,0
2041,AESO_NW_CA-BC,0
2041,AESO_SOUT_CA-AB,0
2041,AVA_0_US-ID,1.641295
2041,AVA_0_US-MT,1.641295
2041,AVA_0_US-OR,1.641295
2041,AVA_0_US-WA,1.641295
2041,AVRN_0_US-OR,1
2041,AVRN_0_US-WA,1
2041,AZPS_0_US-AZ,1.702926
2041,AZPS_0_US-CA,1.702926
2041,AZPS_0_US-NM,1.702926
2041,AZPS_0_US-NV,1.702926
2041,BANC_0_US-CA,1.330869
2041,BCHA_0_CA-BC,0
2041,BPAT_0_CA-BC,1.812704
2041,BPAT_0_US-CA,1.812704
2041,BPAT_0_US-ID,1.812704
2041,BPAT_0_US-MT,1.812704
2041,BPAT_0_US-OR,1.812704
2041,BPAT_0_US-WA,1.812704
2041,CEN_0_MX-COA,0
2041,CEN_0_MX-NLE,0
2041,CENB_0_MX-BCN,0
2041,CENB_0_MX-SON,0
2041,CHPD_0_US-WA,1.926531
2041,CISO_PGAE_US-CA,2.032426
2041,CISO_PGAE_US-OR,2.032426
2041,CISO_SCE_US-AZ,1.695425
2041,CISO_SCE_US-CA,1.695425
2041,CISO_SCE_US-NV,1.695425
2041,CISO_SDGE_MX-BCN,1.826169
2041,CISO_SDGE_US-AZ,1.826169
2041,CISO_SDGE_US-CA,1.826169
2041,CISO_VEA_US-NV,1.430464
2041,CPLE_0_US-NC,1.450528
2041,CPLE_0_US-SC,1.450528
2041,CPLW_0_US-NC,1.055777
2041,DEAA_0_US-AZ,1
2041,DOPD_0_US-WA,1.937901
2041,DUK_0_US-NC,1.394239
2041,DUK_0_US-SC,1.394239
2041,DUK_0_US-VA,1.394239
2041,EPE_0_US-NM,1.725634
2041,EPE_0_US-TX,1.725634
2041,ERCO_COAS_US-TX,1.750734
2041,ERCO_EAST_US-TX,2.545
2041,ERCO_FWES_US-TX,1.699048
2041,ERCO_NCEN_US-TX,1.759373
2041,ERCO_NRTH_US-OK,1.930221
2041,ERCO_NRTH_US-TX,1.930221
2041,ERCO_SCEN_US-TX,1.848457
2041,ERCO_SOUT_US-TX,1.781641
2041,ERCO_WEST_US-TX,2.907
2041,FMPP_0_US-FL,1.122926
2041,FPC_0_US-FL,1.074725
2041,FPL_0_US-FL,1.27362
2041,GCPD_0_US-WA,1.978881
2041,GLHB_0_US-IL,1
2041,GRID_0_US-NM,1
2041,GRID_0_US-OR,1
2041,GRID_0_US-WA,1
2041,GRIF_0_US-AZ,1
2041,GVL_0_US-FL,1.224779
2041,GWA_0_US-MT,1
2041,HGMA_0_US-AZ,1
2041,HQT_0_CA-NL,1
2041,HQT_0_CA-QC,1
2041,HST_0_US-FL,1.37931
2041,IESO_0_CA-ON,0
2041,IID_0_US-AZ,1.370697
2041,IID_0_US-CA,1.370697
2041,IPCO_0_US-ID,1.388739
2041,IPCO_0_US-NV,1.388739
2041,IPCO_0_US-OR,1.388739
2041,IPCO_0_US-UT,1.388739
2041,ISNE_4001_US-ME,1.396389
2041,ISNE_4002_US-ME,1.397238
2041,ISNE_4002_US-NH,1.397238
2041,ISNE_4002_US-VT,1.397238
2041,ISNE_4003_US-NH,1.72912
2041,ISNE_4003_US-NY,1.72912
2041,ISNE_4003_US-VT,1.72912
2041,ISNE_4004_US-CT,1.472599
2041,ISNE_4005_US-MA,1.400545
2041,ISNE_4005_US-RI,1.400545
2041,ISNE_4006_US-MA,1.654603
2041,ISNE_4006_US-RI,1.654603
2041,ISNE_4007_US-MA,1.647768
2041,ISNE_4007_US-NY,1.647768
2041,ISNE_4007_US-VT,1.647768
2041,ISNE_4008_US-MA,1.630268
2041,ISNE_4008_US-NH,1.630268
2041,JEA_0_US-FL,1.359024
2041,LDWP_0_US-AZ,1.320123
2041,LDWP_0_US-CA,1.320123
2041,LDWP_0_US-NV,1.320123
2041,LDWP_0_US-UT,1.320123
2041,LGEE_0_US-IN,1.19698
2041,LGEE_0_US-KY,1.19698
2041,LGEE_0_US-VA,1.19698
2041,MHEB_0_CA-MB,0
2041,MISO_01_US-IA,1.776996
2041,MISO_01_US-IL,1.776996
2041,MISO_01_US-MI,1.776996
2041,MISO_01_US-MN,1.776996
2041,MISO_01_US-MT,1.776996
2041,MISO_01_US-ND,1.776996
2041,MISO_01_US-SD,1.776996
2041,MISO_01_US-WI,1.776996
2041,MISO_02_US-IA,1.478776
2041,MISO_02_US-IL,1.478776
2041,MISO_02_US-MI,1.478776
2041,MISO_02_US-MN,1.478776
2041,MISO_02_US-WI,1.478776
2041,MISO_03_US-IA,1.892496
2041,MISO_03_US-IL,1.892496
2041,MISO_03_US-MN,1.892496
2041,MISO_03_US-MO,1.892496
2041,MISO_03_US-SD,1.892496
2041,MISO_04_US-IL,1.547517
2041,MISO_04_US-KY,1.547517
2041,MISO_04_US-MO,1.547517
2041,MISO_05_US-IA,1.263522
2041,MISO_05_US-IL,1.263522
2041,MISO_05_US-MO,1.263522
2041,MISO_06_US-IL,1.299338
2041,MISO_06_US-IN,1.299338
2041,MISO_06_US-KY,1.299338
2041,MISO_06_US-OH,1.299338
2041,MISO_07_US-MI,1.339946
2041,MISO_08_US-AR,1.219252
2041,MISO_08_US-MO,1.219252
2041,MISO_09_US-LA,1.330729
2041,MISO_09_US-TX,1.330729
2041,MISO_10_US-MS,1.284916
2041,MISO_10_US-TN,1.284916
2041,NBSO_0_CA-NB,5.584975
2041,NBSO_0_CA-PE,5.584975
2041,NBSO_0_US-ME,5.584975
2041,NEVP_0_US-CA,1.659506
2041,NEVP_0_US-NV,1.659506
2041,NEVP_0_US-OR,1.659506
2041,NSPI_0_CA-NS,5.584975
2041,NWMT_0_US-ID,1.509661
2041,NWMT_0_US-MT,1.509661
2041,NWMT_0_US-WY,1.509661
2041,NYIS_A_US-NY,1.421669
2041,NYIS_A_US-PA,1.421669
2041,NYIS_B_US-NY,1.405095
2041,NYIS_C_US-NY,1.405782
2041,NYIS_D_US-NY,1.382206
2041,NYIS_E_US-NY,1.398566
2041,NYIS_F_US-NY,1.392304
2041,NYIS_G_US-NJ,1.435356
2041,NYIS_G_US-NY,1.435356
2041,NYIS_G_US-PA,1.435356
2041,NYIS_H_US-NY,1.414599
2041,NYIS_I_US-NY,1.403955
2041,NYIS_J_US-NJ,1.338518
2041,NYIS_J_US-NY,1.338518
2041,NYIS_K_US-NY,1.339129
2041,PACE_0_US-AZ,1.620643
2041,PACE_0_US-CO,1.620643
2041,PACE_0_US-ID,1.620643
2041,PACE_0_US-MT,1.620643
2041,PACE_0_US-NV,1.620643
2041,PACE_0_US-UT,1.620643
2041,PACE_0_US-WY,1.620643
2041,PACW_0_US-CA,1.610907
2041,PACW_0_US-OR,1.610907
2041,PACW_0_US-WA,1.610907
2041,PGE_0_US-OR,1.664952
2041,PGE_0_US-WA,1.664952
2041,PJM_AE_US-NJ,1.565607
2041,PJM_AEP_US-IN,1.407974
2041,PJM_AEP_US-KY,1.407974
2041,PJM_AEP_US-MI,1.407974
2041,PJM_AEP_US-OH,1.407974
2041,PJM_AEP_US-TN,1.407974
2041,PJM_AEP_US-VA,1.407974
2041,PJM_AEP_US-WV,1.407974
2041,PJM_AP_US-MD,1.525954
2041,PJM_AP_US-OH,1.525954
2041,PJM_AP_US-PA,1.525954
2041,PJM_AP_US-VA,1.525954
2041,PJM_AP_US-WV,1.525954
2041,PJM_ATSI_US-OH,1.354874
2041,PJM_ATSI_US-PA,1.354874
2041,PJM_BC_US-MD,1.725809
2041,PJM_CE_US-IL,1.563007
2041,PJM_CE_US-IN,1.563007
2041,PJM_DAY_US-OH,1.324276
2041,PJM_DEOK_US-KY,1.357156
2041,PJM_DEOK_US-OH,1.357156
2041,PJM_DOM_US-NC,2.23774
2041,PJM_DOM_US-VA,2.23774
2041,PJM_DOM_US-WV,2.23774
2041,PJM_DPL_US-DE,1.694458
2041,PJM_DPL_US-MD,1.694458
2041,PJM_DPL_US-NJ,1.694458
2041,PJM_DPL_US-PA,1.694458
2041,PJM_DPL_US-VA,1.694458
2041,PJM_DUQ_US-PA,1.336842
2041,PJM_EKPC_US-KY,1.254916
2041,PJM_JC_US-NJ,1.512565
2041,PJM_JC_US-NY,1.512565
2041,PJM_ME_US-PA,1.312357
2041,PJM_PE_US-DE,1.306624
2041,PJM_PE_US-MD,1.306624
2041,PJM_PE_US-NJ,1.306624
2041,PJM_PE_US-PA,1.306624
2041,PJM_PEP_US-DC,0.868576
2041,PJM_PEP_US-MD,0.868576
2041,PJM_PEP_US-VA,0.868576
2041,PJM_PL_US-MD,1.293243
2041,PJM_PL_US-PA,1.293243
2041,PJM_PN_US-MD,1.252897
2041,PJM_PN_US-PA,1.252897
2041,PJM_PS_US-NJ,1.605723
2041,PJM_PS_US-PA,1.605723
2041,PJM_RECO_US-NJ,3.060811
2041,PNM_ACMA_US-NM,1
2041,PNM_CYGA_US-NM,1
2041,PNM_Frep_US-NM,1.214286
2041,PNM_Jica_US-NM,1.25
2041,PNM_KAFB_US-NM,1.140845
2041,PNM_KCEC_US-NM,1.142857
2041,PNM_LAC_US-NM,1.089888
2041,PNM_NTUA_US-NM,0
2041,PNM_PNM_US-NM,1.536858
2041,PNM_TSGT_US-AZ,0.720403
2041,PNM_TSGT_US-NM,0.720403
2041,PSCO_0_US-CO,1.834467
2041,PSCO_0_US-WY,1.834467
2041,PSEI_0_US-WA,2.236669
2041,SC_0_US-SC,1.276807
2041,SCEG_0_US-GA,1.21175
2041,SCEG_0_US-SC,1.21175
2041,SCL_0_US-WA,1.992034
2041,SEC_0_US-FL,1.074725
2041,SEPA_0_US-GA,1
2041,SEPA_0_US-SC,1
2041,SOCO_0_US-AL,1.344959
2041,SOCO_0_US-FL,1.344959
2041,SOCO_0_US-GA,1.344959
2041,SOCO_0_US-MS,1.344959
2041,SOCO_0_US-SC,1.344959
2041,SPA_0_US-AR,3.322222
2041,SPA_0_US-MO,3.322222
2041,SPA_0_US-OK,3.322222
2041,SPA_0_US-TX,3.322222
2041,SPC_0_CA-SK,0
2041,SRP_0_US-AZ,1.57087
2041,SWPP_CSWS_US-AR,1.378716
2041,SWPP_CSWS_US-LA,1.378716
2041,SWPP_CSWS_US-OK,1.378716
2041,SWPP_CSWS_US-TX,1.378716
2041,SWPP_EDE_US-AR,1.409943
2041,SWPP_EDE_US-KS,1.409943
2041,SWPP_EDE_US-MO,1.409943
2041,SWPP_EDE_US-OK,1.409943
2041,SWPP_GRDA_US-AR,0.879082
2041,SWPP_GRDA_US-KS,0.879082
2041,SWPP_GRDA_US-OK,0.879082
2041,SWPP_INDN_US-MO,1.328358
2041,SWPP_KACY_US-KS,1.268344
2041,SWPP_KCPL_US-KS,1.293903
2041,SWPP_KCPL_US-MO,1.293903
2041,SWPP_LES_US-NE,3.580815
2041,SWPP_MPS_US-MO,1.320104
2041,SWPP_NPPD_US-CO,2.460776
2041,SWPP_NPPD_US-NE,2.460776
2041,SWPP_NPPD_US-SD,2.460776
2041,SWPP_OKGE_US-AR,1.231213
2041,SWPP_OKGE_US-OK,1.231213
2041,SWPP_OKGE_US-TX,1.231213
2041,SWPP_OPPD_US-NE,3.580536
2041,SWPP_SECI_US-KS,1.482126
2041,SWPP_SPRM_US-MO,1.31746
2041,SWPP_SPS_US-CO,1.659361
2041,SWPP_SPS_US-KS,1.659361
2041,SWPP_SPS_US-NM,1.659361
2041,SWPP_SPS_US-OK,1.659361
2041,SWPP_SPS_US-TX,1.659361
2041,SWPP_WAUE_US-IA,1.347028
2041,SWPP_WAUE_US-MN,1.347028
2041,SWPP_WAUE_US-MT,1.347028
2041,SWPP_WAUE_US-ND,1.347028
2041,SWPP_WAUE_US-NE,1.347028
2041,SWPP_WAUE_US-SD,1.347028
2041,SWPP_WAUE_US-WY,1.347028
2041,SWPP_WFEC_US-KS,1.173983
2041,SWPP_WFEC_US-OK,1.173983
2041,SWPP_WFEC_US-TX,1.173983
2041,SWPP_WR_US-KS,0.979005
2041,SWPP_WR_US-MO,0.979005
2041,TAL_0_US-FL,1.301109
2041,TEC_0_US-FL,1.280268
2041,TEPC_0_MX-SON,1.523025
2041,TEPC_0_US-AZ,1.523025
2041,TEPC_0_US-NM,1.523025
2041,TIDC_0_US-CA,1.132939
2041,TPWR_0_US-WA,1.996901
2041,TVA_0_US-AL,1.348088
2041,TVA_0_US-GA,1.348088
2041,TVA_0_US-KY,1.348088
2041,TVA_0_US-MS,1.348088
2041,TVA_0_US-NC,1.348088
2041,TVA_0_US-TN,1.348088
2041,TVA_0_US-VA,1.348088
2041,WACM_0_US-AZ,2.208372
2041,WACM_0_US-CO,2.208372
2041,WACM_0_US-MT,2.208372
2041,WACM_0_US-NE,2.208372
2041,WACM_0_US-NM,2.208372
2041,WACM_0_US-SD,2.208372
2041,WACM_0_US-UT,2.208372
2041,WACM_0_US-WY,2.208372
2041,WALC_0_US-AZ,1.775087
2041,WALC_0_US-CA,1.775087
2041,WALC_0_US-NV,1.775087
2041,WAUW_0_US-MT,1.973404
2041,WWA_0_US-MT,1
2041,YAD_0_US-NC,1
2042,AEC_0_US-AL,0
2042,AEC_0_US-FL,0
2042,AECI_0_US-AR,0
2042,AECI_0_US-IA,0
2042,AECI_0_US-MO,0
2042,AECI_0_US-OK,0
2042,AESO_CENT_CA-AB,0
2042,AESO_CGY_CA-AB,0
2042,AESO_EDM_CA-AB,0
2042,AESO_NE_CA-AB,0
2042,AESO_NW_CA-AB,0
2042,AESO_NW_CA-BC,0
2042,AESO_SOUT_CA-AB,0
2042,AVA_0_US-ID,1.666947
2042,AVA_0_US-MT,1.666947
2042,AVA_0_US-OR,1.666947
2042,AVA_0_US-WA,1.666947
2042,AVRN_0_US-OR,1
2042,AVRN_0_US-WA,1
2042,AZPS_0_US-AZ,1.730147
2042,AZPS_0_US-CA,1.730147
2042,AZPS_0_US-NM,1.730147
2042,AZPS_0_US-NV,1.730147
2042,BANC_0_US-CA,1.354629
2042,BCHA_0_CA-BC,0
2042,BPAT_0_CA-BC,1.842142
2042,BPAT_0_US-CA,1.842142
2042,BPAT_0_US-ID,1.842142
2042,BPAT_0_US-MT,1.842142
2042,BPAT_0_US-OR,1.842142
2042,BPAT_0_US-WA,1.842142
2042,CEN_0_MX-COA,0
2042,CEN_0_MX-NLE,0
2042,CENB_0_MX-BCN,0
2042,CENB_0_MX-SON,0
2042,CHPD_0_US-WA,1.957143
2042,CISO_PGAE_US-CA,2.068755
2042,CISO_PGAE_US-OR,2.068755
2042,CISO_SCE_US-AZ,1.725706
2042,CISO_SCE_US-CA,1.725706
2042,CISO_SCE_US-NV,1.725706
2042,CISO_SDGE_MX-BCN,1.858881
2042,CISO_SDGE_US-AZ,1.858881
2042,CISO_SDGE_US-CA,1.858881
2042,CISO_VEA_US-NV,1.450331
2042,CPLE_0_US-NC,1.470497
2042,CPLE_0_US-SC,1.470497
2042,CPLW_0_US-NC,1.069721
2042,DEAA_0_US-AZ,1
2042,DOPD_0_US-WA,1.970021
2042,DUK_0_US-NC,1.412949
2042,DUK_0_US-SC,1.412949
2042,DUK_0_US-VA,1.412949
2042,EPE_0_US-NM,1.75731
2042,EPE_0_US-TX,1.75731
2042,ERCO_COAS_US-TX,1.783276
2042,ERCO_EAST_US-TX,2.592292
2042,ERCO_FWES_US-TX,1.730794
2042,ERCO_NCEN_US-TX,1.79209
2042,ERCO_NRTH_US-OK,1.966314
2042,ERCO_NRTH_US-TX,1.966314
2042,ERCO_SCEN_US-TX,1.882844
2042,ERCO_SOUT_US-TX,1.814766
2042,ERCO_WEST_US-TX,2.961
2042,FMPP_0_US-FL,1.136524
2042,FPC_0_US-FL,1.087713
2042,FPL_0_US-FL,1.288969
2042,GCPD_0_US-WA,2.01056
2042,GLHB_0_US-IL,1
2042,GRID_0_US-NM,1
2042,GRID_0_US-OR,1
2042,GRID_0_US-WA,1
2042,GRIF_0_US-AZ,1
2042,GVL_0_US-FL,1.240708
2042,GWA_0_US-MT,1
2042,HGMA_0_US-AZ,1
2042,HQT_0_CA-NL,1
2042,HQT_0_CA-QC,1
2042,HST_0_US-FL,1.396552
2042,IESO_0_CA-ON,0
2042,IID_0_US-AZ,1.39541
2042,IID_0_US-CA,1.39541
2042,IPCO_0_US-ID,1.409393
2042,IPCO_0_US-NV,1.409393
2042,IPCO_0_US-OR,1.409393
2042,IPCO_0_US-UT,1.409393
2042,ISNE_4001_US-ME,1.418315
2042,ISNE_4002_US-ME,1.417141
2042,ISNE_4002_US-NH,1.417141
2042,ISNE_4002_US-VT,1.417141
2042,ISNE_4003_US-NH,1.757336
2042,ISNE_4003_US-NY,1.757336
2042,ISNE_4003_US-VT,1.757336
2042,ISNE_4004_US-CT,1.490148
2042,ISNE_4005_US-MA,1.418529
2042,ISNE_4005_US-RI,1.418529
2042,ISNE_4006_US-MA,1.682108
2042,ISNE_4006_US-RI,1.682108
2042,ISNE_4007_US-MA,1.67491
2042,ISNE_4007_US-NY,1.67491
2042,ISNE_4007_US-VT,1.67491
2042,ISNE_4008_US-MA,1.65728
2042,ISNE_4008_US-NH,1.65728
2042,JEA_0_US-FL,1.37529
2042,LDWP_0_US-AZ,1.343648
2042,LDWP_0_US-CA,1.343648
2042,LDWP_0_US-NV,1.343648
2042,LDWP_0_US-UT,1.343648
2042,LGEE_0_US-IN,1.210821
2042,LGEE_0_US-KY,1.210821
2042,LGEE_0_US-VA,1.210821
2042,MHEB_0_CA-MB,0
2042,MISO_01_US-IA,1.823861
2042,MISO_01_US-IL,1.823861
2042,MISO_01_US-MI,1.823861
2042,MISO_01_US-MN,1.823861
2042,MISO_01_US-MT,1.823861
2042,MISO_01_US-ND,1.823861
2042,MISO_01_US-SD,1.823861
2042,MISO_01_US-WI,1.823861
2042,MISO_02_US-IA,1.496653
2042,MISO_02_US-IL,1.496653
2042,MISO_02_US-MI,1.496653
2042,MISO_02_US-MN,1.496653
2042,MISO_02_US-WI,1.496653
2042,MISO_03_US-IA,1.950399
2042,MISO_03_US-IL,1.950399
2042,MISO_03_US-MN,1.950399
2042,MISO_03_US-MO,1.950399
2042,MISO_03_US-SD,1.950399
2042,MISO_04_US-IL,1.56535
2042,MISO_04_US-KY,1.56535
2042,MISO_04_US-MO,1.56535
2042,MISO_05_US-IA,1.281119
2042,MISO_05_US-IL,1.281119
2042,MISO_05_US-MO,1.281119
2042,MISO_06_US-IL,1.313064
2042,MISO_06_US-IN,1.313064
2042,MISO_06_US-KY,1.313064
2042,MISO_06_US-OH,1.313064
2042,MISO_07_US-MI,1.354595
2042,MISO_08_US-AR,1.234297
2042,MISO_08_US-MO,1.234297
2042,MISO_09_US-LA,1.347522
2042,MISO_09_US-TX,1.347522
2042,MISO_10_US-MS,1.30066
2042,MISO_10_US-TN,1.30066
2042,NBSO_0_CA-NB,5.673645
2042,NBSO_0_CA-PE,5.673645
2042,NBSO_0_US-ME,5.673645
2042,NEVP_0_US-CA,1.683552
2042,NEVP_0_US-NV,1.683552
2042,NEVP_0_US-OR,1.683552
2042,NSPI_0_CA-NS,5.673645
2042,NWMT_0_US-ID,1.539191
2042,NWMT_0_US-MT,1.539191
2042,NWMT_0_US-WY,1.539191
2042,NYIS_A_US-NY,1.442054
2042,NYIS_A_US-PA,1.442054
2042,NYIS_B_US-NY,1.425075
2042,NYIS_C_US-NY,1.425767
2042,NYIS_D_US-NY,1.401003
2042,NYIS_E_US-NY,1.418638
2042,NYIS_F_US-NY,1.41238
2042,NYIS_G_US-NJ,1.456025
2042,NYIS_G_US-NY,1.456025
2042,NYIS_G_US-PA,1.456025
2042,NYIS_H_US-NY,1.435036
2042,NYIS_I_US-NY,1.424435
2042,NYIS_J_US-NJ,1.357743
2042,NYIS_J_US-NY,1.357743
2042,NYIS_K_US-NY,1.358273
2042,PACE_0_US-AZ,1.648814
2042,PACE_0_US-CO,1.648814
2042,PACE_0_US-ID,1.648814
2042,PACE_0_US-MT,1.648814
2042,PACE_0_US-NV,1.648814
2042,PACE_0_US-UT,1.648814
2042,PACE_0_US-WY,1.648814
2042,PACW_0_US-CA,1.637349
2042,PACW_0_US-OR,1.637349
2042,PACW_0_US-WA,1.637349
2042,PGE_0_US-OR,1.692239
2042,PGE_0_US-WA,1.692239
2042,PJM_AE_US-NJ,1.591776
2042,PJM_AEP_US-IN,1.42464
2042,PJM_AEP_US-KY,1.42464
2042,PJM_AEP_US-MI,1.42464
2042,PJM_AEP_US-OH,1.42464
2042,PJM_AEP_US-TN,1.42464
2042,PJM_AEP_US-VA,1.42464
2042,PJM_AEP_US-WV,1.42464
2042,PJM_AP_US-MD,1.544366
2042,PJM_AP_US-OH,1.544366
2042,PJM_AP_US-PA,1.544366
2042,PJM_AP_US-VA,1.544366
2042,PJM_AP_US-WV,1.544366
2042,PJM_ATSI_US-OH,1.36949
2042,PJM_ATSI_US-PA,1.36949
2042,PJM_BC_US-MD,1.751633
2042,PJM_CE_US-IL,1.580928
2042,PJM_CE_US-IN,1.580928
2042,PJM_DAY_US-OH,1.338609
2042,PJM_DEOK_US-KY,1.371865
2042,PJM_DEOK_US-OH,1.371865
2042,PJM_DOM_US-NC,2.274191
2042,PJM_DOM_US-VA,2.274191
2042,PJM_DOM_US-WV,2.274191
2042,PJM_DPL_US-DE,1.718136
2042,PJM_DPL_US-MD,1.718136
2042,PJM_DPL_US-NJ,1.718136
2042,PJM_DPL_US-PA,1.718136
2042,PJM_DPL_US-VA,1.718136
2042,PJM_DUQ_US-PA,1.350998
2042,PJM_EKPC_US-KY,1.269312
2042,PJM_JC_US-NJ,1.537859
2042,PJM_JC_US-NY,1.537859
2042,PJM_ME_US-PA,1.326704
2042,PJM_PE_US-DE,1.320869
2042,PJM_PE_US-MD,1.320869
2042,PJM_PE_US-NJ,1.320869
2042,PJM_PE_US-PA,1.320869
2042,PJM_PEP_US-DC,0.88155
2042,PJM_PEP_US-MD,0.88155
2042,PJM_PEP_US-VA,0.88155
2042,PJM_PL_US-MD,1.307331
2042,PJM_PL_US-PA,1.307331
2042,PJM_PN_US-MD,1.26619
2042,PJM_PN_US-PA,1.26619
2042,PJM_PS_US-NJ,1.632651
2042,PJM_PS_US-PA,1.632651
2042,PJM_RECO_US-NJ,3.108108
2042,PNM_ACMA_US-NM,1
2042,PNM_CYGA_US-NM,1
2042,PNM_Frep_US-NM,1.22619
2042,PNM_Jica_US-NM,1.25
2042,PNM_KAFB_US-NM,1.169014
2042,PNM_KCEC_US-NM,1.174603
2042,PNM_LAC_US-NM,1.101124
2042,PNM_NTUA_US-NM,0
2042,PNM_PNM_US-NM,1.563103
2042,PNM_TSGT_US-AZ,0.732997
2042,PNM_TSGT_US-NM,0.732997
2042,PSCO_0_US-CO,1.864001
2042,PSCO_0_US-WY,1.864001
2042,PSEI_0_US-WA,2.272618
2042,SC_0_US-SC,1.291909
2042,SCEG_0_US-GA,1.225952
2042,SCEG_0_US-SC,1.225952
2042,SCL_0_US-WA,2.024429
2042,SEC_0_US-FL,1.087713
2042,SEPA_0_US-GA,1
2042,SEPA_0_US-SC,1
2042,SOCO_0_US-AL,1.363241
2042,SOCO_0_US-FL,1.363241
2042,SOCO_0_US-GA,1.363241
2042,SOCO_0_US-MS,1.363241
2042,SOCO_0_US-SC,1.363241
2042,SPA_0_US-AR,3.366667
2042,SPA_0_US-MO,3.366667
2042,SPA_0_US-OK,3.366667
2042,SPA_0_US-TX,3.366667
2042,SPC_0_CA-SK,0
2042,SRP_0_US-AZ,1.596036
2042,SWPP_CSWS_US-AR,1.400252
2042,SWPP_CSWS_US-LA,1.400252
2042,SWPP_CSWS_US-OK,1.400252
2042,SWPP_CSWS_US-TX,1.400252
2042,SWPP_EDE_US-AR,1.429503
2042,SWPP_EDE_US-KS,1.429503
2042,SWPP_EDE_US-MO,1.429503
2042,SWPP_EDE_US-OK,1.429503
2042,SWPP_GRDA_US-AR,0.894086
2042,SWPP_GRDA_US-KS,0.894086
2042,SWPP_GRDA_US-OK,0.894086
2042,SWPP_INDN_US-MO,1.347015
2042,SWPP_KACY_US-KS,1.285115
2042,SWPP_KCPL_US-KS,1.310761
2042,SWPP_KCPL_US-MO,1.310761
2042,SWPP_LES_US-NE,3.767411
2042,SWPP_MPS_US-MO,1.338381
2042,SWPP_NPPD_US-CO,2.589023
2042,SWPP_NPPD_US-NE,2.589023
2042,SWPP_NPPD_US-SD,2.589023
2042,SWPP_OKGE_US-AR,1.251183
2042,SWPP_OKGE_US-OK,1.251183
2042,SWPP_OKGE_US-TX,1.251183
2042,SWPP_OPPD_US-NE,3.767258
2042,SWPP_SECI_US-KS,1.499542
2042,SWPP_SPRM_US-MO,1.334656
2042,SWPP_SPS_US-CO,1.689315
2042,SWPP_SPS_US-KS,1.689315
2042,SWPP_SPS_US-NM,1.689315
2042,SWPP_SPS_US-OK,1.689315
2042,SWPP_SPS_US-TX,1.689315
2042,SWPP_WAUE_US-IA,1.393299
2042,SWPP_WAUE_US-MN,1.393299
2042,SWPP_WAUE_US-MT,1.393299
2042,SWPP_WAUE_US-ND,1.393299
2042,SWPP_WAUE_US-NE,1.393299
2042,SWPP_WAUE_US-SD,1.393299
2042,SWPP_WAUE_US-WY,1.393299
2042,SWPP_WFEC_US-KS,1.193255
2042,SWPP_WFEC_US-OK,1.193255
2042,SWPP_WFEC_US-TX,1.193255
2042,SWPP_WR_US-KS,0.990471
2042,SWPP_WR_US-MO,0.990471
2042,TAL_0_US-FL,1.316957
2042,TEC_0_US-FL,1.295652
2042,TEPC_0_MX-SON,1.547261
2042,TEPC_0_US-AZ,1.547261
2042,TEPC_0_US-NM,1.547261
2042,TIDC_0_US-CA,1.152142
2042,TPWR_0_US-WA,2.028926
2042,TVA_0_US-AL,1.365063
2042,TVA_0_US-GA,1.365063
2042,TVA_0_US-KY,1.365063
2042,TVA_0_US-MS,1.365063
2042,TVA_0_US-NC,1.365063
2042,TVA_0_US-TN,1.365063
2042,TVA_0_US-VA,1.365063
2042,WACM_0_US-AZ,2.260651
2042,WACM_0_US-CO,2.260651
2042,WACM_0_US-MT,2.260651
2042,WACM_0_US-NE,2.260651
2042,WACM_0_US-NM,2.260651
2042,WACM_0_US-SD,2.260651
2042,WACM_0_US-UT,2.260651
2042,WACM_0_US-WY,2.260651
2042,WALC_0_US-AZ,1.804251
2042,WALC_0_US-CA,1.804251
2042,WALC_0_US-NV,1.804251
2042,WAUW_0_US-MT,2.005319
2042,WWA_0_US-MT,1
2042,YAD_0_US-NC,1
2043,AEC_0_US-AL,0
2043,AEC_0_US-FL,0
2043,AECI_0_US-AR,0
2043,AECI_0_US-IA,0
2043,AECI_0_US-MO,0
2043,AECI_0_US-OK,0
2043,AESO_CENT_CA-AB,0
2043,AESO_CGY_CA-AB,0
2043,AESO_EDM_CA-AB,0
2043,AESO_NE_CA-AB,0
2043,AESO_NW_CA-AB,0
2043,AESO_NW_CA-BC,0
2043,AESO_SOUT_CA-AB,0
2043,AVA_0_US-ID,1.693019
2043,AVA_0_US-MT,1.693019
2043,AVA_0_US-OR,1.693019
2043,AVA_0_US-WA,1.693019
2043,AVRN_0_US-OR,1
2043,AVRN_0_US-WA,1
2043,AZPS_0_US-AZ,1.757797
2043,AZPS_0_US-CA,1.757797
2043,AZPS_0_US-NM,1.757797
2043,AZPS_0_US-NV,1.757797
2043,BANC_0_US-CA,1.37874
2043,BCHA_0_CA-BC,0
2043,BPAT_0_CA-BC,1.872073
2043,BPAT_0_US-CA,1.872073
2043,BPAT_0_US-ID,1.872073
2043,BPAT_0_US-MT,1.872073
2043,BPAT_0_US-OR,1.872073
2043,BPAT_0_US-WA,1.872073
2043,CEN_0_MX-COA,0
2043,CEN_0_MX-NLE,0
2043,CENB_0_MX-BCN,0
2043,CENB_0_MX-SON,0
2043,CHPD_0_US-WA,1.987755
2043,CISO_PGAE_US-CA,2.105685
2043,CISO_PGAE_US-OR,2.105685
2043,CISO_SCE_US-AZ,1.756499
2043,CISO_SCE_US-CA,1.756499
2043,CISO_SCE_US-NV,1.756499
2043,CISO_SDGE_MX-BCN,1.892133
2043,CISO_SDGE_US-AZ,1.892133
2043,CISO_SDGE_US-CA,1.892133
2043,CISO_VEA_US-NV,1.470199
2043,CPLE_0_US-NC,1.490711
2043,CPLE_0_US-SC,1.490711
2043,CPLW_0_US-NC,1.084661
2043,DEAA_0_US-AZ,1
2043,DOPD_0_US-WA,2.002141
2043,DUK_0_US-NC,1.431905
2043,DUK_0_US-SC,1.431905
2043,DUK_0_US-VA,1.431905
2043,EPE_0_US-NM,1.789474
2043,EPE_0_US-TX,1.789474
2043,ERCO_COAS_US-TX,1.816396
2043,ERCO_EAST_US-TX,2.640417
2043,ERCO_FWES_US-TX,1.762963
2043,ERCO_NCEN_US-TX,1.82539
2043,ERCO_NRTH_US-OK,2.002887
2043,ERCO_NRTH_US-TX,2.002887
2043,ERCO_SCEN_US-TX,1.917833
2043,ERCO_SOUT_US-TX,1.84855
2043,ERCO_WEST_US-TX,3.016
2043,FMPP_0_US-FL,1.150122
2043,FPC_0_US-FL,1.100788
2043,FPL_0_US-FL,1.304544
2043,GCPD_0_US-WA,2.043295
2043,GLHB_0_US-IL,1
2043,GRID_0_US-NM,1
2043,GRID_0_US-OR,1
2043,GRID_0_US-WA,1
2043,GRIF_0_US-AZ,1
2043,GVL_0_US-FL,1.254867
2043,GWA_0_US-MT,1
2043,HGMA_0_US-AZ,1
2043,HQT_0_CA-NL,1
2043,HQT_0_CA-QC,1
2043,HST_0_US-FL,1.413793
2043,IESO_0_CA-ON,0
2043,IID_0_US-AZ,1.421006
2043,IID_0_US-CA,1.421006
2043,IPCO_0_US-ID,1.430293
2043,IPCO_0_US-NV,1.430293
2043,IPCO_0_US-OR,1.430293
2043,IPCO_0_US-UT,1.430293
2043,ISNE_4001_US-ME,1.441101
2043,ISNE_4002_US-ME,1.437449
2043,ISNE_4002_US-NH,1.437449
2043,ISNE_4002_US-VT,1.437449
2043,ISNE_4003_US-NH,1.786682
2043,ISNE_4003_US-NY,1.786682
2043,ISNE_4003_US-VT,1.786682
2043,ISNE_4004_US-CT,1.507697
2043,ISNE_4005_US-MA,1.437057
2043,ISNE_4005_US-RI,1.437057
2043,ISNE_4006_US-MA,1.709902
2043,ISNE_4006_US-RI,1.709902
2043,ISNE_4007_US-MA,1.702654
2043,ISNE_4007_US-NY,1.702654
2043,ISNE_4007_US-VT,1.702654
2043,ISNE_4008_US-MA,1.684674
2043,ISNE_4008_US-NH,1.684674
2043,JEA_0_US-FL,1.391944
2043,LDWP_0_US-AZ,1.367716
2043,LDWP_0_US-CA,1.367716
2043,LDWP_0_US-NV,1.367716
2043,LDWP_0_US-UT,1.367716
2043,LGEE_0_US-IN,1.224801
2043,LGEE_0_US-KY,1.224801
2043,LGEE_0_US-VA,1.224801
2043,MHEB_0_CA-MB,0
2043,MISO_01_US-IA,1.871887
2043,MISO_01_US-IL,1.871887
2043,MISO_01_US-MI,1.871887
2043,MISO_01_US-MN,1.871887
2043,MISO_01_US-MT,1.871887
2043,MISO_01_US-ND,1.871887
2043,MISO_01_US-SD,1.871887
2043,MISO_01_US-WI,1.871887
2043,MISO_02_US-IA,1.514694
2043,MISO_02_US-IL,1.514694
2043,MISO_02_US-MI,1.514694
2043,MISO_02_US-MN,1.514694
2043,MISO_02_US-WI,1.514694
2043,MISO_03_US-IA,2.010112
2043,MISO_03_US-IL,2.010112
2043,MISO_03_US-MN,2.010112
2043,MISO_03_US-MO,2.010112
2043,MISO_03_US-SD,2.010112
2043,MISO_04_US-IL,1.583296
2043,MISO_04_US-KY,1.583296
2043,MISO_04_US-MO,1.583296
2043,MISO_05_US-IA,1.299005
2043,MISO_05_US-IL,1.299005
2043,MISO_05_US-MO,1.299005
2043,MISO_06_US-IL,1.326972
2043,MISO_06_US-IN,1.326972
2043,MISO_06_US-KY,1.326972
2043,MISO_06_US-OH,1.326972
2043,MISO_07_US-MI,1.369459
2043,MISO_08_US-AR,1.249489
2043,MISO_08_US-MO,1.249489
2043,MISO_09_US-LA,1.364559
2043,MISO_09_US-TX,1.364559
2043,MISO_10_US-MS,1.316404
2043,MISO_10_US-TN,1.316404
2043,NBSO_0_CA-NB,5.763547
2043,NBSO_0_CA-PE,5.763547
2043,NBSO_0_US-ME,5.763547
2043,NEVP_0_US-CA,1.707919
2043,NEVP_0_US-NV,1.707919
2043,NEVP_0_US-OR,1.707919
2043,NSPI_0_CA-NS,5.763547
2043,NWMT_0_US-ID,1.56945
2043,NWMT_0_US-MT,1.56945
2043,NWMT_0_US-WY,1.56945
2043,NYIS_A_US-NY,1.462816
2043,NYIS_A_US-PA,1.462816
2043,NYIS_B_US-NY,1.445554
2043,NYIS_C_US-NY,1.446467
2043,NYIS_D_US-NY,1.421053
2043,NYIS_E_US-NY,1.43871
2043,NYIS_F_US-NY,1.432455
2043,NYIS_G_US-NJ,1.476693
2043,NYIS_G_US-NY,1.476693
2043,NYIS_G_US-PA,1.476693
2043,NYIS_H_US-NY,1.455474
2043,NYIS_I_US-NY,1.444915
2043,NYIS_J_US-NJ,1.377162
2043,NYIS_J_US-NY,1.377162
2043,NYIS_K_US-NY,1.377808
2043,PACE_0_US-AZ,1.677543
2043,PACE_0_US-CO,1.677543
2043,PACE_0_US-ID,1.677543
2043,PACE_0_US-MT,1.677543
2043,PACE_0_US-NV,1.677543
2043,PACE_0_US-UT,1.677543
2043,PACE_0_US-WY,1.677543
2043,PACW_0_US-CA,1.664157
2043,PACW_0_US-OR,1.664157
2043,PACW_0_US-WA,1.664157
2043,PGE_0_US-OR,1.720197
2043,PGE_0_US-WA,1.720197
2043,PJM_AE_US-NJ,1.618692
2043,PJM_AEP_US-IN,1.441442
2043,PJM_AEP_US-KY,1.441442
2043,PJM_AEP_US-MI,1.441442
2043,PJM_AEP_US-OH,1.441442
2043,PJM_AEP_US-TN,1.441442
2043,PJM_AEP_US-VA,1.441442
2043,PJM_AEP_US-WV,1.441442
2043,PJM_AP_US-MD,1.56311
2043,PJM_AP_US-OH,1.56311
2043,PJM_AP_US-PA,1.56311
2043,PJM_AP_US-VA,1.56311
2043,PJM_AP_US-WV,1.56311
2043,PJM_ATSI_US-OH,1.384342
2043,PJM_ATSI_US-PA,1.384342
2043,PJM_BC_US-MD,1.777761
2043,PJM_CE_US-IL,1.599038
2043,PJM_CE_US-IN,1.599038
2043,PJM_DAY_US-OH,1.35324
2043,PJM_DEOK_US-KY,1.386951
2043,PJM_DEOK_US-OH,1.386951
2043,PJM_DOM_US-NC,2.311228
2043,PJM_DOM_US-VA,2.311228
2043,PJM_DOM_US-WV,2.311228
2043,PJM_DPL_US-DE,1.741814
2043,PJM_DPL_US-MD,1.741814
2043,PJM_DPL_US-NJ,1.741814
2043,PJM_DPL_US-PA,1.741814
2043,PJM_DPL_US-VA,1.741814
2043,PJM_DUQ_US-PA,1.36588
2043,PJM_EKPC_US-KY,1.283708
2043,PJM_JC_US-NJ,1.563642
2043,PJM_JC_US-NY,1.563642
2043,PJM_ME_US-PA,1.34105
2043,PJM_PE_US-DE,1.335233
2043,PJM_PE_US-MD,1.335233
2043,PJM_PE_US-NJ,1.335233
2043,PJM_PE_US-PA,1.335233
2043,PJM_PEP_US-DC,0.894693
2043,PJM_PEP_US-MD,0.894693
2043,PJM_PEP_US-VA,0.894693
2043,PJM_PL_US-MD,1.32155
2043,PJM_PL_US-PA,1.32155
2043,PJM_PN_US-MD,1.280164
2043,PJM_PN_US-PA,1.280164
2043,PJM_PS_US-NJ,1.659976
2043,PJM_PS_US-PA,1.659976
2043,PJM_RECO_US-NJ,3.162162
2043,PNM_ACMA_US-NM,1
2043,PNM_CYGA_US-NM,1
2043,PNM_Frep_US-NM,1.25
2043,PNM_Jica_US-NM,1.25
2043,PNM_KAFB_US-NM,1.183099
2043,PNM_KCEC_US-NM,1.190476
2043,PNM_LAC_US-NM,1.123596
2043,PNM_NTUA_US-NM,0
2043,PNM_PNM_US-NM,1.589734
2043,PNM_TSGT_US-AZ,0.745592
2043,PNM_TSGT_US-NM,0.745592
2043,PSCO_0_US-CO,1.893941
2043,PSCO_0_US-WY,1.893941
2043,PSEI_0_US-WA,2.309167
2043,SC_0_US-SC,1.307228
2043,SCEG_0_US-GA,1.240585
2043,SCEG_0_US-SC,1.240585
2043,SCL_0_US-WA,2.056824
2043,SEC_0_US-FL,1.100788
2043,SEPA_0_US-GA,1
2043,SEPA_0_US-SC,1
2043,SOCO_0_US-AL,1.381789
2043,SOCO_0_US-FL,1.381789
2043,SOCO_0_US-GA,1.381789
2043,SOCO_0_US-MS,1.381789
2043,SOCO_0_US-SC,1.381789
2043,SPA_0_US-AR,3.411111
2043,SPA_0_US-MO,3.411111
2043,SPA_0_US-OK,3.411111
2043,SPA_0_US-TX,3.411111
2043,SPC_0_CA-SK,0
2043,SRP_0_US-AZ,1.621463
2043,SWPP_CSWS_US-AR,1.422103
2043,SWPP_CSWS_US-LA,1.422103
2043,SWPP_CSWS_US-OK,1.422103
2043,SWPP_CSWS_US-TX,1.422103
2043,SWPP_EDE_US-AR,1.449063
2043,SWPP_EDE_US-KS,1.449063
2043,SWPP_EDE_US-MO,1.449063
2043,SWPP_EDE_US-OK,1.449063
2043,SWPP_GRDA_US-AR,0.909091
2043,SWPP_GRDA_US-KS,0.909091
2043,SWPP_GRDA_US-OK,0.909091
2043,SWPP_INDN_US-MO,1.365672
2043,SWPP_KACY_US-KS,1.29979
2043,SWPP_KCPL_US-KS,1.327901
2043,SWPP_KCPL_US-MO,1.327901
2043,SWPP_LES_US-NE,3.963206
2043,SWPP_MPS_US-MO,1.35718
2043,SWPP_NPPD_US-CO,2.723963
2043,SWPP_NPPD_US-NE,2.723963
2043,SWPP_NPPD_US-SD,2.723963
2043,SWPP_OKGE_US-AR,1.271598
2043,SWPP_OKGE_US-OK,1.271598
2043,SWPP_OKGE_US-TX,1.271598
2043,SWPP_OPPD_US-NE,3.96341
2043,SWPP_SECI_US-KS,1.516957
2043,SWPP_SPRM_US-MO,1.353175
2043,SWPP_SPS_US-CO,1.72
2043,SWPP_SPS_US-KS,1.72
2043,SWPP_SPS_US-NM,1.72
2043,SWPP_SPS_US-OK,1.72
2043,SWPP_SPS_US-TX,1.72
2043,SWPP_WAUE_US-IA,1.441165
2043,SWPP_WAUE_US-MN,1.441165
2043,SWPP_WAUE_US-MT,1.441165
2043,SWPP_WAUE_US-ND,1.441165
2043,SWPP_WAUE_US-NE,1.441165
2043,SWPP_WAUE_US-SD,1.441165
2043,SWPP_WAUE_US-WY,1.441165
2043,SWPP_WFEC_US-KS,1.213062
2043,SWPP_WFEC_US-OK,1.213062
2043,SWPP_WFEC_US-TX,1.213062
2043,SWPP_WR_US-KS,1.002233
2043,SWPP_WR_US-MO,1.002233
2043,TAL_0_US-FL,1.332805
2043,TEC_0_US-FL,1.31126
2043,TEPC_0_MX-SON,1.571983
2043,TEPC_0_US-AZ,1.571983
2043,TEPC_0_US-NM,1.571983
2043,TIDC_0_US-CA,1.172821
2043,TPWR_0_US-WA,2.06095
2043,TVA_0_US-AL,1.382268
2043,TVA_0_US-GA,1.382268
2043,TVA_0_US-KY,1.382268
2043,TVA_0_US-MS,1.382268
2043,TVA_0_US-NC,1.382268
2043,TVA_0_US-TN,1.382268
2043,TVA_0_US-VA,1.382268
2043,WACM_0_US-AZ,2.314233
2043,WACM_0_US-CO,2.314233
2043,WACM_0_US-MT,2.314233
2043,WACM_0_US-NE,2.314233
2043,WACM_0_US-NM,2.314233
2043,WACM_0_US-SD,2.314233
2043,WACM_0_US-UT,2.314233
2043,WACM_0_US-WY,2.314233
2043,WALC_0_US-AZ,1.834404
2043,WALC_0_US-CA,1.834404
2043,WALC_0_US-NV,1.834404
2043,WAUW_0_US-MT,2.042553
2043,WWA_0_US-MT,1
2043,YAD_0_US-NC,1
2044,AEC_0_US-AL,0
2044,AEC_0_US-FL,0
2044,AECI_0_US-AR,0
2044,AECI_0_US-IA,0
2044,AECI_0_US-MO,0
2044,AECI_0_US-OK,0
2044,AESO_CENT_CA-AB,0
2044,AESO_CGY_CA-AB,0
2044,AESO_EDM_CA-AB,0
2044,AESO_NE_CA-AB,0
2044,AESO_NW_CA-AB,0
2044,AESO_NW_CA-BC,0
2044,AESO_SOUT_CA-AB,0
2044,AVA_0_US-ID,1.719512
2044,AVA_0_US-MT,1.719512
2044,AVA_0_US-OR,1.719512
2044,AVA_0_US-WA,1.719512
2044,AVRN_0_US-OR,1
2044,AVRN_0_US-WA,1
2044,AZPS_0_US-AZ,1.785982
2044,AZPS_0_US-CA,1.785982
2044,AZPS_0_US-NM,1.785982
2044,AZPS_0_US-NV,1.785982
2044,BANC_0_US-CA,1.403379
2044,BCHA_0_CA-BC,0
2044,BPAT_0_CA-BC,1.9024
2044,BPAT_0_US-CA,1.9024
2044,BPAT_0_US-ID,1.9024
2044,BPAT_0_US-MT,1.9024
2044,BPAT_0_US-OR,1.9024
2044,BPAT_0_US-WA,1.9024
2044,CEN_0_MX-COA,0
2044,CEN_0_MX-NLE,0
2044,CENB_0_MX-BCN,0
2044,CENB_0_MX-SON,0
2044,CHPD_0_US-WA,2.020408
2044,CISO_PGAE_US-CA,2.143265
2044,CISO_PGAE_US-OR,2.143265
2044,CISO_SCE_US-AZ,1.787897
2044,CISO_SCE_US-CA,1.787897
2044,CISO_SCE_US-NV,1.787897
2044,CISO_SDGE_MX-BCN,1.925926
2044,CISO_SDGE_US-AZ,1.925926
2044,CISO_SDGE_US-CA,1.925926
2044,CISO_VEA_US-NV,1.496689
2044,CPLE_0_US-NC,1.511253
2044,CPLE_0_US-SC,1.511253
2044,CPLW_0_US-NC,1.100598
2044,DEAA_0_US-AZ,1
2044,DOPD_0_US-WA,2.034261
2044,DUK_0_US-NC,1.451108
2044,DUK_0_US-SC,1.451108
2044,DUK_0_US-VA,1.451108
2044,EPE_0_US-NM,1.822125
2044,EPE_0_US-TX,1.822125
2044,ERCO_COAS_US-TX,1.85019
2044,ERCO_EAST_US-TX,2.689583
2044,ERCO_FWES_US-TX,1.795556
2044,ERCO_NCEN_US-TX,1.859311
2044,ERCO_NRTH_US-OK,2.039942
2044,ERCO_NRTH_US-TX,2.039942
2044,ERCO_SCEN_US-TX,1.953499
2044,ERCO_SOUT_US-TX,1.882993
2044,ERCO_WEST_US-TX,3.07225
2044,FMPP_0_US-FL,1.163992
2044,FPC_0_US-FL,1.114122
2044,FPL_0_US-FL,1.320279
2044,GCPD_0_US-WA,2.07603
2044,GLHB_0_US-IL,1
2044,GRID_0_US-NM,1
2044,GRID_0_US-OR,1
2044,GRID_0_US-WA,1
2044,GRIF_0_US-AZ,1
2044,GVL_0_US-FL,1.269027
2044,GWA_0_US-MT,1
2044,HGMA_0_US-AZ,1
2044,HQT_0_CA-NL,1
2044,HQT_0_CA-QC,1
2044,HST_0_US-FL,1.431034
2044,IESO_0_CA-ON,0
2044,IID_0_US-AZ,1.446602
2044,IID_0_US-CA,1.446602
2044,IPCO_0_US-ID,1.451438
2044,IPCO_0_US-NV,1.451438
2044,IPCO_0_US-OR,1.451438
2044,IPCO_0_US-UT,1.451438
2044,ISNE_4001_US-ME,1.463887
2044,ISNE_4002_US-ME,1.458164
2044,ISNE_4002_US-NH,1.458164
2044,ISNE_4002_US-VT,1.458164
2044,ISNE_4003_US-NH,1.816027
2044,ISNE_4003_US-NY,1.816027
2044,ISNE_4003_US-VT,1.816027
2044,ISNE_4004_US-CT,1.525554
2044,ISNE_4005_US-MA,1.455586
2044,ISNE_4005_US-RI,1.455586
2044,ISNE_4006_US-MA,1.738274
2044,ISNE_4006_US-RI,1.738274
2044,ISNE_4007_US-MA,1.731001
2044,ISNE_4007_US-NY,1.731001
2044,ISNE_4007_US-VT,1.731001
2044,ISNE_4008_US-MA,1.712452
2044,ISNE_4008_US-NH,1.712452
2044,JEA_0_US-FL,1.408598
2044,LDWP_0_US-AZ,1.392146
2044,LDWP_0_US-CA,1.392146
2044,LDWP_0_US-NV,1.392146
2044,LDWP_0_US-UT,1.392146
2044,LGEE_0_US-IN,1.238921
2044,LGEE_0_US-KY,1.238921
2044,LGEE_0_US-VA,1.238921
2044,MHEB_0_CA-MB,0
2044,MISO_01_US-IA,1.921199
2044,MISO_01_US-IL,1.921199
2044,MISO_01_US-MI,1.921199
2044,MISO_01_US-MN,1.921199
2044,MISO_01_US-MT,1.921199
2044,MISO_01_US-ND,1.921199
2044,MISO_01_US-SD,1.921199
2044,MISO_01_US-WI,1.921199
2044,MISO_02_US-IA,1.53298
2044,MISO_02_US-IL,1.53298
2044,MISO_02_US-MI,1.53298
2044,MISO_02_US-MN,1.53298
2044,MISO_02_US-WI,1.53298
2044,MISO_03_US-IA,2.071527
2044,MISO_03_US-IL,2.071527
2044,MISO_03_US-MN,2.071527
2044,MISO_03_US-MO,2.071527
2044,MISO_03_US-SD,2.071527
2044,MISO_04_US-IL,1.601354
2044,MISO_04_US-KY,1.601354
2044,MISO_04_US-MO,1.601354
2044,MISO_05_US-IA,1.317179
2044,MISO_05_US-IL,1.317179
2044,MISO_05_US-MO,1.317179
2044,MISO_06_US-IL,1.340999
2044,MISO_06_US-IN,1.340999
2044,MISO_06_US-KY,1.340999
2044,MISO_06_US-OH,1.340999
2044,MISO_07_US-MI,1.384432
2044,MISO_08_US-AR,1.264826
2044,MISO_08_US-MO,1.264826
2044,MISO_09_US-LA,1.381789
2044,MISO_09_US-TX,1.381789
2044,MISO_10_US-MS,1.332402
2044,MISO_10_US-TN,1.332402
2044,NBSO_0_CA-NB,5.85468
2044,NBSO_0_CA-PE,5.85468
2044,NBSO_0_US-ME,5.85468
2044,NEVP_0_US-CA,1.732607
2044,NEVP_0_US-NV,1.732607
2044,NEVP_0_US-OR,1.732607
2044,NSPI_0_CA-NS,5.85468
2044,NWMT_0_US-ID,1.600073
2044,NWMT_0_US-MT,1.600073
2044,NWMT_0_US-WY,1.600073
2044,NYIS_A_US-NY,1.483956
2044,NYIS_A_US-PA,1.483956
2044,NYIS_B_US-NY,1.466034
2044,NYIS_C_US-NY,1.467166
2044,NYIS_D_US-NY,1.442356
2044,NYIS_E_US-NY,1.459498
2044,NYIS_F_US-NY,1.452949
2044,NYIS_G_US-NJ,1.497801
2044,NYIS_G_US-NY,1.497801
2044,NYIS_G_US-PA,1.497801
2044,NYIS_H_US-NY,1.475912
2044,NYIS_I_US-NY,1.465395
2044,NYIS_J_US-NJ,1.396966
2044,NYIS_J_US-NY,1.396966
2044,NYIS_K_US-NY,1.397539
2044,PACE_0_US-AZ,1.706748
2044,PACE_0_US-CO,1.706748
2044,PACE_0_US-ID,1.706748
2044,PACE_0_US-MT,1.706748
2044,PACE_0_US-NV,1.706748
2044,PACE_0_US-UT,1.706748
2044,PACE_0_US-WY,1.706748
2044,PACW_0_US-CA,1.691517
2044,PACW_0_US-OR,1.691517
2044,PACW_0_US-WA,1.691517
2044,PGE_0_US-OR,1.748378
2044,PGE_0_US-WA,1.748378
2044,PJM_AE_US-NJ,1.645607
2044,PJM_AEP_US-IN,1.458471
2044,PJM_AEP_US-KY,1.458471
2044,PJM_AEP_US-MI,1.458471
2044,PJM_AEP_US-OH,1.458471
2044,PJM_AEP_US-TN,1.458471
2044,PJM_AEP_US-VA,1.458471
2044,PJM_AEP_US-WV,1.458471
2044,PJM_AP_US-MD,1.581965
2044,PJM_AP_US-OH,1.581965
2044,PJM_AP_US-PA,1.581965
2044,PJM_AP_US-VA,1.581965
2044,PJM_AP_US-WV,1.581965
2044,PJM_ATSI_US-OH,1.399273
2044,PJM_ATSI_US-PA,1.399273
2044,PJM_BC_US-MD,1.804345
2044,PJM_CE_US-IL,1.617384
2044,PJM_CE_US-IN,1.617384
2044,PJM_DAY_US-OH,1.367871
2044,PJM_DEOK_US-KY,1.402037
2044,PJM_DEOK_US-OH,1.402037
2044,PJM_DOM_US-NC,2.348851
2044,PJM_DOM_US-VA,2.348851
2044,PJM_DOM_US-WV,2.348851
2044,PJM_DPL_US-DE,1.766247
2044,PJM_DPL_US-MD,1.766247
2044,PJM_DPL_US-NJ,1.766247
2044,PJM_DPL_US-PA,1.766247
2044,PJM_DPL_US-VA,1.766247
2044,PJM_DUQ_US-PA,1.380762
2044,PJM_EKPC_US-KY,1.298455
2044,PJM_JC_US-NJ,1.589752
2044,PJM_JC_US-NY,1.589752
2044,PJM_ME_US-PA,1.355722
2044,PJM_PE_US-DE,1.349715
2044,PJM_PE_US-MD,1.349715
2044,PJM_PE_US-NJ,1.349715
2044,PJM_PE_US-PA,1.349715
2044,PJM_PEP_US-DC,0.908003
2044,PJM_PEP_US-MD,0.908003
2044,PJM_PEP_US-VA,0.908003
2044,PJM_PL_US-MD,1.335899
2044,PJM_PL_US-PA,1.335899
2044,PJM_PN_US-MD,1.294138
2044,PJM_PN_US-PA,1.294138
2044,PJM_PS_US-NJ,1.687798
2044,PJM_PS_US-PA,1.687798
2044,PJM_RECO_US-NJ,3.216216
2044,PNM_ACMA_US-NM,1
2044,PNM_CYGA_US-NM,1
2044,PNM_Frep_US-NM,1.261905
2044,PNM_Jica_US-NM,1.25
2044,PNM_KAFB_US-NM,1.211268
2044,PNM_KCEC_US-NM,1.222222
2044,PNM_LAC_US-NM,1.134831
2044,PNM_NTUA_US-NM,0
2044,PNM_PNM_US-NM,1.61675
2044,PNM_TSGT_US-AZ,0.758186
2044,PNM_TSGT_US-NM,0.758186
2044,PSCO_0_US-CO,1.924389
2044,PSCO_0_US-WY,1.924389
2044,PSEI_0_US-WA,2.346515
2044,SC_0_US-SC,1.322762
2044,SCEG_0_US-GA,1.255218
2044,SCEG_0_US-SC,1.255218
2044,SCL_0_US-WA,2.090281
2044,SEC_0_US-FL,1.114122
2044,SEPA_0_US-GA,1
2044,SEPA_0_US-SC,1
2044,SOCO_0_US-AL,1.400581
2044,SOCO_0_US-FL,1.400581
2044,SOCO_0_US-GA,1.400581
2044,SOCO_0_US-MS,1.400581
2044,SOCO_0_US-SC,1.400581
2044,SPA_0_US-AR,3.461111
2044,SPA_0_US-MO,3.461111
2044,SPA_0_US-OK,3.461111
2044,SPA_0_US-TX,3.461111
2044,SPC_0_CA-SK,0
2044,SRP_0_US-AZ,1.647412
2044,SWPP_CSWS_US-AR,1.444269
2044,SWPP_CSWS_US-LA,1.444269
2044,SWPP_CSWS_US-OK,1.444269
2044,SWPP_CSWS_US-TX,1.444269
2044,SWPP_EDE_US-AR,1.469438
2044,SWPP_EDE_US-KS,1.469438
2044,SWPP_EDE_US-MO,1.469438
2044,SWPP_EDE_US-OK,1.469438
2044,SWPP_GRDA_US-AR,0.924095
2044,SWPP_GRDA_US-KS,0.924095
2044,SWPP_GRDA_US-OK,0.924095
2044,SWPP_INDN_US-MO,1.384328
2044,SWPP_KACY_US-KS,1.314465
2044,SWPP_KCPL_US-KS,1.345322
2044,SWPP_KCPL_US-MO,1.345322
2044,SWPP_LES_US-NE,4.170828
2044,SWPP_MPS_US-MO,1.375979
2044,SWPP_NPPD_US-CO,2.865596
2044,SWPP_NPPD_US-NE,2.865596
2044,SWPP_NPPD_US-SD,2.865596
2044,SWPP_OKGE_US-AR,1.29216
2044,SWPP_OKGE_US-OK,1.29216
2044,SWPP_OKGE_US-TX,1.29216
2044,SWPP_OPPD_US-NE,4.169747
2044,SWPP_SECI_US-KS,1.534372
2044,SWPP_SPRM_US-MO,1.373016
2044,SWPP_SPS_US-CO,1.75105
2044,SWPP_SPS_US-KS,1.75105
2044,SWPP_SPS_US-NM,1.75105
2044,SWPP_SPS_US-OK,1.75105
2044,SWPP_SPS_US-TX,1.75105
2044,SWPP_WAUE_US-IA,1.490626
2044,SWPP_WAUE_US-MN,1.490626
2044,SWPP_WAUE_US-MT,1.490626
2044,SWPP_WAUE_US-ND,1.490626
2044,SWPP_WAUE_US-NE,1.490626
2044,SWPP_WAUE_US-SD,1.490626
2044,SWPP_WAUE_US-WY,1.490626
2044,SWPP_WFEC_US-KS,1.233405
2044,SWPP_WFEC_US-OK,1.233405
2044,SWPP_WFEC_US-TX,1.233405
2044,SWPP_WR_US-KS,1.014145
2044,SWPP_WR_US-MO,1.014145
2044,TAL_0_US-FL,1.348653
2044,TEC_0_US-FL,1.32709
2044,TEPC_0_MX-SON,1.597189
2044,TEPC_0_US-AZ,1.597189
2044,TEPC_0_US-NM,1.597189
2044,TIDC_0_US-CA,1.193501
2044,TPWR_0_US-WA,2.094008
2044,TVA_0_US-AL,1.399703
2044,TVA_0_US-GA,1.399703
2044,TVA_0_US-KY,1.399703
2044,TVA_0_US-MS,1.399703
2044,TVA_0_US-NC,1.399703
2044,TVA_0_US-TN,1.399703
2044,TVA_0_US-VA,1.399703
2044,WACM_0_US-AZ,2.36893
2044,WACM_0_US-CO,2.36893
2044,WACM_0_US-MT,2.36893
2044,WACM_0_US-NE,2.36893
2044,WACM_0_US-NM,2.36893
2044,WACM_0_US-SD,2.36893
2044,WACM_0_US-UT,2.36893
2044,WACM_0_US-WY,2.36893
2044,WALC_0_US-AZ,1.864558
2044,WALC_0_US-CA,1.864558
2044,WALC_0_US-NV,1.864558
2044,WAUW_0_US-MT,2.079787
2044,WWA_0_US-MT,1
2044,YAD_0_US-NC,1
2045,AEC_0_US-AL,0
2045,AEC_0_US-FL,0
2045,AECI_0_US-AR,0
2045,AECI_0_US-IA,0
2045,AECI_0_US-MO,0
2045,AECI_0_US-OK,0
2045,AESO_CENT_CA-AB,0
2045,AESO_CGY_CA-AB,0
2045,AESO_EDM_CA-AB,0
2045,AESO_NE_CA-AB,0
2045,AESO_NW_CA-AB,0
2045,AESO_NW_CA-BC,0
2045,AESO_SOUT_CA-AB,0
2045,AVA_0_US-ID,1.746426
2045,AVA_0_US-MT,1.746426
2045,AVA_0_US-OR,1.746426
2045,AVA_0_US-WA,1.746426
2045,AVRN_0_US-OR,1
2045,AVRN_0_US-WA,1
2045,AZPS_0_US-AZ,1.814489
2045,AZPS_0_US-CA,1.814489
2045,AZPS_0_US-NM,1.814489
2045,AZPS_0_US-NV,1.814489
2045,BANC_0_US-CA,1.42837
2045,BCHA_0_CA-BC,0
2045,BPAT_0_CA-BC,1.93332
2045,BPAT_0_US-CA,1.93332
2045,BPAT_0_US-ID,1.93332
2045,BPAT_0_US-MT,1.93332
2045,BPAT_0_US-OR,1.93332
2045,BPAT_0_US-WA,1.93332
2045,CEN_0_MX-COA,0
2045,CEN_0_MX-NLE,0
2045,CENB_0_MX-BCN,0
2045,CENB_0_MX-SON,0
2045,CHPD_0_US-WA,2.053061
2045,CISO_PGAE_US-CA,2.181545
2045,CISO_PGAE_US-OR,2.181545
2045,CISO_SCE_US-AZ,1.819808
2045,CISO_SCE_US-CA,1.819808
2045,CISO_SCE_US-NV,1.819808
2045,CISO_SDGE_MX-BCN,1.96026
2045,CISO_SDGE_US-AZ,1.96026
2045,CISO_SDGE_US-CA,1.96026
2045,CISO_VEA_US-NV,1.516556
2045,CPLE_0_US-NC,1.53204
2045,CPLE_0_US-SC,1.53204
2045,CPLW_0_US-NC,1.115538
2045,DEAA_0_US-AZ,1
2045,DOPD_0_US-WA,2.066381
2045,DUK_0_US-NC,1.470606
2045,DUK_0_US-SC,1.470606
2045,DUK_0_US-VA,1.470606
2045,EPE_0_US-NM,1.85575
2045,EPE_0_US-TX,1.85575
2045,ERCO_COAS_US-TX,1.884562
2045,ERCO_EAST_US-TX,2.739583
2045,ERCO_FWES_US-TX,1.828995
2045,ERCO_NCEN_US-TX,1.893852
2045,ERCO_NRTH_US-OK,2.07796
2045,ERCO_NRTH_US-TX,2.07796
2045,ERCO_SCEN_US-TX,1.989767
2045,ERCO_SOUT_US-TX,1.91793
2045,ERCO_WEST_US-TX,3.12925
2045,FMPP_0_US-FL,1.178134
2045,FPC_0_US-FL,1.127544
2045,FPL_0_US-FL,1.336208
2045,GCPD_0_US-WA,2.10982
2045,GLHB_0_US-IL,1
2045,GRID_0_US-NM,1
2045,GRID_0_US-OR,1
2045,GRID_0_US-WA,1
2045,GRIF_0_US-AZ,1
2045,GVL_0_US-FL,1.284956
2045,GWA_0_US-MT,1
2045,HGMA_0_US-AZ,1
2045,HQT_0_CA-NL,1
2045,HQT_0_CA-QC,1
2045,HST_0_US-FL,1.448276
2045,IESO_0_CA-ON,0
2045,IID_0_US-AZ,1.472198
2045,IID_0_US-CA,1.472198
2045,IPCO_0_US-ID,1.47283
2045,IPCO_0_US-NV,1.47283
2045,IPCO_0_US-OR,1.47283
2045,IPCO_0_US-UT,1.47283
2045,ISNE_4001_US-ME,1.487102
2045,ISNE_4002_US-ME,1.478879
2045,ISNE_4002_US-NH,1.478879
2045,ISNE_4002_US-VT,1.478879
2045,ISNE_4003_US-NH,1.846501
2045,ISNE_4003_US-NY,1.846501
2045,ISNE_4003_US-VT,1.846501
2045,ISNE_4004_US-CT,1.543719
2045,ISNE_4005_US-MA,1.474114
2045,ISNE_4005_US-RI,1.474114
2045,ISNE_4006_US-MA,1.766937
2045,ISNE_4006_US-RI,1.766937
2045,ISNE_4007_US-MA,1.75965
2045,ISNE_4007_US-NY,1.75965
2045,ISNE_4007_US-VT,1.75965
2045,ISNE_4008_US-MA,1.740805
2045,ISNE_4008_US-NH,1.740805
2045,JEA_0_US-FL,1.425639
2045,LDWP_0_US-AZ,1.416938
2045,LDWP_0_US-CA,1.416938
2045,LDWP_0_US-NV,1.416938
2045,LDWP_0_US-UT,1.416938
2045,LGEE_0_US-IN,1.25332
2045,LGEE_0_US-KY,1.25332
2045,LGEE_0_US-VA,1.25332
2045,MHEB_0_CA-MB,0
2045,MISO_01_US-IA,1.971796
2045,MISO_01_US-IL,1.971796
2045,MISO_01_US-MI,1.971796
2045,MISO_01_US-MN,1.971796
2045,MISO_01_US-MT,1.971796
2045,MISO_01_US-ND,1.971796
2045,MISO_01_US-SD,1.971796
2045,MISO_01_US-WI,1.971796
2045,MISO_02_US-IA,1.55151
2045,MISO_02_US-IL,1.55151
2045,MISO_02_US-MI,1.55151
2045,MISO_02_US-MN,1.55151
2045,MISO_02_US-WI,1.55151
2045,MISO_03_US-IA,2.134965
2045,MISO_03_US-IL,2.134965
2045,MISO_03_US-MN,2.134965
2045,MISO_03_US-MO,2.134965
2045,MISO_03_US-SD,2.134965
2045,MISO_04_US-IL,1.619752
2045,MISO_04_US-KY,1.619752
2045,MISO_04_US-MO,1.619752
2045,MISO_05_US-IA,1.335497
2045,MISO_05_US-IL,1.335497
2045,MISO_05_US-MO,1.335497
2045,MISO_06_US-IL,1.355148
2045,MISO_06_US-IN,1.355148
2045,MISO_06_US-KY,1.355148
2045,MISO_06_US-OH,1.355148
2045,MISO_07_US-MI,1.399568
2045,MISO_08_US-AR,1.28031
2045,MISO_08_US-MO,1.28031
2045,MISO_09_US-LA,1.399262
2045,MISO_09_US-TX,1.399262
2045,MISO_10_US-MS,1.348654
2045,MISO_10_US-TN,1.348654
2045,NBSO_0_CA-NB,5.948276
2045,NBSO_0_CA-PE,5.948276
2045,NBSO_0_US-ME,5.948276
2045,NEVP_0_US-CA,1.757721
2045,NEVP_0_US-NV,1.757721
2045,NEVP_0_US-OR,1.757721
2045,NSPI_0_CA-NS,5.948276
2045,NWMT_0_US-ID,1.631425
2045,NWMT_0_US-MT,1.631425
2045,NWMT_0_US-WY,1.631425
2045,NYIS_A_US-NY,1.505096
2045,NYIS_A_US-PA,1.505096
2045,NYIS_B_US-NY,1.487013
2045,NYIS_C_US-NY,1.488223
2045,NYIS_D_US-NY,1.462406
2045,NYIS_E_US-NY,1.480287
2045,NYIS_F_US-NY,1.47386
2045,NYIS_G_US-NJ,1.519349
2045,NYIS_G_US-NY,1.519349
2045,NYIS_G_US-PA,1.519349
2045,NYIS_H_US-NY,1.49781
2045,NYIS_I_US-NY,1.486582
2045,NYIS_J_US-NJ,1.416965
2045,NYIS_J_US-NY,1.416965
2045,NYIS_K_US-NY,1.417464
2045,PACE_0_US-AZ,1.736511
2045,PACE_0_US-CO,1.736511
2045,PACE_0_US-ID,1.736511
2045,PACE_0_US-MT,1.736511
2045,PACE_0_US-NV,1.736511
2045,PACE_0_US-UT,1.736511
2045,PACE_0_US-WY,1.736511
2045,PACW_0_US-CA,1.719243
2045,PACW_0_US-OR,1.719243
2045,PACW_0_US-WA,1.719243
2045,PGE_0_US-OR,1.777007
2045,PGE_0_US-WA,1.777007
2045,PJM_AE_US-NJ,1.673271
2045,PJM_AEP_US-IN,1.475728
2045,PJM_AEP_US-KY,1.475728
2045,PJM_AEP_US-MI,1.475728
2045,PJM_AEP_US-OH,1.475728
2045,PJM_AEP_US-TN,1.475728
2045,PJM_AEP_US-VA,1.475728
2045,PJM_AEP_US-WV,1.475728
2045,PJM_AP_US-MD,1.601043
2045,PJM_AP_US-OH,1.601043
2045,PJM_AP_US-PA,1.601043
2045,PJM_AP_US-VA,1.601043
2045,PJM_AP_US-WV,1.601043
2045,PJM_ATSI_US-OH,1.414441
2045,PJM_ATSI_US-PA,1.414441
2045,PJM_BC_US-MD,1.831384
2045,PJM_CE_US-IL,1.635918
2045,PJM_CE_US-IN,1.635918
2045,PJM_DAY_US-OH,1.382502
2045,PJM_DEOK_US-KY,1.417311
2045,PJM_DEOK_US-OH,1.417311
2045,PJM_DOM_US-NC,2.387108
2045,PJM_DOM_US-VA,2.387108
2045,PJM_DOM_US-WV,2.387108
2045,PJM_DPL_US-DE,1.79068
2045,PJM_DPL_US-MD,1.79068
2045,PJM_DPL_US-NJ,1.79068
2045,PJM_DPL_US-PA,1.79068
2045,PJM_DPL_US-VA,1.79068
2045,PJM_DUQ_US-PA,1.395644
2045,PJM_EKPC_US-KY,1.313202
2045,PJM_JC_US-NJ,1.616351
2045,PJM_JC_US-NY,1.616351
2045,PJM_ME_US-PA,1.370395
2045,PJM_PE_US-DE,1.364435
2045,PJM_PE_US-MD,1.364435
2045,PJM_PE_US-NJ,1.364435
2045,PJM_PE_US-PA,1.364435
2045,PJM_PEP_US-DC,0.921651
2045,PJM_PEP_US-MD,0.921651
2045,PJM_PEP_US-VA,0.921651
2045,PJM_PL_US-MD,1.350378
2045,PJM_PL_US-PA,1.350378
2045,PJM_PN_US-MD,1.308112
2045,PJM_PN_US-PA,1.308112
2045,PJM_PS_US-NJ,1.716017
2045,PJM_PS_US-PA,1.716017
2045,PJM_RECO_US-NJ,3.27027
2045,PNM_ACMA_US-NM,1
2045,PNM_CYGA_US-NM,1
2045,PNM_Frep_US-NM,1.285714
2045,PNM_Jica_US-NM,1.25
2045,PNM_KAFB_US-NM,1.225352
2045,PNM_KCEC_US-NM,1.238095
2045,PNM_LAC_US-NM,1.157303
2045,PNM_NTUA_US-NM,0
2045,PNM_PNM_US-NM,1.644539
2045,PNM_TSGT_US-AZ,0.770781
2045,PNM_TSGT_US-NM,0.770781
2045,PSCO_0_US-CO,1.955344
2045,PSCO_0_US-WY,1.955344
2045,PSEI_0_US-WA,2.384262
2045,SC_0_US-SC,1.338296
2045,SCEG_0_US-GA,1.270067
2045,SCEG_0_US-SC,1.270067
2045,SCL_0_US-WA,2.123739
2045,SEC_0_US-FL,1.127544
2045,SEPA_0_US-GA,1
2045,SEPA_0_US-SC,1
2045,SOCO_0_US-AL,1.41964
2045,SOCO_0_US-FL,1.41964
2045,SOCO_0_US-GA,1.41964
2045,SOCO_0_US-MS,1.41964
2045,SOCO_0_US-SC,1.41964
2045,SPA_0_US-AR,3.505556
2045,SPA_0_US-MO,3.505556
2045,SPA_0_US-OK,3.505556
2045,SPA_0_US-TX,3.505556
2045,SPC_0_CA-SK,0
2045,SRP_0_US-AZ,1.673751
2045,SWPP_CSWS_US-AR,1.466856
2045,SWPP_CSWS_US-LA,1.466856
2045,SWPP_CSWS_US-OK,1.466856
2045,SWPP_CSWS_US-TX,1.466856
2045,SWPP_EDE_US-AR,1.489813
2045,SWPP_EDE_US-KS,1.489813
2045,SWPP_EDE_US-MO,1.489813
2045,SWPP_EDE_US-OK,1.489813
2045,SWPP_GRDA_US-AR,0.9391
2045,SWPP_GRDA_US-KS,0.9391
2045,SWPP_GRDA_US-OK,0.9391
2045,SWPP_INDN_US-MO,1.402985
2045,SWPP_KACY_US-KS,1.331237
2045,SWPP_KCPL_US-KS,1.362742
2045,SWPP_KCPL_US-MO,1.362742
2045,SWPP_LES_US-NE,4.387648
2045,SWPP_MPS_US-MO,1.3953
2045,SWPP_NPPD_US-CO,3.014993
2045,SWPP_NPPD_US-NE,3.014993
2045,SWPP_NPPD_US-SD,3.014993
2045,SWPP_OKGE_US-AR,1.313166
2045,SWPP_OKGE_US-OK,1.313166
2045,SWPP_OKGE_US-TX,1.313166
2045,SWPP_OPPD_US-NE,4.387024
2045,SWPP_SECI_US-KS,1.552704
2045,SWPP_SPRM_US-MO,1.391534
2045,SWPP_SPS_US-CO,1.782831
2045,SWPP_SPS_US-KS,1.782831
2045,SWPP_SPS_US-NM,1.782831
2045,SWPP_SPS_US-OK,1.782831
2045,SWPP_SPS_US-TX,1.782831
2045,SWPP_WAUE_US-IA,1.541683
2045,SWPP_WAUE_US-MN,1.541683
2045,SWPP_WAUE_US-MT,1.541683
2045,SWPP_WAUE_US-ND,1.541683
2045,SWPP_WAUE_US-NE,1.541683
2045,SWPP_WAUE_US-SD,1.541683
2045,SWPP_WAUE_US-WY,1.541683
2045,SWPP_WFEC_US-KS,1.253747
2045,SWPP_WFEC_US-OK,1.253747
2045,SWPP_WFEC_US-TX,1.253747
2045,SWPP_WR_US-KS,1.026057
2045,SWPP_WR_US-MO,1.026057
2045,TAL_0_US-FL,1.364501
2045,TEC_0_US-FL,1.343144
2045,TEPC_0_MX-SON,1.622637
2045,TEPC_0_US-AZ,1.622637
2045,TEPC_0_US-NM,1.622637
2045,TIDC_0_US-CA,1.215657
2045,TPWR_0_US-WA,2.128099
2045,TVA_0_US-AL,1.417337
2045,TVA_0_US-GA,1.417337
2045,TVA_0_US-KY,1.417337
2045,TVA_0_US-MS,1.417337
2045,TVA_0_US-NC,1.417337
2045,TVA_0_US-TN,1.417337
2045,TVA_0_US-VA,1.417337
2045,WACM_0_US-AZ,2.42493
2045,WACM_0_US-CO,2.42493
2045,WACM_0_US-MT,2.42493
2045,WACM_0_US-NE,2.42493
2045,WACM_0_US-NM,2.42493
2045,WACM_0_US-SD,2.42493
2045,WACM_0_US-UT,2.42493
2045,WACM_0_US-WY,2.42493
2045,WALC_0_US-AZ,1.895205
2045,WALC_0_US-CA,1.895205
2045,WALC_0_US-NV,1.895205
2045,WAUW_0_US-MT,2.117021
2045,WWA_0_US-MT,1
2045,YAD_0_US-NC,1
2046,AEC_0_US-AL,0
2046,AEC_0_US-FL,0
2046,AECI_0_US-AR,0
2046,AECI_0_US-IA,0
2046,AECI_0_US-MO,0
2046,AECI_0_US-OK,0
2046,AESO_CENT_CA-AB,0
2046,AESO_CGY_CA-AB,0
2046,AESO_EDM_CA-AB,0
2046,AESO_NE_CA-AB,0
2046,AESO_NW_CA-AB,0
2046,AESO_NW_CA-BC,0
2046,AESO_SOUT_CA-AB,0
2046,AVA_0_US-ID,1.77418
2046,AVA_0_US-MT,1.77418
2046,AVA_0_US-OR,1.77418
2046,AVA_0_US-WA,1.77418
2046,AVRN_0_US-OR,1
2046,AVRN_0_US-WA,1
2046,AZPS_0_US-AZ,1.844818
2046,AZPS_0_US-CA,1.844818
2046,AZPS_0_US-NM,1.844818
2046,AZPS_0_US-NV,1.844818
2046,BANC_0_US-CA,1.450898
2046,BCHA_0_CA-BC,0
2046,BPAT_0_CA-BC,1.964734
2046,BPAT_0_US-CA,1.964734
2046,BPAT_0_US-ID,1.964734
2046,BPAT_0_US-MT,1.964734
2046,BPAT_0_US-OR,1.964734
2046,BPAT_0_US-WA,1.964734
2046,CEN_0_MX-COA,0
2046,CEN_0_MX-NLE,0
2046,CENB_0_MX-BCN,0
2046,CENB_0_MX-SON,0
2046,CHPD_0_US-WA,2.087755
2046,CISO_PGAE_US-CA,2.215923
2046,CISO_PGAE_US-OR,2.215923
2046,CISO_SCE_US-AZ,1.848458
2046,CISO_SCE_US-CA,1.848458
2046,CISO_SCE_US-NV,1.848458
2046,CISO_SDGE_MX-BCN,1.991079
2046,CISO_SDGE_US-AZ,1.991079
2046,CISO_SDGE_US-CA,1.991079
2046,CISO_VEA_US-NV,1.543046
2046,CPLE_0_US-NC,1.555283
2046,CPLE_0_US-SC,1.555283
2046,CPLW_0_US-NC,1.13247
2046,DEAA_0_US-AZ,1
2046,DOPD_0_US-WA,2.100642
2046,DUK_0_US-NC,1.492418
2046,DUK_0_US-SC,1.492418
2046,DUK_0_US-VA,1.492418
2046,EPE_0_US-NM,1.889376
2046,EPE_0_US-TX,1.889376
2046,ERCO_COAS_US-TX,1.920811
2046,ERCO_EAST_US-TX,2.792292
2046,ERCO_FWES_US-TX,1.864127
2046,ERCO_NCEN_US-TX,1.930257
2046,ERCO_NRTH_US-OK,2.117902
2046,ERCO_NRTH_US-TX,2.117902
2046,ERCO_SCEN_US-TX,2.028066
2046,ERCO_SOUT_US-TX,1.954845
2046,ERCO_WEST_US-TX,3.1895
2046,FMPP_0_US-FL,1.19418
2046,FPC_0_US-FL,1.142783
2046,FPL_0_US-FL,1.354293
2046,GCPD_0_US-WA,2.144667
2046,GLHB_0_US-IL,1
2046,GRID_0_US-NM,1
2046,GRID_0_US-OR,1
2046,GRID_0_US-WA,1
2046,GRIF_0_US-AZ,1
2046,GVL_0_US-FL,1.302655
2046,GWA_0_US-MT,1
2046,HGMA_0_US-AZ,1
2046,HQT_0_CA-NL,1
2046,HQT_0_CA-QC,1
2046,HST_0_US-FL,1.465517
2046,IESO_0_CA-ON,0
2046,IID_0_US-AZ,1.495146
2046,IID_0_US-CA,1.495146
2046,IPCO_0_US-ID,1.495205
2046,IPCO_0_US-NV,1.495205
2046,IPCO_0_US-OR,1.495205
2046,IPCO_0_US-UT,1.495205
2046,ISNE_4001_US-ME,1.506449
2046,ISNE_4002_US-ME,1.497969
2046,ISNE_4002_US-NH,1.497969
2046,ISNE_4002_US-VT,1.497969
2046,ISNE_4003_US-NH,1.869074
2046,ISNE_4003_US-NY,1.869074
2046,ISNE_4003_US-VT,1.869074
2046,ISNE_4004_US-CT,1.562346
2046,ISNE_4005_US-MA,1.491008
2046,ISNE_4005_US-RI,1.491008
2046,ISNE_4006_US-MA,1.792415
2046,ISNE_4006_US-RI,1.792415
2046,ISNE_4007_US-MA,1.784982
2046,ISNE_4007_US-NY,1.784982
2046,ISNE_4007_US-VT,1.784982
2046,ISNE_4008_US-MA,1.7659
2046,ISNE_4008_US-NH,1.7659
2046,JEA_0_US-FL,1.445004
2046,LDWP_0_US-AZ,1.439197
2046,LDWP_0_US-CA,1.439197
2046,LDWP_0_US-NV,1.439197
2046,LDWP_0_US-UT,1.439197
2046,LGEE_0_US-IN,1.269677
2046,LGEE_0_US-KY,1.269677
2046,LGEE_0_US-VA,1.269677
2046,MHEB_0_CA-MB,0
2046,MISO_01_US-IA,2.020801
2046,MISO_01_US-IL,2.020801
2046,MISO_01_US-MI,2.020801
2046,MISO_01_US-MN,2.020801
2046,MISO_01_US-MT,2.020801
2046,MISO_01_US-ND,2.020801
2046,MISO_01_US-SD,2.020801
2046,MISO_01_US-WI,2.020801
2046,MISO_02_US-IA,1.569143
2046,MISO_02_US-IL,1.569143
2046,MISO_02_US-MI,1.569143
2046,MISO_02_US-MN,1.569143
2046,MISO_02_US-WI,1.569143
2046,MISO_03_US-IA,2.195955
2046,MISO_03_US-IL,2.195955
2046,MISO_03_US-MN,2.195955
2046,MISO_03_US-MO,2.195955
2046,MISO_03_US-SD,2.195955
2046,MISO_04_US-IL,1.6386
2046,MISO_04_US-KY,1.6386
2046,MISO_04_US-MO,1.6386
2046,MISO_05_US-IA,1.353527
2046,MISO_05_US-IL,1.353527
2046,MISO_05_US-MO,1.353527
2046,MISO_06_US-IL,1.370199
2046,MISO_06_US-IN,1.370199
2046,MISO_06_US-KY,1.370199
2046,MISO_06_US-OH,1.370199
2046,MISO_07_US-MI,1.414162
2046,MISO_08_US-AR,1.296816
2046,MISO_08_US-MO,1.296816
2046,MISO_09_US-LA,1.419211
2046,MISO_09_US-TX,1.419211
2046,MISO_10_US-MS,1.365414
2046,MISO_10_US-TN,1.365414
2046,NBSO_0_CA-NB,6.025862
2046,NBSO_0_CA-PE,6.025862
2046,NBSO_0_US-ME,6.025862
2046,NEVP_0_US-CA,1.785829
2046,NEVP_0_US-NV,1.785829
2046,NEVP_0_US-OR,1.785829
2046,NSPI_0_CA-NS,6.025862
2046,NWMT_0_US-ID,1.66132
2046,NWMT_0_US-MT,1.66132
2046,NWMT_0_US-WY,1.66132
2046,NYIS_A_US-NY,1.525859
2046,NYIS_A_US-PA,1.525859
2046,NYIS_B_US-NY,1.507493
2046,NYIS_C_US-NY,1.508565
2046,NYIS_D_US-NY,1.482456
2046,NYIS_E_US-NY,1.500358
2046,NYIS_F_US-NY,1.493936
2046,NYIS_G_US-NJ,1.540018
2046,NYIS_G_US-NY,1.540018
2046,NYIS_G_US-PA,1.540018
2046,NYIS_H_US-NY,1.518248
2046,NYIS_I_US-NY,1.507062
2046,NYIS_J_US-NJ,1.436383
2046,NYIS_J_US-NY,1.436383
2046,NYIS_K_US-NY,1.436999
2046,PACE_0_US-AZ,1.766433
2046,PACE_0_US-CO,1.766433
2046,PACE_0_US-ID,1.766433
2046,PACE_0_US-MT,1.766433
2046,PACE_0_US-NV,1.766433
2046,PACE_0_US-UT,1.766433
2046,PACE_0_US-WY,1.766433
2046,PACW_0_US-CA,1.746787
2046,PACW_0_US-OR,1.746787
2046,PACW_0_US-WA,1.746787
2046,PGE_0_US-OR,1.805413
2046,PGE_0_US-WA,1.805413
2046,PJM_AE_US-NJ,1.69757
2046,PJM_AEP_US-IN,1.497798
2046,PJM_AEP_US-KY,1.497798
2046,PJM_AEP_US-MI,1.497798
2046,PJM_AEP_US-OH,1.497798
2046,PJM_AEP_US-TN,1.497798
2046,PJM_AEP_US-VA,1.497798
2046,PJM_AEP_US-WV,1.497798
2046,PJM_AP_US-MD,1.625
2046,PJM_AP_US-OH,1.625
2046,PJM_AP_US-PA,1.625
2046,PJM_AP_US-VA,1.625
2046,PJM_AP_US-WV,1.625
2046,PJM_ATSI_US-OH,1.433007
2046,PJM_ATSI_US-PA,1.433007
2046,PJM_BC_US-MD,1.857967
2046,PJM_CE_US-IL,1.654971
2046,PJM_CE_US-IN,1.654971
2046,PJM_DAY_US-OH,1.400717
2046,PJM_DEOK_US-KY,1.435791
2046,PJM_DEOK_US-OH,1.435791
2046,PJM_DOM_US-NC,2.44381
2046,PJM_DOM_US-VA,2.44381
2046,PJM_DOM_US-WV,2.44381
2046,PJM_DPL_US-DE,1.814861
2046,PJM_DPL_US-MD,1.814861
2046,PJM_DPL_US-NJ,1.814861
2046,PJM_DPL_US-PA,1.814861
2046,PJM_DPL_US-VA,1.814861
2046,PJM_DUQ_US-PA,1.413793
2046,PJM_EKPC_US-KY,1.329705
2046,PJM_JC_US-NJ,1.639687
2046,PJM_JC_US-NY,1.639687
2046,PJM_ME_US-PA,1.388327
2046,PJM_PE_US-DE,1.38236
2046,PJM_PE_US-MD,1.38236
2046,PJM_PE_US-NJ,1.38236
2046,PJM_PE_US-PA,1.38236
2046,PJM_PEP_US-DC,0.934962
2046,PJM_PEP_US-MD,0.934962
2046,PJM_PEP_US-VA,0.934962
2046,PJM_PL_US-MD,1.368119
2046,PJM_PL_US-PA,1.368119
2046,PJM_PN_US-MD,1.325153
2046,PJM_PN_US-PA,1.325153
2046,PJM_PS_US-NJ,1.740759
2046,PJM_PS_US-PA,1.740759
2046,PJM_RECO_US-NJ,3.317568
2046,PNM_ACMA_US-NM,1
2046,PNM_CYGA_US-NM,1
2046,PNM_Frep_US-NM,1.309524
2046,PNM_Jica_US-NM,1.25
2046,PNM_KAFB_US-NM,1.239437
2046,PNM_KCEC_US-NM,1.253968
2046,PNM_LAC_US-NM,1.168539
2046,PNM_NTUA_US-NM,0
2046,PNM_PNM_US-NM,1.666538
2046,PNM_TSGT_US-AZ,0.780856
2046,PNM_TSGT_US-NM,0.780856
2046,PSCO_0_US-CO,1.984472
2046,PSCO_0_US-WY,1.984472
2046,PSEI_0_US-WA,2.423407
2046,SC_0_US-SC,1.356203
2046,SCEG_0_US-GA,1.287067
2046,SCEG_0_US-SC,1.287067
2046,SCL_0_US-WA,2.158789
2046,SEC_0_US-FL,1.142783
2046,SEPA_0_US-GA,1
2046,SEPA_0_US-SC,1
2046,SOCO_0_US-AL,1.439497
2046,SOCO_0_US-FL,1.439497
2046,SOCO_0_US-GA,1.439497
2046,SOCO_0_US-MS,1.439497
2046,SOCO_0_US-SC,1.439497
2046,SPA_0_US-AR,3.55
2046,SPA_0_US-MO,3.55
2046,SPA_0_US-OK,3.55
2046,SPA_0_US-TX,3.55
2046,SPC_0_CA-SK,0
2046,SRP_0_US-AZ,1.701656
2046,SWPP_CSWS_US-AR,1.491018
2046,SWPP_CSWS_US-LA,1.491018
2046,SWPP_CSWS_US-OK,1.491018
2046,SWPP_CSWS_US-TX,1.491018
2046,SWPP_EDE_US-AR,1.510187
2046,SWPP_EDE_US-KS,1.510187
2046,SWPP_EDE_US-MO,1.510187
2046,SWPP_EDE_US-OK,1.510187
2046,SWPP_GRDA_US-AR,0.954987
2046,SWPP_GRDA_US-KS,0.954987
2046,SWPP_GRDA_US-OK,0.954987
2046,SWPP_INDN_US-MO,1.421642
2046,SWPP_KACY_US-KS,1.348008
2046,SWPP_KCPL_US-KS,1.380444
2046,SWPP_KCPL_US-MO,1.380444
2046,SWPP_LES_US-NE,4.583443
2046,SWPP_MPS_US-MO,1.414099
2046,SWPP_NPPD_US-CO,3.149665
2046,SWPP_NPPD_US-NE,3.149665
2046,SWPP_NPPD_US-SD,3.149665
2046,SWPP_OKGE_US-AR,1.335355
2046,SWPP_OKGE_US-OK,1.335355
2046,SWPP_OKGE_US-TX,1.335355
2046,SWPP_OPPD_US-NE,4.583176
2046,SWPP_SECI_US-KS,1.571952
2046,SWPP_SPRM_US-MO,1.410053
2046,SWPP_SPS_US-CO,1.814247
2046,SWPP_SPS_US-KS,1.814247
2046,SWPP_SPS_US-NM,1.814247
2046,SWPP_SPS_US-OK,1.814247
2046,SWPP_SPS_US-TX,1.814247
2046,SWPP_WAUE_US-IA,1.591943
2046,SWPP_WAUE_US-MN,1.591943
2046,SWPP_WAUE_US-MT,1.591943
2046,SWPP_WAUE_US-ND,1.591943
2046,SWPP_WAUE_US-NE,1.591943
2046,SWPP_WAUE_US-SD,1.591943
2046,SWPP_WAUE_US-WY,1.591943
2046,SWPP_WFEC_US-KS,1.275161
2046,SWPP_WFEC_US-OK,1.275161
2046,SWPP_WFEC_US-TX,1.275161
2046,SWPP_WR_US-KS,1.038714
2046,SWPP_WR_US-MO,1.038714
2046,TAL_0_US-FL,1.383518
2046,TEC_0_US-FL,1.361427
2046,TEPC_0_MX-SON,1.649782
2046,TEPC_0_US-AZ,1.649782
2046,TEPC_0_US-NM,1.649782
2046,TIDC_0_US-CA,1.23486
2046,TPWR_0_US-WA,2.163223
2046,TVA_0_US-AL,1.436223
2046,TVA_0_US-GA,1.436223
2046,TVA_0_US-KY,1.436223
2046,TVA_0_US-MS,1.436223
2046,TVA_0_US-NC,1.436223
2046,TVA_0_US-TN,1.436223
2046,TVA_0_US-VA,1.436223
2046,WACM_0_US-AZ,2.478698
2046,WACM_0_US-CO,2.478698
2046,WACM_0_US-MT,2.478698
2046,WACM_0_US-NE,2.478698
2046,WACM_0_US-NM,2.478698
2046,WACM_0_US-SD,2.478698
2046,WACM_0_US-UT,2.478698
2046,WACM_0_US-WY,2.478698
2046,WALC_0_US-AZ,1.926347
2046,WALC_0_US-CA,1.926347
2046,WALC_0_US-NV,1.926347
2046,WAUW_0_US-MT,2.154255
2046,WWA_0_US-MT,1
2046,YAD_0_US-NC,1
2047,AEC_0_US-AL,0
2047,AEC_0_US-FL,0
2047,AECI_0_US-AR,0
2047,AECI_0_US-IA,0
2047,AECI_0_US-MO,0
2047,AECI_0_US-OK,0
2047,AESO_CENT_CA-AB,0
2047,AESO_CGY_CA-AB,0
2047,AESO_EDM_CA-AB,0
2047,AESO_NE_CA-AB,0
2047,AESO_NW_CA-AB,0
2047,AESO_NW_CA-BC,0
2047,AESO_SOUT_CA-AB,0
2047,AVA_0_US-ID,1.802775
2047,AVA_0_US-MT,1.802775
2047,AVA_0_US-OR,1.802775
2047,AVA_0_US-WA,1.802775
2047,AVRN_0_US-OR,1
2047,AVRN_0_US-WA,1
2047,AZPS_0_US-AZ,1.875576
2047,AZPS_0_US-CA,1.875576
2047,AZPS_0_US-NM,1.875576
2047,AZPS_0_US-NV,1.875576
2047,BANC_0_US-CA,1.473777
2047,BCHA_0_CA-BC,0
2047,BPAT_0_CA-BC,1.99674
2047,BPAT_0_US-CA,1.99674
2047,BPAT_0_US-ID,1.99674
2047,BPAT_0_US-MT,1.99674
2047,BPAT_0_US-OR,1.99674
2047,BPAT_0_US-WA,1.99674
2047,CEN_0_MX-COA,0
2047,CEN_0_MX-NLE,0
2047,CENB_0_MX-BCN,0
2047,CENB_0_MX-SON,0
2047,CHPD_0_US-WA,2.122449
2047,CISO_PGAE_US-CA,2.250801
2047,CISO_PGAE_US-OR,2.250801
2047,CISO_SCE_US-AZ,1.877574
2047,CISO_SCE_US-CA,1.877574
2047,CISO_SCE_US-NV,1.877574
2047,CISO_SDGE_MX-BCN,2.022438
2047,CISO_SDGE_US-AZ,2.022438
2047,CISO_SDGE_US-CA,2.022438
2047,CISO_VEA_US-NV,1.562914
2047,CPLE_0_US-NC,1.578853
2047,CPLE_0_US-SC,1.578853
2047,CPLW_0_US-NC,1.150398
2047,DEAA_0_US-AZ,1
2047,DOPD_0_US-WA,2.134904
2047,DUK_0_US-NC,1.514574
2047,DUK_0_US-SC,1.514574
2047,DUK_0_US-VA,1.514574
2047,EPE_0_US-NM,1.923977
2047,EPE_0_US-TX,1.923977
2047,ERCO_COAS_US-TX,1.957734
2047,ERCO_EAST_US-TX,2.845833
2047,ERCO_FWES_US-TX,1.900106
2047,ERCO_NCEN_US-TX,1.967399
2047,ERCO_NRTH_US-OK,2.158325
2047,ERCO_NRTH_US-TX,2.158325
2047,ERCO_SCEN_US-TX,2.067043
2047,ERCO_SOUT_US-TX,1.992419
2047,ERCO_WEST_US-TX,3.25075
2047,FMPP_0_US-FL,1.210226
2047,FPC_0_US-FL,1.158282
2047,FPL_0_US-FL,1.372635
2047,GCPD_0_US-WA,2.179514
2047,GLHB_0_US-IL,1
2047,GRID_0_US-NM,1
2047,GRID_0_US-OR,1
2047,GRID_0_US-WA,1
2047,GRIF_0_US-AZ,1
2047,GVL_0_US-FL,1.320354
2047,GWA_0_US-MT,1
2047,HGMA_0_US-AZ,1
2047,HQT_0_CA-NL,1
2047,HQT_0_CA-QC,1
2047,HST_0_US-FL,1.482759
2047,IESO_0_CA-ON,0
2047,IID_0_US-AZ,1.518976
2047,IID_0_US-CA,1.518976
2047,IPCO_0_US-ID,1.517826
2047,IPCO_0_US-NV,1.517826
2047,IPCO_0_US-OR,1.517826
2047,IPCO_0_US-UT,1.517826
2047,ISNE_4001_US-ME,1.526225
2047,ISNE_4002_US-ME,1.517465
2047,ISNE_4002_US-NH,1.517465
2047,ISNE_4002_US-VT,1.517465
2047,ISNE_4003_US-NH,1.892777
2047,ISNE_4003_US-NY,1.892777
2047,ISNE_4003_US-VT,1.892777
2047,ISNE_4004_US-CT,1.581281
2047,ISNE_4005_US-MA,1.508447
2047,ISNE_4005_US-RI,1.508447
2047,ISNE_4006_US-MA,1.818182
2047,ISNE_4006_US-RI,1.818182
2047,ISNE_4007_US-MA,1.810615
2047,ISNE_4007_US-NY,1.810615
2047,ISNE_4007_US-VT,1.810615
2047,ISNE_4008_US-MA,1.791188
2047,ISNE_4008_US-NH,1.791188
2047,JEA_0_US-FL,1.464369
2047,LDWP_0_US-AZ,1.461817
2047,LDWP_0_US-CA,1.461817
2047,LDWP_0_US-NV,1.461817
2047,LDWP_0_US-UT,1.461817
2047,LGEE_0_US-IN,1.286174
2047,LGEE_0_US-KY,1.286174
2047,LGEE_0_US-VA,1.286174
2047,MHEB_0_CA-MB,0
2047,MISO_01_US-IA,2.071031
2047,MISO_01_US-IL,2.071031
2047,MISO_01_US-MI,2.071031
2047,MISO_01_US-MN,2.071031
2047,MISO_01_US-MT,2.071031
2047,MISO_01_US-ND,2.071031
2047,MISO_01_US-SD,2.071031
2047,MISO_01_US-WI,2.071031
2047,MISO_02_US-IA,1.586939
2047,MISO_02_US-IL,1.586939
2047,MISO_02_US-MI,1.586939
2047,MISO_02_US-MN,1.586939
2047,MISO_02_US-WI,1.586939
2047,MISO_03_US-IA,2.258755
2047,MISO_03_US-IL,2.258755
2047,MISO_03_US-MN,2.258755
2047,MISO_03_US-MO,2.258755
2047,MISO_03_US-SD,2.258755
2047,MISO_04_US-IL,1.657675
2047,MISO_04_US-KY,1.657675
2047,MISO_04_US-MO,1.657675
2047,MISO_05_US-IA,1.371845
2047,MISO_05_US-IL,1.371845
2047,MISO_05_US-MO,1.371845
2047,MISO_06_US-IL,1.385491
2047,MISO_06_US-IN,1.385491
2047,MISO_06_US-KY,1.385491
2047,MISO_06_US-OH,1.385491
2047,MISO_07_US-MI,1.428973
2047,MISO_08_US-AR,1.313614
2047,MISO_08_US-MO,1.313614
2047,MISO_09_US-LA,1.439451
2047,MISO_09_US-TX,1.439451
2047,MISO_10_US-MS,1.382428
2047,MISO_10_US-TN,1.382428
2047,NBSO_0_CA-NB,6.10468
2047,NBSO_0_CA-PE,6.10468
2047,NBSO_0_US-ME,6.10468
2047,NEVP_0_US-CA,1.81447
2047,NEVP_0_US-NV,1.81447
2047,NEVP_0_US-OR,1.81447
2047,NSPI_0_CA-NS,6.10468
2047,NWMT_0_US-ID,1.691943
2047,NWMT_0_US-MT,1.691943
2047,NWMT_0_US-WY,1.691943
2047,NYIS_A_US-NY,1.546621
2047,NYIS_A_US-PA,1.546621
2047,NYIS_B_US-NY,1.527972
2047,NYIS_C_US-NY,1.529265
2047,NYIS_D_US-NY,1.503759
2047,NYIS_E_US-NY,1.521147
2047,NYIS_F_US-NY,1.514429
2047,NYIS_G_US-NJ,1.561566
2047,NYIS_G_US-NY,1.561566
2047,NYIS_G_US-PA,1.561566
2047,NYIS_H_US-NY,1.538686
2047,NYIS_I_US-NY,1.527542
2047,NYIS_J_US-NJ,1.456188
2047,NYIS_J_US-NY,1.456188
2047,NYIS_K_US-NY,1.45673
2047,PACE_0_US-AZ,1.796912
2047,PACE_0_US-CO,1.796912
2047,PACE_0_US-ID,1.796912
2047,PACE_0_US-MT,1.796912
2047,PACE_0_US-NV,1.796912
2047,PACE_0_US-UT,1.796912
2047,PACE_0_US-WY,1.796912
2047,PACW_0_US-CA,1.774881
2047,PACW_0_US-OR,1.774881
2047,PACW_0_US-WA,1.774881
2047,PGE_0_US-OR,1.834042
2047,PGE_0_US-WA,1.834042
2047,PJM_AE_US-NJ,1.721869
2047,PJM_AEP_US-IN,1.520185
2047,PJM_AEP_US-KY,1.520185
2047,PJM_AEP_US-MI,1.520185
2047,PJM_AEP_US-OH,1.520185
2047,PJM_AEP_US-TN,1.520185
2047,PJM_AEP_US-VA,1.520185
2047,PJM_AEP_US-WV,1.520185
2047,PJM_AP_US-MD,1.64929
2047,PJM_AP_US-OH,1.64929
2047,PJM_AP_US-PA,1.64929
2047,PJM_AP_US-VA,1.64929
2047,PJM_AP_US-WV,1.64929
2047,PJM_ATSI_US-OH,1.451809
2047,PJM_ATSI_US-PA,1.451809
2047,PJM_BC_US-MD,1.884855
2047,PJM_CE_US-IL,1.674212
2047,PJM_CE_US-IN,1.674212
2047,PJM_DAY_US-OH,1.418931
2047,PJM_DEOK_US-KY,1.454648
2047,PJM_DEOK_US-OH,1.454648
2047,PJM_DOM_US-NC,2.50183
2047,PJM_DOM_US-VA,2.50183
2047,PJM_DOM_US-WV,2.50183
2047,PJM_DPL_US-DE,1.839547
2047,PJM_DPL_US-MD,1.839547
2047,PJM_DPL_US-NJ,1.839547
2047,PJM_DPL_US-PA,1.839547
2047,PJM_DPL_US-VA,1.839547
2047,PJM_DUQ_US-PA,1.432668
2047,PJM_EKPC_US-KY,1.346559
2047,PJM_JC_US-NJ,1.663349
2047,PJM_JC_US-NY,1.663349
2047,PJM_ME_US-PA,1.406586
2047,PJM_PE_US-DE,1.400404
2047,PJM_PE_US-MD,1.400404
2047,PJM_PE_US-NJ,1.400404
2047,PJM_PE_US-PA,1.400404
2047,PJM_PEP_US-DC,0.94861
2047,PJM_PEP_US-MD,0.94861
2047,PJM_PEP_US-VA,0.94861
2047,PJM_PL_US-MD,1.38599
2047,PJM_PL_US-PA,1.38599
2047,PJM_PN_US-MD,1.342877
2047,PJM_PN_US-PA,1.342877
2047,PJM_PS_US-NJ,1.765799
2047,PJM_PS_US-PA,1.765799
2047,PJM_RECO_US-NJ,3.364865
2047,PNM_ACMA_US-NM,1
2047,PNM_CYGA_US-NM,1
2047,PNM_Frep_US-NM,1.321429
2047,PNM_Jica_US-NM,1.25
2047,PNM_KAFB_US-NM,1.253521
2047,PNM_KCEC_US-NM,1.269841
2047,PNM_LAC_US-NM,1.191011
2047,PNM_NTUA_US-NM,0
2047,PNM_PNM_US-NM,1.688923
2047,PNM_TSGT_US-AZ,0.790932
2047,PNM_TSGT_US-NM,0.790932
2047,PSCO_0_US-CO,2.013904
2047,PSCO_0_US-WY,2.013904
2047,PSEI_0_US-WA,2.463152
2047,SC_0_US-SC,1.374326
2047,SCEG_0_US-GA,1.304067
2047,SCEG_0_US-SC,1.304067
2047,SCL_0_US-WA,2.19384
2047,SEC_0_US-FL,1.158282
2047,SEPA_0_US-GA,1
2047,SEPA_0_US-SC,1
2047,SOCO_0_US-AL,1.459642
2047,SOCO_0_US-FL,1.459642
2047,SOCO_0_US-GA,1.459642
2047,SOCO_0_US-MS,1.459642
2047,SOCO_0_US-SC,1.459642
2047,SPA_0_US-AR,3.6
2047,SPA_0_US-MO,3.6
2047,SPA_0_US-OK,3.6
2047,SPA_0_US-TX,3.6
2047,SPC_0_CA-SK,0
2047,SRP_0_US-AZ,1.730082
2047,SWPP_CSWS_US-AR,1.515495
2047,SWPP_CSWS_US-LA,1.515495
2047,SWPP_CSWS_US-OK,1.515495
2047,SWPP_CSWS_US-TX,1.515495
2047,SWPP_EDE_US-AR,1.530562
2047,SWPP_EDE_US-KS,1.530562
2047,SWPP_EDE_US-MO,1.530562
2047,SWPP_EDE_US-OK,1.530562
2047,SWPP_GRDA_US-AR,0.971756
2047,SWPP_GRDA_US-KS,0.971756
2047,SWPP_GRDA_US-OK,0.971756
2047,SWPP_INDN_US-MO,1.440299
2047,SWPP_KACY_US-KS,1.362683
2047,SWPP_KCPL_US-KS,1.398427
2047,SWPP_KCPL_US-MO,1.398427
2047,SWPP_LES_US-NE,4.788436
2047,SWPP_MPS_US-MO,1.43342
2047,SWPP_NPPD_US-CO,3.290228
2047,SWPP_NPPD_US-NE,3.290228
2047,SWPP_NPPD_US-SD,3.290228
2047,SWPP_OKGE_US-AR,1.357988
2047,SWPP_OKGE_US-OK,1.357988
2047,SWPP_OKGE_US-TX,1.357988
2047,SWPP_OPPD_US-NE,4.788005
2047,SWPP_SECI_US-KS,1.591201
2047,SWPP_SPRM_US-MO,1.429894
2047,SWPP_SPS_US-CO,1.846027
2047,SWPP_SPS_US-KS,1.846027
2047,SWPP_SPS_US-NM,1.846027
2047,SWPP_SPS_US-OK,1.846027
2047,SWPP_SPS_US-TX,1.846027
2047,SWPP_WAUE_US-IA,1.643997
2047,SWPP_WAUE_US-MN,1.643997
2047,SWPP_WAUE_US-MT,1.643997
2047,SWPP_WAUE_US-ND,1.643997
2047,SWPP_WAUE_US-NE,1.643997
2047,SWPP_WAUE_US-SD,1.643997
2047,SWPP_WAUE_US-WY,1.643997
2047,SWPP_WFEC_US-KS,1.297109
2047,SWPP_WFEC_US-OK,1.297109
2047,SWPP_WFEC_US-TX,1.297109
2047,SWPP_WR_US-KS,1.05137
2047,SWPP_WR_US-MO,1.05137
2047,TAL_0_US-FL,1.402536
2047,TEC_0_US-FL,1.37971
2047,TEPC_0_MX-SON,1.677169
2047,TEPC_0_US-AZ,1.677169
2047,TEPC_0_US-NM,1.677169
2047,TIDC_0_US-CA,1.254062
2047,TPWR_0_US-WA,2.198347
2047,TVA_0_US-AL,1.455339
2047,TVA_0_US-GA,1.455339
2047,TVA_0_US-KY,1.455339
2047,TVA_0_US-MS,1.455339
2047,TVA_0_US-NC,1.455339
2047,TVA_0_US-TN,1.455339
2047,TVA_0_US-VA,1.455339
2047,WACM_0_US-AZ,2.533581
2047,WACM_0_US-CO,2.533581
2047,WACM_0_US-MT,2.533581
2047,WACM_0_US-NE,2.533581
2047,WACM_0_US-NM,2.533581
2047,WACM_0_US-SD,2.533581
2047,WACM_0_US-UT,2.533581
2047,WACM_0_US-WY,2.533581
2047,WALC_0_US-AZ,1.957489
2047,WALC_0_US-CA,1.957489
2047,WALC_0_US-NV,1.957489
2047,WAUW_0_US-MT,2.191489
2047,WWA_0_US-MT,1
2047,YAD_0_US-NC,1
2048,AEC_0_US-AL,0
2048,AEC_0_US-FL,0
2048,AECI_0_US-AR,0
2048,AECI_0_US-IA,0
2048,AECI_0_US-MO,0
2048,AECI_0_US-OK,0
2048,AESO_CENT_CA-AB,0
2048,AESO_CGY_CA-AB,0
2048,AESO_EDM_CA-AB,0
2048,AESO_NE_CA-AB,0
2048,AESO_NW_CA-AB,0
2048,AESO_NW_CA-BC,0
2048,AESO_SOUT_CA-AB,0
2048,AVA_0_US-ID,1.831791
2048,AVA_0_US-MT,1.831791
2048,AVA_0_US-OR,1.831791
2048,AVA_0_US-WA,1.831791
2048,AVRN_0_US-OR,1
2048,AVRN_0_US-WA,1
2048,AZPS_0_US-AZ,1.90687
2048,AZPS_0_US-CA,1.90687
2048,AZPS_0_US-NM,1.90687
2048,AZPS_0_US-NV,1.90687
2048,BANC_0_US-CA,1.497008
2048,BCHA_0_CA-BC,0
2048,BPAT_0_CA-BC,2.029142
2048,BPAT_0_US-CA,2.029142
2048,BPAT_0_US-ID,2.029142
2048,BPAT_0_US-MT,2.029142
2048,BPAT_0_US-OR,2.029142
2048,BPAT_0_US-WA,2.029142
2048,CEN_0_MX-COA,0
2048,CEN_0_MX-NLE,0
2048,CENB_0_MX-BCN,0
2048,CENB_0_MX-SON,0
2048,CHPD_0_US-WA,2.157143
2048,CISO_PGAE_US-CA,2.286229
2048,CISO_PGAE_US-OR,2.286229
2048,CISO_SCE_US-AZ,1.907156
2048,CISO_SCE_US-CA,1.907156
2048,CISO_SCE_US-NV,1.907156
2048,CISO_SDGE_MX-BCN,2.054339
2048,CISO_SDGE_US-AZ,2.054339
2048,CISO_SDGE_US-CA,2.054339
2048,CISO_VEA_US-NV,1.589404
2048,CPLE_0_US-NC,1.60275
2048,CPLE_0_US-SC,1.60275
2048,CPLW_0_US-NC,1.168327
2048,DEAA_0_US-AZ,1
2048,DOPD_0_US-WA,2.169165
2048,DUK_0_US-NC,1.537075
2048,DUK_0_US-SC,1.537075
2048,DUK_0_US-VA,1.537075
2048,EPE_0_US-NM,1.959064
2048,EPE_0_US-TX,1.959064
2048,ERCO_COAS_US-TX,1.995379
2048,ERCO_EAST_US-TX,2.900625
2048,ERCO_FWES_US-TX,1.936508
2048,ERCO_NCEN_US-TX,2.005239
2048,ERCO_NRTH_US-OK,2.200192
2048,ERCO_NRTH_US-TX,2.200192
2048,ERCO_SCEN_US-TX,2.106772
2048,ERCO_SOUT_US-TX,2.030653
2048,ERCO_WEST_US-TX,3.31325
2048,FMPP_0_US-FL,1.226543
2048,FPC_0_US-FL,1.173954
2048,FPL_0_US-FL,1.391234
2048,GCPD_0_US-WA,2.215417
2048,GLHB_0_US-IL,1
2048,GRID_0_US-NM,1
2048,GRID_0_US-OR,1
2048,GRID_0_US-WA,1
2048,GRIF_0_US-AZ,1
2048,GVL_0_US-FL,1.338053
2048,GWA_0_US-MT,1
2048,HGMA_0_US-AZ,1
2048,HQT_0_CA-NL,1
2048,HQT_0_CA-QC,1
2048,HST_0_US-FL,1.508621
2048,IESO_0_CA-ON,0
2048,IID_0_US-AZ,1.542807
2048,IID_0_US-CA,1.542807
2048,IPCO_0_US-ID,1.540939
2048,IPCO_0_US-NV,1.540939
2048,IPCO_0_US-OR,1.540939
2048,IPCO_0_US-UT,1.540939
2048,ISNE_4001_US-ME,1.546002
2048,ISNE_4002_US-ME,1.537368
2048,ISNE_4002_US-NH,1.537368
2048,ISNE_4002_US-VT,1.537368
2048,ISNE_4003_US-NH,1.916479
2048,ISNE_4003_US-NY,1.916479
2048,ISNE_4003_US-VT,1.916479
2048,ISNE_4004_US-CT,1.600523
2048,ISNE_4005_US-MA,1.525886
2048,ISNE_4005_US-RI,1.525886
2048,ISNE_4006_US-MA,1.844239
2048,ISNE_4006_US-RI,1.844239
2048,ISNE_4007_US-MA,1.83655
2048,ISNE_4007_US-NY,1.83655
2048,ISNE_4007_US-VT,1.83655
2048,ISNE_4008_US-MA,1.81705
2048,ISNE_4008_US-NH,1.81705
2048,JEA_0_US-FL,1.484508
2048,LDWP_0_US-AZ,1.48498
2048,LDWP_0_US-CA,1.48498
2048,LDWP_0_US-NV,1.48498
2048,LDWP_0_US-UT,1.48498
2048,LGEE_0_US-IN,1.30295
2048,LGEE_0_US-KY,1.30295
2048,LGEE_0_US-VA,1.30295
2048,MHEB_0_CA-MB,0
2048,MISO_01_US-IA,2.122484
2048,MISO_01_US-IL,2.122484
2048,MISO_01_US-MI,2.122484
2048,MISO_01_US-MN,2.122484
2048,MISO_01_US-MT,2.122484
2048,MISO_01_US-ND,2.122484
2048,MISO_01_US-SD,2.122484
2048,MISO_01_US-WI,2.122484
2048,MISO_02_US-IA,1.60498
2048,MISO_02_US-IL,1.60498
2048,MISO_02_US-MI,1.60498
2048,MISO_02_US-MN,1.60498
2048,MISO_02_US-WI,1.60498
2048,MISO_03_US-IA,2.323257
2048,MISO_03_US-IL,2.323257
2048,MISO_03_US-MN,2.323257
2048,MISO_03_US-MO,2.323257
2048,MISO_03_US-SD,2.323257
2048,MISO_04_US-IL,1.676862
2048,MISO_04_US-KY,1.676862
2048,MISO_04_US-MO,1.676862
2048,MISO_05_US-IA,1.390451
2048,MISO_05_US-IL,1.390451
2048,MISO_05_US-MO,1.390451
2048,MISO_06_US-IL,1.400843
2048,MISO_06_US-IN,1.400843
2048,MISO_06_US-KY,1.400843
2048,MISO_06_US-OH,1.400843
2048,MISO_07_US-MI,1.443892
2048,MISO_08_US-AR,1.330558
2048,MISO_08_US-MO,1.330558
2048,MISO_09_US-LA,1.459982
2048,MISO_09_US-TX,1.459982
2048,MISO_10_US-MS,1.399441
2048,MISO_10_US-TN,1.399441
2048,NBSO_0_CA-NB,6.183498
2048,NBSO_0_CA-PE,6.183498
2048,NBSO_0_US-ME,6.183498
2048,NEVP_0_US-CA,1.843433
2048,NEVP_0_US-NV,1.843433
2048,NEVP_0_US-OR,1.843433
2048,NSPI_0_CA-NS,6.183498
2048,NWMT_0_US-ID,1.723296
2048,NWMT_0_US-MT,1.723296
2048,NWMT_0_US-WY,1.723296
2048,NYIS_A_US-NY,1.567761
2048,NYIS_A_US-PA,1.567761
2048,NYIS_B_US-NY,1.548951
2048,NYIS_C_US-NY,1.550321
2048,NYIS_D_US-NY,1.52381
2048,NYIS_E_US-NY,1.541935
2048,NYIS_F_US-NY,1.535341
2048,NYIS_G_US-NJ,1.582674
2048,NYIS_G_US-NY,1.582674
2048,NYIS_G_US-PA,1.582674
2048,NYIS_H_US-NY,1.560584
2048,NYIS_I_US-NY,1.548729
2048,NYIS_J_US-NJ,1.476186
2048,NYIS_J_US-NY,1.476186
2048,NYIS_K_US-NY,1.476656
2048,PACE_0_US-AZ,1.827948
2048,PACE_0_US-CO,1.827948
2048,PACE_0_US-ID,1.827948
2048,PACE_0_US-MT,1.827948
2048,PACE_0_US-NV,1.827948
2048,PACE_0_US-UT,1.827948
2048,PACE_0_US-WY,1.827948
2048,PACW_0_US-CA,1.803342
2048,PACW_0_US-OR,1.803342
2048,PACW_0_US-WA,1.803342
2048,PGE_0_US-OR,1.863342
2048,PGE_0_US-WA,1.863342
2048,PJM_AE_US-NJ,1.746542
2048,PJM_AEP_US-IN,1.542891
2048,PJM_AEP_US-KY,1.542891
2048,PJM_AEP_US-MI,1.542891
2048,PJM_AEP_US-OH,1.542891
2048,PJM_AEP_US-TN,1.542891
2048,PJM_AEP_US-VA,1.542891
2048,PJM_AEP_US-WV,1.542891
2048,PJM_AP_US-MD,1.673913
2048,PJM_AP_US-OH,1.673913
2048,PJM_AP_US-PA,1.673913
2048,PJM_AP_US-VA,1.673913
2048,PJM_AP_US-WV,1.673913
2048,PJM_ATSI_US-OH,1.470927
2048,PJM_ATSI_US-PA,1.470927
2048,PJM_BC_US-MD,1.912198
2048,PJM_CE_US-IL,1.69369
2048,PJM_CE_US-IN,1.69369
2048,PJM_DAY_US-OH,1.437743
2048,PJM_DEOK_US-KY,1.473506
2048,PJM_DEOK_US-OH,1.473506
2048,PJM_DOM_US-NC,2.561265
2048,PJM_DOM_US-VA,2.561265
2048,PJM_DOM_US-WV,2.561265
2048,PJM_DPL_US-DE,1.864232
2048,PJM_DPL_US-MD,1.864232
2048,PJM_DPL_US-NJ,1.864232
2048,PJM_DPL_US-PA,1.864232
2048,PJM_DPL_US-VA,1.864232
2048,PJM_DUQ_US-PA,1.45118
2048,PJM_EKPC_US-KY,1.363413
2048,PJM_JC_US-NJ,1.687337
2048,PJM_JC_US-NY,1.687337
2048,PJM_ME_US-PA,1.425171
2048,PJM_PE_US-DE,1.418803
2048,PJM_PE_US-MD,1.418803
2048,PJM_PE_US-NJ,1.418803
2048,PJM_PE_US-PA,1.418803
2048,PJM_PEP_US-DC,0.962258
2048,PJM_PEP_US-MD,0.962258
2048,PJM_PEP_US-VA,0.962258
2048,PJM_PL_US-MD,1.404253
2048,PJM_PL_US-PA,1.404253
2048,PJM_PN_US-MD,1.360259
2048,PJM_PN_US-PA,1.360259
2048,PJM_PS_US-NJ,1.791335
2048,PJM_PS_US-PA,1.791335
2048,PJM_RECO_US-NJ,3.412162
2048,PNM_ACMA_US-NM,1
2048,PNM_CYGA_US-NM,1
2048,PNM_Frep_US-NM,1.345238
2048,PNM_Jica_US-NM,1.5
2048,PNM_KAFB_US-NM,1.28169
2048,PNM_KCEC_US-NM,1.285714
2048,PNM_LAC_US-NM,1.202247
2048,PNM_NTUA_US-NM,0
2048,PNM_PNM_US-NM,1.711694
2048,PNM_TSGT_US-AZ,0.801008
2048,PNM_TSGT_US-NM,0.801008
2048,PSCO_0_US-CO,2.043845
2048,PSCO_0_US-WY,2.043845
2048,PSEI_0_US-WA,2.503495
2048,SC_0_US-SC,1.392665
2048,SCEG_0_US-GA,1.321498
2048,SCEG_0_US-SC,1.321498
2048,SCL_0_US-WA,2.229952
2048,SEC_0_US-FL,1.173954
2048,SEPA_0_US-GA,1
2048,SEPA_0_US-SC,1
2048,SOCO_0_US-AL,1.480054
2048,SOCO_0_US-FL,1.480054
2048,SOCO_0_US-GA,1.480054
2048,SOCO_0_US-MS,1.480054
2048,SOCO_0_US-SC,1.480054
2048,SPA_0_US-AR,3.644444
2048,SPA_0_US-MO,3.644444
2048,SPA_0_US-OK,3.644444
2048,SPA_0_US-TX,3.644444
2048,SPC_0_CA-SK,0
2048,SRP_0_US-AZ,1.75903
2048,SWPP_CSWS_US-AR,1.540498
2048,SWPP_CSWS_US-LA,1.540498
2048,SWPP_CSWS_US-OK,1.540498
2048,SWPP_CSWS_US-TX,1.540498
2048,SWPP_EDE_US-AR,1.551752
2048,SWPP_EDE_US-KS,1.551752
2048,SWPP_EDE_US-MO,1.551752
2048,SWPP_EDE_US-OK,1.551752
2048,SWPP_GRDA_US-AR,0.988526
2048,SWPP_GRDA_US-KS,0.988526
2048,SWPP_GRDA_US-OK,0.988526
2048,SWPP_INDN_US-MO,1.458955
2048,SWPP_KACY_US-KS,1.379455
2048,SWPP_KCPL_US-KS,1.416409
2048,SWPP_KCPL_US-MO,1.416409
2048,SWPP_LES_US-NE,5.002628
2048,SWPP_MPS_US-MO,1.452742
2048,SWPP_NPPD_US-CO,3.437216
2048,SWPP_NPPD_US-NE,3.437216
2048,SWPP_NPPD_US-SD,3.437216
2048,SWPP_OKGE_US-AR,1.380917
2048,SWPP_OKGE_US-OK,1.380917
2048,SWPP_OKGE_US-TX,1.380917
2048,SWPP_OPPD_US-NE,5.001886
2048,SWPP_SECI_US-KS,1.610449
2048,SWPP_SPRM_US-MO,1.448413
2048,SWPP_SPS_US-CO,1.878539
2048,SWPP_SPS_US-KS,1.878539
2048,SWPP_SPS_US-NM,1.878539
2048,SWPP_SPS_US-OK,1.878539
2048,SWPP_SPS_US-TX,1.878539
2048,SWPP_WAUE_US-IA,1.697647
2048,SWPP_WAUE_US-MN,1.697647
2048,SWPP_WAUE_US-MT,1.697647
2048,SWPP_WAUE_US-ND,1.697647
2048,SWPP_WAUE_US-NE,1.697647
2048,SWPP_WAUE_US-SD,1.697647
2048,SWPP_WAUE_US-WY,1.697647
2048,SWPP_WFEC_US-KS,1.319593
2048,SWPP_WFEC_US-OK,1.319593
2048,SWPP_WFEC_US-TX,1.319593
2048,SWPP_WR_US-KS,1.064324
2048,SWPP_WR_US-MO,1.064324
2048,TAL_0_US-FL,1.421553
2048,TEC_0_US-FL,1.398439
2048,TEPC_0_MX-SON,1.705284
2048,TEPC_0_US-AZ,1.705284
2048,TEPC_0_US-NM,1.705284
2048,TIDC_0_US-CA,1.273264
2048,TPWR_0_US-WA,2.234504
2048,TVA_0_US-AL,1.47472
2048,TVA_0_US-GA,1.47472
2048,TVA_0_US-KY,1.47472
2048,TVA_0_US-MS,1.47472
2048,TVA_0_US-NC,1.47472
2048,TVA_0_US-TN,1.47472
2048,TVA_0_US-VA,1.47472
2048,WACM_0_US-AZ,2.589767
2048,WACM_0_US-CO,2.589767
2048,WACM_0_US-MT,2.589767
2048,WACM_0_US-NE,2.589767
2048,WACM_0_US-NM,2.589767
2048,WACM_0_US-SD,2.589767
2048,WACM_0_US-UT,2.589767
2048,WACM_0_US-WY,2.589767
2048,WALC_0_US-AZ,1.989619
2048,WALC_0_US-CA,1.989619
2048,WALC_0_US-NV,1.989619
2048,WAUW_0_US-MT,2.228723
2048,WWA_0_US-MT,1
2048,YAD_0_US-NC,1
2049,AEC_0_US-AL,0
2049,AEC_0_US-FL,0
2049,AECI_0_US-AR,0
2049,AECI_0_US-IA,0
2049,AECI_0_US-MO,0
2049,AECI_0_US-OK,0
2049,AESO_CENT_CA-AB,0
2049,AESO_CGY_CA-AB,0
2049,AESO_EDM_CA-AB,0
2049,AESO_NE_CA-AB,0
2049,AESO_NW_CA-AB,0
2049,AESO_NW_CA-BC,0
2049,AESO_SOUT_CA-AB,0
2049,AVA_0_US-ID,1.860807
2049,AVA_0_US-MT,1.860807
2049,AVA_0_US-OR,1.860807
2049,AVA_0_US-WA,1.860807
2049,AVRN_0_US-OR,1
2049,AVRN_0_US-WA,1
2049,AZPS_0_US-AZ,1.938699
2049,AZPS_0_US-CA,1.938699
2049,AZPS_0_US-NM,1.938699
2049,AZPS_0_US-NV,1.938699
2049,BANC_0_US-CA,1.520591
2049,BCHA_0_CA-BC,0
2049,BPAT_0_CA-BC,2.062235
2049,BPAT_0_US-CA,2.062235
2049,BPAT_0_US-ID,2.062235
2049,BPAT_0_US-MT,2.062235
2049,BPAT_0_US-OR,2.062235
2049,BPAT_0_US-WA,2.062235
2049,CEN_0_MX-COA,0
2049,CEN_0_MX-NLE,0
2049,CENB_0_MX-BCN,0
2049,CENB_0_MX-SON,0
2049,CHPD_0_US-WA,2.191837
2049,CISO_PGAE_US-CA,2.322258
2049,CISO_PGAE_US-OR,2.322258
2049,CISO_SCE_US-AZ,1.937156
2049,CISO_SCE_US-CA,1.937156
2049,CISO_SCE_US-NV,1.937156
2049,CISO_SDGE_MX-BCN,2.08678
2049,CISO_SDGE_US-AZ,2.08678
2049,CISO_SDGE_US-CA,2.08678
2049,CISO_VEA_US-NV,1.615894
2049,CPLE_0_US-NC,1.627056
2049,CPLE_0_US-SC,1.627056
2049,CPLW_0_US-NC,1.186255
2049,DEAA_0_US-AZ,1
2049,DOPD_0_US-WA,2.205567
2049,DUK_0_US-NC,1.559872
2049,DUK_0_US-SC,1.559872
2049,DUK_0_US-VA,1.559872
2049,EPE_0_US-NM,1.994639
2049,EPE_0_US-TX,1.994639
2049,ERCO_COAS_US-TX,2.033746
2049,ERCO_EAST_US-TX,2.95625
2049,ERCO_FWES_US-TX,1.973968
2049,ERCO_NCEN_US-TX,2.043779
2049,ERCO_NRTH_US-OK,2.24206
2049,ERCO_NRTH_US-TX,2.24206
2049,ERCO_SCEN_US-TX,2.147329
2049,ERCO_SOUT_US-TX,2.06971
2049,ERCO_WEST_US-TX,3.377
2049,FMPP_0_US-FL,1.243133
2049,FPC_0_US-FL,1.189887
2049,FPL_0_US-FL,1.410091
2049,GCPD_0_US-WA,2.25132
2049,GLHB_0_US-IL,1
2049,GRID_0_US-NM,1
2049,GRID_0_US-OR,1
2049,GRID_0_US-WA,1
2049,GRIF_0_US-AZ,1
2049,GVL_0_US-FL,1.357522
2049,GWA_0_US-MT,1
2049,HGMA_0_US-AZ,1
2049,HQT_0_CA-NL,1
2049,HQT_0_CA-QC,1
2049,HST_0_US-FL,1.525862
2049,IESO_0_CA-ON,0
2049,IID_0_US-AZ,1.566637
2049,IID_0_US-CA,1.566637
2049,IPCO_0_US-ID,1.564298
2049,IPCO_0_US-NV,1.564298
2049,IPCO_0_US-OR,1.564298
2049,IPCO_0_US-UT,1.564298
2049,ISNE_4001_US-ME,1.566208
2049,ISNE_4002_US-ME,1.557271
2049,ISNE_4002_US-NH,1.557271
2049,ISNE_4002_US-VT,1.557271
2049,ISNE_4003_US-NH,1.940181
2049,ISNE_4003_US-NY,1.940181
2049,ISNE_4003_US-VT,1.940181
2049,ISNE_4004_US-CT,1.61992
2049,ISNE_4005_US-MA,1.543324
2049,ISNE_4005_US-RI,1.543324
2049,ISNE_4006_US-MA,1.870874
2049,ISNE_4006_US-RI,1.870874
2049,ISNE_4007_US-MA,1.863088
2049,ISNE_4007_US-NY,1.863088
2049,ISNE_4007_US-VT,1.863088
2049,ISNE_4008_US-MA,1.843295
2049,ISNE_4008_US-NH,1.843295
2049,JEA_0_US-FL,1.50426
2049,LDWP_0_US-AZ,1.508324
2049,LDWP_0_US-CA,1.508324
2049,LDWP_0_US-NV,1.508324
2049,LDWP_0_US-UT,1.508324
2049,LGEE_0_US-IN,1.320006
2049,LGEE_0_US-KY,1.320006
2049,LGEE_0_US-VA,1.320006
2049,MHEB_0_CA-MB,0
2049,MISO_01_US-IA,2.175222
2049,MISO_01_US-IL,2.175222
2049,MISO_01_US-MI,2.175222
2049,MISO_01_US-MN,2.175222
2049,MISO_01_US-MT,2.175222
2049,MISO_01_US-ND,2.175222
2049,MISO_01_US-SD,2.175222
2049,MISO_01_US-WI,2.175222
2049,MISO_02_US-IA,1.623184
2049,MISO_02_US-IL,1.623184
2049,MISO_02_US-MI,1.623184
2049,MISO_02_US-MN,1.623184
2049,MISO_02_US-WI,1.623184
2049,MISO_03_US-IA,2.389675
2049,MISO_03_US-IL,2.389675
2049,MISO_03_US-MN,2.389675
2049,MISO_03_US-MO,2.389675
2049,MISO_03_US-SD,2.389675
2049,MISO_04_US-IL,1.696388
2049,MISO_04_US-KY,1.696388
2049,MISO_04_US-MO,1.696388
2049,MISO_05_US-IA,1.409347
2049,MISO_05_US-IL,1.409347
2049,MISO_05_US-MO,1.409347
2049,MISO_06_US-IL,1.416436
2049,MISO_06_US-IN,1.416436
2049,MISO_06_US-KY,1.416436
2049,MISO_06_US-OH,1.416436
2049,MISO_07_US-MI,1.458973
2049,MISO_08_US-AR,1.347794
2049,MISO_08_US-MO,1.347794
2049,MISO_09_US-LA,1.480804
2049,MISO_09_US-TX,1.480804
2049,MISO_10_US-MS,1.416963
2049,MISO_10_US-TN,1.416963
2049,NBSO_0_CA-NB,6.264778
2049,NBSO_0_CA-PE,6.264778
2049,NBSO_0_US-ME,6.264778
2049,NEVP_0_US-CA,1.873036
2049,NEVP_0_US-NV,1.873036
2049,NEVP_0_US-OR,1.873036
2049,NSPI_0_CA-NS,6.264778
2049,NWMT_0_US-ID,1.754648
2049,NWMT_0_US-MT,1.754648
2049,NWMT_0_US-WY,1.754648
2049,NYIS_A_US-NY,1.589279
2049,NYIS_A_US-PA,1.589279
2049,NYIS_B_US-NY,1.57043
2049,NYIS_C_US-NY,1.571734
2049,NYIS_D_US-NY,1.545113
2049,NYIS_E_US-NY,1.563441
2049,NYIS_F_US-NY,1.556253
2049,NYIS_G_US-NJ,1.604661
2049,NYIS_G_US-NY,1.604661
2049,NYIS_G_US-PA,1.604661
2049,NYIS_H_US-NY,1.581022
2049,NYIS_I_US-NY,1.569915
2049,NYIS_J_US-NJ,1.496377
2049,NYIS_J_US-NY,1.496377
2049,NYIS_K_US-NY,1.496972
2049,PACE_0_US-AZ,1.859462
2049,PACE_0_US-CO,1.859462
2049,PACE_0_US-ID,1.859462
2049,PACE_0_US-MT,1.859462
2049,PACE_0_US-NV,1.859462
2049,PACE_0_US-UT,1.859462
2049,PACE_0_US-WY,1.859462
2049,PACW_0_US-CA,1.832354
2049,PACW_0_US-OR,1.832354
2049,PACW_0_US-WA,1.832354
2049,PGE_0_US-OR,1.893089
2049,PGE_0_US-WA,1.893089
2049,PJM_AE_US-NJ,1.771963
2049,PJM_AEP_US-IN,1.56596
2049,PJM_AEP_US-KY,1.56596
2049,PJM_AEP_US-MI,1.56596
2049,PJM_AEP_US-OH,1.56596
2049,PJM_AEP_US-TN,1.56596
2049,PJM_AEP_US-VA,1.56596
2049,PJM_AEP_US-WV,1.56596
2049,PJM_AP_US-MD,1.69898
2049,PJM_AP_US-OH,1.69898
2049,PJM_AP_US-PA,1.69898
2049,PJM_AP_US-VA,1.69898
2049,PJM_AP_US-WV,1.69898
2049,PJM_ATSI_US-OH,1.490204
2049,PJM_ATSI_US-PA,1.490204
2049,PJM_BC_US-MD,1.939845
2049,PJM_CE_US-IL,1.713356
2049,PJM_CE_US-IN,1.713356
2049,PJM_DAY_US-OH,1.456554
2049,PJM_DEOK_US-KY,1.492929
2049,PJM_DEOK_US-OH,1.492929
2049,PJM_DOM_US-NC,2.622066
2049,PJM_DOM_US-VA,2.622066
2049,PJM_DOM_US-WV,2.622066
2049,PJM_DPL_US-DE,1.889673
2049,PJM_DPL_US-MD,1.889673
2049,PJM_DPL_US-NJ,1.889673
2049,PJM_DPL_US-PA,1.889673
2049,PJM_DPL_US-VA,1.889673
2049,PJM_DUQ_US-PA,1.470417
2049,PJM_EKPC_US-KY,1.380618
2049,PJM_JC_US-NJ,1.711651
2049,PJM_JC_US-NY,1.711651
2049,PJM_ME_US-PA,1.443756
2049,PJM_PE_US-DE,1.437322
2049,PJM_PE_US-MD,1.437322
2049,PJM_PE_US-NJ,1.437322
2049,PJM_PE_US-PA,1.437322
2049,PJM_PEP_US-DC,0.976243
2049,PJM_PEP_US-MD,0.976243
2049,PJM_PEP_US-VA,0.976243
2049,PJM_PL_US-MD,1.422645
2049,PJM_PL_US-PA,1.422645
2049,PJM_PN_US-MD,1.378323
2049,PJM_PN_US-PA,1.378323
2049,PJM_PS_US-NJ,1.817071
2049,PJM_PS_US-PA,1.817071
2049,PJM_RECO_US-NJ,3.466216
2049,PNM_ACMA_US-NM,1
2049,PNM_CYGA_US-NM,1
2049,PNM_Frep_US-NM,1.357143
2049,PNM_Jica_US-NM,1.5
2049,PNM_KAFB_US-NM,1.295775
2049,PNM_KCEC_US-NM,1.301587
2049,PNM_LAC_US-NM,1.224719
2049,PNM_NTUA_US-NM,0
2049,PNM_PNM_US-NM,1.734851
2049,PNM_TSGT_US-AZ,0.813602
2049,PNM_TSGT_US-NM,0.813602
2049,PSCO_0_US-CO,2.074292
2049,PSCO_0_US-WY,2.074292
2049,PSEI_0_US-WA,2.544438
2049,SC_0_US-SC,1.411219
2049,SCEG_0_US-GA,1.339144
2049,SCEG_0_US-SC,1.339144
2049,SCL_0_US-WA,2.266596
2049,SEC_0_US-FL,1.189887
2049,SEPA_0_US-GA,1
2049,SEPA_0_US-SC,1
2049,SOCO_0_US-AL,1.500754
2049,SOCO_0_US-FL,1.500754
2049,SOCO_0_US-GA,1.500754
2049,SOCO_0_US-MS,1.500754
2049,SOCO_0_US-SC,1.500754
2049,SPA_0_US-AR,3.694444
2049,SPA_0_US-MO,3.694444
2049,SPA_0_US-OK,3.694444
2049,SPA_0_US-TX,3.694444
2049,SPC_0_CA-SK,0
2049,SRP_0_US-AZ,1.788369
2049,SWPP_CSWS_US-AR,1.565816
2049,SWPP_CSWS_US-LA,1.565816
2049,SWPP_CSWS_US-OK,1.565816
2049,SWPP_CSWS_US-TX,1.565816
2049,SWPP_EDE_US-AR,1.572942
2049,SWPP_EDE_US-KS,1.572942
2049,SWPP_EDE_US-MO,1.572942
2049,SWPP_EDE_US-OK,1.572942
2049,SWPP_GRDA_US-AR,1.005296
2049,SWPP_GRDA_US-KS,1.005296
2049,SWPP_GRDA_US-OK,1.005296
2049,SWPP_INDN_US-MO,1.481343
2049,SWPP_KACY_US-KS,1.396226
2049,SWPP_KCPL_US-KS,1.434954
2049,SWPP_KCPL_US-MO,1.434954
2049,SWPP_LES_US-NE,5.226018
2049,SWPP_MPS_US-MO,1.472063
2049,SWPP_NPPD_US-CO,3.590897
2049,SWPP_NPPD_US-NE,3.590897
2049,SWPP_NPPD_US-SD,3.590897
2049,SWPP_OKGE_US-AR,1.40429
2049,SWPP_OKGE_US-OK,1.40429
2049,SWPP_OKGE_US-TX,1.40429
2049,SWPP_OPPD_US-NE,5.225575
2049,SWPP_SECI_US-KS,1.630614
2049,SWPP_SPRM_US-MO,1.468254
2049,SWPP_SPS_US-CO,1.911598
2049,SWPP_SPS_US-KS,1.911598
2049,SWPP_SPS_US-NM,1.911598
2049,SWPP_SPS_US-OK,1.911598
2049,SWPP_SPS_US-TX,1.911598
2049,SWPP_WAUE_US-IA,1.752892
2049,SWPP_WAUE_US-MN,1.752892
2049,SWPP_WAUE_US-MT,1.752892
2049,SWPP_WAUE_US-ND,1.752892
2049,SWPP_WAUE_US-NE,1.752892
2049,SWPP_WAUE_US-SD,1.752892
2049,SWPP_WAUE_US-WY,1.752892
2049,SWPP_WFEC_US-KS,1.342612
2049,SWPP_WFEC_US-OK,1.342612
2049,SWPP_WFEC_US-TX,1.342612
2049,SWPP_WR_US-KS,1.077278
2049,SWPP_WR_US-MO,1.077278
2049,TAL_0_US-FL,1.440571
2049,TEC_0_US-FL,1.417391
2049,TEPC_0_MX-SON,1.733883
2049,TEPC_0_US-AZ,1.733883
2049,TEPC_0_US-NM,1.733883
2049,TIDC_0_US-CA,1.292467
2049,TPWR_0_US-WA,2.271694
2049,TVA_0_US-AL,1.494364
2049,TVA_0_US-GA,1.494364
2049,TVA_0_US-KY,1.494364
2049,TVA_0_US-MS,1.494364
2049,TVA_0_US-NC,1.494364
2049,TVA_0_US-TN,1.494364
2049,TVA_0_US-VA,1.494364
2049,WACM_0_US-AZ,2.647256
2049,WACM_0_US-CO,2.647256
2049,WACM_0_US-MT,2.647256
2049,WACM_0_US-NE,2.647256
2049,WACM_0_US-NM,2.647256
2049,WACM_0_US-SD,2.647256
2049,WACM_0_US-UT,2.647256
2049,WACM_0_US-WY,2.647256
2049,WALC_0_US-AZ,2.02175
2049,WALC_0_US-CA,2.02175
2049,WALC_0_US-NV,2.02175
2049,WAUW_0_US-MT,2.271277
2049,WWA_0_US-MT,1
2049,YAD_0_US-NC,1
2050,AEC_0_US-AL,0
2050,AEC_0_US-FL,0
2050,AECI_0_US-AR,0
2050,AECI_0_US-IA,0
2050,AECI_0_US-MO,0
2050,AECI_0_US-OK,0
2050,AESO_CENT_CA-AB,0
2050,AESO_CGY_CA-AB,0
2050,AESO_EDM_CA-AB,0
2050,AESO_NE_CA-AB,0
2050,AESO_NW_CA-AB,0
2050,AESO_NW_CA-BC,0
2050,AESO_SOUT_CA-AB,0
2050,AVA_0_US-ID,1.890664
2050,AVA_0_US-MT,1.890664
2050,AVA_0_US-OR,1.890664
2050,AVA_0_US-WA,1.890664
2050,AVRN_0_US-OR,1
2050,AVRN_0_US-WA,1
2050,AZPS_0_US-AZ,1.971064
2050,AZPS_0_US-CA,1.971064
2050,AZPS_0_US-NM,1.971064
2050,AZPS_0_US-NV,1.971064
2050,BANC_0_US-CA,1.544527
2050,BCHA_0_CA-BC,0
2050,BPAT_0_CA-BC,2.095723
2050,BPAT_0_US-CA,2.095723
2050,BPAT_0_US-ID,2.095723
2050,BPAT_0_US-MT,2.095723
2050,BPAT_0_US-OR,2.095723
2050,BPAT_0_US-WA,2.095723
2050,CEN_0_MX-COA,0
2050,CEN_0_MX-NLE,0
2050,CENB_0_MX-BCN,0
2050,CENB_0_MX-SON,0
2050,CHPD_0_US-WA,2.228571
2050,CISO_PGAE_US-CA,2.358837
2050,CISO_PGAE_US-OR,2.358837
2050,CISO_SCE_US-AZ,1.96767
2050,CISO_SCE_US-CA,1.96767
2050,CISO_SCE_US-NV,1.96767
2050,CISO_SDGE_MX-BCN,2.119762
2050,CISO_SDGE_US-AZ,2.119762
2050,CISO_SDGE_US-CA,2.119762
2050,CISO_VEA_US-NV,1.642384
2050,CPLE_0_US-NC,1.65169
2050,CPLE_0_US-SC,1.65169
2050,CPLW_0_US-NC,1.204183
2050,DEAA_0_US-AZ,1
2050,DOPD_0_US-WA,2.24197
2050,DUK_0_US-NC,1.583013
2050,DUK_0_US-SC,1.583013
2050,DUK_0_US-VA,1.583013
2050,EPE_0_US-NM,2.031189
2050,EPE_0_US-TX,2.031189
2050,ERCO_COAS_US-TX,2.072835
2050,ERCO_EAST_US-TX,3.013125
2050,ERCO_FWES_US-TX,2.011852
2050,ERCO_NCEN_US-TX,2.083094
2050,ERCO_NRTH_US-OK,2.285371
2050,ERCO_NRTH_US-TX,2.285371
2050,ERCO_SCEN_US-TX,2.188638
2050,ERCO_SOUT_US-TX,2.109591
2050,ERCO_WEST_US-TX,3.442
2050,FMPP_0_US-FL,1.259995
2050,FPC_0_US-FL,1.205992
2050,FPL_0_US-FL,1.429174
2050,GCPD_0_US-WA,2.288279
2050,GLHB_0_US-IL,1
2050,GRID_0_US-NM,1
2050,GRID_0_US-OR,1
2050,GRID_0_US-WA,1
2050,GRIF_0_US-AZ,1
2050,GVL_0_US-FL,1.375221
2050,GWA_0_US-MT,1
2050,HGMA_0_US-AZ,1
2050,HQT_0_CA-NL,1
2050,HQT_0_CA-QC,1
2050,HST_0_US-FL,1.543103
2050,IESO_0_CA-ON,0
2050,IID_0_US-AZ,1.59135
2050,IID_0_US-CA,1.59135
2050,IPCO_0_US-ID,1.588149
2050,IPCO_0_US-NV,1.588149
2050,IPCO_0_US-OR,1.588149
2050,IPCO_0_US-UT,1.588149
2050,ISNE_4001_US-ME,1.586414
2050,ISNE_4002_US-ME,1.577579
2050,ISNE_4002_US-NH,1.577579
2050,ISNE_4002_US-VT,1.577579
2050,ISNE_4003_US-NH,1.963883
2050,ISNE_4003_US-NY,1.963883
2050,ISNE_4003_US-VT,1.963883
2050,ISNE_4004_US-CT,1.63947
2050,ISNE_4005_US-MA,1.561308
2050,ISNE_4005_US-RI,1.561308
2050,ISNE_4006_US-MA,1.8978
2050,ISNE_4006_US-RI,1.8978
2050,ISNE_4007_US-MA,1.889928
2050,ISNE_4007_US-NY,1.889928
2050,ISNE_4007_US-VT,1.889928
2050,ISNE_4008_US-MA,1.869732
2050,ISNE_4008_US-NH,1.869732
2050,JEA_0_US-FL,1.524787
2050,LDWP_0_US-AZ,1.53203
2050,LDWP_0_US-CA,1.53203
2050,LDWP_0_US-NV,1.53203
2050,LDWP_0_US-UT,1.53203
2050,LGEE_0_US-IN,1.337201
2050,LGEE_0_US-KY,1.337201
2050,LGEE_0_US-VA,1.337201
2050,MHEB_0_CA-MB,0
2050,MISO_01_US-IA,2.229244
2050,MISO_01_US-IL,2.229244
2050,MISO_01_US-MI,2.229244
2050,MISO_01_US-MN,2.229244
2050,MISO_01_US-MT,2.229244
2050,MISO_01_US-ND,2.229244
2050,MISO_01_US-SD,2.229244
2050,MISO_01_US-WI,2.229244
2050,MISO_02_US-IA,1.641633
2050,MISO_02_US-IL,1.641633
2050,MISO_02_US-MI,1.641633
2050,MISO_02_US-MN,1.641633
2050,MISO_02_US-WI,1.641633
2050,MISO_03_US-IA,2.45801
2050,MISO_03_US-IL,2.45801
2050,MISO_03_US-MN,2.45801
2050,MISO_03_US-MO,2.45801
2050,MISO_03_US-SD,2.45801
2050,MISO_04_US-IL,1.71614
2050,MISO_04_US-KY,1.71614
2050,MISO_04_US-MO,1.71614
2050,MISO_05_US-IA,1.428386
2050,MISO_05_US-IL,1.428386
2050,MISO_05_US-MO,1.428386
2050,MISO_06_US-IL,1.43221
2050,MISO_06_US-IN,1.43221
2050,MISO_06_US-KY,1.43221
2050,MISO_06_US-OH,1.43221
2050,MISO_07_US-MI,1.474216
2050,MISO_08_US-AR,1.365177
2050,MISO_08_US-MO,1.365177
2050,MISO_09_US-LA,1.501917
2050,MISO_09_US-TX,1.501917
2050,MISO_10_US-MS,1.434485
2050,MISO_10_US-TN,1.434485
2050,NBSO_0_CA-NB,6.346059
2050,NBSO_0_CA-PE,6.346059
2050,NBSO_0_US-ME,6.346059
2050,NEVP_0_US-CA,1.90296
2050,NEVP_0_US-NV,1.90296
2050,NEVP_0_US-OR,1.90296
2050,NSPI_0_CA-NS,6.346059
2050,NWMT_0_US-ID,1.787094
2050,NWMT_0_US-MT,1.787094
2050,NWMT_0_US-WY,1.787094
2050,NYIS_A_US-NY,1.611174
2050,NYIS_A_US-PA,1.611174
2050,NYIS_B_US-NY,1.591908
2050,NYIS_C_US-NY,1.593148
2050,NYIS_D_US-NY,1.566416
2050,NYIS_E_US-NY,1.584946
2050,NYIS_F_US-NY,1.577583
2050,NYIS_G_US-NJ,1.626649
2050,NYIS_G_US-NY,1.626649
2050,NYIS_G_US-PA,1.626649
2050,NYIS_H_US-NY,1.60292
2050,NYIS_I_US-NY,1.591102
2050,NYIS_J_US-NJ,1.516955
2050,NYIS_J_US-NY,1.516955
2050,NYIS_K_US-NY,1.517484
2050,PACE_0_US-AZ,1.891533
2050,PACE_0_US-CO,1.891533
2050,PACE_0_US-ID,1.891533
2050,PACE_0_US-MT,1.891533
2050,PACE_0_US-NV,1.891533
2050,PACE_0_US-UT,1.891533
2050,PACE_0_US-WY,1.891533
2050,PACW_0_US-CA,1.861733
2050,PACW_0_US-OR,1.861733
2050,PACW_0_US-WA,1.861733
2050,PGE_0_US-OR,1.923283
2050,PGE_0_US-WA,1.923283
2050,PJM_AE_US-NJ,1.797383
2050,PJM_AEP_US-IN,1.589347
2050,PJM_AEP_US-KY,1.589347
2050,PJM_AEP_US-MI,1.589347
2050,PJM_AEP_US-OH,1.589347
2050,PJM_AEP_US-TN,1.589347
2050,PJM_AEP_US-VA,1.589347
2050,PJM_AEP_US-WV,1.589347
2050,PJM_AP_US-MD,1.724379
2050,PJM_AP_US-OH,1.724379
2050,PJM_AP_US-PA,1.724379
2050,PJM_AP_US-VA,1.724379
2050,PJM_AP_US-WV,1.724379
2050,PJM_ATSI_US-OH,1.509796
2050,PJM_ATSI_US-PA,1.509796
2050,PJM_BC_US-MD,1.967948
2050,PJM_CE_US-IL,1.733305
2050,PJM_CE_US-IN,1.733305
2050,PJM_DAY_US-OH,1.475664
2050,PJM_DEOK_US-KY,1.512351
2050,PJM_DEOK_US-OH,1.512351
2050,PJM_DOM_US-NC,2.684331
2050,PJM_DOM_US-VA,2.684331
2050,PJM_DOM_US-WV,2.684331
2050,PJM_DPL_US-DE,1.915113
2050,PJM_DPL_US-MD,1.915113
2050,PJM_DPL_US-NJ,1.915113
2050,PJM_DPL_US-PA,1.915113
2050,PJM_DPL_US-VA,1.915113
2050,PJM_DUQ_US-PA,1.489655
2050,PJM_EKPC_US-KY,1.398174
2050,PJM_JC_US-NJ,1.736292
2050,PJM_JC_US-NY,1.736292
2050,PJM_ME_US-PA,1.462667
2050,PJM_PE_US-DE,1.456197
2050,PJM_PE_US-MD,1.456197
2050,PJM_PE_US-NJ,1.456197
2050,PJM_PE_US-PA,1.456197
2050,PJM_PEP_US-DC,0.990396
2050,PJM_PEP_US-MD,0.990396
2050,PJM_PEP_US-VA,0.990396
2050,PJM_PL_US-MD,1.441299
2050,PJM_PL_US-PA,1.441299
2050,PJM_PN_US-MD,1.396387
2050,PJM_PN_US-PA,1.396387
2050,PJM_PS_US-NJ,1.843303
2050,PJM_PS_US-PA,1.843303
2050,PJM_RECO_US-NJ,3.513514
2050,PNM_ACMA_US-NM,1
2050,PNM_CYGA_US-NM,1
2050,PNM_Frep_US-NM,1.380952
2050,PNM_Jica_US-NM,1.5
2050,PNM_KAFB_US-NM,1.309859
2050,PNM_KCEC_US-NM,1.31746
2050,PNM_LAC_US-NM,1.235955
2050,PNM_NTUA_US-NM,0
2050,PNM_PNM_US-NM,1.758008
2050,PNM_TSGT_US-AZ,0.823678
2050,PNM_TSGT_US-NM,0.823678
2050,PSCO_0_US-CO,2.105146
2050,PSCO_0_US-WY,2.105146
2050,PSEI_0_US-WA,2.586179
2050,SC_0_US-SC,1.429989
2050,SCEG_0_US-GA,1.357005
2050,SCEG_0_US-SC,1.357005
2050,SCL_0_US-WA,2.303771
2050,SEC_0_US-FL,1.205992
2050,SEPA_0_US-GA,1
2050,SEPA_0_US-SC,1
2050,SOCO_0_US-AL,1.521743
2050,SOCO_0_US-FL,1.521743
2050,SOCO_0_US-GA,1.521743
2050,SOCO_0_US-MS,1.521743
2050,SOCO_0_US-SC,1.521743
2050,SPA_0_US-AR,3.744444
2050,SPA_0_US-MO,3.744444
2050,SPA_0_US-OK,3.744444
2050,SPA_0_US-TX,3.744444
2050,SPC_0_CA-SK,0
2050,SRP_0_US-AZ,1.818229
2050,SWPP_CSWS_US-AR,1.591554
2050,SWPP_CSWS_US-LA,1.591554
2050,SWPP_CSWS_US-OK,1.591554
2050,SWPP_CSWS_US-TX,1.591554
2050,SWPP_EDE_US-AR,1.594132
2050,SWPP_EDE_US-KS,1.594132
2050,SWPP_EDE_US-MO,1.594132
2050,SWPP_EDE_US-OK,1.594132
2050,SWPP_GRDA_US-AR,1.022948
2050,SWPP_GRDA_US-KS,1.022948
2050,SWPP_GRDA_US-OK,1.022948
2050,SWPP_INDN_US-MO,1.5
2050,SWPP_KACY_US-KS,1.412998
2050,SWPP_KCPL_US-KS,1.453498
2050,SWPP_KCPL_US-MO,1.453498
2050,SWPP_LES_US-NE,5.459921
2050,SWPP_MPS_US-MO,1.491906
2050,SWPP_NPPD_US-CO,3.751272
2050,SWPP_NPPD_US-NE,3.751272
2050,SWPP_NPPD_US-SD,3.751272
2050,SWPP_OKGE_US-AR,1.427959
2050,SWPP_OKGE_US-OK,1.427959
2050,SWPP_OKGE_US-TX,1.427959
2050,SWPP_OPPD_US-NE,5.459072
2050,SWPP_SECI_US-KS,1.650779
2050,SWPP_SPRM_US-MO,1.488095
2050,SWPP_SPS_US-CO,1.945205
2050,SWPP_SPS_US-KS,1.945205
2050,SWPP_SPS_US-NM,1.945205
2050,SWPP_SPS_US-OK,1.945205
2050,SWPP_SPS_US-TX,1.945205
2050,SWPP_WAUE_US-IA,1.810132
2050,SWPP_WAUE_US-MN,1.810132
2050,SWPP_WAUE_US-MT,1.810132
2050,SWPP_WAUE_US-ND,1.810132
2050,SWPP_WAUE_US-NE,1.810132
2050,SWPP_WAUE_US-SD,1.810132
2050,SWPP_WAUE_US-WY,1.810132
2050,SWPP_WFEC_US-KS,1.365632
2050,SWPP_WFEC_US-OK,1.365632
2050,SWPP_WFEC_US-TX,1.365632
2050,SWPP_WR_US-KS,1.09053
2050,SWPP_WR_US-MO,1.09053
2050,TAL_0_US-FL,1.459588
2050,TEC_0_US-FL,1.436566
2050,TEPC_0_MX-SON,1.762724
2050,TEPC_0_US-AZ,1.762724
2050,TEPC_0_US-NM,1.762724
2050,TIDC_0_US-CA,1.313146
2050,TPWR_0_US-WA,2.308884
2050,TVA_0_US-AL,1.514272
2050,TVA_0_US-GA,1.514272
2050,TVA_0_US-KY,1.514272
2050,TVA_0_US-MS,1.514272
2050,TVA_0_US-NC,1.514272
2050,TVA_0_US-TN,1.514272
2050,TVA_0_US-VA,1.514272
2050,WACM_0_US-AZ,2.70586
2050,WACM_0_US-CO,2.70586
2050,WACM_0_US-MT,2.70586
2050,WACM_0_US-NE,2.70586
2050,WACM_0_US-NM,2.70586
2050,WACM_0_US-SD,2.70586
2050,WACM_0_US-UT,2.70586
2050,WACM_0_US-WY,2.70586
2050,WALC_0_US-AZ,2.054869
2050,WALC_0_US-CA,2.054869
2050,WALC_0_US-NV,2.054869
2050,WAUW_0_US-MT,2.308511
2050,WWA_0_US-MT,1
2050,YAD_0_US-NC,1
